customer_id,total_orders,avg_order_value,total_spending,ordering_frequency,avg_rating_given,weekend_orders,late_night_orders,cluster,customer_segment,dbscan_cluster
C000001,15,963.098,14446.47,1.5,3.5,3,2,2,Frequent High-Value Customers,0
C000002,7,727.9314285714285,5095.5199999999995,1.4,3.0,1,2,0,Budget Occasional Customers,0
C000003,7,622.8157142857143,4359.71,1.1666666666666667,3.0,3,0,0,Budget Occasional Customers,0
C000004,13,942.8138461538462,12256.58,1.1818181818181819,3.25,5,1,2,Frequent High-Value Customers,0
C000005,7,662.2785714285714,4635.95,1.1666666666666667,3.4,2,2,0,Budget Occasional Customers,0
C000006,9,712.2355555555555,6410.12,1.5,2.8333333333333335,4,3,2,Frequent High-Value Customers,0
C000007,8,959.8725,7678.98,1.0,2.5714285714285716,2,1,1,Premium Basket Customers,0
C000008,3,1053.93,3161.79,1.0,2.0,0,0,1,Premium Basket Customers,0
C000009,7,758.1985714285714,5307.39,1.75,3.0,2,0,0,Budget Occasional Customers,0
C000010,7,1032.4014285714286,7226.81,1.4,3.0,4,2,1,Premium Basket Customers,0
C000011,16,645.849375,10333.59,1.6,3.5555555555555554,5,0,2,Frequent High-Value Customers,0
C000012,15,716.6486666666666,10749.73,1.5,3.090909090909091,4,2,2,Frequent High-Value Customers,0
C000013,16,842.04875,13472.78,1.3333333333333333,3.111111111111111,5,3,2,Frequent High-Value Customers,0
C000014,2,658.5550000000001,1317.1100000000001,1.0,5.0,1,1,0,Budget Occasional Customers,0
C000015,10,971.4860000000001,9714.86,1.25,2.75,3,1,1,Premium Basket Customers,0
C000016,15,711.516,10672.74,1.3636363636363635,3.6666666666666665,4,4,2,Frequent High-Value Customers,0
C000017,5,1034.7559999999999,5173.78,1.0,3.3333333333333335,2,1,1,Premium Basket Customers,0
C000018,16,688.42,11014.72,1.7777777777777777,4.0,5,2,2,Frequent High-Value Customers,0
C000019,5,886.494,4432.47,1.0,3.5,1,0,1,Premium Basket Customers,0
C000020,13,1007.1738461538462,13093.26,1.4444444444444444,3.5714285714285716,4,2,2,Frequent High-Value Customers,0
C000021,6,899.4333333333334,5396.6,1.5,3.3333333333333335,5,1,1,Premium Basket Customers,0
C000022,7,501.87,3513.09,1.0,3.25,2,2,0,Budget Occasional Customers,0
C000023,6,944.6283333333334,5667.77,1.2,2.3333333333333335,4,1,1,Premium Basket Customers,0
C000024,7,1012.7671428571429,7089.37,1.4,4.2,5,1,1,Premium Basket Customers,0
C000025,9,956.1511111111112,8605.36,1.2857142857142858,4.0,2,1,1,Premium Basket Customers,0
C000026,9,765.598888888889,6890.39,1.125,4.25,3,1,0,Budget Occasional Customers,0
C000027,7,789.6428571428571,5527.5,1.75,4.25,2,2,2,Frequent High-Value Customers,0
C000028,3,1138.7933333333333,3416.38,1.0,3.5,1,0,1,Premium Basket Customers,0
C000029,2,1182.84,2365.68,1.0,3.4196588952056444,0,1,1,Premium Basket Customers,0
C000030,6,745.3983333333332,4472.389999999999,1.0,4.5,1,3,0,Budget Occasional Customers,0
C000031,10,842.332,8423.32,1.6666666666666667,3.3333333333333335,4,1,2,Frequent High-Value Customers,0
C000032,11,666.8845454545454,7335.73,1.5714285714285714,3.4444444444444446,2,2,2,Frequent High-Value Customers,0
C000033,3,871.5966666666667,2614.79,1.0,3.4196588952056444,3,0,1,Premium Basket Customers,0
C000034,9,1007.1500000000001,9064.35,1.2857142857142858,3.4,4,2,1,Premium Basket Customers,0
C000035,12,750.2283333333334,9002.74,1.7142857142857142,3.5,3,3,2,Frequent High-Value Customers,0
C000036,11,1012.6854545454545,11139.539999999999,1.375,3.25,8,0,2,Frequent High-Value Customers,0
C000037,10,772.371,7723.71,1.0,3.4285714285714284,6,1,0,Budget Occasional Customers,0
C000038,9,1000.0233333333332,9000.21,1.2857142857142858,3.0,1,1,1,Premium Basket Customers,0
C000039,11,703.9645454545454,7743.61,1.1,3.2857142857142856,5,2,2,Frequent High-Value Customers,0
C000040,6,719.3416666666667,4316.05,1.0,3.6,3,1,0,Budget Occasional Customers,0
C000041,8,771.73375,6173.87,1.1428571428571428,3.5,4,2,0,Budget Occasional Customers,0
C000042,9,1141.5311111111112,10273.78,1.2857142857142858,3.25,3,0,1,Premium Basket Customers,0
C000043,14,795.1707142857142,11132.39,1.4,3.142857142857143,4,2,2,Frequent High-Value Customers,0
C000044,10,829.153,8291.53,1.25,3.25,3,2,2,Frequent High-Value Customers,0
C000045,13,799.5430769230769,10394.06,1.4444444444444444,3.5,5,2,2,Frequent High-Value Customers,0
C000046,14,849.342857142857,11890.8,1.1666666666666667,3.888888888888889,2,5,2,Frequent High-Value Customers,0
C000047,8,712.90625,5703.25,1.1428571428571428,3.3333333333333335,4,6,2,Frequent High-Value Customers,0
C000048,7,1105.0385714285715,7735.27,1.1666666666666667,3.8333333333333335,4,1,1,Premium Basket Customers,0
C000049,5,867.0780000000001,4335.39,1.25,2.6666666666666665,2,0,1,Premium Basket Customers,0
C000050,8,834.76875,6678.15,1.1428571428571428,3.75,3,3,0,Budget Occasional Customers,0
C000051,8,941.1875,7529.5,1.0,2.857142857142857,3,2,1,Premium Basket Customers,0
C000052,15,1039.18,15587.7,1.5,3.0,2,5,2,Frequent High-Value Customers,0
C000053,7,730.1014285714285,5110.71,1.1666666666666667,3.8333333333333335,2,0,0,Budget Occasional Customers,0
C000054,13,623.9092307692307,8110.82,1.0833333333333333,3.7142857142857144,4,1,0,Budget Occasional Customers,0
C000055,5,1047.084,5235.42,1.25,4.0,1,1,1,Premium Basket Customers,0
C000056,11,790.6827272727273,8697.51,1.375,3.2,5,2,2,Frequent High-Value Customers,0
C000057,11,964.6863636363636,10611.55,1.8333333333333333,3.5,3,2,2,Frequent High-Value Customers,0
C000058,8,1095.40625,8763.25,1.1428571428571428,3.4,4,2,1,Premium Basket Customers,0
C000059,13,1115.7215384615386,14504.380000000001,1.1818181818181819,4.0,4,1,1,Premium Basket Customers,0
C000060,8,552.24,4417.92,1.6,3.0,3,2,0,Budget Occasional Customers,0
C000061,15,943.5233333333333,14152.85,1.3636363636363635,2.857142857142857,4,5,2,Frequent High-Value Customers,0
C000062,5,992.2139999999999,4961.07,1.0,3.0,1,2,1,Premium Basket Customers,0
C000063,7,850.7742857142857,5955.42,1.0,3.8,3,0,0,Budget Occasional Customers,0
C000064,16,817.9375,13087.0,1.4545454545454546,3.5555555555555554,9,0,2,Frequent High-Value Customers,0
C000065,12,471.44166666666666,5657.3,1.3333333333333333,3.4285714285714284,4,3,2,Frequent High-Value Customers,0
C000066,6,1013.0983333333334,6078.59,1.2,3.0,0,2,1,Premium Basket Customers,0
C000067,12,805.5558333333333,9666.67,1.3333333333333333,3.857142857142857,3,3,2,Frequent High-Value Customers,0
C000068,9,813.4344444444445,7320.91,1.125,3.25,1,1,1,Premium Basket Customers,0
C000069,6,903.515,5421.09,1.5,3.1666666666666665,4,0,1,Premium Basket Customers,0
C000070,12,777.2075,9326.49,1.3333333333333333,3.5,3,3,2,Frequent High-Value Customers,0
C000071,7,674.0942857142857,4718.66,1.4,3.8,2,2,0,Budget Occasional Customers,0
C000072,11,985.3918181818182,10839.31,1.2222222222222223,3.4285714285714284,5,2,2,Frequent High-Value Customers,0
C000073,6,1103.6683333333333,6622.01,1.0,3.25,3,1,1,Premium Basket Customers,0
C000074,7,820.5928571428573,5744.150000000001,1.1666666666666667,3.75,3,0,0,Budget Occasional Customers,0
C000075,13,702.5923076923077,9133.7,1.4444444444444444,3.125,3,5,2,Frequent High-Value Customers,0
C000076,5,1180.804,5904.02,1.25,3.6666666666666665,3,1,1,Premium Basket Customers,0
C000077,11,840.3790909090909,9244.17,1.5714285714285714,3.4,3,2,2,Frequent High-Value Customers,0
C000078,14,992.7292857142858,13898.210000000001,1.1666666666666667,2.8333333333333335,6,3,2,Frequent High-Value Customers,0
C000079,6,846.3716666666666,5078.23,1.2,4.0,0,2,0,Budget Occasional Customers,0
C000080,11,652.9863636363636,7182.85,1.2222222222222223,3.7142857142857144,4,3,2,Frequent High-Value Customers,0
C000081,10,795.7180000000001,7957.18,1.25,3.8,4,1,0,Budget Occasional Customers,0
C000082,8,855.90375,6847.23,1.1428571428571428,3.125,4,3,1,Premium Basket Customers,0
C000083,9,915.8944444444446,8243.050000000001,1.5,3.75,4,1,2,Frequent High-Value Customers,0
C000084,4,493.5475,1974.19,1.0,4.0,0,1,0,Budget Occasional Customers,0
C000085,15,747.374,11210.61,1.6666666666666667,3.727272727272727,4,3,2,Frequent High-Value Customers,0
C000086,9,1137.1544444444444,10234.39,1.8,3.5714285714285716,4,0,1,Premium Basket Customers,-1
C000087,7,818.9414285714286,5732.59,1.1666666666666667,3.75,3,1,0,Budget Occasional Customers,0
C000088,5,461.582,2307.91,1.25,3.0,0,0,0,Budget Occasional Customers,0
C000089,8,811.77,6494.16,1.3333333333333333,4.5,5,3,2,Frequent High-Value Customers,0
C000090,6,704.465,4226.79,1.0,2.6666666666666665,1,0,0,Budget Occasional Customers,0
C000091,13,640.4515384615383,8325.869999999999,1.1818181818181819,4.25,4,3,2,Frequent High-Value Customers,0
C000092,10,924.0290000000001,9240.29,1.25,2.7142857142857144,5,2,2,Frequent High-Value Customers,0
C000093,9,464.15222222222224,4177.37,1.2857142857142858,3.8,2,0,0,Budget Occasional Customers,0
C000094,7,874.0671428571429,6118.47,1.4,3.6666666666666665,4,2,2,Frequent High-Value Customers,0
C000095,7,744.9142857142857,5214.4,1.4,3.4,3,2,0,Budget Occasional Customers,0
C000096,9,768.2077777777779,6913.870000000001,1.125,3.6,2,1,0,Budget Occasional Customers,0
C000097,10,793.338,7933.38,1.4285714285714286,3.8,1,3,2,Frequent High-Value Customers,0
C000098,7,703.8828571428572,4927.18,1.1666666666666667,4.0,3,2,0,Budget Occasional Customers,0
C000099,8,1035.10625,8280.85,2.0,4.5,5,2,2,Frequent High-Value Customers,-1
C000100,10,873.866,8738.66,1.1111111111111112,3.8333333333333335,3,2,1,Premium Basket Customers,0
C000101,7,490.1028571428571,3430.72,1.1666666666666667,2.8,3,3,0,Budget Occasional Customers,0
C000102,9,675.6355555555556,6080.72,1.2857142857142858,3.2,3,3,2,Frequent High-Value Customers,0
C000103,8,772.8987500000001,6183.1900000000005,1.3333333333333333,3.25,3,2,0,Budget Occasional Customers,0
C000104,7,999.5242857142857,6996.67,1.1666666666666667,4.0,1,1,1,Premium Basket Customers,0
C000105,15,763.7860000000001,11456.79,1.5,4.0,4,0,2,Frequent High-Value Customers,0
C000106,13,834.1261538461538,10843.64,1.8571428571428572,3.625,2,4,2,Frequent High-Value Customers,0
C000107,9,833.3633333333332,7500.2699999999995,1.8,3.142857142857143,2,3,2,Frequent High-Value Customers,0
C000108,13,986.9553846153847,12830.42,1.1818181818181819,3.6666666666666665,5,1,2,Frequent High-Value Customers,0
C000109,5,718.478,3592.39,1.0,3.8,2,1,0,Budget Occasional Customers,0
C000110,13,898.506923076923,11680.59,1.625,3.3333333333333335,2,1,2,Frequent High-Value Customers,0
C000111,11,623.5918181818182,6859.51,1.5714285714285714,2.857142857142857,5,1,2,Frequent High-Value Customers,0
C000112,7,713.2728571428571,4992.91,1.4,3.5,4,1,0,Budget Occasional Customers,0
C000113,3,779.6933333333333,2339.08,1.0,3.0,2,0,0,Budget Occasional Customers,0
C000114,7,671.9685714285714,4703.78,1.1666666666666667,3.4,3,0,0,Budget Occasional Customers,0
C000115,8,690.63375,5525.07,1.1428571428571428,3.5,4,0,0,Budget Occasional Customers,0
C000116,8,1099.07375,8792.59,1.3333333333333333,3.8,2,4,1,Premium Basket Customers,0
C000117,7,787.7828571428571,5514.48,1.4,2.8333333333333335,2,1,1,Premium Basket Customers,0
C000118,8,619.28625,4954.29,1.1428571428571428,3.5,3,1,0,Budget Occasional Customers,0
C000119,10,670.633,6706.33,1.25,3.0,6,0,2,Frequent High-Value Customers,0
C000120,4,771.355,3085.42,1.0,3.6666666666666665,2,2,0,Budget Occasional Customers,0
C000121,9,648.6755555555555,5838.08,1.125,3.0,4,1,0,Budget Occasional Customers,0
C000122,11,844.080909090909,9284.89,1.5714285714285714,2.8333333333333335,5,1,2,Frequent High-Value Customers,0
C000123,9,476.87888888888887,4291.91,1.2857142857142858,3.1666666666666665,2,0,0,Budget Occasional Customers,0
C000124,11,604.9518181818181,6654.469999999999,1.2222222222222223,3.5555555555555554,8,3,2,Frequent High-Value Customers,0
C000125,15,1069.1526666666666,16037.29,1.25,3.5555555555555554,8,1,2,Frequent High-Value Customers,0
C000126,7,844.5842857142858,5912.09,1.1666666666666667,3.3333333333333335,1,0,1,Premium Basket Customers,0
C000127,8,690.61,5524.88,1.1428571428571428,3.2,2,1,0,Budget Occasional Customers,0
C000128,5,1055.0,5275.0,1.0,3.5,2,0,1,Premium Basket Customers,0
C000129,10,669.8109999999999,6698.11,1.25,3.6666666666666665,4,0,0,Budget Occasional Customers,0
C000130,11,696.6472727272727,7663.12,1.2222222222222223,3.7142857142857144,3,0,0,Budget Occasional Customers,0
C000131,8,828.6775,6629.42,1.1428571428571428,3.6666666666666665,1,1,0,Budget Occasional Customers,0
C000132,10,1074.077,10740.77,1.25,3.5,2,1,1,Premium Basket Customers,0
C000133,8,765.5225,6124.18,1.3333333333333333,3.2,4,2,2,Frequent High-Value Customers,0
C000134,13,762.2546153846154,9909.31,1.3,3.4285714285714284,4,5,2,Frequent High-Value Customers,0
C000135,7,981.2985714285714,6869.09,1.1666666666666667,2.0,4,1,1,Premium Basket Customers,0
C000136,8,616.38375,4931.07,1.3333333333333333,2.0,2,2,0,Budget Occasional Customers,0
C000137,12,1025.325,12303.9,1.0909090909090908,2.75,5,1,1,Premium Basket Customers,0
C000138,6,832.7683333333333,4996.61,1.2,2.5,3,0,1,Premium Basket Customers,0
C000139,8,910.8125,7286.5,1.1428571428571428,3.0,3,3,1,Premium Basket Customers,0
C000140,9,763.0522222222221,6867.469999999999,1.5,4.0,4,2,2,Frequent High-Value Customers,0
C000141,11,999.0100000000001,10989.11,1.375,3.125,1,0,1,Premium Basket Customers,0
C000142,5,575.162,2875.8100000000004,1.0,4.0,0,1,0,Budget Occasional Customers,0
C000143,5,820.3520000000001,4101.76,1.0,5.0,2,0,0,Budget Occasional Customers,0
C000144,8,716.3475,5730.78,1.1428571428571428,2.5714285714285716,3,0,0,Budget Occasional Customers,0
C000145,14,449.1635714285714,6288.29,1.4,2.888888888888889,5,1,2,Frequent High-Value Customers,0
C000146,10,1021.701,10217.01,1.4285714285714286,3.25,5,4,2,Frequent High-Value Customers,0
C000147,4,548.51,2194.04,1.0,3.5,1,1,0,Budget Occasional Customers,0
C000148,9,1020.2611111111112,9182.35,1.8,4.0,4,2,2,Frequent High-Value Customers,0
C000149,8,941.83,7534.64,1.6,2.8333333333333335,3,2,2,Frequent High-Value Customers,0
C000150,10,667.48,6674.8,1.25,3.8333333333333335,2,0,0,Budget Occasional Customers,0
C000151,17,1075.1135294117648,18276.93,1.3076923076923077,2.625,4,5,2,Frequent High-Value Customers,0
C000152,10,991.618,9916.18,1.4285714285714286,3.5,2,2,1,Premium Basket Customers,0
C000153,13,782.1523076923077,10167.98,1.3,3.3333333333333335,7,4,2,Frequent High-Value Customers,0
C000154,12,788.1374999999999,9457.65,1.2,4.142857142857143,4,3,2,Frequent High-Value Customers,0
C000155,10,808.478,8084.78,1.0,3.5714285714285716,2,0,0,Budget Occasional Customers,0
C000156,12,867.2233333333334,10406.68,1.0909090909090908,3.6666666666666665,3,3,2,Frequent High-Value Customers,0
C000157,9,889.798888888889,8008.1900000000005,1.2857142857142858,3.25,3,2,1,Premium Basket Customers,0
C000158,6,649.775,3898.65,1.0,3.75,2,0,0,Budget Occasional Customers,0
C000159,9,831.9188888888889,7487.27,1.0,4.0,2,2,0,Budget Occasional Customers,0
C000160,9,781.8622222222223,7036.76,1.2857142857142858,3.142857142857143,2,0,0,Budget Occasional Customers,0
C000161,6,707.1716666666666,4243.03,1.2,3.3333333333333335,3,1,0,Budget Occasional Customers,0
C000162,13,900.2946153846153,11703.83,1.4444444444444444,3.7777777777777777,5,1,2,Frequent High-Value Customers,0
C000163,8,797.50375,6380.03,1.1428571428571428,4.2,2,0,0,Budget Occasional Customers,0
C000164,8,847.6675,6781.34,2.0,4.666666666666667,3,2,2,Frequent High-Value Customers,-1
C000165,12,1072.2333333333333,12866.8,1.2,2.2857142857142856,4,2,1,Premium Basket Customers,0
C000166,9,741.9133333333334,6677.22,1.125,3.6666666666666665,4,1,0,Budget Occasional Customers,0
C000167,14,653.3171428571429,9146.44,1.5555555555555556,3.5,6,3,2,Frequent High-Value Customers,0
C000168,13,736.0515384615385,9568.67,1.3,3.875,7,4,2,Frequent High-Value Customers,0
C000169,8,1117.63875,8941.11,1.6,3.8333333333333335,3,2,1,Premium Basket Customers,0
C000170,12,880.9791666666666,10571.75,2.0,3.5714285714285716,4,2,2,Frequent High-Value Customers,0
C000171,11,738.7963636363637,8126.76,1.5714285714285714,2.6666666666666665,5,1,2,Frequent High-Value Customers,0
C000172,10,464.1700000000001,4641.700000000001,1.4285714285714286,3.5,3,1,0,Budget Occasional Customers,0
C000173,8,638.0387499999999,5104.3099999999995,1.3333333333333333,3.8,1,0,0,Budget Occasional Customers,0
C000174,7,749.4171428571428,5245.92,1.1666666666666667,3.0,0,3,0,Budget Occasional Customers,0
C000175,14,753.1228571428571,10543.72,1.1666666666666667,3.1666666666666665,3,1,2,Frequent High-Value Customers,0
C000176,10,975.909,9759.09,1.25,3.3333333333333335,3,2,1,Premium Basket Customers,0
C000177,6,665.0733333333334,3990.44,1.2,1.0,2,0,1,Premium Basket Customers,0
C000178,6,816.41,4898.46,1.2,5.0,0,2,0,Budget Occasional Customers,0
C000179,8,659.70375,5277.63,1.1428571428571428,3.0,3,0,0,Budget Occasional Customers,0
C000180,5,605.418,3027.09,1.25,4.0,0,1,0,Budget Occasional Customers,0
C000181,7,482.9585714285714,3380.71,1.4,2.75,1,0,0,Budget Occasional Customers,0
C000182,8,702.13375,5617.07,1.3333333333333333,3.6,6,5,2,Frequent High-Value Customers,0
C000183,9,1044.3477777777778,9399.13,1.2857142857142858,3.8,4,1,1,Premium Basket Customers,0
C000184,6,831.6716666666666,4990.03,1.2,3.6,4,2,0,Budget Occasional Customers,0
C000185,9,525.77,4731.93,1.2857142857142858,3.0,2,1,0,Budget Occasional Customers,0
C000186,10,814.3100000000001,8143.1,1.1111111111111112,3.888888888888889,4,2,0,Budget Occasional Customers,0
C000187,6,358.16166666666663,2148.97,1.2,2.0,1,1,0,Budget Occasional Customers,0
C000188,10,669.847,6698.47,1.1111111111111112,3.1666666666666665,1,1,0,Budget Occasional Customers,0
C000189,13,752.4815384615384,9782.26,1.4444444444444444,3.3,4,2,2,Frequent High-Value Customers,0
C000190,5,733.21,3666.05,1.0,3.5,2,0,0,Budget Occasional Customers,0
C000191,16,793.87375,12701.98,1.3333333333333333,2.875,7,3,2,Frequent High-Value Customers,0
C000192,7,1034.6457142857143,7242.52,1.75,3.5,2,3,2,Frequent High-Value Customers,0
C000193,14,930.095,13021.33,1.4,3.2857142857142856,5,2,2,Frequent High-Value Customers,0
C000194,9,720.7644444444445,6486.88,1.2857142857142858,4.0,3,2,0,Budget Occasional Customers,0
C000195,10,777.23,7772.3,1.1111111111111112,3.5714285714285716,5,2,2,Frequent High-Value Customers,0
C000196,9,1003.24,9029.16,1.125,3.3333333333333335,4,6,2,Frequent High-Value Customers,0
C000197,8,581.5175,4652.14,1.3333333333333333,2.142857142857143,3,0,0,Budget Occasional Customers,0
C000198,8,887.21875,7097.75,1.3333333333333333,4.0,4,1,1,Premium Basket Customers,0
C000199,9,955.2766666666666,8597.49,1.125,2.5,4,2,1,Premium Basket Customers,0
C000200,5,730.688,3653.44,1.0,4.0,0,0,0,Budget Occasional Customers,0
C000201,13,817.0799999999999,10622.039999999999,1.4444444444444444,3.5714285714285716,4,0,2,Frequent High-Value Customers,0
C000202,7,952.13,6664.91,1.1666666666666667,3.6666666666666665,4,2,1,Premium Basket Customers,0
C000203,8,892.28375,7138.27,1.0,3.75,1,1,1,Premium Basket Customers,0
C000204,11,735.6472727272727,8092.12,1.375,3.8333333333333335,4,3,2,Frequent High-Value Customers,0
C000205,7,973.0471428571428,6811.33,1.1666666666666667,4.0,2,0,1,Premium Basket Customers,0
C000206,10,799.394,7993.9400000000005,1.4285714285714286,3.75,5,1,2,Frequent High-Value Customers,0
C000207,11,801.0372727272727,8811.41,1.375,3.5,5,1,2,Frequent High-Value Customers,0
C000208,7,1116.5157142857142,7815.61,1.1666666666666667,3.0,4,2,1,Premium Basket Customers,0
C000209,9,786.4244444444444,7077.82,1.2857142857142858,3.6,1,2,0,Budget Occasional Customers,0
C000210,5,968.2959999999999,4841.48,1.25,3.25,2,0,1,Premium Basket Customers,0
C000211,6,773.375,4640.25,1.5,3.25,1,2,0,Budget Occasional Customers,0
C000212,5,636.7059999999999,3183.5299999999997,1.0,2.6,1,1,0,Budget Occasional Customers,0
C000213,11,793.5163636363636,8728.68,1.375,4.0,4,4,2,Frequent High-Value Customers,0
C000214,11,788.58,8674.380000000001,1.1,3.25,2,2,0,Budget Occasional Customers,0
C000215,12,578.4708333333333,6941.65,1.2,3.25,3,3,2,Frequent High-Value Customers,0
C000216,8,852.3987500000001,6819.1900000000005,1.1428571428571428,2.6666666666666665,3,0,1,Premium Basket Customers,0
C000217,12,763.9341666666666,9167.21,1.2,3.4285714285714284,2,0,0,Budget Occasional Customers,0
C000218,15,873.598,13103.97,1.3636363636363635,3.1818181818181817,6,4,2,Frequent High-Value Customers,0
C000219,6,914.0566666666667,5484.34,1.0,3.6666666666666665,3,2,1,Premium Basket Customers,0
C000220,9,683.5222222222222,6151.7,1.2857142857142858,3.75,2,3,0,Budget Occasional Customers,0
C000221,4,784.11,3136.44,1.0,4.5,1,1,0,Budget Occasional Customers,0
C000222,8,820.4437499999999,6563.549999999999,1.1428571428571428,3.7142857142857144,1,2,0,Budget Occasional Customers,0
C000223,8,849.05375,6792.43,1.1428571428571428,3.8,3,2,0,Budget Occasional Customers,0
C000224,10,1095.067,10950.67,1.4285714285714286,3.4444444444444446,3,2,1,Premium Basket Customers,0
C000225,11,801.9409090909091,8821.35,1.2222222222222223,3.0,5,1,2,Frequent High-Value Customers,0
C000226,9,903.0022222222223,8127.02,1.2857142857142858,3.0,2,2,1,Premium Basket Customers,0
C000227,5,889.1479999999999,4445.74,1.25,2.0,1,0,1,Premium Basket Customers,0
C000228,8,894.4,7155.2,1.1428571428571428,3.25,4,3,1,Premium Basket Customers,0
C000229,14,775.6257142857143,10858.76,1.2727272727272727,3.875,9,3,2,Frequent High-Value Customers,0
C000230,7,937.5228571428571,6562.66,1.1666666666666667,3.0,3,0,1,Premium Basket Customers,0
C000231,14,1016.0578571428571,14224.81,1.4,3.5454545454545454,3,1,2,Frequent High-Value Customers,0
C000232,7,1104.9985714285715,7734.99,1.4,3.5714285714285716,3,0,1,Premium Basket Customers,0
C000233,11,676.4354545454545,7440.79,1.2222222222222223,2.857142857142857,5,2,2,Frequent High-Value Customers,0
C000234,10,864.479,8644.79,1.25,3.1666666666666665,6,2,2,Frequent High-Value Customers,0
C000235,8,745.6125,5964.9,1.3333333333333333,3.6666666666666665,3,1,0,Budget Occasional Customers,0
C000236,8,826.985,6615.88,1.3333333333333333,3.5,2,3,0,Budget Occasional Customers,0
C000237,11,709.5854545454546,7805.4400000000005,1.375,3.5,3,3,2,Frequent High-Value Customers,0
C000238,6,950.2916666666666,5701.75,1.0,4.0,2,0,1,Premium Basket Customers,0
C000239,4,1210.8400000000001,4843.360000000001,1.0,4.0,3,2,1,Premium Basket Customers,0
C000240,9,685.4766666666667,6169.29,1.125,3.4,2,3,0,Budget Occasional Customers,0
C000241,3,530.7133333333333,1592.1399999999999,1.0,3.0,1,1,0,Budget Occasional Customers,0
C000242,7,808.5614285714286,5659.93,1.4,3.2,2,1,1,Premium Basket Customers,0
C000243,11,742.4227272727272,8166.65,1.375,3.0,4,3,2,Frequent High-Value Customers,0
C000244,9,521.6777777777778,4695.1,1.125,4.166666666666667,3,2,0,Budget Occasional Customers,0
C000245,9,1043.8455555555556,9394.61,1.5,3.8333333333333335,3,2,1,Premium Basket Customers,0
C000246,9,1022.0355555555556,9198.32,1.125,3.6,7,2,2,Frequent High-Value Customers,0
C000247,7,861.3557142857143,6029.49,1.1666666666666667,4.2,4,1,0,Budget Occasional Customers,0
C000248,6,731.4,4388.4,1.2,3.25,1,1,0,Budget Occasional Customers,0
C000249,10,952.909,9529.09,1.6666666666666667,3.5,3,3,2,Frequent High-Value Customers,0
C000250,15,442.1553333333333,6632.33,1.5,3.375,6,5,2,Frequent High-Value Customers,0
C000251,9,1020.9000000000001,9188.1,1.2857142857142858,3.8333333333333335,4,1,1,Premium Basket Customers,0
C000252,8,870.2149999999999,6961.719999999999,1.1428571428571428,3.0,4,0,1,Premium Basket Customers,0
C000253,12,723.0333333333333,8676.4,1.2,3.25,3,3,2,Frequent High-Value Customers,0
C000254,5,796.868,3984.34,1.25,3.6666666666666665,2,2,0,Budget Occasional Customers,0
C000255,4,288.84499999999997,1155.3799999999999,1.0,4.0,1,2,0,Budget Occasional Customers,0
C000256,9,432.2744444444445,3890.4700000000003,1.5,3.3333333333333335,5,0,0,Budget Occasional Customers,0
C000257,10,819.365,8193.65,1.25,3.6666666666666665,4,1,0,Budget Occasional Customers,0
C000258,11,560.11,6161.21,1.2222222222222223,4.142857142857143,3,2,0,Budget Occasional Customers,0
C000259,6,965.4866666666667,5792.92,1.2,3.0,2,1,1,Premium Basket Customers,0
C000260,10,1106.991,11069.91,1.1111111111111112,3.5,3,2,1,Premium Basket Customers,0
C000261,10,888.908,8889.08,1.25,3.2,2,2,1,Premium Basket Customers,0
C000262,7,647.4671428571429,4532.27,1.1666666666666667,3.0,2,1,0,Budget Occasional Customers,0
C000263,5,657.232,3286.16,1.0,5.0,3,2,0,Budget Occasional Customers,0
C000264,13,1014.1007692307692,13183.31,1.1818181818181819,3.25,5,0,2,Frequent High-Value Customers,0
C000265,5,1372.556,6862.78,1.25,4.5,1,0,1,Premium Basket Customers,0
C000266,8,888.15375,7105.23,2.0,3.75,2,2,2,Frequent High-Value Customers,0
C000267,9,837.6622222222222,7538.96,1.2857142857142858,3.625,2,3,0,Budget Occasional Customers,0
C000268,9,737.4922222222223,6637.43,1.5,4.0,1,2,0,Budget Occasional Customers,0
C000269,15,828.4546666666666,12426.82,1.5,3.272727272727273,4,6,2,Frequent High-Value Customers,0
C000270,13,736.44,9573.720000000001,1.1818181818181819,3.7777777777777777,5,2,2,Frequent High-Value Customers,0
C000271,9,809.6388888888889,7286.75,1.125,3.4,2,3,0,Budget Occasional Customers,0
C000272,12,642.12,7705.4400000000005,1.3333333333333333,3.3333333333333335,5,4,2,Frequent High-Value Customers,0
C000273,10,897.3620000000001,8973.62,1.25,3.8333333333333335,5,4,2,Frequent High-Value Customers,0
C000274,5,1045.684,5228.42,1.25,3.3333333333333335,3,0,1,Premium Basket Customers,0
C000275,6,699.0300000000001,4194.18,1.2,3.4,1,0,0,Budget Occasional Customers,0
C000276,7,808.5,5659.5,1.0,3.25,1,1,0,Budget Occasional Customers,0
C000277,2,836.1200000000001,1672.2400000000002,1.0,1.0,1,0,1,Premium Basket Customers,1
C000278,9,818.5566666666667,7367.01,1.125,3.5,4,4,2,Frequent High-Value Customers,0
C000279,9,824.021111111111,7416.19,1.2857142857142858,3.6,3,1,0,Budget Occasional Customers,0
C000280,8,712.83125,5702.65,1.0,2.8333333333333335,3,3,0,Budget Occasional Customers,0
C000281,11,1211.509090909091,13326.6,1.2222222222222223,3.2857142857142856,4,2,1,Premium Basket Customers,0
C000282,10,655.868,6558.68,1.6666666666666667,3.3333333333333335,2,3,2,Frequent High-Value Customers,0
C000283,13,780.4676923076923,10146.08,1.4444444444444444,3.6666666666666665,6,4,2,Frequent High-Value Customers,0
C000284,10,815.867,8158.67,1.0,3.7142857142857144,3,5,2,Frequent High-Value Customers,0
C000285,7,589.7557142857142,4128.29,1.4,2.5,2,1,0,Budget Occasional Customers,0
C000286,12,790.1258333333334,9481.51,1.2,3.2222222222222223,6,4,2,Frequent High-Value Customers,0
C000287,8,721.7625,5774.1,1.3333333333333333,2.8333333333333335,5,3,2,Frequent High-Value Customers,0
C000288,13,1028.5084615384617,13370.61,1.4444444444444444,3.888888888888889,5,0,2,Frequent High-Value Customers,0
C000289,11,939.1681818181819,10330.85,1.2222222222222223,3.0,3,3,2,Frequent High-Value Customers,0
C000290,6,1015.2950000000001,6091.77,1.0,3.3333333333333335,4,1,1,Premium Basket Customers,0
C000291,5,588.644,2943.2200000000003,1.25,3.8,4,0,0,Budget Occasional Customers,0
C000292,13,698.6546153846155,9082.51,1.0833333333333333,3.5714285714285716,4,4,2,Frequent High-Value Customers,0
C000293,15,658.5786666666667,9878.68,1.3636363636363635,3.875,4,0,2,Frequent High-Value Customers,0
C000294,5,1179.854,5899.27,1.25,2.5,2,1,1,Premium Basket Customers,0
C000295,11,762.8445454545455,8391.29,1.5714285714285714,3.2,2,1,2,Frequent High-Value Customers,0
C000296,10,782.1279999999999,7821.28,1.4285714285714286,2.8,3,1,2,Frequent High-Value Customers,0
C000297,8,764.065,6112.52,1.6,3.5,1,2,0,Budget Occasional Customers,0
C000298,8,378.18375000000003,3025.4700000000003,1.1428571428571428,4.5,4,2,0,Budget Occasional Customers,0
C000299,6,802.8083333333334,4816.85,1.5,4.0,3,1,0,Budget Occasional Customers,0
C000300,8,859.71375,6877.71,1.1428571428571428,3.4,2,2,1,Premium Basket Customers,0
C000301,12,923.5566666666667,11082.68,1.3333333333333333,4.2,4,1,2,Frequent High-Value Customers,0
C000302,6,1013.775,6082.65,1.0,3.3333333333333335,2,2,1,Premium Basket Customers,0
C000303,13,926.126923076923,12039.65,1.1818181818181819,3.2222222222222223,5,2,2,Frequent High-Value Customers,0
C000304,11,1027.77,11305.47,1.5714285714285714,3.5714285714285716,1,1,1,Premium Basket Customers,0
C000305,12,637.0441666666667,7644.53,1.2,3.0,4,3,2,Frequent High-Value Customers,0
C000306,9,1060.721111111111,9546.49,1.125,3.625,4,2,1,Premium Basket Customers,0
C000307,9,831.7311111111111,7485.58,1.125,3.6666666666666665,4,1,0,Budget Occasional Customers,0
C000308,6,847.1666666666666,5083.0,1.2,4.0,4,0,0,Budget Occasional Customers,0
C000309,12,730.4858333333333,8765.83,1.5,3.888888888888889,8,3,2,Frequent High-Value Customers,0
C000310,9,855.8611111111111,7702.75,1.125,3.0,3,3,1,Premium Basket Customers,0
C000311,7,662.8157142857143,4639.71,1.0,3.0,2,0,0,Budget Occasional Customers,0
C000312,16,792.63625,12682.18,1.7777777777777777,4.6,6,5,2,Frequent High-Value Customers,-1
C000313,9,743.2122222222222,6688.91,1.2857142857142858,4.0,1,2,0,Budget Occasional Customers,0
C000314,9,732.9044444444444,6596.139999999999,1.5,4.0,5,3,2,Frequent High-Value Customers,0
C000315,6,965.7950000000001,5794.77,1.2,2.5,2,4,1,Premium Basket Customers,0
C000316,17,721.0558823529412,12257.95,1.4166666666666667,3.2857142857142856,7,4,2,Frequent High-Value Customers,0
C000317,7,1091.5428571428572,7640.8,1.4,3.6,1,2,1,Premium Basket Customers,0
C000318,9,745.9033333333333,6713.13,1.125,3.8,4,0,0,Budget Occasional Customers,0
C000319,13,967.6676923076923,12579.68,1.3,4.111111111111111,4,3,2,Frequent High-Value Customers,0
C000320,12,820.5033333333334,9846.04,1.5,3.6666666666666665,4,3,2,Frequent High-Value Customers,0
C000321,6,1015.3766666666667,6092.26,1.2,4.0,2,2,1,Premium Basket Customers,0
C000322,3,966.73,2900.19,1.0,2.5,2,0,1,Premium Basket Customers,0
C000323,10,513.755,5137.55,1.1111111111111112,4.125,5,3,0,Budget Occasional Customers,0
C000324,10,1128.953,11289.529999999999,1.4285714285714286,3.4285714285714284,5,4,2,Frequent High-Value Customers,0
C000325,9,732.7866666666666,6595.08,1.2857142857142858,3.8,2,2,0,Budget Occasional Customers,0
C000326,8,991.54125,7932.33,1.0,4.0,0,0,1,Premium Basket Customers,0
C000327,6,502.39000000000004,3014.34,1.2,3.5,3,1,0,Budget Occasional Customers,0
C000328,8,911.945,7295.56,1.6,3.5,4,2,2,Frequent High-Value Customers,0
C000329,11,690.6836363636363,7597.5199999999995,1.5714285714285714,3.5,8,3,2,Frequent High-Value Customers,0
C000330,15,638.1453333333334,9572.18,1.6666666666666667,3.5555555555555554,2,1,2,Frequent High-Value Customers,0
C000331,7,757.3957142857143,5301.77,1.1666666666666667,4.5,1,3,0,Budget Occasional Customers,0
C000332,13,649.8876923076924,8448.54,1.4444444444444444,3.2222222222222223,5,2,2,Frequent High-Value Customers,0
C000333,18,950.5094444444445,17109.170000000002,1.2857142857142858,3.5555555555555554,9,3,2,Frequent High-Value Customers,0
C000334,10,681.89,6818.9,1.25,4.0,5,1,0,Budget Occasional Customers,0
C000335,18,750.9477777777779,13517.060000000001,1.5,3.5,6,2,2,Frequent High-Value Customers,0
C000336,11,1200.3209090909093,13203.53,1.5714285714285714,4.0,0,1,1,Premium Basket Customers,-1
C000337,6,872.3666666666667,5234.2,1.0,3.6666666666666665,1,0,1,Premium Basket Customers,0
C000338,10,662.543,6625.43,1.25,2.5,4,0,0,Budget Occasional Customers,0
C000339,5,970.7379999999999,4853.69,1.0,2.5,1,2,1,Premium Basket Customers,0
C000340,7,731.2328571428571,5118.63,1.1666666666666667,3.2,4,1,0,Budget Occasional Customers,0
C000341,12,1147.3083333333334,13767.7,1.3333333333333333,3.5,3,0,1,Premium Basket Customers,0
C000342,9,684.7288888888888,6162.5599999999995,1.2857142857142858,3.75,0,1,0,Budget Occasional Customers,0
C000343,9,650.1011111111111,5850.91,1.125,3.0,3,3,0,Budget Occasional Customers,0
C000344,7,942.5614285714286,6597.93,1.0,3.0,2,1,1,Premium Basket Customers,0
C000345,11,653.3054545454546,7186.360000000001,1.2222222222222223,4.0,4,0,0,Budget Occasional Customers,0
C000346,11,824.1836363636364,9066.02,1.2222222222222223,2.75,3,1,1,Premium Basket Customers,0
C000347,8,791.0925,6328.74,1.3333333333333333,3.0,1,0,1,Premium Basket Customers,0
C000348,3,617.0500000000001,1851.15,1.0,4.5,1,0,0,Budget Occasional Customers,0
C000349,6,513.7333333333333,3082.4,1.0,3.6,1,1,0,Budget Occasional Customers,0
C000350,9,880.2444444444444,7922.2,1.125,3.3333333333333335,3,1,1,Premium Basket Customers,0
C000351,8,644.765,5158.12,1.1428571428571428,3.0,1,1,0,Budget Occasional Customers,0
C000352,13,818.5692307692308,10641.4,1.625,3.4285714285714284,6,2,2,Frequent High-Value Customers,0
C000353,8,668.38375,5347.07,1.3333333333333333,3.75,1,2,0,Budget Occasional Customers,0
C000354,11,640.2927272727272,7043.219999999999,1.375,3.5555555555555554,6,2,2,Frequent High-Value Customers,0
C000355,11,955.3936363636363,10509.33,1.375,3.5714285714285716,2,3,2,Frequent High-Value Customers,0
C000356,7,410.0314285714286,2870.2200000000003,1.1666666666666667,3.6,4,1,0,Budget Occasional Customers,0
C000357,10,682.765,6827.65,1.1111111111111112,3.625,3,2,0,Budget Occasional Customers,0
C000358,8,817.10875,6536.87,1.1428571428571428,3.5,3,1,0,Budget Occasional Customers,0
C000359,9,1218.7366666666667,10968.630000000001,1.2857142857142858,3.8,3,2,1,Premium Basket Customers,0
C000360,7,649.5285714285714,4546.7,1.0,4.0,2,1,0,Budget Occasional Customers,0
C000361,10,1073.171,10731.710000000001,1.1111111111111112,3.857142857142857,3,2,1,Premium Basket Customers,0
C000362,9,924.7099999999999,8322.39,1.5,3.4,6,0,2,Frequent High-Value Customers,0
C000363,10,845.8860000000001,8458.86,1.25,4.0,6,2,2,Frequent High-Value Customers,0
C000364,4,482.7675,1931.07,1.3333333333333333,3.0,1,1,0,Budget Occasional Customers,0
C000365,10,803.6220000000001,8036.22,1.1111111111111112,3.625,4,2,0,Budget Occasional Customers,0
C000366,9,722.9633333333334,6506.67,1.2857142857142858,3.8,3,2,0,Budget Occasional Customers,0
C000367,10,865.616,8656.16,1.25,1.0,1,3,1,Premium Basket Customers,-1
C000368,15,870.278,13054.17,1.875,3.5555555555555554,8,2,2,Frequent High-Value Customers,0
C000369,16,791.270625,12660.33,1.4545454545454546,3.111111111111111,4,3,2,Frequent High-Value Customers,0
C000370,8,774.8425,6198.74,1.3333333333333333,3.6666666666666665,3,0,0,Budget Occasional Customers,0
C000371,7,734.7528571428572,5143.27,1.1666666666666667,3.142857142857143,3,0,0,Budget Occasional Customers,0
C000372,7,759.79,5318.53,1.0,4.0,1,0,0,Budget Occasional Customers,0
C000373,6,881.765,5290.59,1.2,4.0,5,0,1,Premium Basket Customers,0
C000374,8,592.655,4741.24,1.0,3.2,6,0,0,Budget Occasional Customers,0
C000375,8,735.74875,5885.99,1.3333333333333333,3.1666666666666665,2,1,0,Budget Occasional Customers,0
C000376,9,883.4088888888889,7950.68,1.0,3.8,4,2,1,Premium Basket Customers,0
C000377,6,741.6266666666667,4449.76,1.2,3.0,1,1,0,Budget Occasional Customers,0
C000378,12,697.0783333333334,8364.94,1.2,3.125,7,3,2,Frequent High-Value Customers,0
C000379,7,838.2857142857143,5868.0,1.1666666666666667,3.4,1,4,1,Premium Basket Customers,0
C000380,10,758.684,7586.84,1.1111111111111112,3.8333333333333335,2,1,0,Budget Occasional Customers,0
C000381,10,936.676,9366.76,1.1111111111111112,3.75,2,3,1,Premium Basket Customers,0
C000382,9,675.4377777777777,6078.94,1.125,4.2,4,2,0,Budget Occasional Customers,0
C000383,14,873.415,12227.81,1.5555555555555556,3.5,5,2,2,Frequent High-Value Customers,0
C000384,9,783.3499999999999,7050.15,1.2857142857142858,3.0,1,0,0,Budget Occasional Customers,0
C000385,11,748.2572727272727,8230.83,1.2222222222222223,3.75,3,2,2,Frequent High-Value Customers,0
C000386,10,595.655,5956.55,1.1111111111111112,3.142857142857143,3,1,0,Budget Occasional Customers,0
C000387,11,831.8409090909091,9150.25,1.375,2.75,3,1,2,Frequent High-Value Customers,0
C000388,15,1042.8866666666665,15643.3,1.6666666666666667,3.0,7,0,2,Frequent High-Value Customers,-1
C000389,7,1064.5542857142857,7451.88,1.1666666666666667,3.2,2,3,1,Premium Basket Customers,0
C000390,6,658.6833333333333,3952.1,1.2,3.25,3,1,0,Budget Occasional Customers,0
C000391,9,711.49,6403.41,1.2857142857142858,4.2,7,0,2,Frequent High-Value Customers,0
C000392,5,686.376,3431.88,1.0,3.5,1,0,0,Budget Occasional Customers,0
C000393,13,906.7676923076923,11787.98,1.4444444444444444,4.0,4,3,2,Frequent High-Value Customers,0
C000394,5,1173.496,5867.4800000000005,1.0,2.75,0,0,1,Premium Basket Customers,0
C000395,9,738.4655555555555,6646.19,1.0,4.2,3,1,0,Budget Occasional Customers,0
C000396,7,1064.1871428571428,7449.3099999999995,1.1666666666666667,4.0,2,1,1,Premium Basket Customers,0
C000397,9,613.1344444444444,5518.21,1.125,4.2,2,2,0,Budget Occasional Customers,0
C000398,6,972.7733333333334,5836.64,1.2,4.0,0,0,1,Premium Basket Customers,0
C000399,10,1136.67,11366.7,1.4285714285714286,3.3333333333333335,4,1,1,Premium Basket Customers,0
C000400,9,632.1522222222222,5689.37,1.0,3.8,1,4,0,Budget Occasional Customers,0
C000401,7,662.9671428571429,4640.77,1.0,2.6,2,2,0,Budget Occasional Customers,0
C000402,11,752.0727272727272,8272.8,1.375,3.0,4,0,2,Frequent High-Value Customers,0
C000403,2,1057.02,2114.04,1.0,3.5,0,0,1,Premium Basket Customers,0
C000404,8,821.44375,6571.55,1.1428571428571428,3.3333333333333335,4,3,2,Frequent High-Value Customers,0
C000405,8,608.5699999999999,4868.5599999999995,1.1428571428571428,2.75,7,2,2,Frequent High-Value Customers,0
C000406,7,888.6828571428572,6220.780000000001,1.0,4.0,1,0,1,Premium Basket Customers,0
C000407,8,833.08875,6664.71,1.3333333333333333,4.0,3,0,0,Budget Occasional Customers,0
C000408,12,770.3725,9244.47,1.5,3.4285714285714284,2,2,2,Frequent High-Value Customers,0
C000409,8,887.2937499999999,7098.349999999999,1.3333333333333333,3.4,1,4,1,Premium Basket Customers,0
C000410,9,697.0333333333333,6273.3,1.2857142857142858,4.0,2,2,0,Budget Occasional Customers,0
C000411,9,818.8655555555556,7369.79,1.0,3.3333333333333335,5,2,0,Budget Occasional Customers,0
C000412,8,624.6575,4997.26,1.1428571428571428,3.3333333333333335,3,0,0,Budget Occasional Customers,0
C000413,12,889.9683333333334,10679.62,1.5,3.4,3,1,2,Frequent High-Value Customers,0
C000414,7,715.0985714285715,5005.6900000000005,1.4,3.3333333333333335,2,3,0,Budget Occasional Customers,0
C000415,10,899.195,8991.95,1.4285714285714286,3.125,4,2,2,Frequent High-Value Customers,0
C000416,6,821.8000000000001,4930.8,1.2,4.333333333333333,3,0,0,Budget Occasional Customers,0
C000417,12,846.9583333333334,10163.5,1.5,3.6666666666666665,9,2,2,Frequent High-Value Customers,0
C000418,14,804.83,11267.62,1.1666666666666667,2.888888888888889,4,4,2,Frequent High-Value Customers,0
C000419,12,622.115,7465.38,1.7142857142857142,3.0,3,1,2,Frequent High-Value Customers,0
C000420,5,744.7180000000001,3723.59,1.6666666666666667,4.333333333333333,3,0,0,Budget Occasional Customers,0
C000421,9,587.031111111111,5283.28,1.2857142857142858,4.142857142857143,2,2,0,Budget Occasional Customers,0
C000422,8,838.61,6708.88,1.1428571428571428,3.8,2,2,0,Budget Occasional Customers,0
C000423,12,979.555,11754.66,1.5,2.857142857142857,4,1,2,Frequent High-Value Customers,0
C000424,9,751.1888888888889,6760.7,1.125,3.6,2,1,0,Budget Occasional Customers,0
C000425,6,556.46,3338.76,1.2,2.6666666666666665,0,1,0,Budget Occasional Customers,0
C000426,7,880.7085714285714,6164.96,1.4,3.2,3,0,1,Premium Basket Customers,0
C000427,12,807.6891666666667,9692.27,1.3333333333333333,3.4444444444444446,2,2,2,Frequent High-Value Customers,0
C000428,11,794.6063636363637,8740.67,1.5714285714285714,3.25,4,2,2,Frequent High-Value Customers,0
C000429,15,1069.9033333333332,16048.55,1.6666666666666667,3.272727272727273,8,4,2,Frequent High-Value Customers,0
C000430,10,928.019,9280.19,1.6666666666666667,2.4,1,2,1,Premium Basket Customers,0
C000431,7,742.16,5195.12,1.4,3.75,1,1,0,Budget Occasional Customers,0
C000432,8,838.7675,6710.14,1.6,3.5714285714285716,4,2,2,Frequent High-Value Customers,0
C000433,8,761.45,6091.6,1.0,4.0,2,1,0,Budget Occasional Customers,0
C000434,5,1174.4360000000001,5872.18,1.25,2.6666666666666665,3,0,1,Premium Basket Customers,0
C000435,8,1016.7737500000001,8134.1900000000005,1.1428571428571428,4.0,1,1,1,Premium Basket Customers,0
C000436,9,951.561111111111,8564.05,1.2857142857142858,4.333333333333333,4,1,1,Premium Basket Customers,0
C000437,6,737.6066666666667,4425.64,1.2,3.6666666666666665,2,0,0,Budget Occasional Customers,0
C000438,14,820.1214285714286,11481.7,1.5555555555555556,3.0,6,4,2,Frequent High-Value Customers,0
C000439,7,855.7628571428571,5990.34,1.4,3.4,4,1,1,Premium Basket Customers,0
C000440,11,658.4781818181818,7243.26,1.2222222222222223,3.0,2,4,2,Frequent High-Value Customers,0
C000441,6,949.065,5694.39,1.2,3.0,2,0,1,Premium Basket Customers,0
C000442,13,1205.073076923077,15665.95,1.4444444444444444,3.0,2,1,1,Premium Basket Customers,0
C000443,9,838.5366666666666,7546.83,1.2857142857142858,3.5,3,3,2,Frequent High-Value Customers,0
C000444,8,525.64625,4205.17,1.0,2.6666666666666665,3,1,0,Budget Occasional Customers,0
C000445,10,1037.137,10371.369999999999,1.25,2.8,1,2,1,Premium Basket Customers,0
C000446,8,915.95375,7327.63,1.6,3.75,4,1,2,Frequent High-Value Customers,0
C000447,9,679.5655555555555,6116.09,1.5,4.2,2,1,0,Budget Occasional Customers,0
C000448,8,912.1800000000001,7297.4400000000005,1.6,3.25,0,2,1,Premium Basket Customers,0
C000449,9,639.3444444444444,5754.1,1.125,2.857142857142857,2,2,0,Budget Occasional Customers,0
C000450,14,661.6742857142857,9263.44,1.4,3.142857142857143,5,3,2,Frequent High-Value Customers,0
C000451,9,749.2322222222223,6743.09,1.0,3.3333333333333335,4,0,0,Budget Occasional Customers,0
C000452,7,878.5128571428571,6149.59,1.4,4.5,1,2,0,Budget Occasional Customers,0
C000453,8,1059.975,8479.8,1.3333333333333333,3.0,4,2,1,Premium Basket Customers,0
C000454,12,1033.7175,12404.61,1.2,4.2,6,2,2,Frequent High-Value Customers,0
C000455,10,885.699,8856.99,1.1111111111111112,3.25,5,1,1,Premium Basket Customers,0
C000456,11,623.6009090909091,6859.610000000001,1.2222222222222223,2.6666666666666665,3,3,2,Frequent High-Value Customers,0
C000457,8,909.69375,7277.55,1.3333333333333333,3.3333333333333335,1,1,1,Premium Basket Customers,0
C000458,10,736.645,7366.45,1.25,3.6666666666666665,4,0,0,Budget Occasional Customers,0
C000459,10,942.233,9422.33,1.1111111111111112,3.4285714285714284,4,2,1,Premium Basket Customers,0
C000460,11,905.960909090909,9965.57,1.5714285714285714,2.857142857142857,3,1,2,Frequent High-Value Customers,0
C000461,13,565.0007692307693,7345.01,1.4444444444444444,3.2857142857142856,6,1,2,Frequent High-Value Customers,0
C000462,9,665.72,5991.4800000000005,1.5,3.0,3,0,0,Budget Occasional Customers,0
C000463,7,722.6985714285714,5058.89,1.1666666666666667,3.8,1,0,0,Budget Occasional Customers,0
C000464,10,540.602,5406.0199999999995,1.6666666666666667,2.375,3,3,2,Frequent High-Value Customers,0
C000465,9,608.4244444444444,5475.82,1.5,3.5,3,3,2,Frequent High-Value Customers,0
C000466,7,1072.3971428571429,7506.78,1.0,3.0,5,1,1,Premium Basket Customers,0
C000467,6,1175.4333333333334,7052.6,1.5,4.0,2,2,1,Premium Basket Customers,0
C000468,7,735.3257142857143,5147.28,1.4,3.0,2,0,0,Budget Occasional Customers,0
C000469,12,659.8391666666666,7918.07,1.5,2.875,7,2,2,Frequent High-Value Customers,0
C000470,12,1060.8425,12730.11,1.2,3.3333333333333335,4,2,2,Frequent High-Value Customers,0
C000471,8,1071.33,8570.64,1.1428571428571428,3.1666666666666665,0,3,1,Premium Basket Customers,0
C000472,13,779.9092307692307,10138.82,1.4444444444444444,3.4,5,3,2,Frequent High-Value Customers,0
C000473,12,766.6833333333334,9200.2,1.3333333333333333,3.4285714285714284,4,1,2,Frequent High-Value Customers,0
C000474,8,528.7575,4230.06,1.1428571428571428,3.2,3,1,0,Budget Occasional Customers,0
C000475,7,1007.5042857142856,7052.53,1.0,3.5,4,2,1,Premium Basket Customers,0
C000476,10,600.669,6006.69,1.25,3.6666666666666665,2,2,0,Budget Occasional Customers,0
C000477,11,623.0145454545454,6853.16,1.375,3.4285714285714284,4,4,2,Frequent High-Value Customers,0
C000478,13,836.3476923076923,10872.52,1.3,2.4545454545454546,3,4,2,Frequent High-Value Customers,0
C000479,12,808.0316666666666,9696.38,1.3333333333333333,2.7777777777777777,3,0,1,Premium Basket Customers,0
C000480,6,928.5916666666667,5571.55,1.0,3.6666666666666665,2,2,1,Premium Basket Customers,0
C000481,9,828.2077777777778,7453.87,1.0,3.75,4,1,0,Budget Occasional Customers,0
C000482,8,504.13875,4033.11,1.1428571428571428,3.3333333333333335,4,2,0,Budget Occasional Customers,0
C000483,16,806.9275,12910.84,1.4545454545454546,3.1666666666666665,4,4,2,Frequent High-Value Customers,0
C000484,7,699.47,4896.29,1.0,3.6666666666666665,1,4,0,Budget Occasional Customers,0
C000485,7,653.12,4571.84,1.1666666666666667,3.5,3,1,0,Budget Occasional Customers,0
C000486,6,968.3766666666667,5810.26,1.0,3.5,5,0,1,Premium Basket Customers,0
C000487,8,452.635,3621.08,1.3333333333333333,3.0,3,2,0,Budget Occasional Customers,0
C000488,5,307.294,1536.47,1.25,3.5,2,1,0,Budget Occasional Customers,0
C000489,10,427.841,4278.41,1.25,4.0,2,3,0,Budget Occasional Customers,0
C000490,9,549.45,4945.05,1.5,3.4285714285714284,4,4,2,Frequent High-Value Customers,0
C000491,9,923.8566666666668,8314.710000000001,1.5,3.4,0,1,1,Premium Basket Customers,0
C000492,12,512.1358333333334,6145.63,1.2,3.25,4,2,2,Frequent High-Value Customers,0
C000493,7,775.9657142857143,5431.76,1.4,4.0,4,1,0,Budget Occasional Customers,0
C000494,7,961.9057142857143,6733.34,1.1666666666666667,2.8333333333333335,4,0,1,Premium Basket Customers,0
C000495,8,992.3425,7938.74,1.0,4.0,2,0,1,Premium Basket Customers,0
C000496,10,742.518,7425.18,1.4285714285714286,2.75,2,2,2,Frequent High-Value Customers,0
C000497,4,368.8675,1475.47,1.0,2.5,0,4,0,Budget Occasional Customers,-1
C000498,6,805.5633333333334,4833.38,1.2,3.0,2,1,1,Premium Basket Customers,0
C000499,8,669.87,5358.96,1.1428571428571428,4.0,2,1,0,Budget Occasional Customers,0
C000500,6,1059.5216666666668,6357.13,1.2,2.6666666666666665,3,1,1,Premium Basket Customers,0
C000501,3,608.7366666666667,1826.21,1.0,4.0,1,0,0,Budget Occasional Customers,0
C000502,15,891.2613333333334,13368.92,1.3636363636363635,3.3,4,0,2,Frequent High-Value Customers,0
C000503,12,675.9758333333333,8111.71,1.5,2.888888888888889,5,4,2,Frequent High-Value Customers,0
C000504,6,936.7800000000001,5620.68,1.2,4.25,3,1,1,Premium Basket Customers,0
C000505,12,936.0233333333334,11232.28,1.3333333333333333,3.25,4,4,2,Frequent High-Value Customers,0
C000506,7,603.6271428571429,4225.39,1.4,4.0,3,1,0,Budget Occasional Customers,0
C000507,7,1028.2671428571427,7197.87,1.4,4.0,6,2,2,Frequent High-Value Customers,0
C000508,10,820.3290000000001,8203.29,1.4285714285714286,3.2222222222222223,4,3,2,Frequent High-Value Customers,0
C000509,10,1037.861,10378.61,1.25,2.6,4,1,1,Premium Basket Customers,0
C000510,10,760.326,7603.26,1.4285714285714286,4.125,5,3,2,Frequent High-Value Customers,0
C000511,13,845.1884615384616,10987.45,1.3,3.75,5,0,2,Frequent High-Value Customers,0
C000512,5,702.906,3514.5299999999997,1.0,2.3333333333333335,2,0,0,Budget Occasional Customers,0
C000513,9,905.3133333333334,8147.820000000001,1.2857142857142858,3.0,4,3,2,Frequent High-Value Customers,0
C000514,19,893.4152631578947,16974.89,1.9,3.466666666666667,5,4,2,Frequent High-Value Customers,0
C000515,11,993.5345454545454,10928.88,1.375,4.0,4,2,2,Frequent High-Value Customers,0
C000516,8,812.445,6499.56,1.3333333333333333,3.0,2,2,1,Premium Basket Customers,0
C000517,10,703.112,7031.12,1.25,3.857142857142857,2,3,0,Budget Occasional Customers,0
C000518,4,542.3675000000001,2169.4700000000003,1.0,3.0,1,0,0,Budget Occasional Customers,0
C000519,12,1120.5533333333333,13446.64,1.5,3.625,5,1,2,Frequent High-Value Customers,0
C000520,7,582.6757142857143,4078.73,1.0,3.3333333333333335,0,0,0,Budget Occasional Customers,0
C000521,5,727.446,3637.23,1.6666666666666667,3.5,0,0,0,Budget Occasional Customers,0
C000522,11,560.2154545454546,6162.37,1.375,3.3333333333333335,2,3,2,Frequent High-Value Customers,0
C000523,10,733.972,7339.72,1.25,3.2857142857142856,4,3,2,Frequent High-Value Customers,0
C000524,8,976.3425,7810.74,1.3333333333333333,3.5,4,2,1,Premium Basket Customers,0
C000525,5,687.818,3439.09,1.0,2.6666666666666665,0,0,0,Budget Occasional Customers,0
C000526,14,777.5028571428571,10885.039999999999,1.2727272727272727,4.0,6,4,2,Frequent High-Value Customers,0
C000527,8,1022.22875,8177.83,1.3333333333333333,3.0,4,4,2,Frequent High-Value Customers,0
C000528,13,1002.9315384615385,13038.11,1.4444444444444444,2.8,5,4,2,Frequent High-Value Customers,0
C000529,11,653.2554545454545,7185.8099999999995,1.0,3.4,3,2,0,Budget Occasional Customers,0
C000530,2,1641.435,3282.87,1.0,3.0,1,0,1,Premium Basket Customers,-1
C000531,11,710.37,7814.07,1.375,3.111111111111111,6,2,2,Frequent High-Value Customers,0
C000532,10,635.345,6353.45,1.25,3.2,2,1,0,Budget Occasional Customers,0
C000533,4,960.145,3840.58,1.0,3.5,1,1,1,Premium Basket Customers,0
C000534,8,657.6912500000001,5261.530000000001,1.0,2.8,3,1,0,Budget Occasional Customers,0
C000535,9,1029.9933333333333,9269.94,1.2857142857142858,3.0,2,1,1,Premium Basket Customers,0
C000536,12,549.1091666666666,6589.3099999999995,1.5,3.6,4,5,2,Frequent High-Value Customers,0
C000537,7,861.3199999999999,6029.24,1.0,3.5,1,3,1,Premium Basket Customers,0
C000538,6,794.9233333333333,4769.54,1.5,4.0,3,0,0,Budget Occasional Customers,0
C000539,6,1152.0683333333334,6912.41,1.2,2.5,1,1,1,Premium Basket Customers,0
C000540,6,1188.015,7128.09,1.2,3.0,1,2,1,Premium Basket Customers,0
C000541,8,799.88,6399.04,1.3333333333333333,3.3333333333333335,1,2,0,Budget Occasional Customers,0
C000542,7,692.2342857142856,4845.639999999999,1.0,4.0,4,1,0,Budget Occasional Customers,0
C000543,8,648.775,5190.2,1.0,3.5,2,2,0,Budget Occasional Customers,0
C000544,14,682.5628571428571,9555.88,1.5555555555555556,3.4285714285714284,9,3,2,Frequent High-Value Customers,0
C000545,7,681.1185714285714,4767.83,1.1666666666666667,3.5,2,4,0,Budget Occasional Customers,0
C000546,4,573.9575,2295.83,1.3333333333333333,3.0,1,0,0,Budget Occasional Customers,0
C000547,11,722.0290909090909,7942.32,1.1,3.25,1,3,0,Budget Occasional Customers,0
C000548,6,1121.535,6729.21,1.2,3.6666666666666665,0,3,1,Premium Basket Customers,0
C000549,9,810.23,7292.07,1.0,3.25,5,1,0,Budget Occasional Customers,0
C000550,8,976.6525,7813.22,1.3333333333333333,4.2,4,3,2,Frequent High-Value Customers,0
C000551,11,634.7636363636364,6982.4,1.375,2.7142857142857144,5,3,2,Frequent High-Value Customers,0
C000552,6,1144.445,6866.67,1.5,3.0,3,0,1,Premium Basket Customers,0
C000553,7,970.7057142857144,6794.9400000000005,1.1666666666666667,2.6,2,1,1,Premium Basket Customers,0
C000554,6,1452.2033333333336,8713.220000000001,1.2,4.0,2,1,1,Premium Basket Customers,0
C000555,12,1111.91,13342.92,1.3333333333333333,3.6666666666666665,3,0,1,Premium Basket Customers,0
C000556,9,594.7455555555556,5352.71,1.125,3.1666666666666665,4,1,0,Budget Occasional Customers,0
C000557,12,888.9608333333334,10667.53,1.5,3.0,3,0,2,Frequent High-Value Customers,0
C000558,11,687.8872727272727,7566.76,1.375,3.1666666666666665,3,1,0,Budget Occasional Customers,0
C000559,3,843.4633333333333,2530.39,1.0,4.0,1,0,0,Budget Occasional Customers,0
C000560,5,700.1560000000001,3500.78,1.0,4.0,1,3,0,Budget Occasional Customers,0
C000561,9,724.8333333333334,6523.5,1.125,4.5,4,1,0,Budget Occasional Customers,0
C000562,12,952.7508333333334,11433.01,1.5,3.4545454545454546,6,4,2,Frequent High-Value Customers,0
C000563,7,747.1985714285713,5230.389999999999,1.4,4.0,1,1,0,Budget Occasional Customers,0
C000564,6,832.6616666666667,4995.97,1.0,3.5,1,1,1,Premium Basket Customers,0
C000565,6,828.6533333333333,4971.92,1.5,3.75,2,1,0,Budget Occasional Customers,0
C000566,11,817.5909090909091,8993.5,1.5714285714285714,3.7142857142857144,4,1,2,Frequent High-Value Customers,0
C000567,9,791.0188888888889,7119.17,1.0,3.3333333333333335,5,2,0,Budget Occasional Customers,0
C000568,14,832.1078571428571,11649.51,1.5555555555555556,3.8333333333333335,4,2,2,Frequent High-Value Customers,0
C000569,14,778.6464285714285,10901.05,1.5555555555555556,3.4285714285714284,2,3,2,Frequent High-Value Customers,0
C000570,7,595.9142857142857,4171.4,1.1666666666666667,3.0,2,0,0,Budget Occasional Customers,0
C000571,3,1060.0533333333335,3180.1600000000003,1.0,3.0,1,0,1,Premium Basket Customers,0
C000572,8,1050.71125,8405.69,1.3333333333333333,3.5,2,1,1,Premium Basket Customers,0
C000573,7,826.157142857143,5783.1,1.1666666666666667,3.2,5,1,1,Premium Basket Customers,0
C000574,6,666.3466666666667,3998.08,1.2,3.6666666666666665,2,1,0,Budget Occasional Customers,0
C000575,7,700.8185714285713,4905.73,1.1666666666666667,2.75,1,1,0,Budget Occasional Customers,0
C000576,7,525.9385714285714,3681.5699999999997,1.1666666666666667,2.75,1,1,0,Budget Occasional Customers,0
C000577,9,706.7777777777778,6361.0,1.2857142857142858,3.5555555555555554,1,4,0,Budget Occasional Customers,0
C000578,11,764.0527272727272,8404.58,1.5714285714285714,2.7142857142857144,5,1,2,Frequent High-Value Customers,0
C000579,11,694.1500000000001,7635.650000000001,1.375,2.6666666666666665,5,2,2,Frequent High-Value Customers,0
C000580,9,1030.5766666666668,9275.19,1.125,3.0,4,3,1,Premium Basket Customers,0
C000581,3,1339.0866666666668,4017.26,1.0,3.0,1,0,1,Premium Basket Customers,0
C000582,10,1015.336,10153.36,1.4285714285714286,3.25,3,4,2,Frequent High-Value Customers,0
C000583,12,781.8266666666667,9381.92,1.3333333333333333,4.125,4,1,2,Frequent High-Value Customers,0
C000584,12,751.5591666666668,9018.710000000001,1.3333333333333333,2.6666666666666665,4,0,2,Frequent High-Value Customers,0
C000585,10,876.293,8762.93,1.25,3.6666666666666665,3,3,2,Frequent High-Value Customers,0
C000586,6,1008.9183333333334,6053.51,1.2,3.0,1,1,1,Premium Basket Customers,0
C000587,9,1062.9811111111112,9566.83,1.125,2.2,4,1,1,Premium Basket Customers,0
C000588,9,1061.5144444444443,9553.63,1.125,3.6,2,2,1,Premium Basket Customers,0
C000589,10,753.866,7538.66,2.0,3.2857142857142856,4,2,2,Frequent High-Value Customers,0
C000590,10,627.945,6279.450000000001,1.6666666666666667,3.5,2,0,0,Budget Occasional Customers,0
C000591,14,788.1949999999999,11034.73,1.2727272727272727,4.0,3,1,2,Frequent High-Value Customers,0
C000592,15,963.9486666666667,14459.23,1.6666666666666667,3.3,4,3,2,Frequent High-Value Customers,0
C000593,13,735.0384615384615,9555.5,1.0833333333333333,2.875,4,3,2,Frequent High-Value Customers,0
C000594,3,1074.0166666666667,3222.05,1.0,3.0,1,1,1,Premium Basket Customers,0
C000595,11,929.3590909090909,10222.95,1.2222222222222223,3.857142857142857,4,2,2,Frequent High-Value Customers,0
C000596,7,950.8442857142857,6655.91,1.1666666666666667,4.0,4,0,1,Premium Basket Customers,0
C000597,6,565.9833333333333,3395.9,1.2,3.0,0,0,0,Budget Occasional Customers,0
C000598,9,950.0455555555556,8550.41,1.2857142857142858,3.6666666666666665,1,1,1,Premium Basket Customers,0
C000599,13,645.6253846153845,8393.13,1.625,3.4285714285714284,2,3,2,Frequent High-Value Customers,0
C000600,11,895.8718181818182,9854.59,1.2222222222222223,3.6666666666666665,3,3,2,Frequent High-Value Customers,0
C000601,15,958.8393333333333,14382.59,1.3636363636363635,3.4,6,1,2,Frequent High-Value Customers,0
C000602,4,934.605,3738.42,1.0,4.0,1,1,1,Premium Basket Customers,0
C000603,8,983.2212499999999,7865.7699999999995,1.0,2.3333333333333335,3,1,1,Premium Basket Customers,0
C000604,8,696.6687499999999,5573.349999999999,1.1428571428571428,2.75,4,0,0,Budget Occasional Customers,0
C000605,8,670.4375,5363.5,1.3333333333333333,4.333333333333333,2,2,0,Budget Occasional Customers,0
C000606,7,598.0957142857143,4186.67,1.4,3.25,2,1,0,Budget Occasional Customers,0
C000607,6,1031.26,6187.5599999999995,1.0,3.0,3,1,1,Premium Basket Customers,0
C000608,13,1033.8553846153845,13440.119999999999,1.4444444444444444,3.9,5,3,2,Frequent High-Value Customers,0
C000609,7,1046.0542857142857,7322.38,1.0,3.3333333333333335,3,0,1,Premium Basket Customers,0
C000610,14,846.9371428571429,11857.12,1.75,3.25,3,4,2,Frequent High-Value Customers,0
C000611,9,748.3966666666666,6735.57,1.5,3.6,4,0,0,Budget Occasional Customers,0
C000612,10,777.516,7775.16,1.4285714285714286,3.0,6,2,2,Frequent High-Value Customers,0
C000613,9,753.7311111111111,6783.58,1.8,3.6666666666666665,1,2,2,Frequent High-Value Customers,0
C000614,5,803.298,4016.49,1.0,3.2,1,1,0,Budget Occasional Customers,0
C000615,8,975.6637499999999,7805.3099999999995,1.1428571428571428,3.8333333333333335,2,2,1,Premium Basket Customers,0
C000616,13,916.2823076923077,11911.67,1.4444444444444444,2.875,3,5,2,Frequent High-Value Customers,0
C000617,6,936.1850000000001,5617.110000000001,1.0,3.5,4,1,1,Premium Basket Customers,0
C000618,10,778.364,7783.64,1.4285714285714286,3.0,4,2,2,Frequent High-Value Customers,0
C000619,10,553.1229999999999,5531.23,1.4285714285714286,3.5714285714285716,3,1,0,Budget Occasional Customers,0
C000620,7,1121.5357142857142,7850.75,1.1666666666666667,3.0,5,0,1,Premium Basket Customers,0
C000621,8,839.79625,6718.37,1.1428571428571428,3.2,1,3,1,Premium Basket Customers,0
C000622,10,919.8309999999999,9198.31,1.25,3.1666666666666665,3,4,2,Frequent High-Value Customers,0
C000623,12,952.475,11429.7,1.2,2.857142857142857,3,2,2,Frequent High-Value Customers,0
C000624,13,800.3861538461539,10405.02,1.4444444444444444,3.3333333333333335,5,1,2,Frequent High-Value Customers,0
C000625,8,739.3625,5914.9,1.0,3.8333333333333335,2,2,0,Budget Occasional Customers,0
C000626,14,680.4064285714285,9525.689999999999,1.5555555555555556,3.1,7,2,2,Frequent High-Value Customers,0
C000627,7,1074.8114285714287,7523.68,1.4,2.6666666666666665,0,1,1,Premium Basket Customers,0
C000628,10,878.298,8782.98,1.4285714285714286,3.6,2,2,2,Frequent High-Value Customers,0
C000629,9,801.0066666666667,7209.06,1.5,3.7142857142857144,5,2,2,Frequent High-Value Customers,0
C000630,8,777.505,6220.04,1.0,1.5,4,1,1,Premium Basket Customers,0
C000631,6,632.2433333333333,3793.46,1.2,3.5,0,1,0,Budget Occasional Customers,0
C000632,13,874.8138461538462,11372.58,1.4444444444444444,4.0,7,3,2,Frequent High-Value Customers,0
C000633,17,1009.1847058823529,17156.14,1.7,4.111111111111111,7,2,2,Frequent High-Value Customers,-1
C000634,8,1133.02375,9064.19,1.1428571428571428,3.0,4,2,1,Premium Basket Customers,0
C000635,14,523.295,7326.13,1.2727272727272727,3.375,8,4,2,Frequent High-Value Customers,0
C000636,8,750.995,6007.96,1.1428571428571428,3.2,0,2,0,Budget Occasional Customers,0
C000637,11,890.6054545454546,9796.66,1.5714285714285714,3.875,6,2,2,Frequent High-Value Customers,0
C000638,10,769.6479999999999,7696.48,1.1111111111111112,3.2857142857142856,5,2,2,Frequent High-Value Customers,0
C000639,6,794.86,4769.16,1.2,3.6,4,1,0,Budget Occasional Customers,0
C000640,7,895.1442857142857,6266.01,1.4,4.6,4,2,0,Budget Occasional Customers,0
C000641,13,686.6623076923078,8926.61,1.625,3.6666666666666665,7,1,2,Frequent High-Value Customers,0
C000642,10,648.6299999999999,6486.299999999999,1.25,3.6,2,2,0,Budget Occasional Customers,0
C000643,9,890.24,8012.16,1.2857142857142858,5.0,2,0,0,Budget Occasional Customers,0
C000644,12,875.1974999999999,10502.369999999999,1.3333333333333333,3.5,5,3,2,Frequent High-Value Customers,0
C000645,14,654.24,9159.36,1.0769230769230769,3.75,5,1,2,Frequent High-Value Customers,0
C000646,3,819.3699999999999,2458.1099999999997,1.0,1.0,1,1,1,Premium Basket Customers,1
C000647,4,1034.9199999999998,4139.679999999999,1.3333333333333333,3.0,1,3,1,Premium Basket Customers,0
C000648,8,756.48875,6051.91,1.3333333333333333,2.6666666666666665,1,0,0,Budget Occasional Customers,0
C000649,13,628.5461538461539,8171.1,1.0833333333333333,3.6,6,1,2,Frequent High-Value Customers,0
C000650,4,1129.78,4519.12,1.0,4.25,0,1,1,Premium Basket Customers,0
C000651,5,833.9979999999999,4169.99,1.0,4.0,2,1,0,Budget Occasional Customers,0
C000652,14,654.005,9156.07,1.1666666666666667,3.75,3,2,2,Frequent High-Value Customers,0
C000653,8,748.4975,5987.98,1.1428571428571428,3.75,2,0,0,Budget Occasional Customers,0
C000654,11,872.8145454545454,9600.96,1.375,3.25,5,3,2,Frequent High-Value Customers,0
C000655,12,447.16249999999997,5365.95,1.3333333333333333,3.2,4,3,2,Frequent High-Value Customers,0
C000656,9,526.7077777777778,4740.37,1.5,2.875,5,2,2,Frequent High-Value Customers,0
C000657,11,1116.8190909090908,12285.01,1.2222222222222223,3.3333333333333335,5,2,2,Frequent High-Value Customers,0
C000658,8,703.60625,5628.85,1.3333333333333333,3.5,3,2,0,Budget Occasional Customers,0
C000659,5,792.0899999999999,3960.45,1.0,3.0,1,3,0,Budget Occasional Customers,0
C000660,5,340.254,1701.27,1.0,3.25,3,2,0,Budget Occasional Customers,0
C000661,6,401.58500000000004,2409.51,1.0,3.3333333333333335,1,0,0,Budget Occasional Customers,0
C000662,8,587.13375,4697.07,1.1428571428571428,3.3333333333333335,2,2,0,Budget Occasional Customers,0
C000663,9,720.3811111111112,6483.43,1.5,4.0,4,2,2,Frequent High-Value Customers,0
C000664,10,691.495,6914.95,1.4285714285714286,3.4,4,2,2,Frequent High-Value Customers,0
C000665,9,909.3077777777777,8183.7699999999995,1.125,2.6666666666666665,4,4,2,Frequent High-Value Customers,0
C000666,8,523.3475,4186.78,1.3333333333333333,4.0,4,1,0,Budget Occasional Customers,0
C000667,6,734.5083333333333,4407.05,1.2,3.3333333333333335,3,2,0,Budget Occasional Customers,0
C000668,7,638.7328571428571,4471.13,1.1666666666666667,3.5,2,1,0,Budget Occasional Customers,0
C000669,11,665.8463636363637,7324.31,1.2222222222222223,3.6666666666666665,3,4,2,Frequent High-Value Customers,0
C000670,18,795.59,14320.62,2.0,2.8,8,2,2,Frequent High-Value Customers,-1
C000671,10,848.591,8485.91,1.0,4.4,2,3,0,Budget Occasional Customers,0
C000672,9,1025.9011111111113,9233.11,1.2857142857142858,3.5,3,2,1,Premium Basket Customers,0
C000673,6,698.1433333333333,4188.86,1.5,4.333333333333333,3,0,0,Budget Occasional Customers,0
C000674,7,921.3014285714286,6449.11,1.1666666666666667,3.3333333333333335,1,3,1,Premium Basket Customers,0
C000675,10,935.083,9350.83,1.6666666666666667,2.75,1,0,1,Premium Basket Customers,0
C000676,7,770.1057142857143,5390.74,1.1666666666666667,2.8,3,1,0,Budget Occasional Customers,0
C000677,9,588.5766666666666,5297.19,1.2857142857142858,2.8,2,0,0,Budget Occasional Customers,0
C000678,7,705.8028571428571,4940.62,1.1666666666666667,3.4,1,0,0,Budget Occasional Customers,0
C000679,9,618.0877777777778,5562.79,1.5,3.6666666666666665,7,3,2,Frequent High-Value Customers,0
C000680,12,947.3866666666667,11368.64,1.2,3.75,2,2,1,Premium Basket Customers,0
C000681,10,722.394,7223.94,1.25,3.75,4,1,0,Budget Occasional Customers,0
C000682,11,712.3927272727273,7836.32,1.0,3.5,3,1,0,Budget Occasional Customers,0
C000683,9,816.8966666666666,7352.07,1.5,4.0,2,0,0,Budget Occasional Customers,0
C000684,12,644.8191666666667,7737.83,1.5,3.2,2,1,2,Frequent High-Value Customers,0
C000685,8,1006.2537500000001,8050.030000000001,1.3333333333333333,4.166666666666667,1,1,1,Premium Basket Customers,0
C000686,14,905.6421428571429,12678.99,1.5555555555555556,4.375,6,0,2,Frequent High-Value Customers,-1
C000687,7,1002.9057142857143,7020.34,1.0,3.75,0,2,1,Premium Basket Customers,0
C000688,8,725.3249999999999,5802.599999999999,1.3333333333333333,4.5,2,1,0,Budget Occasional Customers,0
C000689,5,799.494,3997.4700000000003,1.25,3.0,2,0,1,Premium Basket Customers,0
C000690,10,704.946,7049.46,1.4285714285714286,3.875,1,0,0,Budget Occasional Customers,0
C000691,5,827.958,4139.79,1.0,3.3333333333333335,3,0,1,Premium Basket Customers,0
C000692,9,604.3766666666667,5439.39,1.2857142857142858,3.142857142857143,6,2,2,Frequent High-Value Customers,0
C000693,12,648.3458333333333,7780.15,1.3333333333333333,3.0,2,1,0,Budget Occasional Customers,0
C000694,10,756.173,7561.73,1.4285714285714286,3.0,3,2,2,Frequent High-Value Customers,0
C000695,8,621.96,4975.68,1.1428571428571428,3.857142857142857,3,2,0,Budget Occasional Customers,0
C000696,11,980.3118181818182,10783.43,1.2222222222222223,2.6,3,2,1,Premium Basket Customers,0
C000697,1,1344.03,1344.03,1.0,3.4196588952056444,0,1,1,Premium Basket Customers,0
C000698,9,796.5722222222222,7169.15,1.125,4.0,2,2,0,Budget Occasional Customers,0
C000699,7,736.6628571428571,5156.639999999999,1.0,3.2,2,2,0,Budget Occasional Customers,0
C000700,6,703.0066666666667,4218.04,1.0,3.0,1,1,0,Budget Occasional Customers,0
C000701,12,560.8216666666667,6729.860000000001,1.0909090909090908,3.8333333333333335,5,1,0,Budget Occasional Customers,0
C000702,13,753.6899999999999,9797.97,1.3,3.2857142857142856,4,2,2,Frequent High-Value Customers,0
C000703,18,795.8349999999999,14325.029999999999,1.6363636363636365,3.5,8,1,2,Frequent High-Value Customers,0
C000704,6,827.7466666666666,4966.48,1.2,2.6666666666666665,0,1,1,Premium Basket Customers,0
C000705,8,1010.81125,8086.49,1.0,3.0,3,0,1,Premium Basket Customers,0
C000706,8,932.97625,7463.81,1.1428571428571428,3.3333333333333335,2,1,1,Premium Basket Customers,0
C000707,17,877.8411764705882,14923.3,1.5454545454545454,2.875,4,4,2,Frequent High-Value Customers,0
C000708,2,920.7850000000001,1841.5700000000002,1.0,2.0,1,0,1,Premium Basket Customers,0
C000709,11,898.5136363636364,9883.65,1.375,4.166666666666667,4,1,2,Frequent High-Value Customers,0
C000710,7,833.8971428571429,5837.28,1.4,2.6666666666666665,1,2,1,Premium Basket Customers,0
C000711,11,901.73,9919.03,1.2222222222222223,3.5,1,1,1,Premium Basket Customers,0
C000712,10,864.7149999999999,8647.15,1.25,3.6666666666666665,3,3,2,Frequent High-Value Customers,0
C000713,8,914.3937500000001,7315.150000000001,1.1428571428571428,4.666666666666667,0,0,1,Premium Basket Customers,0
C000714,15,1023.6866666666666,15355.3,1.6666666666666667,3.4166666666666665,5,4,2,Frequent High-Value Customers,0
C000715,6,677.655,4065.93,1.5,3.2,3,2,0,Budget Occasional Customers,0
C000716,8,904.55375,7236.43,1.1428571428571428,2.8333333333333335,2,4,1,Premium Basket Customers,0
C000717,10,782.53,7825.3,1.4285714285714286,2.6666666666666665,3,4,2,Frequent High-Value Customers,0
C000718,15,775.0026666666666,11625.039999999999,1.3636363636363635,2.9,4,2,2,Frequent High-Value Customers,0
C000719,12,817.2525,9807.03,1.3333333333333333,4.0,7,5,2,Frequent High-Value Customers,0
C000720,5,518.722,2593.61,1.0,4.0,3,1,0,Budget Occasional Customers,0
C000721,10,751.449,7514.49,1.25,3.8333333333333335,3,1,0,Budget Occasional Customers,0
C000722,10,977.2879999999999,9772.88,1.6666666666666667,5.0,3,3,2,Frequent High-Value Customers,-1
C000723,8,925.3625000000001,7402.900000000001,1.0,3.8,4,3,1,Premium Basket Customers,0
C000724,11,870.0890909090908,9570.98,1.8333333333333333,3.4285714285714284,2,4,2,Frequent High-Value Customers,0
C000725,9,846.9677777777778,7622.71,1.125,4.0,5,3,2,Frequent High-Value Customers,0
C000726,10,1061.76,10617.6,1.4285714285714286,2.8333333333333335,3,0,1,Premium Basket Customers,0
C000727,12,802.2316666666666,9626.779999999999,1.2,3.4444444444444446,4,2,2,Frequent High-Value Customers,0
C000728,10,952.2029999999999,9522.029999999999,1.4285714285714286,3.4,4,2,2,Frequent High-Value Customers,0
C000729,14,918.8871428571429,12864.42,1.4,2.6,3,1,2,Frequent High-Value Customers,0
C000730,7,641.9285714285714,4493.5,1.1666666666666667,3.25,3,0,0,Budget Occasional Customers,0
C000731,7,1010.2628571428571,7071.84,1.1666666666666667,2.5,3,2,1,Premium Basket Customers,0
C000732,7,938.7042857142858,6570.93,1.1666666666666667,3.5,3,1,1,Premium Basket Customers,0
C000733,14,788.74,11042.36,1.4,3.1,3,0,2,Frequent High-Value Customers,0
C000734,9,889.7522222222223,8007.77,1.2857142857142858,3.25,4,0,1,Premium Basket Customers,0
C000735,12,781.9391666666667,9383.27,1.5,4.125,4,1,2,Frequent High-Value Customers,0
C000736,11,913.5572727272728,10049.130000000001,1.1,3.4285714285714284,6,1,2,Frequent High-Value Customers,0
C000737,8,404.18125000000003,3233.4500000000003,1.3333333333333333,3.0,2,4,0,Budget Occasional Customers,0
C000738,11,843.0181818181819,9273.2,1.5714285714285714,3.625,2,3,2,Frequent High-Value Customers,0
C000739,12,758.1675,9098.01,1.2,4.0,3,5,2,Frequent High-Value Customers,0
C000740,15,730.794,10961.91,1.5,2.7777777777777777,7,2,2,Frequent High-Value Customers,0
C000741,12,917.6058333333334,11011.27,1.2,3.1666666666666665,4,1,2,Frequent High-Value Customers,0
C000742,8,714.53,5716.24,1.6,2.8,3,2,2,Frequent High-Value Customers,0
C000743,2,644.8399999999999,1289.6799999999998,1.0,3.0,0,0,0,Budget Occasional Customers,0
C000744,10,935.7629999999999,9357.63,1.0,3.3333333333333335,5,2,1,Premium Basket Customers,0
C000745,11,737.6154545454546,8113.77,1.0,4.0,4,1,0,Budget Occasional Customers,0
C000746,17,926.7117647058824,15754.1,1.5454545454545454,3.5,5,4,2,Frequent High-Value Customers,0
C000747,12,896.6199999999999,10759.439999999999,1.3333333333333333,3.0,6,4,2,Frequent High-Value Customers,0
C000748,12,876.3175,10515.81,1.3333333333333333,4.142857142857143,2,5,2,Frequent High-Value Customers,0
C000749,12,1049.3158333333333,12591.79,1.5,3.4,7,3,2,Frequent High-Value Customers,0
C000750,6,898.0216666666666,5388.13,1.0,3.75,3,0,1,Premium Basket Customers,0
C000751,6,651.3566666666667,3908.1400000000003,1.2,2.5,4,3,0,Budget Occasional Customers,0
C000752,10,800.993,8009.93,1.4285714285714286,4.4,1,2,0,Budget Occasional Customers,0
C000753,11,829.4963636363635,9124.46,1.2222222222222223,3.625,4,1,2,Frequent High-Value Customers,0
C000754,7,804.4800000000001,5631.360000000001,1.0,3.0,2,2,1,Premium Basket Customers,0
C000755,8,848.0,6784.0,1.3333333333333333,3.8333333333333335,2,2,0,Budget Occasional Customers,0
C000756,13,852.5523076923077,11083.18,1.4444444444444444,3.4285714285714284,6,3,2,Frequent High-Value Customers,0
C000757,11,819.7672727272728,9017.44,1.375,2.8333333333333335,3,2,2,Frequent High-Value Customers,0
C000758,6,480.0450000000001,2880.2700000000004,1.5,3.2,3,1,0,Budget Occasional Customers,0
C000759,8,756.4025,6051.22,1.1428571428571428,5.0,2,2,0,Budget Occasional Customers,0
C000760,7,694.8228571428572,4863.76,1.0,2.0,3,3,0,Budget Occasional Customers,0
C000761,9,612.8977777777777,5516.08,1.5,2.6666666666666665,3,1,0,Budget Occasional Customers,0
C000762,8,1053.3225,8426.58,1.1428571428571428,3.2,2,0,1,Premium Basket Customers,0
C000763,10,845.167,8451.67,1.1111111111111112,3.6666666666666665,4,1,0,Budget Occasional Customers,0
C000764,7,736.9314285714287,5158.52,1.1666666666666667,3.4285714285714284,3,3,0,Budget Occasional Customers,0
C000765,10,988.631,9886.31,1.25,2.5,3,1,1,Premium Basket Customers,0
C000766,7,800.3857142857142,5602.7,1.4,4.25,1,0,0,Budget Occasional Customers,0
C000767,7,914.8214285714286,6403.75,1.1666666666666667,3.0,3,1,1,Premium Basket Customers,0
C000768,9,724.5922222222222,6521.33,1.5,4.666666666666667,3,2,0,Budget Occasional Customers,0
C000769,7,686.867142857143,4808.070000000001,1.1666666666666667,4.25,3,4,0,Budget Occasional Customers,0
C000770,16,777.665,12442.64,1.3333333333333333,3.125,7,2,2,Frequent High-Value Customers,0
C000771,13,983.5,12785.5,1.1818181818181819,3.125,3,3,2,Frequent High-Value Customers,0
C000772,8,987.0350000000001,7896.280000000001,1.3333333333333333,3.2,4,2,1,Premium Basket Customers,0
C000773,1,959.98,959.98,1.0,4.0,0,1,1,Premium Basket Customers,0
C000774,11,911.9854545454546,10031.84,1.375,3.857142857142857,4,5,2,Frequent High-Value Customers,0
C000775,10,1198.828,11988.279999999999,1.1111111111111112,3.375,4,4,1,Premium Basket Customers,0
C000776,9,887.51,7987.59,1.0,4.2,2,0,1,Premium Basket Customers,0
C000777,10,976.4879999999999,9764.88,1.1111111111111112,3.25,2,1,1,Premium Basket Customers,0
C000778,9,1042.471111111111,9382.24,1.5,4.0,5,0,1,Premium Basket Customers,0
C000779,7,747.3757142857143,5231.63,1.0,3.5,3,1,0,Budget Occasional Customers,0
C000780,11,823.3954545454545,9057.35,1.5714285714285714,3.0,6,2,2,Frequent High-Value Customers,0
C000781,12,974.1774999999999,11690.13,1.5,2.875,4,4,2,Frequent High-Value Customers,0
C000782,8,928.36875,7426.95,1.1428571428571428,3.0,4,2,1,Premium Basket Customers,0
C000783,13,699.7623076923077,9096.91,1.625,3.6,7,3,2,Frequent High-Value Customers,0
C000784,11,695.2490909090909,7647.74,1.375,3.375,3,2,2,Frequent High-Value Customers,0
C000785,8,847.77375,6782.19,1.1428571428571428,3.25,1,0,1,Premium Basket Customers,0
C000786,9,798.4922222222223,7186.43,1.5,3.4,4,3,2,Frequent High-Value Customers,0
C000787,6,630.7033333333334,3784.2200000000003,1.2,2.25,2,3,0,Budget Occasional Customers,0
C000788,6,951.2466666666666,5707.48,1.2,1.5,2,0,1,Premium Basket Customers,0
C000789,7,1147.7885714285715,8034.52,1.1666666666666667,4.166666666666667,1,1,1,Premium Basket Customers,0
C000790,10,678.463,6784.63,1.6666666666666667,2.7142857142857144,2,1,2,Frequent High-Value Customers,0
C000791,8,703.34375,5626.75,1.1428571428571428,3.8,1,2,0,Budget Occasional Customers,0
C000792,11,804.4027272727272,8848.43,1.2222222222222223,3.2857142857142856,3,1,0,Budget Occasional Customers,0
C000793,5,914.108,4570.54,1.0,2.3333333333333335,1,0,1,Premium Basket Customers,0
C000794,5,784.198,3920.99,1.25,3.0,4,0,0,Budget Occasional Customers,0
C000795,10,781.293,7812.93,1.4285714285714286,4.0,4,1,2,Frequent High-Value Customers,0
C000796,9,488.26666666666665,4394.4,1.2857142857142858,3.2,4,4,2,Frequent High-Value Customers,0
C000797,10,964.903,9649.03,1.25,3.25,4,2,2,Frequent High-Value Customers,0
C000798,8,594.9025,4759.22,1.1428571428571428,2.8,2,2,0,Budget Occasional Customers,0
C000799,12,970.7525,11649.03,1.5,3.1666666666666665,4,2,2,Frequent High-Value Customers,0
C000800,9,1059.0022222222224,9531.02,1.2857142857142858,3.2,3,3,1,Premium Basket Customers,0
C000801,7,779.3928571428571,5455.75,1.0,3.857142857142857,1,1,0,Budget Occasional Customers,0
C000802,9,716.1966666666667,6445.77,1.125,3.8333333333333335,5,2,0,Budget Occasional Customers,0
C000803,10,589.529,5895.29,1.25,3.125,6,0,0,Budget Occasional Customers,0
C000804,9,721.588888888889,6494.3,1.2857142857142858,3.0,4,0,0,Budget Occasional Customers,0
C000805,12,659.2800000000001,7911.360000000001,1.2,4.5,5,6,2,Frequent High-Value Customers,-1
C000806,12,882.9791666666666,10595.75,1.3333333333333333,2.5,4,2,2,Frequent High-Value Customers,0
C000807,8,897.315,7178.52,1.1428571428571428,3.6,2,2,1,Premium Basket Customers,0
C000808,12,517.0124999999999,6204.15,1.5,3.25,6,4,2,Frequent High-Value Customers,0
C000809,6,930.3683333333333,5582.21,1.2,3.0,2,1,1,Premium Basket Customers,0
C000810,5,815.66,4078.2999999999997,1.25,3.6666666666666665,1,2,0,Budget Occasional Customers,0
C000811,11,1042.5045454545455,11467.550000000001,1.5714285714285714,3.5,6,3,2,Frequent High-Value Customers,0
C000812,6,727.9366666666666,4367.62,1.2,2.6666666666666665,4,0,0,Budget Occasional Customers,0
C000813,10,823.3460000000001,8233.460000000001,1.1111111111111112,3.6666666666666665,5,2,2,Frequent High-Value Customers,0
C000814,9,598.5788888888889,5387.21,1.2857142857142858,3.7142857142857144,5,1,0,Budget Occasional Customers,0
C000815,11,853.0672727272727,9383.74,1.375,4.0,4,3,2,Frequent High-Value Customers,0
C000816,7,956.8971428571429,6698.28,1.4,2.7142857142857144,2,0,1,Premium Basket Customers,0
C000817,7,893.1685714285715,6252.18,1.4,2.6666666666666665,3,1,1,Premium Basket Customers,0
C000818,7,827.8142857142857,5794.7,1.4,3.5,3,2,0,Budget Occasional Customers,0
C000819,7,864.5714285714286,6052.0,1.1666666666666667,3.4,1,3,1,Premium Basket Customers,0
C000820,7,936.8257142857144,6557.780000000001,1.0,2.6,2,2,1,Premium Basket Customers,0
C000821,4,808.4275,3233.71,1.3333333333333333,3.6666666666666665,1,1,0,Budget Occasional Customers,0
C000822,6,805.9483333333334,4835.6900000000005,1.0,4.25,3,2,0,Budget Occasional Customers,0
C000823,5,707.902,3539.51,1.25,4.0,1,0,0,Budget Occasional Customers,0
C000824,12,843.6016666666666,10123.22,1.2,2.75,4,3,2,Frequent High-Value Customers,0
C000825,13,564.5538461538462,7339.2,1.3,3.1666666666666665,4,3,2,Frequent High-Value Customers,0
C000826,7,985.6785714285714,6899.75,1.75,3.4,1,0,1,Premium Basket Customers,0
C000827,4,970.1225,3880.49,1.3333333333333333,3.6666666666666665,1,2,1,Premium Basket Customers,0
C000828,9,876.2644444444445,7886.38,1.125,3.25,2,2,1,Premium Basket Customers,0
C000829,11,806.2672727272728,8868.94,1.2222222222222223,3.6666666666666665,6,2,2,Frequent High-Value Customers,0
C000830,12,686.7800000000001,8241.36,1.3333333333333333,3.25,2,1,0,Budget Occasional Customers,0
C000831,4,628.3599999999999,2513.4399999999996,1.0,3.75,2,1,0,Budget Occasional Customers,0
C000832,7,941.64,6591.48,1.4,3.6,1,0,1,Premium Basket Customers,0
C000833,12,940.3775,11284.53,1.2,3.75,1,7,2,Frequent High-Value Customers,-1
C000834,8,1090.18875,8721.51,1.3333333333333333,2.6666666666666665,4,1,1,Premium Basket Customers,0
C000835,4,806.7475,3226.99,1.0,2.3333333333333335,0,1,1,Premium Basket Customers,0
C000836,7,879.0371428571428,6153.26,1.1666666666666667,4.0,4,1,1,Premium Basket Customers,0
C000837,13,852.7661538461538,11085.96,1.3,2.9,1,3,2,Frequent High-Value Customers,0
C000838,14,674.0742857142858,9437.04,1.75,3.2222222222222223,1,5,2,Frequent High-Value Customers,0
C000839,11,790.9118181818183,8700.03,1.2222222222222223,3.375,2,5,2,Frequent High-Value Customers,0
C000840,10,1081.58,10815.8,1.25,2.875,2,2,1,Premium Basket Customers,0
C000841,8,749.02125,5992.17,1.1428571428571428,5.0,2,2,0,Budget Occasional Customers,0
C000842,5,696.248,3481.2400000000002,1.25,2.6666666666666665,2,1,0,Budget Occasional Customers,0
C000843,9,790.1433333333333,7111.29,1.2857142857142858,3.0,3,1,0,Budget Occasional Customers,0
C000844,6,778.73,4672.38,1.2,3.0,3,2,0,Budget Occasional Customers,0
C000845,10,1034.958,10349.58,1.25,3.5,5,2,2,Frequent High-Value Customers,0
C000846,8,924.37,7394.96,1.1428571428571428,2.5,2,2,1,Premium Basket Customers,0
C000847,13,879.1938461538462,11429.52,1.1818181818181819,3.857142857142857,4,1,2,Frequent High-Value Customers,0
C000848,8,1066.31375,8530.51,1.1428571428571428,3.6,1,3,1,Premium Basket Customers,0
C000849,12,924.255,11091.06,1.0909090909090908,1.5,4,1,1,Premium Basket Customers,-1
C000850,8,1004.255,8034.04,1.3333333333333333,2.5,4,0,1,Premium Basket Customers,0
C000851,14,886.9371428571428,12417.119999999999,1.2727272727272727,2.8,4,5,2,Frequent High-Value Customers,0
C000852,12,693.3833333333333,8320.6,1.3333333333333333,2.8333333333333335,2,1,0,Budget Occasional Customers,0
C000853,6,338.8666666666667,2033.2,1.2,2.25,2,2,0,Budget Occasional Customers,0
C000854,5,541.216,2706.08,1.25,3.5,0,3,0,Budget Occasional Customers,0
C000855,15,805.4426666666666,12081.64,1.25,3.8,6,6,2,Frequent High-Value Customers,0
C000856,11,586.3018181818181,6449.32,1.1,3.5,3,3,0,Budget Occasional Customers,0
C000857,9,813.2288888888888,7319.0599999999995,1.125,4.25,4,1,0,Budget Occasional Customers,0
C000858,5,1172.016,5860.08,1.6666666666666667,3.5,3,0,1,Premium Basket Customers,0
C000859,7,982.8657142857144,6880.06,1.4,4.0,1,2,1,Premium Basket Customers,0
C000860,4,836.8475,3347.39,1.0,3.0,0,0,1,Premium Basket Customers,0
C000861,6,700.3633333333333,4202.18,1.2,4.0,4,2,0,Budget Occasional Customers,0
C000862,8,647.7425,5181.94,1.1428571428571428,3.0,5,0,0,Budget Occasional Customers,0
C000863,8,702.0775,5616.62,1.0,4.0,0,2,0,Budget Occasional Customers,0
C000864,7,893.3685714285714,6253.58,1.4,3.75,1,0,1,Premium Basket Customers,0
C000865,15,522.1226666666666,7831.84,1.25,3.272727272727273,6,2,2,Frequent High-Value Customers,0
C000866,6,682.6933333333333,4096.16,1.0,3.0,4,1,0,Budget Occasional Customers,0
C000867,10,940.0870000000001,9400.87,1.25,3.375,2,2,1,Premium Basket Customers,0
C000868,8,699.1175,5592.94,1.1428571428571428,3.0,0,1,0,Budget Occasional Customers,0
C000869,5,1240.336,6201.68,1.0,3.3333333333333335,2,0,1,Premium Basket Customers,0
C000870,14,853.3664285714285,11947.13,1.4,3.5,5,7,2,Frequent High-Value Customers,0
C000871,5,1123.33,5616.65,1.0,5.0,2,0,1,Premium Basket Customers,0
C000872,9,594.3011111111111,5348.71,1.125,2.5,3,1,0,Budget Occasional Customers,0
C000873,7,757.8471428571429,5304.93,1.1666666666666667,3.4285714285714284,4,2,0,Budget Occasional Customers,0
C000874,4,1452.6475,5810.59,1.0,3.0,1,1,1,Premium Basket Customers,0
C000875,7,1037.1271428571429,7259.889999999999,1.1666666666666667,3.1666666666666665,2,3,1,Premium Basket Customers,0
C000876,4,987.3675,3949.47,1.3333333333333333,3.0,0,1,1,Premium Basket Customers,0
C000877,9,935.1622222222221,8416.46,1.5,4.2,2,3,2,Frequent High-Value Customers,0
C000878,4,610.4675,2441.87,1.0,3.75,1,0,0,Budget Occasional Customers,0
C000879,8,1139.825,9118.6,1.1428571428571428,4.0,3,2,1,Premium Basket Customers,0
C000880,8,630.39125,5043.13,1.6,4.0,3,1,0,Budget Occasional Customers,0
C000881,6,756.84,4541.04,1.2,3.6666666666666665,2,0,0,Budget Occasional Customers,0
C000882,11,853.7563636363636,9391.32,1.1,3.0,5,3,2,Frequent High-Value Customers,0
C000883,5,1057.498,5287.49,1.0,4.4,1,0,1,Premium Basket Customers,0
C000884,8,782.69125,6261.53,1.1428571428571428,3.5,2,1,0,Budget Occasional Customers,0
C000885,6,521.7900000000001,3130.7400000000002,1.0,3.75,1,0,0,Budget Occasional Customers,0
C000886,6,689.0083333333333,4134.05,1.0,2.8,0,1,0,Budget Occasional Customers,0
C000887,11,924.9599999999999,10174.56,1.375,3.1666666666666665,3,4,2,Frequent High-Value Customers,0
C000888,5,1244.742,6223.71,1.25,4.0,4,0,1,Premium Basket Customers,0
C000889,11,670.59,7376.49,1.5714285714285714,3.75,2,4,2,Frequent High-Value Customers,0
C000890,8,1040.73125,8325.85,1.1428571428571428,3.0,1,0,1,Premium Basket Customers,0
C000891,5,583.642,2918.21,1.25,3.25,1,0,0,Budget Occasional Customers,0
C000892,9,894.8055555555555,8053.25,1.125,3.2,5,3,2,Frequent High-Value Customers,0
C000893,5,1248.844,6244.22,1.25,3.5,3,0,1,Premium Basket Customers,0
C000894,8,1131.26,9050.08,1.0,3.8333333333333335,3,0,1,Premium Basket Customers,0
C000895,5,700.086,3500.43,1.0,3.6666666666666665,2,1,0,Budget Occasional Customers,0
C000896,7,729.03,5103.21,1.0,3.75,1,0,0,Budget Occasional Customers,0
C000897,10,773.4060000000001,7734.06,1.25,2.25,5,1,2,Frequent High-Value Customers,0
C000898,12,625.5875,7507.05,1.5,3.4,4,2,2,Frequent High-Value Customers,0
C000899,9,568.6933333333333,5118.24,1.125,2.0,2,4,0,Budget Occasional Customers,0
C000900,14,720.4528571428572,10086.34,1.2727272727272727,2.7142857142857144,7,6,2,Frequent High-Value Customers,0
C000901,9,996.0088888888889,8964.08,1.125,3.3333333333333335,3,1,1,Premium Basket Customers,0
C000902,13,945.6115384615385,12292.95,1.0833333333333333,3.857142857142857,7,2,2,Frequent High-Value Customers,0
C000903,13,832.946923076923,10828.31,1.625,3.6666666666666665,5,5,2,Frequent High-Value Customers,0
C000904,7,834.8642857142858,5844.05,1.0,3.6,5,1,0,Budget Occasional Customers,0
C000905,17,726.5841176470589,12351.93,1.4166666666666667,2.75,5,7,2,Frequent High-Value Customers,0
C000906,8,1086.05,8688.4,1.1428571428571428,3.6666666666666665,2,0,1,Premium Basket Customers,0
C000907,11,1092.03,12012.33,1.375,3.25,7,0,2,Frequent High-Value Customers,0
C000908,5,938.0200000000001,4690.1,1.0,4.0,1,0,1,Premium Basket Customers,0
C000909,5,435.79400000000004,2178.9700000000003,1.25,3.3333333333333335,2,1,0,Budget Occasional Customers,0
C000910,9,625.18,5626.62,1.125,3.4,2,2,0,Budget Occasional Customers,0
C000911,9,856.8955555555555,7712.0599999999995,1.125,4.4,4,2,0,Budget Occasional Customers,0
C000912,7,730.0199999999999,5110.139999999999,1.1666666666666667,4.25,2,1,0,Budget Occasional Customers,0
C000913,10,743.263,7432.63,1.1111111111111112,3.75,4,3,2,Frequent High-Value Customers,0
C000914,3,980.6366666666667,2941.91,1.0,3.4196588952056444,2,0,1,Premium Basket Customers,0
C000915,15,939.53,14092.949999999999,1.3636363636363635,3.4166666666666665,7,2,2,Frequent High-Value Customers,0
C000916,12,997.375,11968.5,1.3333333333333333,2.6,4,3,2,Frequent High-Value Customers,0
C000917,11,935.0281818181818,10285.31,1.5714285714285714,3.2,2,2,2,Frequent High-Value Customers,0
C000918,14,806.0792857142858,11285.11,1.2727272727272727,3.0,4,0,2,Frequent High-Value Customers,0
C000919,8,752.41375,6019.31,1.3333333333333333,2.8,2,2,0,Budget Occasional Customers,0
C000920,6,916.2599999999999,5497.5599999999995,1.2,3.75,3,0,1,Premium Basket Customers,0
C000921,10,999.753,9997.53,1.25,4.0,3,0,1,Premium Basket Customers,0
C000922,11,862.6399999999999,9489.039999999999,1.8333333333333333,3.3333333333333335,3,0,2,Frequent High-Value Customers,0
C000923,7,583.7900000000001,4086.53,1.0,2.75,1,0,0,Budget Occasional Customers,0
C000924,14,757.1850000000001,10600.59,1.4,3.2,6,1,2,Frequent High-Value Customers,0
C000925,7,459.92,3219.44,1.1666666666666667,3.0,5,1,0,Budget Occasional Customers,0
C000926,9,1008.5666666666667,9077.1,1.2857142857142858,3.3333333333333335,3,1,1,Premium Basket Customers,0
C000927,15,905.8946666666667,13588.42,1.6666666666666667,3.1666666666666665,6,2,2,Frequent High-Value Customers,0
C000928,9,656.9533333333334,5912.58,1.5,3.0,6,0,2,Frequent High-Value Customers,0
C000929,1,986.24,986.24,1.0,3.4196588952056444,0,0,1,Premium Basket Customers,0
C000930,10,886.0409999999999,8860.41,1.25,3.0,4,1,1,Premium Basket Customers,0
C000931,4,703.0825,2812.33,1.3333333333333333,4.0,1,0,0,Budget Occasional Customers,0
C000932,12,705.9941666666667,8471.93,1.2,3.888888888888889,3,2,2,Frequent High-Value Customers,0
C000933,6,770.3533333333334,4622.12,1.0,4.666666666666667,2,2,0,Budget Occasional Customers,0
C000934,5,845.452,4227.26,1.0,4.333333333333333,3,0,0,Budget Occasional Customers,0
C000935,11,802.2772727272727,8825.05,1.375,1.6666666666666667,5,3,2,Frequent High-Value Customers,0
C000936,11,900.05,9900.55,1.5714285714285714,4.0,3,3,2,Frequent High-Value Customers,0
C000937,9,771.7355555555555,6945.62,1.2857142857142858,2.5,2,2,1,Premium Basket Customers,0
C000938,6,862.6383333333333,5175.83,1.2,3.5,1,1,1,Premium Basket Customers,0
C000939,7,811.0842857142858,5677.59,1.1666666666666667,3.857142857142857,3,0,0,Budget Occasional Customers,0
C000940,8,805.515,6444.12,1.0,4.5,2,1,0,Budget Occasional Customers,0
C000941,14,1127.8799999999999,15790.32,1.5555555555555556,3.25,3,4,2,Frequent High-Value Customers,0
C000942,15,958.4133333333334,14376.2,1.1538461538461537,3.5833333333333335,3,4,2,Frequent High-Value Customers,0
C000943,8,955.795,7646.36,1.3333333333333333,4.0,2,1,1,Premium Basket Customers,0
C000944,11,625.1927272727272,6877.12,1.2222222222222223,3.6666666666666665,7,1,2,Frequent High-Value Customers,0
C000945,8,839.59875,6716.79,1.1428571428571428,3.5,4,0,1,Premium Basket Customers,0
C000946,11,719.5909090909091,7915.5,1.375,2.857142857142857,4,0,2,Frequent High-Value Customers,0
C000947,5,950.552,4752.76,1.6666666666666667,3.6666666666666665,2,1,1,Premium Basket Customers,0
C000948,7,761.28,5328.96,1.4,3.4196588952056444,3,1,0,Budget Occasional Customers,0
C000949,12,872.6658333333334,10471.99,1.5,2.7142857142857144,4,1,2,Frequent High-Value Customers,0
C000950,12,575.5516666666666,6906.62,1.5,3.75,3,1,2,Frequent High-Value Customers,0
C000951,9,827.2855555555556,7445.57,1.0,2.6,4,2,1,Premium Basket Customers,0
C000952,12,661.5183333333333,7938.219999999999,1.5,3.7142857142857144,4,3,2,Frequent High-Value Customers,0
C000953,9,1104.0055555555555,9936.05,1.125,3.5,2,3,1,Premium Basket Customers,0
C000954,6,456.0333333333333,2736.2,1.5,3.3333333333333335,1,3,0,Budget Occasional Customers,0
C000955,4,822.91,3291.64,1.0,3.0,1,0,1,Premium Basket Customers,0
C000956,16,863.311875,13812.99,1.6,3.4444444444444446,6,4,2,Frequent High-Value Customers,0
C000957,6,601.885,3611.31,1.2,3.6666666666666665,3,0,0,Budget Occasional Customers,0
C000958,8,943.655,7549.24,1.3333333333333333,3.142857142857143,2,1,1,Premium Basket Customers,0
C000959,10,871.347,8713.47,1.1111111111111112,2.8,4,3,2,Frequent High-Value Customers,0
C000960,11,873.5663636363636,9609.23,1.375,3.0,1,5,2,Frequent High-Value Customers,0
C000961,10,958.1110000000001,9581.11,1.1111111111111112,3.0,0,2,1,Premium Basket Customers,0
C000962,10,879.085,8790.85,1.4285714285714286,3.8,4,2,2,Frequent High-Value Customers,0
C000963,8,742.91875,5943.35,1.1428571428571428,3.75,4,1,0,Budget Occasional Customers,0
C000964,17,596.9394117647058,10147.97,1.5454545454545454,3.0,7,4,2,Frequent High-Value Customers,0
C000965,10,834.662,8346.62,1.0,3.3333333333333335,5,4,2,Frequent High-Value Customers,0
C000966,14,891.0878571428572,12475.23,1.4,3.4285714285714284,7,3,2,Frequent High-Value Customers,0
C000967,7,628.8485714285715,4401.9400000000005,1.0,3.0,5,2,0,Budget Occasional Customers,0
C000968,17,932.6052941176471,15854.29,1.4166666666666667,3.923076923076923,6,4,2,Frequent High-Value Customers,0
C000969,6,639.3916666666667,3836.35,1.2,4.333333333333333,4,1,0,Budget Occasional Customers,0
C000970,14,888.3121428571428,12436.369999999999,1.4,3.4444444444444446,5,2,2,Frequent High-Value Customers,0
C000971,8,757.46,6059.68,1.3333333333333333,3.4285714285714284,2,0,0,Budget Occasional Customers,0
C000972,12,871.4675000000001,10457.61,1.3333333333333333,4.222222222222222,6,3,2,Frequent High-Value Customers,0
C000973,11,856.0254545454546,9416.28,1.375,3.25,3,0,1,Premium Basket Customers,0
C000974,7,563.4,3943.7999999999997,1.1666666666666667,3.25,2,4,0,Budget Occasional Customers,0
C000975,6,542.2299999999999,3253.3799999999997,1.0,3.3333333333333335,3,2,0,Budget Occasional Customers,0
C000976,11,801.7272727272727,8819.0,1.375,3.8,3,3,2,Frequent High-Value Customers,0
C000977,10,933.267,9332.67,1.4285714285714286,3.0,3,1,1,Premium Basket Customers,0
C000978,8,753.2525,6026.02,1.3333333333333333,4.0,3,0,0,Budget Occasional Customers,0
C000979,7,907.3757142857143,6351.63,1.0,3.5,2,0,1,Premium Basket Customers,0
C000980,7,572.6757142857143,4008.73,1.1666666666666667,3.8,3,1,0,Budget Occasional Customers,0
C000981,10,907.085,9070.85,1.1111111111111112,3.1666666666666665,3,0,1,Premium Basket Customers,0
C000982,9,942.2877777777778,8480.59,1.2857142857142858,4.166666666666667,3,1,1,Premium Basket Customers,0
C000983,5,762.784,3813.92,1.25,4.0,3,2,0,Budget Occasional Customers,0
C000984,6,1203.5166666666667,7221.1,1.2,4.0,0,0,1,Premium Basket Customers,0
C000985,10,717.4449999999999,7174.45,1.25,3.2,3,0,0,Budget Occasional Customers,0
C000986,13,660.9592307692308,8592.47,1.3,3.5,3,1,2,Frequent High-Value Customers,0
C000987,11,867.4409090909091,9541.85,1.2222222222222223,3.5,5,1,2,Frequent High-Value Customers,0
C000988,9,938.5033333333334,8446.53,1.5,3.5714285714285716,3,2,2,Frequent High-Value Customers,0
C000989,8,873.8325,6990.66,1.1428571428571428,3.6,4,3,1,Premium Basket Customers,0
C000990,8,932.69125,7461.53,1.1428571428571428,4.2,0,4,1,Premium Basket Customers,0
C000991,4,1005.585,4022.34,1.0,4.0,2,0,1,Premium Basket Customers,0
C000992,10,702.4300000000001,7024.3,1.6666666666666667,4.25,2,3,2,Frequent High-Value Customers,0
C000993,11,895.6254545454547,9851.880000000001,1.375,3.2857142857142856,3,1,2,Frequent High-Value Customers,0
C000994,11,853.1318181818183,9384.45,1.2222222222222223,2.8333333333333335,5,1,2,Frequent High-Value Customers,0
C000995,1,1383.91,1383.91,1.0,4.0,0,0,1,Premium Basket Customers,0
C000996,11,838.4227272727272,9222.65,1.2222222222222223,3.857142857142857,7,2,2,Frequent High-Value Customers,0
C000997,7,919.7371428571429,6438.16,1.1666666666666667,2.3333333333333335,3,1,1,Premium Basket Customers,0
C000998,10,781.33,7813.3,1.25,3.8,2,1,0,Budget Occasional Customers,0
C000999,8,644.6825,5157.46,1.0,2.0,2,1,0,Budget Occasional Customers,0
C001000,5,701.302,3506.51,1.0,2.0,3,0,0,Budget Occasional Customers,0
C001001,11,684.180909090909,7525.99,1.5714285714285714,3.875,3,4,2,Frequent High-Value Customers,0
C001002,8,889.85875,7118.87,1.1428571428571428,3.5,3,1,1,Premium Basket Customers,0
C001003,8,1048.78625,8390.29,1.1428571428571428,4.0,1,3,1,Premium Basket Customers,0
C001004,5,885.8979999999999,4429.49,1.25,2.5,2,3,1,Premium Basket Customers,0
C001005,5,1061.774,5308.87,1.25,3.0,2,0,1,Premium Basket Customers,0
C001006,6,940.04,5640.24,1.2,4.0,1,3,1,Premium Basket Customers,0
C001007,12,570.5675,6846.8099999999995,1.7142857142857142,3.7142857142857144,4,5,2,Frequent High-Value Customers,0
C001008,8,892.1575,7137.26,1.6,4.333333333333333,1,3,2,Frequent High-Value Customers,0
C001009,10,882.357,8823.57,1.4285714285714286,3.7142857142857144,5,4,2,Frequent High-Value Customers,0
C001010,10,1239.295,12392.95,1.4285714285714286,4.0,7,1,2,Frequent High-Value Customers,-1
C001011,9,851.1788888888889,7660.61,1.125,4.0,6,2,2,Frequent High-Value Customers,0
C001012,8,776.6949999999999,6213.5599999999995,1.0,3.0,1,2,0,Budget Occasional Customers,0
C001013,8,778.17125,6225.37,1.0,4.25,5,3,0,Budget Occasional Customers,0
C001014,12,1015.855,12190.26,1.3333333333333333,2.8333333333333335,4,2,2,Frequent High-Value Customers,0
C001015,7,959.1328571428572,6713.93,1.1666666666666667,3.0,1,2,1,Premium Basket Customers,0
C001016,9,885.9188888888889,7973.2699999999995,1.2857142857142858,3.5,4,1,1,Premium Basket Customers,0
C001017,11,767.1981818181819,8439.18,1.2222222222222223,3.4285714285714284,6,2,2,Frequent High-Value Customers,0
C001018,9,949.4033333333332,8544.63,1.2857142857142858,3.0,4,1,1,Premium Basket Customers,0
C001019,10,1016.7639999999999,10167.64,1.25,3.3333333333333335,4,2,1,Premium Basket Customers,0
C001020,9,1001.2944444444444,9011.65,1.2857142857142858,3.2857142857142856,2,3,1,Premium Basket Customers,0
C001021,9,964.0700000000002,8676.630000000001,1.5,3.875,4,1,2,Frequent High-Value Customers,0
C001022,3,959.7199999999999,2879.16,1.5,4.5,2,2,1,Premium Basket Customers,0
C001023,14,983.6164285714286,13770.630000000001,1.5555555555555556,2.5,7,5,2,Frequent High-Value Customers,-1
C001024,6,981.8883333333333,5891.33,1.0,4.0,2,0,1,Premium Basket Customers,0
C001025,8,660.3987500000001,5283.1900000000005,1.3333333333333333,4.333333333333333,3,2,0,Budget Occasional Customers,0
C001026,17,959.3582352941177,16309.09,1.4166666666666667,3.8,2,2,2,Frequent High-Value Customers,0
C001027,9,1064.6277777777777,9581.65,1.5,4.2,5,2,2,Frequent High-Value Customers,0
C001028,3,1075.7133333333334,3227.14,1.0,4.0,1,0,1,Premium Basket Customers,0
C001029,7,875.3357142857143,6127.35,1.0,3.0,2,2,1,Premium Basket Customers,0
C001030,10,533.343,5333.429999999999,1.1111111111111112,3.8333333333333335,3,3,0,Budget Occasional Customers,0
C001031,6,377.57,2265.42,1.5,2.8333333333333335,1,1,0,Budget Occasional Customers,0
C001032,6,712.1816666666667,4273.09,1.2,3.75,2,2,0,Budget Occasional Customers,0
C001033,10,731.604,7316.04,1.25,4.0,5,1,2,Frequent High-Value Customers,0
C001034,8,687.47875,5499.83,1.1428571428571428,3.2857142857142856,2,1,0,Budget Occasional Customers,0
C001035,10,916.537,9165.37,1.1111111111111112,3.1666666666666665,1,4,1,Premium Basket Customers,0
C001036,3,685.3566666666667,2056.07,1.0,4.0,2,1,0,Budget Occasional Customers,0
C001037,10,726.6510000000001,7266.51,1.0,4.0,5,3,2,Frequent High-Value Customers,0
C001038,11,796.4654545454545,8761.119999999999,1.8333333333333333,3.4285714285714284,5,2,2,Frequent High-Value Customers,0
C001039,12,910.9316666666667,10931.18,1.3333333333333333,3.111111111111111,3,3,2,Frequent High-Value Customers,0
C001040,8,534.8375,4278.7,1.3333333333333333,3.5,1,1,0,Budget Occasional Customers,0
C001041,14,877.1028571428571,12279.44,1.75,4.166666666666667,4,4,2,Frequent High-Value Customers,0
C001042,10,894.2620000000001,8942.62,1.4285714285714286,3.4,4,1,2,Frequent High-Value Customers,0
C001043,4,983.1400000000001,3932.5600000000004,1.0,4.0,1,1,1,Premium Basket Customers,0
C001044,7,979.8385714285714,6858.87,1.1666666666666667,3.6,3,2,1,Premium Basket Customers,0
C001045,11,971.5245454545455,10686.77,1.2222222222222223,3.75,2,3,1,Premium Basket Customers,0
C001046,8,992.9975,7943.98,1.0,3.3333333333333335,1,2,1,Premium Basket Customers,0
C001047,6,1131.7916666666667,6790.75,1.2,3.0,4,2,1,Premium Basket Customers,0
C001048,6,690.2966666666666,4141.78,1.2,4.75,2,3,0,Budget Occasional Customers,0
C001049,12,830.145,9961.74,1.2,3.8333333333333335,4,1,2,Frequent High-Value Customers,0
C001050,5,621.0319999999999,3105.16,1.25,3.6666666666666665,2,2,0,Budget Occasional Customers,0
C001051,7,1033.8528571428571,7236.97,1.1666666666666667,3.3333333333333335,1,0,1,Premium Basket Customers,0
C001052,5,567.938,2839.69,1.0,3.75,0,1,0,Budget Occasional Customers,0
C001053,6,674.975,4049.85,1.2,3.5,0,2,0,Budget Occasional Customers,0
C001054,6,761.6833333333334,4570.1,1.2,2.25,1,1,1,Premium Basket Customers,0
C001055,5,1213.242,6066.21,1.0,5.0,2,2,1,Premium Basket Customers,0
C001056,5,527.1600000000001,2635.8,1.25,3.3333333333333335,3,1,0,Budget Occasional Customers,0
C001057,8,790.81625,6326.53,1.1428571428571428,3.5,2,0,0,Budget Occasional Customers,0
C001058,11,1027.3263636363636,11300.59,1.2222222222222223,3.4285714285714284,3,1,1,Premium Basket Customers,0
C001059,13,802.5815384615385,10433.56,1.4444444444444444,3.5,2,6,2,Frequent High-Value Customers,0
C001060,9,624.6755555555555,5622.08,1.125,4.0,4,3,0,Budget Occasional Customers,0
C001061,9,911.3477777777779,8202.130000000001,1.0,3.0,2,1,1,Premium Basket Customers,0
C001062,10,846.789,8467.89,1.1111111111111112,3.6666666666666665,3,1,0,Budget Occasional Customers,0
C001063,10,620.389,6203.89,1.25,3.4,3,0,0,Budget Occasional Customers,0
C001064,7,689.3828571428572,4825.68,1.1666666666666667,3.6666666666666665,4,1,0,Budget Occasional Customers,0
C001065,10,753.342,7533.42,1.4285714285714286,3.4,4,2,2,Frequent High-Value Customers,0
C001066,5,857.7479999999999,4288.74,1.0,3.5,1,0,1,Premium Basket Customers,0
C001067,7,826.5214285714285,5785.65,1.0,2.5,3,2,1,Premium Basket Customers,0
C001068,8,769.715,6157.72,1.0,3.0,4,2,0,Budget Occasional Customers,0
C001069,16,886.626875,14186.03,1.6,3.1,6,1,2,Frequent High-Value Customers,0
C001070,4,513.245,2052.98,1.0,2.0,3,1,0,Budget Occasional Customers,0
C001071,7,821.1999999999999,5748.4,1.1666666666666667,3.6666666666666665,4,1,0,Budget Occasional Customers,0
C001072,8,738.715,5909.72,1.1428571428571428,3.5,1,0,0,Budget Occasional Customers,0
C001073,10,1056.318,10563.18,1.25,3.125,1,2,1,Premium Basket Customers,0
C001074,5,1069.0059999999999,5345.03,1.0,3.6666666666666665,1,0,1,Premium Basket Customers,0
C001075,7,752.1857142857143,5265.3,1.4,4.0,2,0,0,Budget Occasional Customers,0
C001076,11,579.5663636363637,6375.2300000000005,1.2222222222222223,3.0,6,3,2,Frequent High-Value Customers,0
C001077,11,706.4572727272727,7771.03,1.2222222222222223,3.5,6,2,2,Frequent High-Value Customers,0
C001078,10,959.2479999999999,9592.48,1.1111111111111112,3.5,5,3,2,Frequent High-Value Customers,0
C001079,15,825.8886666666666,12388.33,1.1538461538461537,3.0,4,2,2,Frequent High-Value Customers,0
C001080,13,979.896923076923,12738.66,1.3,3.2222222222222223,3,3,2,Frequent High-Value Customers,0
C001081,11,735.9345454545454,8095.28,1.375,3.5,2,1,0,Budget Occasional Customers,0
C001082,5,871.9799999999999,4359.9,1.0,3.6666666666666665,1,1,1,Premium Basket Customers,0
C001083,13,759.1161538461539,9868.51,1.3,3.875,2,3,2,Frequent High-Value Customers,0
C001084,7,1041.2357142857143,7288.65,1.1666666666666667,3.5,4,2,1,Premium Basket Customers,0
C001085,3,1138.2433333333333,3414.73,1.5,4.0,1,2,1,Premium Basket Customers,0
C001086,9,764.4788888888888,6880.3099999999995,1.5,2.857142857142857,4,1,2,Frequent High-Value Customers,0
C001087,9,1079.2933333333333,9713.64,1.5,3.0,6,1,2,Frequent High-Value Customers,0
C001088,7,688.6242857142857,4820.37,1.0,3.0,1,0,0,Budget Occasional Customers,0
C001089,6,784.1066666666667,4704.64,1.2,4.166666666666667,2,2,0,Budget Occasional Customers,0
C001090,9,776.4444444444445,6988.0,1.2857142857142858,4.0,2,1,0,Budget Occasional Customers,0
C001091,15,953.934,14309.01,1.875,3.6,6,0,2,Frequent High-Value Customers,0
C001092,9,707.9366666666667,6371.43,1.0,3.25,4,3,0,Budget Occasional Customers,0
C001093,4,1383.8975,5535.59,1.0,3.0,3,0,1,Premium Basket Customers,0
C001094,6,727.6616666666667,4365.97,1.2,4.0,1,1,0,Budget Occasional Customers,0
C001095,7,799.2185714285714,5594.53,1.1666666666666667,3.75,3,2,0,Budget Occasional Customers,0
C001096,13,791.5653846153847,10290.35,1.625,3.5,4,4,2,Frequent High-Value Customers,0
C001097,10,957.8290000000001,9578.29,1.6666666666666667,3.4285714285714284,1,1,1,Premium Basket Customers,0
C001098,6,921.5133333333333,5529.08,1.2,3.6666666666666665,3,2,1,Premium Basket Customers,0
C001099,12,993.1533333333333,11917.84,1.2,3.2857142857142856,6,0,2,Frequent High-Value Customers,0
C001100,10,531.14,5311.4,1.4285714285714286,3.4285714285714284,3,3,2,Frequent High-Value Customers,0
C001101,8,783.2525,6266.02,1.3333333333333333,3.6,3,2,0,Budget Occasional Customers,0
C001102,6,959.0916666666667,5754.55,1.2,5.0,2,0,1,Premium Basket Customers,0
C001103,5,381.262,1906.31,1.0,4.0,3,2,0,Budget Occasional Customers,0
C001104,12,782.9558333333333,9395.47,1.5,3.5714285714285716,4,2,2,Frequent High-Value Customers,0
C001105,10,880.585,8805.85,1.6666666666666667,4.142857142857143,3,3,2,Frequent High-Value Customers,0
C001106,3,505.7033333333334,1517.1100000000001,1.0,3.0,1,1,0,Budget Occasional Customers,0
C001107,5,728.1899999999999,3640.95,1.0,3.3333333333333335,3,1,0,Budget Occasional Customers,0
C001108,9,529.6066666666667,4766.46,1.2857142857142858,4.142857142857143,5,3,2,Frequent High-Value Customers,0
C001109,7,910.7157142857143,6375.01,1.1666666666666667,3.75,3,3,1,Premium Basket Customers,0
C001110,8,797.54375,6380.35,1.1428571428571428,2.25,5,1,1,Premium Basket Customers,0
C001111,5,918.45,4592.25,1.0,3.5,1,1,1,Premium Basket Customers,0
C001112,9,952.6655555555556,8573.99,1.8,3.6666666666666665,4,1,2,Frequent High-Value Customers,0
C001113,9,1018.7911111111111,9169.12,1.2857142857142858,3.1666666666666665,4,0,1,Premium Basket Customers,0
C001114,9,870.4366666666667,7833.93,1.5,3.0,5,3,2,Frequent High-Value Customers,0
C001115,12,706.3874999999999,8476.65,1.2,2.6666666666666665,4,1,2,Frequent High-Value Customers,0
C001116,8,749.11625,5992.93,1.0,1.6666666666666667,4,0,1,Premium Basket Customers,0
C001117,9,864.2488888888888,7778.24,1.125,3.8333333333333335,4,2,0,Budget Occasional Customers,0
C001118,7,1089.7857142857142,7628.5,1.1666666666666667,3.2,3,0,1,Premium Basket Customers,0
C001119,13,657.9538461538461,8553.4,1.4444444444444444,2.6666666666666665,8,4,2,Frequent High-Value Customers,0
C001120,10,1030.956,10309.56,1.4285714285714286,3.7142857142857144,3,1,1,Premium Basket Customers,0
C001121,3,1212.68,3638.04,1.0,4.0,0,0,1,Premium Basket Customers,0
C001122,13,729.343076923077,9481.460000000001,1.1818181818181819,3.9,5,4,2,Frequent High-Value Customers,0
C001123,9,674.5955555555555,6071.36,1.125,3.5,2,3,0,Budget Occasional Customers,0
C001124,6,940.8283333333334,5644.97,1.2,3.6666666666666665,3,1,1,Premium Basket Customers,0
C001125,8,573.2025,4585.62,1.1428571428571428,4.25,1,1,0,Budget Occasional Customers,0
C001126,11,766.1045454545455,8427.15,1.375,3.5,4,0,2,Frequent High-Value Customers,0
C001127,6,1056.1366666666665,6336.82,1.2,4.333333333333333,1,0,1,Premium Basket Customers,0
C001128,7,623.1271428571429,4361.89,1.0,2.0,1,0,0,Budget Occasional Customers,0
C001129,13,845.9546153846154,10997.41,1.4444444444444444,3.125,3,1,2,Frequent High-Value Customers,0
C001130,8,929.0137500000001,7432.110000000001,1.1428571428571428,3.1666666666666665,2,0,1,Premium Basket Customers,0
C001131,9,733.7977777777778,6604.18,1.2857142857142858,4.0,4,2,0,Budget Occasional Customers,0
C001132,8,673.0525,5384.42,1.1428571428571428,3.25,4,2,0,Budget Occasional Customers,0
C001133,13,999.5230769230768,12993.8,1.4444444444444444,3.7777777777777777,4,1,2,Frequent High-Value Customers,0
C001134,8,831.5287500000001,6652.2300000000005,1.0,2.25,1,2,1,Premium Basket Customers,0
C001135,11,677.4390909090909,7451.83,1.8333333333333333,3.3333333333333335,4,3,2,Frequent High-Value Customers,0
C001136,13,704.7438461538461,9161.67,1.1818181818181819,4.0,4,1,2,Frequent High-Value Customers,0
C001137,8,639.55875,5116.47,1.3333333333333333,5.0,5,1,0,Budget Occasional Customers,0
C001138,10,855.841,8558.41,1.25,2.6,4,3,2,Frequent High-Value Customers,0
C001139,4,521.92,2087.68,1.3333333333333333,3.0,1,1,0,Budget Occasional Customers,0
C001140,9,857.9966666666666,7721.969999999999,1.125,2.75,4,0,1,Premium Basket Customers,0
C001141,9,748.6655555555556,6737.99,1.2857142857142858,2.3333333333333335,2,4,2,Frequent High-Value Customers,0
C001142,7,369.4428571428571,2586.1,1.0,3.0,1,0,0,Budget Occasional Customers,0
C001143,17,772.8788235294118,13138.94,1.5454545454545454,3.0,5,1,2,Frequent High-Value Customers,0
C001144,17,720.3541176470588,12246.02,1.5454545454545454,3.25,5,1,2,Frequent High-Value Customers,0
C001145,8,694.4237499999999,5555.389999999999,1.0,3.4,4,1,0,Budget Occasional Customers,0
C001146,11,888.9318181818181,9778.25,1.2222222222222223,2.6666666666666665,4,1,1,Premium Basket Customers,0
C001147,10,728.0709999999999,7280.709999999999,1.6666666666666667,2.75,3,0,2,Frequent High-Value Customers,0
C001148,6,781.3733333333333,4688.24,1.0,3.0,3,0,0,Budget Occasional Customers,0
C001149,18,685.0916666666667,12331.65,1.5,3.272727272727273,2,1,2,Frequent High-Value Customers,0
C001150,9,657.8944444444445,5921.05,1.2857142857142858,3.3333333333333335,4,2,0,Budget Occasional Customers,0
C001151,8,892.28125,7138.25,1.1428571428571428,2.25,3,0,1,Premium Basket Customers,0
C001152,7,795.1328571428572,5565.93,1.1666666666666667,2.8,5,2,0,Budget Occasional Customers,0
C001153,12,878.6116666666667,10543.34,1.2,3.4285714285714284,2,2,1,Premium Basket Customers,0
C001154,5,948.5720000000001,4742.860000000001,1.0,4.0,2,0,1,Premium Basket Customers,0
C001155,10,776.428,7764.28,1.0,3.0,2,1,0,Budget Occasional Customers,0
C001156,10,751.6429999999999,7516.429999999999,1.4285714285714286,3.2,4,1,2,Frequent High-Value Customers,0
C001157,12,990.0608333333333,11880.73,1.2,3.625,6,2,2,Frequent High-Value Customers,0
C001158,10,714.392,7143.92,1.4285714285714286,3.8333333333333335,3,2,2,Frequent High-Value Customers,0
C001159,7,670.15,4691.05,1.1666666666666667,3.4,2,1,0,Budget Occasional Customers,0
C001160,5,567.0440000000001,2835.2200000000003,1.25,3.0,2,2,0,Budget Occasional Customers,0
C001161,9,788.7933333333334,7099.14,1.5,2.4,2,3,2,Frequent High-Value Customers,0
C001162,12,779.0916666666667,9349.1,1.5,3.7142857142857144,3,2,2,Frequent High-Value Customers,0
C001163,12,777.5208333333334,9330.25,1.3333333333333333,3.125,3,2,2,Frequent High-Value Customers,0
C001164,10,1074.9959999999999,10749.96,1.4285714285714286,3.0,4,2,2,Frequent High-Value Customers,0
C001165,7,623.0757142857143,4361.53,1.0,3.4,4,1,0,Budget Occasional Customers,0
C001166,8,609.695,4877.56,1.1428571428571428,3.1666666666666665,3,1,0,Budget Occasional Customers,0
C001167,5,768.598,3842.99,1.0,3.5,1,1,0,Budget Occasional Customers,0
C001168,10,725.777,7257.77,1.25,3.0,3,1,0,Budget Occasional Customers,0
C001169,12,708.1750000000001,8498.1,1.5,3.4285714285714284,4,2,2,Frequent High-Value Customers,0
C001170,6,925.375,5552.25,1.2,3.0,3,1,1,Premium Basket Customers,0
C001171,4,567.84,2271.36,1.3333333333333333,3.3333333333333335,1,0,0,Budget Occasional Customers,0
C001172,5,480.78000000000003,2403.9,1.25,4.5,2,3,0,Budget Occasional Customers,0
C001173,10,607.022,6070.22,1.25,3.857142857142857,3,0,0,Budget Occasional Customers,0
C001174,5,1066.0459999999998,5330.23,1.0,3.3333333333333335,0,1,1,Premium Basket Customers,0
C001175,4,724.275,2897.1,1.0,4.0,2,2,0,Budget Occasional Customers,0
C001176,9,845.3077777777778,7607.77,1.5,3.1666666666666665,3,1,1,Premium Basket Customers,0
C001177,15,811.526,12172.89,1.5,2.7777777777777777,4,4,2,Frequent High-Value Customers,0
C001178,6,662.775,3976.6499999999996,1.0,3.3333333333333335,3,2,0,Budget Occasional Customers,0
C001179,7,1218.372857142857,8528.609999999999,1.0,3.6666666666666665,2,0,1,Premium Basket Customers,0
C001180,6,651.6883333333334,3910.13,1.2,4.333333333333333,1,0,0,Budget Occasional Customers,0
C001181,13,760.6653846153846,9888.65,1.3,3.625,5,3,2,Frequent High-Value Customers,0
C001182,9,790.3022222222222,7112.72,1.8,3.4285714285714284,2,2,2,Frequent High-Value Customers,0
C001183,7,904.8128571428572,6333.6900000000005,1.0,2.2,1,3,1,Premium Basket Customers,0
C001184,9,505.57,4550.13,1.125,3.2857142857142856,1,1,0,Budget Occasional Customers,0
C001185,12,888.7533333333334,10665.04,1.7142857142857142,3.1666666666666665,2,1,2,Frequent High-Value Customers,0
C001186,6,661.6883333333334,3970.13,1.0,2.8,3,1,0,Budget Occasional Customers,0
C001187,7,839.4757142857143,5876.33,1.1666666666666667,4.333333333333333,3,1,0,Budget Occasional Customers,0
C001188,12,838.5416666666666,10062.5,1.5,2.75,2,3,2,Frequent High-Value Customers,0
C001189,5,967.9200000000001,4839.6,1.25,3.5,2,0,1,Premium Basket Customers,0
C001190,6,629.86,3779.1600000000003,1.0,3.25,1,0,0,Budget Occasional Customers,0
C001191,10,881.966,8819.66,1.0,4.0,2,3,1,Premium Basket Customers,0
C001192,8,1236.46375,9891.71,1.0,3.3333333333333335,2,2,1,Premium Basket Customers,0
C001193,5,673.6600000000001,3368.3,1.0,2.5,2,0,0,Budget Occasional Customers,0
C001194,7,609.03,4263.21,1.1666666666666667,4.166666666666667,3,1,0,Budget Occasional Customers,0
C001195,13,828.3346153846154,10768.35,1.4444444444444444,3.3333333333333335,5,0,2,Frequent High-Value Customers,0
C001196,7,941.72,6592.04,1.75,2.6666666666666665,3,0,1,Premium Basket Customers,0
C001197,6,894.6416666666668,5367.85,1.2,3.4,0,2,1,Premium Basket Customers,0
C001198,5,946.226,4731.13,1.0,3.0,1,0,1,Premium Basket Customers,0
C001199,8,713.99375,5711.95,1.3333333333333333,3.4,4,1,0,Budget Occasional Customers,0
C001200,10,888.936,8889.36,1.4285714285714286,2.7142857142857144,1,3,1,Premium Basket Customers,0
C001201,10,813.6600000000001,8136.6,1.25,2.1666666666666665,1,1,1,Premium Basket Customers,0
C001202,9,527.5188888888889,4747.67,1.2857142857142858,4.5,4,1,0,Budget Occasional Customers,0
C001203,8,720.9825,5767.86,1.3333333333333333,2.8,2,0,0,Budget Occasional Customers,0
C001204,4,591.2049999999999,2364.8199999999997,1.0,3.0,0,1,0,Budget Occasional Customers,0
C001205,12,752.1933333333333,9026.32,1.2,3.25,6,2,2,Frequent High-Value Customers,0
C001206,10,842.226,8422.26,1.1111111111111112,4.0,4,1,0,Budget Occasional Customers,0
C001207,7,908.0971428571429,6356.68,1.1666666666666667,4.0,3,3,1,Premium Basket Customers,0
C001208,7,976.5728571428572,6836.01,1.4,3.1666666666666665,3,2,1,Premium Basket Customers,0
C001209,6,765.645,4593.87,1.2,3.6666666666666665,5,2,0,Budget Occasional Customers,0
C001210,8,651.74,5213.92,1.1428571428571428,4.0,2,0,0,Budget Occasional Customers,0
C001211,13,865.1323076923078,11246.720000000001,1.1818181818181819,2.8333333333333335,3,3,2,Frequent High-Value Customers,0
C001212,11,1052.8390909090908,11581.23,1.375,3.25,4,2,2,Frequent High-Value Customers,0
C001213,10,893.301,8933.01,1.25,3.1666666666666665,3,4,2,Frequent High-Value Customers,0
C001214,11,920.4154545454545,10124.57,1.5714285714285714,2.857142857142857,3,3,2,Frequent High-Value Customers,0
C001215,7,771.5214285714285,5400.65,1.1666666666666667,2.75,5,0,0,Budget Occasional Customers,0
C001216,8,641.03625,5128.29,1.0,4.0,2,0,0,Budget Occasional Customers,0
C001217,9,942.8588888888888,8485.73,1.2857142857142858,3.5,3,0,1,Premium Basket Customers,0
C001218,10,918.057,9180.57,1.1111111111111112,2.4285714285714284,3,1,1,Premium Basket Customers,0
C001219,11,953.6454545454545,10490.1,1.2222222222222223,3.4285714285714284,2,1,1,Premium Basket Customers,0
C001220,8,844.6975,6757.58,1.0,3.3333333333333335,4,0,1,Premium Basket Customers,0
C001221,4,590.545,2362.18,1.0,2.5,2,1,0,Budget Occasional Customers,0
C001222,6,635.3616666666667,3812.17,1.2,3.0,3,0,0,Budget Occasional Customers,0
C001223,10,792.728,7927.28,1.1111111111111112,3.5555555555555554,0,3,0,Budget Occasional Customers,0
C001224,11,573.2081818181819,6305.29,1.375,3.4444444444444446,3,1,0,Budget Occasional Customers,0
C001225,11,749.8127272727273,8247.94,1.375,3.6666666666666665,3,3,2,Frequent High-Value Customers,0
C001226,11,799.4981818181818,8794.48,1.2222222222222223,3.5714285714285716,6,1,2,Frequent High-Value Customers,0
C001227,11,1072.0945454545456,11793.04,1.1,4.0,5,1,1,Premium Basket Customers,0
C001228,5,1402.0059999999999,7010.03,1.0,3.5,0,2,1,Premium Basket Customers,-1
C001229,8,946.375,7571.0,1.3333333333333333,3.5,2,1,1,Premium Basket Customers,0
C001230,12,712.1374999999999,8545.65,1.0909090909090908,2.75,3,3,2,Frequent High-Value Customers,0
C001231,11,635.0309090909091,6985.34,1.375,3.0,1,2,0,Budget Occasional Customers,0
C001232,5,472.86199999999997,2364.31,1.0,4.0,2,1,0,Budget Occasional Customers,0
C001233,9,964.9266666666667,8684.34,1.0,3.5,3,2,1,Premium Basket Customers,0
C001234,7,803.9957142857141,5627.969999999999,1.1666666666666667,4.4,4,1,0,Budget Occasional Customers,0
C001235,13,1166.2084615384615,15160.71,1.1818181818181819,3.8,4,4,2,Frequent High-Value Customers,0
C001236,7,1158.6114285714286,8110.28,1.1666666666666667,3.2,1,0,1,Premium Basket Customers,0
C001237,10,842.2,8422.0,1.6666666666666667,2.0,4,2,2,Frequent High-Value Customers,0
C001238,9,799.4533333333334,7195.08,1.5,3.1666666666666665,2,1,0,Budget Occasional Customers,0
C001239,12,795.415,9544.98,1.3333333333333333,3.125,4,2,2,Frequent High-Value Customers,0
C001240,9,931.928888888889,8387.36,1.125,3.4,7,3,2,Frequent High-Value Customers,0
C001241,10,923.5450000000001,9235.45,1.0,3.25,1,4,1,Premium Basket Customers,0
C001242,12,569.4141666666667,6832.97,1.5,3.75,3,3,2,Frequent High-Value Customers,0
C001243,11,635.6345454545454,6991.9800000000005,1.375,2.5714285714285716,2,3,2,Frequent High-Value Customers,0
C001244,11,755.8418181818182,8314.26,1.2222222222222223,3.4285714285714284,4,1,2,Frequent High-Value Customers,0
C001245,11,846.5363636363636,9311.9,1.1,4.333333333333333,5,1,2,Frequent High-Value Customers,0
C001246,20,809.1415,16182.83,1.6666666666666667,3.769230769230769,8,4,2,Frequent High-Value Customers,-1
C001247,13,871.4492307692308,11328.84,1.4444444444444444,3.3,8,2,2,Frequent High-Value Customers,0
C001248,10,765.703,7657.03,1.4285714285714286,3.2222222222222223,5,1,2,Frequent High-Value Customers,0
C001249,4,184.77,739.08,1.0,3.5,0,0,0,Budget Occasional Customers,0
C001250,5,526.884,2634.42,1.25,2.3333333333333335,1,1,0,Budget Occasional Customers,0
C001251,8,549.90375,4399.23,1.3333333333333333,3.857142857142857,0,0,0,Budget Occasional Customers,0
C001252,7,727.4271428571428,5091.99,1.4,3.0,1,0,0,Budget Occasional Customers,0
C001253,7,467.74142857142857,3274.19,1.75,3.0,1,1,0,Budget Occasional Customers,0
C001254,4,967.8399999999999,3871.3599999999997,1.0,2.5,2,1,1,Premium Basket Customers,0
C001255,13,923.8246153846153,12009.72,1.3,3.3,4,2,2,Frequent High-Value Customers,0
C001256,14,768.5507142857142,10759.71,1.5555555555555556,3.1666666666666665,6,4,2,Frequent High-Value Customers,0
C001257,9,755.5011111111112,6799.51,1.5,3.857142857142857,2,1,0,Budget Occasional Customers,0
C001258,10,893.175,8931.75,1.4285714285714286,4.0,4,1,2,Frequent High-Value Customers,0
C001259,5,783.286,3916.43,1.0,2.0,1,0,1,Premium Basket Customers,0
C001260,11,836.6236363636364,9202.86,1.0,2.7142857142857144,3,3,1,Premium Basket Customers,0
C001261,5,513.994,2569.9700000000003,1.25,3.5,2,0,0,Budget Occasional Customers,0
C001262,6,1201.1666666666667,7207.0,1.5,3.0,3,0,1,Premium Basket Customers,0
C001263,10,504.593,5045.93,1.25,3.3333333333333335,4,1,0,Budget Occasional Customers,0
C001264,11,1205.7018181818182,13262.72,1.375,3.375,2,1,1,Premium Basket Customers,0
C001265,7,874.9471428571429,6124.63,1.1666666666666667,4.0,4,1,1,Premium Basket Customers,0
C001266,11,696.8754545454545,7665.63,1.375,2.8333333333333335,3,2,2,Frequent High-Value Customers,0
C001267,12,803.1291666666666,9637.55,1.5,3.25,4,4,2,Frequent High-Value Customers,0
C001268,7,780.2842857142857,5461.99,1.1666666666666667,4.0,2,2,0,Budget Occasional Customers,0
C001269,4,783.325,3133.3,1.0,3.5,0,0,0,Budget Occasional Customers,0
C001270,12,841.11,10093.32,1.2,2.857142857142857,5,1,2,Frequent High-Value Customers,0
C001271,9,845.7166666666667,7611.45,1.8,3.0,6,4,2,Frequent High-Value Customers,0
C001272,4,1015.045,4060.18,1.0,3.5,0,3,1,Premium Basket Customers,0
C001273,6,705.2016666666667,4231.21,1.0,3.75,1,2,0,Budget Occasional Customers,0
C001274,9,985.2622222222222,8867.36,1.2857142857142858,3.0,2,3,1,Premium Basket Customers,0
C001275,9,959.6611111111112,8636.95,1.125,4.2,2,4,1,Premium Basket Customers,0
C001276,10,911.1659999999999,9111.66,1.1111111111111112,3.3333333333333335,2,2,1,Premium Basket Customers,0
C001277,6,766.2616666666667,4597.57,1.0,3.6666666666666665,2,5,0,Budget Occasional Customers,0
C001278,8,1331.29625,10650.37,1.1428571428571428,3.0,5,2,1,Premium Basket Customers,0
C001279,8,901.60875,7212.87,1.1428571428571428,2.5,3,1,1,Premium Basket Customers,0
C001280,5,1112.346,5561.7300000000005,1.0,3.25,2,0,1,Premium Basket Customers,0
C001281,6,888.815,5332.89,1.2,3.6666666666666665,1,1,1,Premium Basket Customers,0
C001282,5,740.28,3701.4,1.0,3.0,0,1,0,Budget Occasional Customers,0
C001283,9,822.4177777777778,7401.76,1.2857142857142858,3.7142857142857144,4,2,2,Frequent High-Value Customers,0
C001284,14,951.5564285714287,13321.79,1.75,3.8333333333333335,6,2,2,Frequent High-Value Customers,0
C001285,11,891.9172727272727,9811.09,1.375,3.142857142857143,4,2,2,Frequent High-Value Customers,0
C001286,10,498.33000000000004,4983.3,1.4285714285714286,4.0,1,1,0,Budget Occasional Customers,0
C001287,11,817.2645454545454,8989.91,1.5714285714285714,4.0,3,2,2,Frequent High-Value Customers,0
C001288,14,827.6114285714285,11586.56,1.4,3.6666666666666665,1,2,2,Frequent High-Value Customers,0
C001289,10,911.082,9110.82,1.4285714285714286,3.25,5,2,2,Frequent High-Value Customers,0
C001290,7,698.3085714285714,4888.16,1.1666666666666667,5.0,4,2,0,Budget Occasional Customers,0
C001291,4,463.2875,1853.15,1.0,3.6666666666666665,2,1,0,Budget Occasional Customers,0
C001292,11,908.3854545454545,9992.24,1.5714285714285714,3.7142857142857144,4,1,2,Frequent High-Value Customers,0
C001293,8,647.89625,5183.17,1.1428571428571428,3.6,1,2,0,Budget Occasional Customers,0
C001294,9,600.4122222222222,5403.71,1.2857142857142858,3.0,5,0,0,Budget Occasional Customers,0
C001295,8,482.3525,3858.82,1.1428571428571428,3.4,5,1,0,Budget Occasional Customers,0
C001296,10,839.2850000000001,8392.85,1.1111111111111112,4.0,2,1,0,Budget Occasional Customers,0
C001297,10,916.9530000000001,9169.53,2.0,4.0,2,1,2,Frequent High-Value Customers,0
C001298,8,830.5187500000001,6644.150000000001,1.1428571428571428,3.8333333333333335,2,0,0,Budget Occasional Customers,0
C001299,8,748.79,5990.32,1.3333333333333333,3.8333333333333335,2,3,0,Budget Occasional Customers,0
C001300,10,775.673,7756.73,2.0,4.166666666666667,4,2,2,Frequent High-Value Customers,0
C001301,13,859.6292307692308,11175.18,1.625,2.8333333333333335,4,2,2,Frequent High-Value Customers,0
C001302,8,865.5375,6924.3,1.1428571428571428,3.8333333333333335,4,2,1,Premium Basket Customers,0
C001303,6,501.2583333333334,3007.55,1.0,3.5,1,0,0,Budget Occasional Customers,0
C001304,4,670.475,2681.9,1.0,3.0,3,1,0,Budget Occasional Customers,0
C001305,9,746.2066666666667,6715.860000000001,1.125,3.3333333333333335,4,2,0,Budget Occasional Customers,0
C001306,10,704.659,7046.59,1.1111111111111112,2.8,4,0,0,Budget Occasional Customers,0
C001307,8,738.94875,5911.59,1.3333333333333333,3.375,2,1,0,Budget Occasional Customers,0
C001308,8,633.6925,5069.54,1.1428571428571428,3.75,3,3,0,Budget Occasional Customers,0
C001309,6,702.3583333333332,4214.15,1.2,3.0,3,0,0,Budget Occasional Customers,0
C001310,11,959.4518181818181,10553.97,1.2222222222222223,3.0,6,0,2,Frequent High-Value Customers,0
C001311,9,1037.437777777778,9336.94,1.0,3.8,4,0,1,Premium Basket Customers,0
C001312,6,781.2566666666667,4687.54,1.0,3.75,0,0,0,Budget Occasional Customers,0
C001313,9,973.6155555555556,8762.54,1.2857142857142858,3.25,2,0,1,Premium Basket Customers,0
C001314,12,677.73,8132.76,1.5,3.0,7,2,2,Frequent High-Value Customers,0
C001315,15,872.02,13080.3,1.5,3.5714285714285716,5,5,2,Frequent High-Value Customers,0
C001316,2,1175.955,2351.91,1.0,2.5,2,0,1,Premium Basket Customers,0
C001317,6,890.1683333333334,5341.01,2.0,3.4,1,0,1,Premium Basket Customers,0
C001318,9,781.6733333333334,7035.06,1.125,3.625,2,2,0,Budget Occasional Customers,0
C001319,10,934.302,9343.02,1.4285714285714286,3.875,3,5,2,Frequent High-Value Customers,0
C001320,10,761.219,7612.1900000000005,1.25,3.8333333333333335,2,6,2,Frequent High-Value Customers,0
C001321,13,882.0323076923077,11466.42,1.4444444444444444,4.142857142857143,8,2,2,Frequent High-Value Customers,0
C001322,11,882.7381818181819,9710.12,1.5714285714285714,4.0,3,1,2,Frequent High-Value Customers,0
C001323,11,823.7399999999999,9061.14,1.2222222222222223,3.857142857142857,5,2,2,Frequent High-Value Customers,0
C001324,8,1155.7725,9246.18,1.1428571428571428,2.5,4,1,1,Premium Basket Customers,0
C001325,6,609.275,3655.65,1.0,4.4,2,1,0,Budget Occasional Customers,0
C001326,5,584.574,2922.87,1.0,2.0,1,0,0,Budget Occasional Customers,0
C001327,10,1019.299,10192.99,1.1111111111111112,3.857142857142857,3,6,2,Frequent High-Value Customers,0
C001328,11,1073.1563636363635,11804.72,1.375,2.5,3,5,2,Frequent High-Value Customers,0
C001329,13,1112.4723076923076,14462.14,1.3,3.6666666666666665,7,3,2,Frequent High-Value Customers,0
C001330,11,869.4018181818182,9563.42,1.375,3.0,5,3,2,Frequent High-Value Customers,0
C001331,4,568.55,2274.2,1.0,3.25,1,0,0,Budget Occasional Customers,0
C001332,12,686.9266666666667,8243.12,1.2,3.625,3,1,0,Budget Occasional Customers,0
C001333,14,804.4300000000001,11262.02,1.2727272727272727,2.8,10,3,2,Frequent High-Value Customers,0
C001334,7,801.4214285714286,5609.95,1.0,3.0,1,0,1,Premium Basket Customers,0
C001335,6,813.7266666666666,4882.36,1.2,3.25,1,0,1,Premium Basket Customers,0
C001336,5,935.4619999999999,4677.3099999999995,1.0,5.0,1,2,1,Premium Basket Customers,0
C001337,7,838.5614285714286,5869.93,1.1666666666666667,3.4,2,2,1,Premium Basket Customers,0
C001338,6,838.4566666666666,5030.74,1.2,4.333333333333333,1,1,0,Budget Occasional Customers,0
C001339,7,981.0014285714286,6867.01,1.1666666666666667,3.5,5,0,1,Premium Basket Customers,0
C001340,8,850.69375,6805.55,1.1428571428571428,3.8333333333333335,3,0,0,Budget Occasional Customers,0
C001341,7,583.2814285714286,4082.97,1.1666666666666667,2.5,3,0,0,Budget Occasional Customers,0
C001342,13,826.7215384615386,10747.380000000001,1.1818181818181819,3.1,3,2,2,Frequent High-Value Customers,0
C001343,11,830.4063636363636,9134.47,1.375,3.5,7,2,2,Frequent High-Value Customers,0
C001344,4,776.615,3106.46,1.3333333333333333,3.25,2,1,0,Budget Occasional Customers,0
C001345,9,713.0777777777778,6417.7,1.125,3.142857142857143,4,0,0,Budget Occasional Customers,0
C001346,10,705.428,7054.28,1.6666666666666667,3.8333333333333335,7,2,2,Frequent High-Value Customers,0
C001347,9,802.8,7225.2,1.125,3.5714285714285716,1,1,0,Budget Occasional Customers,0
C001348,7,591.4214285714286,4139.95,1.4,5.0,2,1,0,Budget Occasional Customers,0
C001349,11,724.7254545454545,7971.98,1.1,2.857142857142857,3,3,2,Frequent High-Value Customers,0
C001350,6,1064.3816666666667,6386.29,1.2,3.5,2,2,1,Premium Basket Customers,0
C001351,3,1082.4633333333334,3247.39,1.0,2.0,1,0,1,Premium Basket Customers,0
C001352,6,936.4283333333333,5618.57,1.2,4.25,4,0,1,Premium Basket Customers,0
C001353,10,895.4069999999999,8954.07,1.25,3.4,2,3,1,Premium Basket Customers,0
C001354,8,930.7875,7446.3,1.1428571428571428,4.333333333333333,2,5,2,Frequent High-Value Customers,0
C001355,9,678.9366666666667,6110.43,1.125,3.4285714285714284,3,2,0,Budget Occasional Customers,0
C001356,8,611.43875,4891.51,1.1428571428571428,3.25,1,2,0,Budget Occasional Customers,0
C001357,14,612.2528571428572,8571.54,1.2727272727272727,3.2222222222222223,4,3,2,Frequent High-Value Customers,0
C001358,12,1004.6999999999999,12056.4,1.3333333333333333,3.3333333333333335,6,3,2,Frequent High-Value Customers,0
C001359,10,705.158,7051.58,1.25,3.142857142857143,3,2,0,Budget Occasional Customers,0
C001360,5,981.6379999999999,4908.19,1.6666666666666667,4.4,3,1,1,Premium Basket Customers,0
C001361,9,622.8733333333333,5605.86,1.0,3.0,2,2,0,Budget Occasional Customers,0
C001362,9,737.1933333333333,6634.74,1.125,3.4,3,3,0,Budget Occasional Customers,0
C001363,9,591.9277777777778,5327.35,1.2857142857142858,3.4,1,2,0,Budget Occasional Customers,0
C001364,8,517.84375,4142.75,1.6,2.5,3,1,0,Budget Occasional Customers,0
C001365,9,852.0011111111112,7668.01,1.2857142857142858,3.5714285714285716,4,2,2,Frequent High-Value Customers,0
C001366,10,749.5550000000001,7495.55,1.1111111111111112,4.375,3,2,0,Budget Occasional Customers,0
C001367,8,899.5575,7196.46,1.1428571428571428,3.3333333333333335,4,3,1,Premium Basket Customers,0
C001368,12,725.6783333333333,8708.14,1.5,4.0,4,2,2,Frequent High-Value Customers,0
C001369,12,822.9266666666667,9875.12,1.3333333333333333,3.25,4,3,2,Frequent High-Value Customers,0
C001370,10,905.15,9051.5,1.1111111111111112,3.5,7,3,2,Frequent High-Value Customers,0
C001371,10,929.55,9295.5,1.25,3.3333333333333335,2,1,1,Premium Basket Customers,0
C001372,9,887.5244444444444,7987.719999999999,1.5,3.0,4,1,2,Frequent High-Value Customers,0
C001373,9,862.5744444444445,7763.17,1.2857142857142858,4.0,1,2,0,Budget Occasional Customers,0
C001374,9,705.7155555555556,6351.4400000000005,1.2857142857142858,3.75,1,3,0,Budget Occasional Customers,0
C001375,15,958.0833333333334,14371.25,1.5,3.25,3,3,2,Frequent High-Value Customers,0
C001376,13,679.4869230769231,8833.33,1.3,3.857142857142857,3,2,2,Frequent High-Value Customers,0
C001377,6,640.3216666666667,3841.9300000000003,1.2,4.0,2,2,0,Budget Occasional Customers,0
C001378,13,689.1153846153846,8958.5,1.3,3.3333333333333335,4,3,2,Frequent High-Value Customers,0
C001379,6,893.3216666666667,5359.93,1.5,3.25,4,0,1,Premium Basket Customers,0
C001380,7,773.842857142857,5416.9,1.4,2.6666666666666665,1,2,1,Premium Basket Customers,0
C001381,11,862.0481818181819,9482.53,1.5714285714285714,3.7777777777777777,6,2,2,Frequent High-Value Customers,0
C001382,6,1038.0416666666667,6228.25,1.0,2.5,3,2,1,Premium Basket Customers,0
C001383,10,902.1120000000001,9021.12,1.25,3.3333333333333335,3,0,1,Premium Basket Customers,0
C001384,8,932.22375,7457.79,1.1428571428571428,4.666666666666667,4,1,1,Premium Basket Customers,0
C001385,11,631.8836363636364,6950.72,1.375,3.142857142857143,5,0,2,Frequent High-Value Customers,0
C001386,10,835.1850000000001,8351.85,1.25,4.0,5,2,2,Frequent High-Value Customers,0
C001387,7,810.2528571428572,5671.77,1.75,3.6666666666666665,4,2,2,Frequent High-Value Customers,0
C001388,13,928.446923076923,12069.81,1.4444444444444444,3.9,6,7,2,Frequent High-Value Customers,0
C001389,12,615.2825,7383.39,1.2,3.2857142857142856,6,2,2,Frequent High-Value Customers,0
C001390,7,669.4157142857142,4685.91,1.0,4.0,4,1,0,Budget Occasional Customers,0
C001391,9,672.67,6054.03,1.125,4.0,1,3,0,Budget Occasional Customers,0
C001392,6,622.5749999999999,3735.45,1.0,3.0,1,2,0,Budget Occasional Customers,0
C001393,9,761.8266666666667,6856.4400000000005,1.5,3.75,5,1,2,Frequent High-Value Customers,0
C001394,11,783.7036363636363,8620.74,1.2222222222222223,3.0,5,5,2,Frequent High-Value Customers,0
C001395,8,669.1287500000001,5353.030000000001,1.1428571428571428,3.3333333333333335,2,2,0,Budget Occasional Customers,0
C001396,10,544.712,5447.12,1.4285714285714286,4.0,5,2,2,Frequent High-Value Customers,0
C001397,7,481.58714285714285,3371.11,1.4,2.8333333333333335,4,1,0,Budget Occasional Customers,0
C001398,7,1253.4142857142856,8773.9,1.0,2.8333333333333335,1,1,1,Premium Basket Customers,0
C001399,7,524.0414285714286,3668.29,1.1666666666666667,3.0,2,0,0,Budget Occasional Customers,0
C001400,8,689.01125,5512.09,1.3333333333333333,3.5,4,0,0,Budget Occasional Customers,0
C001401,9,780.5955555555556,7025.360000000001,1.2857142857142858,2.5,2,4,2,Frequent High-Value Customers,0
C001402,11,1027.8718181818183,11306.59,1.8333333333333333,3.5,4,5,2,Frequent High-Value Customers,-1
C001403,8,699.52125,5596.17,1.1428571428571428,3.75,1,1,0,Budget Occasional Customers,0
C001404,1,432.99,432.99,1.0,4.0,0,0,0,Budget Occasional Customers,0
C001405,9,1096.822222222222,9871.4,1.125,4.2,4,0,1,Premium Basket Customers,0
C001406,12,701.2833333333333,8415.4,1.3333333333333333,3.6666666666666665,4,2,2,Frequent High-Value Customers,0
C001407,10,839.0319999999999,8390.32,1.25,3.0,3,0,1,Premium Basket Customers,0
C001408,7,668.5328571428572,4679.7300000000005,1.4,3.6,1,1,0,Budget Occasional Customers,0
C001409,6,1048.425,6290.55,1.2,3.25,0,0,1,Premium Basket Customers,0
C001410,5,910.7540000000001,4553.77,1.25,4.25,1,1,1,Premium Basket Customers,0
C001411,8,690.485,5523.88,1.1428571428571428,4.0,3,0,0,Budget Occasional Customers,0
C001412,5,890.376,4451.88,1.0,3.0,1,1,1,Premium Basket Customers,0
C001413,11,975.1136363636364,10726.25,1.1,3.625,6,1,2,Frequent High-Value Customers,0
C001414,8,945.2687500000001,7562.150000000001,1.0,4.0,3,0,1,Premium Basket Customers,0
C001415,11,930.33,10233.630000000001,1.5714285714285714,2.875,5,2,2,Frequent High-Value Customers,0
C001416,14,830.5864285714287,11628.210000000001,1.75,2.3333333333333335,5,3,2,Frequent High-Value Customers,-1
C001417,6,861.1066666666667,5166.64,1.5,3.5,1,0,1,Premium Basket Customers,0
C001418,13,927.3192307692308,12055.15,1.1818181818181819,4.0,6,3,2,Frequent High-Value Customers,0
C001419,10,872.564,8725.64,1.1111111111111112,3.8,3,3,2,Frequent High-Value Customers,0
C001420,11,963.088181818182,10593.970000000001,1.375,3.4285714285714284,4,3,2,Frequent High-Value Customers,0
C001421,4,642.9,2571.6,1.3333333333333333,4.0,2,1,0,Budget Occasional Customers,0
C001422,7,649.6614285714286,4547.63,1.4,3.2,3,1,0,Budget Occasional Customers,0
C001423,9,866.8944444444445,7802.05,1.0,3.6,3,2,1,Premium Basket Customers,0
C001424,7,1240.6285714285714,8684.4,1.0,3.0,1,0,1,Premium Basket Customers,0
C001425,7,1114.1171428571429,7798.820000000001,1.1666666666666667,3.6666666666666665,3,0,1,Premium Basket Customers,0
C001426,14,688.1114285714285,9633.56,1.5555555555555556,4.142857142857143,3,2,2,Frequent High-Value Customers,0
C001427,8,903.0799999999999,7224.639999999999,1.1428571428571428,3.625,3,1,1,Premium Basket Customers,0
C001428,8,707.43,5659.44,1.1428571428571428,3.0,2,0,0,Budget Occasional Customers,0
C001429,6,726.7716666666666,4360.63,1.2,2.5,1,2,0,Budget Occasional Customers,0
C001430,8,627.42625,5019.41,1.1428571428571428,3.5,4,1,0,Budget Occasional Customers,0
C001431,6,685.09,4110.54,1.0,2.0,2,3,0,Budget Occasional Customers,0
C001432,10,802.4159999999999,8024.16,1.4285714285714286,4.0,2,1,0,Budget Occasional Customers,0
C001433,11,1028.0963636363635,11309.06,1.1,3.3333333333333335,3,2,1,Premium Basket Customers,0
C001434,6,610.82,3664.92,1.2,2.6666666666666665,1,1,0,Budget Occasional Customers,0
C001435,8,906.05125,7248.41,1.1428571428571428,3.8333333333333335,3,2,1,Premium Basket Customers,0
C001436,7,745.3785714285714,5217.65,1.1666666666666667,3.2,3,1,0,Budget Occasional Customers,0
C001437,11,892.5472727272728,9818.02,1.2222222222222223,2.75,6,0,2,Frequent High-Value Customers,0
C001438,9,794.4633333333334,7150.17,1.125,2.6,2,3,1,Premium Basket Customers,0
C001439,6,811.5666666666666,4869.4,1.5,2.6,2,0,1,Premium Basket Customers,0
C001440,8,1009.6537500000001,8077.2300000000005,1.3333333333333333,2.75,3,0,1,Premium Basket Customers,0
C001441,6,945.3816666666667,5672.29,1.5,4.0,1,1,1,Premium Basket Customers,0
C001442,7,1167.1471428571429,8170.030000000001,1.4,4.0,4,3,1,Premium Basket Customers,0
C001443,7,1023.3871428571429,7163.71,1.1666666666666667,3.6666666666666665,2,1,1,Premium Basket Customers,0
C001444,9,439.77666666666664,3957.99,1.125,2.857142857142857,2,2,0,Budget Occasional Customers,0
C001445,10,601.395,6013.95,1.4285714285714286,4.2,2,2,0,Budget Occasional Customers,0
C001446,8,685.49875,5483.99,1.0,3.0,4,3,0,Budget Occasional Customers,0
C001447,10,797.05,7970.5,1.4285714285714286,3.375,4,4,2,Frequent High-Value Customers,0
C001448,12,823.6158333333333,9883.39,1.5,3.375,2,4,2,Frequent High-Value Customers,0
C001449,6,678.5849999999999,4071.5099999999998,1.0,4.0,2,2,0,Budget Occasional Customers,0
C001450,11,902.8,9930.8,1.2222222222222223,3.5,6,0,2,Frequent High-Value Customers,0
C001451,9,866.2333333333333,7796.1,1.2857142857142858,3.4,4,1,1,Premium Basket Customers,0
C001452,11,1000.8881818181818,11009.77,1.5714285714285714,4.2,1,3,2,Frequent High-Value Customers,0
C001453,9,852.7077777777778,7674.37,1.5,3.0,3,1,1,Premium Basket Customers,0
C001454,7,758.4157142857142,5308.91,1.1666666666666667,4.4,2,2,0,Budget Occasional Customers,0
C001455,15,807.2353333333334,12108.53,1.3636363636363635,3.625,6,2,2,Frequent High-Value Customers,0
C001456,8,720.17625,5761.41,1.3333333333333333,3.8,1,3,0,Budget Occasional Customers,0
C001457,9,347.19777777777773,3124.7799999999997,1.5,3.2,4,3,2,Frequent High-Value Customers,0
C001458,7,514.63,3602.41,1.4,2.5,4,2,0,Budget Occasional Customers,0
C001459,8,683.63125,5469.05,1.6,3.2,1,2,0,Budget Occasional Customers,0
C001460,9,784.3366666666666,7059.03,1.125,4.25,5,0,0,Budget Occasional Customers,0
C001461,8,842.89625,6743.17,1.1428571428571428,3.5,4,2,1,Premium Basket Customers,0
C001462,10,962.9559999999999,9629.56,1.1111111111111112,3.5,3,2,1,Premium Basket Customers,0
C001463,5,1156.866,5784.33,1.0,4.0,4,2,1,Premium Basket Customers,0
C001464,9,672.4155555555556,6051.74,1.125,3.6666666666666665,3,0,0,Budget Occasional Customers,0
C001465,8,944.035,7552.28,1.3333333333333333,3.75,1,4,1,Premium Basket Customers,0
C001466,9,896.0855555555556,8064.77,1.5,4.2,6,3,2,Frequent High-Value Customers,0
C001467,9,870.5466666666666,7834.92,1.125,3.6666666666666665,4,1,1,Premium Basket Customers,0
C001468,6,890.6883333333334,5344.13,1.5,4.0,1,1,1,Premium Basket Customers,0
C001469,9,619.8044444444445,5578.24,1.2857142857142858,3.142857142857143,3,3,0,Budget Occasional Customers,0
C001470,7,767.1214285714286,5369.85,1.1666666666666667,2.5,1,1,1,Premium Basket Customers,0
C001471,8,726.8399999999999,5814.719999999999,1.1428571428571428,3.25,3,0,0,Budget Occasional Customers,0
C001472,8,902.5775,7220.62,1.1428571428571428,3.25,3,3,1,Premium Basket Customers,0
C001473,12,583.2608333333334,6999.13,1.0909090909090908,3.75,4,5,2,Frequent High-Value Customers,0
C001474,5,649.736,3248.68,1.25,3.75,2,1,0,Budget Occasional Customers,0
C001475,7,1046.277142857143,7323.9400000000005,1.4,3.1666666666666665,2,2,1,Premium Basket Customers,0
C001476,8,703.6437500000001,5629.150000000001,1.1428571428571428,3.0,3,1,0,Budget Occasional Customers,0
C001477,9,943.4144444444444,8490.73,1.125,2.8,2,1,1,Premium Basket Customers,0
C001478,8,881.5575,7052.46,1.3333333333333333,3.6,4,2,2,Frequent High-Value Customers,0
C001479,5,1151.15,5755.75,1.0,3.75,2,0,1,Premium Basket Customers,0
C001480,9,831.4533333333334,7483.08,1.5,3.5,3,1,2,Frequent High-Value Customers,0
C001481,6,840.7116666666667,5044.27,1.5,4.0,2,0,0,Budget Occasional Customers,0
C001482,6,881.035,5286.21,1.0,2.8,1,0,1,Premium Basket Customers,0
C001483,9,709.3577777777778,6384.22,1.0,4.0,3,3,0,Budget Occasional Customers,0
C001484,7,969.9157142857142,6789.41,1.1666666666666667,4.0,2,1,1,Premium Basket Customers,0
C001485,6,813.2383333333333,4879.43,1.2,3.2,1,1,1,Premium Basket Customers,0
C001486,6,818.5300000000001,4911.18,1.2,3.2,1,1,1,Premium Basket Customers,0
C001487,6,689.1366666666667,4134.82,1.0,3.4,2,1,0,Budget Occasional Customers,0
C001488,10,486.576,4865.76,1.4285714285714286,3.2222222222222223,3,1,0,Budget Occasional Customers,0
C001489,12,980.7958333333332,11769.55,1.5,3.5,5,0,2,Frequent High-Value Customers,0
C001490,8,1043.41,8347.28,1.1428571428571428,3.8333333333333335,4,2,1,Premium Basket Customers,0
C001491,7,717.1814285714287,5020.27,1.4,3.5,1,2,0,Budget Occasional Customers,0
C001492,6,654.2366666666666,3925.4199999999996,1.2,2.6,3,1,0,Budget Occasional Customers,0
C001493,10,700.638,7006.38,1.1111111111111112,3.1666666666666665,2,1,0,Budget Occasional Customers,0
C001494,10,795.1270000000001,7951.27,1.4285714285714286,3.6,3,2,2,Frequent High-Value Customers,0
C001495,8,973.7637500000001,7790.110000000001,1.3333333333333333,3.2,4,3,2,Frequent High-Value Customers,0
C001496,15,839.8453333333333,12597.68,1.5,3.0,8,1,2,Frequent High-Value Customers,0
C001497,9,1117.2977777777778,10055.68,1.2857142857142858,3.142857142857143,6,3,2,Frequent High-Value Customers,0
C001498,8,869.08875,6952.71,1.1428571428571428,4.0,5,3,2,Frequent High-Value Customers,0
C001499,7,1058.4928571428572,7409.450000000001,1.1666666666666667,3.5,4,0,1,Premium Basket Customers,0
C001500,7,838.4414285714286,5869.09,1.4,3.6666666666666665,3,2,0,Budget Occasional Customers,0
C001501,7,829.6728571428572,5807.71,1.0,3.6666666666666665,1,2,0,Budget Occasional Customers,0
C001502,8,1031.43875,8251.51,1.6,4.0,1,0,1,Premium Basket Customers,0
C001503,12,749.6374999999999,8995.65,1.3333333333333333,3.0,7,3,2,Frequent High-Value Customers,0
C001504,5,673.4359999999999,3367.18,1.0,3.3333333333333335,1,1,0,Budget Occasional Customers,0
C001505,7,993.5200000000001,6954.64,1.4,2.75,2,2,1,Premium Basket Customers,0
C001506,10,980.967,9809.67,1.4285714285714286,3.1666666666666665,3,2,2,Frequent High-Value Customers,0
C001507,8,827.115,6616.92,1.3333333333333333,4.0,4,3,2,Frequent High-Value Customers,0
C001508,7,573.9514285714286,4017.66,1.4,3.4,2,1,0,Budget Occasional Customers,0
C001509,10,814.517,8145.17,1.1111111111111112,3.5714285714285716,2,2,0,Budget Occasional Customers,0
C001510,11,674.03,7414.33,1.375,3.4444444444444446,6,1,2,Frequent High-Value Customers,0
C001511,7,506.8157142857143,3547.71,1.0,3.25,4,1,0,Budget Occasional Customers,0
C001512,7,899.9885714285714,6299.92,1.4,4.0,3,0,1,Premium Basket Customers,0
C001513,4,939.0925,3756.37,1.3333333333333333,3.5,2,1,1,Premium Basket Customers,0
C001514,9,770.2122222222222,6931.91,1.8,2.8333333333333335,0,2,2,Frequent High-Value Customers,0
C001515,10,738.909,7389.09,1.25,3.6666666666666665,6,1,2,Frequent High-Value Customers,0
C001516,3,1047.76,3143.2799999999997,1.0,2.5,0,0,1,Premium Basket Customers,0
C001517,4,483.92499999999995,1935.6999999999998,1.0,3.4196588952056444,3,1,0,Budget Occasional Customers,0
C001518,9,652.8255555555556,5875.43,1.2857142857142858,3.6666666666666665,5,3,2,Frequent High-Value Customers,0
C001519,12,774.3299999999999,9291.96,1.3333333333333333,3.625,2,5,2,Frequent High-Value Customers,0
C001520,11,897.2772727272727,9870.05,1.375,3.0,4,1,2,Frequent High-Value Customers,0
C001521,11,874.2636363636364,9616.9,1.5714285714285714,3.875,3,1,2,Frequent High-Value Customers,0
C001522,10,666.7,6667.0,1.1111111111111112,3.7142857142857144,1,1,0,Budget Occasional Customers,0
C001523,8,885.28875,7082.31,1.3333333333333333,4.0,1,1,1,Premium Basket Customers,0
C001524,9,864.0922222222222,7776.83,1.5,3.5,2,0,1,Premium Basket Customers,0
C001525,3,510.7733333333333,1532.32,1.0,5.0,2,1,0,Budget Occasional Customers,0
C001526,9,679.3977777777777,6114.58,1.125,3.8333333333333335,1,0,0,Budget Occasional Customers,0
C001527,5,721.894,3609.4700000000003,1.0,4.2,3,0,0,Budget Occasional Customers,0
C001528,10,1181.7040000000002,11817.04,1.4285714285714286,3.3333333333333335,3,4,2,Frequent High-Value Customers,0
C001529,8,640.9925000000001,5127.9400000000005,1.0,3.7142857142857144,5,1,0,Budget Occasional Customers,0
C001530,8,1244.6725,9957.38,1.3333333333333333,3.5,1,0,1,Premium Basket Customers,0
C001531,4,630.9749999999999,2523.8999999999996,1.0,4.0,0,1,0,Budget Occasional Customers,0
C001532,13,589.9215384615384,7668.98,1.3,3.5714285714285716,5,2,2,Frequent High-Value Customers,0
C001533,9,730.2366666666667,6572.13,1.0,3.0,5,1,0,Budget Occasional Customers,0
C001534,8,891.0325,7128.26,1.1428571428571428,4.4,2,1,1,Premium Basket Customers,0
C001535,6,751.0616666666666,4506.37,1.2,4.0,0,0,0,Budget Occasional Customers,0
C001536,8,688.46625,5507.73,1.6,3.6666666666666665,2,1,0,Budget Occasional Customers,0
C001537,9,760.9100000000001,6848.1900000000005,1.125,3.4285714285714284,3,0,0,Budget Occasional Customers,0
C001538,12,870.1366666666667,10441.64,1.3333333333333333,3.857142857142857,7,2,2,Frequent High-Value Customers,0
C001539,6,799.96,4799.76,1.2,3.4,3,0,0,Budget Occasional Customers,0
C001540,11,768.2354545454546,8450.59,1.375,3.8333333333333335,4,2,2,Frequent High-Value Customers,0
C001541,11,720.1690909090909,7921.86,1.8333333333333333,3.0,2,0,2,Frequent High-Value Customers,0
C001542,6,558.945,3353.67,1.2,4.0,1,1,0,Budget Occasional Customers,0
C001543,8,994.65625,7957.25,2.6666666666666665,3.0,4,1,2,Frequent High-Value Customers,-1
C001544,8,777.1725,6217.38,1.3333333333333333,2.6,4,0,1,Premium Basket Customers,0
C001545,8,902.26125,7218.09,1.1428571428571428,3.5,3,3,1,Premium Basket Customers,0
C001546,8,1145.0175,9160.14,1.1428571428571428,2.8333333333333335,3,1,1,Premium Basket Customers,0
C001547,8,547.4925000000001,4379.9400000000005,1.3333333333333333,4.125,5,1,0,Budget Occasional Customers,0
C001548,4,600.96,2403.84,1.3333333333333333,4.0,1,1,0,Budget Occasional Customers,0
C001549,6,643.2633333333333,3859.58,1.0,2.75,2,2,0,Budget Occasional Customers,0
C001550,14,857.2807142857143,12001.93,1.2727272727272727,3.6666666666666665,4,1,2,Frequent High-Value Customers,0
C001551,8,689.635,5517.08,1.0,2.0,2,0,0,Budget Occasional Customers,0
C001552,9,988.958888888889,8900.630000000001,1.2857142857142858,3.4,4,3,2,Frequent High-Value Customers,0
C001553,8,712.27625,5698.21,1.1428571428571428,3.6666666666666665,1,0,0,Budget Occasional Customers,0
C001554,10,737.351,7373.51,1.25,3.2,6,1,2,Frequent High-Value Customers,0
C001555,13,805.1284615384616,10466.67,1.4444444444444444,4.0,6,1,2,Frequent High-Value Customers,0
C001556,7,581.0442857142857,4067.31,1.1666666666666667,3.8,3,2,0,Budget Occasional Customers,0
C001557,9,940.6455555555555,8465.81,1.125,3.7142857142857144,5,0,1,Premium Basket Customers,0
C001558,10,669.171,6691.71,1.1111111111111112,4.25,5,2,0,Budget Occasional Customers,0
C001559,5,761.944,3809.72,1.0,2.4,0,2,1,Premium Basket Customers,0
C001560,4,1051.0725,4204.29,1.3333333333333333,3.0,0,1,1,Premium Basket Customers,0
C001561,11,738.76,8126.36,1.375,3.125,5,1,2,Frequent High-Value Customers,0
C001562,12,885.4883333333333,10625.86,1.7142857142857142,3.6666666666666665,3,1,2,Frequent High-Value Customers,0
C001563,7,667.7842857142857,4674.49,1.1666666666666667,3.75,3,0,0,Budget Occasional Customers,0
C001564,7,1120.2357142857143,7841.65,1.0,3.0,1,2,1,Premium Basket Customers,0
C001565,8,1114.8025,8918.42,1.3333333333333333,2.6,1,2,1,Premium Basket Customers,0
C001566,11,638.1309090909091,7019.4400000000005,1.375,3.5,6,1,2,Frequent High-Value Customers,0
C001567,11,710.1772727272727,7811.95,1.375,2.6666666666666665,2,2,2,Frequent High-Value Customers,0
C001568,12,936.0425,11232.51,1.7142857142857142,3.625,3,1,2,Frequent High-Value Customers,0
C001569,10,834.622,8346.22,1.1111111111111112,3.3333333333333335,3,1,1,Premium Basket Customers,0
C001570,8,915.14875,7321.19,1.1428571428571428,3.3333333333333335,1,0,1,Premium Basket Customers,0
C001571,6,778.3383333333333,4670.03,1.0,4.0,2,0,0,Budget Occasional Customers,0
C001572,17,859.7235294117646,14615.3,1.8888888888888888,3.875,7,4,2,Frequent High-Value Customers,-1
C001573,11,819.2036363636363,9011.24,1.5714285714285714,3.7142857142857144,5,6,2,Frequent High-Value Customers,0
C001574,5,661.5319999999999,3307.66,1.0,4.0,3,1,0,Budget Occasional Customers,0
C001575,6,784.7783333333333,4708.67,1.0,3.0,3,2,0,Budget Occasional Customers,0
C001576,8,719.31375,5754.51,1.3333333333333333,3.5,4,1,0,Budget Occasional Customers,0
C001577,5,631.564,3157.8199999999997,1.25,2.0,0,1,0,Budget Occasional Customers,0
C001578,11,904.0827272727273,9944.91,1.2222222222222223,3.6,3,4,2,Frequent High-Value Customers,0
C001579,8,699.175,5593.4,1.3333333333333333,4.333333333333333,2,3,0,Budget Occasional Customers,0
C001580,10,743.6030000000001,7436.030000000001,1.25,3.4,2,4,2,Frequent High-Value Customers,0
C001581,12,729.2441666666667,8750.93,1.3333333333333333,3.7142857142857144,4,4,2,Frequent High-Value Customers,0
C001582,12,818.9641666666666,9827.57,1.3333333333333333,4.428571428571429,4,2,2,Frequent High-Value Customers,0
C001583,4,670.4100000000001,2681.6400000000003,1.3333333333333333,4.0,1,0,0,Budget Occasional Customers,0
C001584,12,689.2741666666666,8271.289999999999,1.2,3.0,2,2,0,Budget Occasional Customers,0
C001585,11,899.6700000000001,9896.37,1.2222222222222223,4.166666666666667,7,2,2,Frequent High-Value Customers,0
C001586,11,769.5918181818182,8465.51,1.375,3.5,6,0,2,Frequent High-Value Customers,0
C001587,11,642.1954545454545,7064.15,1.5714285714285714,3.0,4,0,2,Frequent High-Value Customers,0
C001588,15,658.6273333333334,9879.41,1.6666666666666667,3.6666666666666665,5,5,2,Frequent High-Value Customers,0
C001589,4,1060.2375,4240.95,1.3333333333333333,3.3333333333333335,2,1,1,Premium Basket Customers,0
C001590,7,811.1157142857144,5677.81,1.1666666666666667,4.0,4,1,0,Budget Occasional Customers,0
C001591,9,657.1055555555555,5913.95,1.125,4.0,3,2,0,Budget Occasional Customers,0
C001592,8,595.28875,4762.31,1.3333333333333333,3.1666666666666665,6,2,2,Frequent High-Value Customers,0
C001593,6,808.6700000000001,4852.02,1.2,3.3333333333333335,1,2,0,Budget Occasional Customers,0
C001594,9,818.4344444444445,7365.91,1.125,3.4285714285714284,3,1,0,Budget Occasional Customers,0
C001595,8,952.94875,7623.59,1.3333333333333333,2.8,2,3,1,Premium Basket Customers,0
C001596,3,364.75333333333333,1094.26,1.0,3.5,0,0,0,Budget Occasional Customers,0
C001597,10,799.626,7996.26,1.4285714285714286,3.4285714285714284,4,3,2,Frequent High-Value Customers,0
C001598,11,873.8418181818182,9612.26,1.0,3.4,5,0,1,Premium Basket Customers,0
C001599,9,854.37,7689.33,1.125,4.166666666666667,3,1,0,Budget Occasional Customers,0
C001600,9,972.2577777777777,8750.32,1.0,3.4285714285714284,1,1,1,Premium Basket Customers,0
C001601,10,811.7650000000001,8117.650000000001,1.1111111111111112,3.6666666666666665,3,2,0,Budget Occasional Customers,0
C001602,7,810.0942857142857,5670.66,1.4,3.0,1,0,1,Premium Basket Customers,0
C001603,3,1128.62,3385.8599999999997,1.0,3.6666666666666665,3,0,1,Premium Basket Customers,0
C001604,9,406.20222222222225,3655.82,1.0,3.4,2,3,0,Budget Occasional Customers,0
C001605,8,1078.30875,8626.47,1.3333333333333333,3.1666666666666665,3,1,1,Premium Basket Customers,0
C001606,12,621.7658333333333,7461.19,1.2,3.0,0,1,0,Budget Occasional Customers,0
C001607,10,654.775,6547.75,1.4285714285714286,3.75,2,1,0,Budget Occasional Customers,0
C001608,8,702.89875,5623.19,1.6,2.8333333333333335,3,2,2,Frequent High-Value Customers,0
C001609,4,880.655,3522.62,1.0,4.0,2,1,1,Premium Basket Customers,0
C001610,10,726.313,7263.13,1.6666666666666667,3.0,2,3,2,Frequent High-Value Customers,0
C001611,9,780.3866666666667,7023.48,1.125,3.0,4,1,0,Budget Occasional Customers,0
C001612,6,880.64,5283.84,1.2,3.6,1,1,1,Premium Basket Customers,0
C001613,10,555.626,5556.26,1.1111111111111112,3.4444444444444446,3,0,0,Budget Occasional Customers,0
C001614,8,1078.40875,8627.27,1.6,3.2857142857142856,1,1,1,Premium Basket Customers,0
C001615,16,666.059375,10656.95,1.6,3.111111111111111,5,0,2,Frequent High-Value Customers,0
C001616,8,781.0025,6248.02,1.1428571428571428,3.5,1,0,0,Budget Occasional Customers,0
C001617,10,1112.855,11128.550000000001,1.25,3.75,3,2,1,Premium Basket Customers,0
C001618,10,674.597,6745.97,1.4285714285714286,3.0,5,1,2,Frequent High-Value Customers,0
C001619,3,978.12,2934.36,1.0,4.0,2,0,1,Premium Basket Customers,0
C001620,12,720.8408333333333,8650.09,1.0909090909090908,3.9,5,2,2,Frequent High-Value Customers,0
C001621,7,809.1128571428571,5663.79,1.1666666666666667,3.0,4,1,1,Premium Basket Customers,0
C001622,9,793.4211111111111,7140.79,1.2857142857142858,3.7142857142857144,7,1,2,Frequent High-Value Customers,0
C001623,12,814.9708333333333,9779.65,1.5,3.0,4,3,2,Frequent High-Value Customers,0
C001624,10,732.7879999999999,7327.879999999999,1.6666666666666667,3.2,1,3,2,Frequent High-Value Customers,0
C001625,6,1189.2033333333334,7135.22,1.2,4.25,3,1,1,Premium Basket Customers,0
C001626,8,669.09875,5352.79,1.3333333333333333,3.0,3,0,0,Budget Occasional Customers,0
C001627,10,581.885,5818.849999999999,1.25,3.5714285714285716,6,0,0,Budget Occasional Customers,0
C001628,9,730.1366666666667,6571.23,1.125,3.142857142857143,4,2,0,Budget Occasional Customers,0
C001629,14,869.1492857142857,12168.09,1.4,3.25,2,3,2,Frequent High-Value Customers,0
C001630,8,739.68875,5917.51,1.1428571428571428,3.75,5,2,0,Budget Occasional Customers,0
C001631,7,788.9499999999999,5522.65,1.0,3.75,2,3,0,Budget Occasional Customers,0
C001632,12,710.7566666666667,8529.08,1.7142857142857142,3.6,6,2,2,Frequent High-Value Customers,0
C001633,10,599.31,5993.099999999999,1.1111111111111112,4.0,2,3,0,Budget Occasional Customers,0
C001634,6,694.9733333333334,4169.84,1.2,3.25,3,3,0,Budget Occasional Customers,0
C001635,10,869.338,8693.38,1.25,3.4285714285714284,1,4,2,Frequent High-Value Customers,0
C001636,10,568.514,5685.14,1.4285714285714286,2.7142857142857144,6,2,2,Frequent High-Value Customers,0
C001637,8,1221.81,9774.48,1.0,3.857142857142857,2,3,1,Premium Basket Customers,0
C001638,9,870.0633333333333,7830.57,1.2857142857142858,3.2,3,1,1,Premium Basket Customers,0
C001639,11,658.7127272727273,7245.84,1.5714285714285714,3.0,6,3,2,Frequent High-Value Customers,0
C001640,10,963.0690000000001,9630.69,1.25,3.625,4,3,2,Frequent High-Value Customers,0
C001641,9,640.7344444444444,5766.61,1.125,2.6666666666666665,5,2,0,Budget Occasional Customers,0
C001642,12,891.645,10699.74,1.2,2.9,7,4,2,Frequent High-Value Customers,0
C001643,10,951.05,9510.5,1.25,2.625,3,1,1,Premium Basket Customers,0
C001644,9,767.9255555555555,6911.33,1.125,3.5,2,1,0,Budget Occasional Customers,0
C001645,4,815.6125,3262.45,1.0,3.0,2,1,1,Premium Basket Customers,0
C001646,6,948.9749999999999,5693.849999999999,1.0,3.3333333333333335,1,0,1,Premium Basket Customers,0
C001647,14,834.1128571428571,11677.58,1.5555555555555556,3.375,6,2,2,Frequent High-Value Customers,0
C001648,13,828.8815384615384,10775.46,1.3,3.888888888888889,3,2,2,Frequent High-Value Customers,0
C001649,7,886.1228571428571,6202.86,1.1666666666666667,2.5,3,0,1,Premium Basket Customers,0
C001650,8,834.7237500000001,6677.790000000001,1.1428571428571428,3.0,0,3,1,Premium Basket Customers,0
C001651,8,1199.01125,9592.09,1.1428571428571428,4.333333333333333,3,4,1,Premium Basket Customers,0
C001652,11,879.0763636363637,9669.84,1.2222222222222223,4.0,1,2,1,Premium Basket Customers,0
C001653,12,862.0583333333334,10344.7,1.5,3.875,5,4,2,Frequent High-Value Customers,0
C001654,5,688.566,3442.83,1.25,4.0,2,1,0,Budget Occasional Customers,0
C001655,10,835.5139999999999,8355.14,1.1111111111111112,3.0,4,3,2,Frequent High-Value Customers,0
C001656,11,689.8272727272728,7588.1,1.375,3.2857142857142856,3,4,2,Frequent High-Value Customers,0
C001657,11,776.0918181818182,8537.01,1.0,3.2222222222222223,4,1,0,Budget Occasional Customers,0
C001658,8,928.1075,7424.86,1.0,2.5,3,1,1,Premium Basket Customers,0
C001659,15,724.3353333333332,10865.029999999999,1.3636363636363635,3.2857142857142856,2,4,2,Frequent High-Value Customers,0
C001660,7,832.2542857142856,5825.78,1.1666666666666667,2.6666666666666665,2,1,1,Premium Basket Customers,0
C001661,7,748.4385714285714,5239.07,1.0,3.2,3,1,0,Budget Occasional Customers,0
C001662,6,707.2333333333335,4243.400000000001,1.2,2.75,1,2,0,Budget Occasional Customers,0
C001663,11,893.0609090909091,9823.67,1.5714285714285714,3.0,6,1,2,Frequent High-Value Customers,0
C001664,8,755.57125,6044.57,1.1428571428571428,2.5,2,1,0,Budget Occasional Customers,0
C001665,6,756.1833333333333,4537.099999999999,1.2,3.5,1,2,0,Budget Occasional Customers,0
C001666,6,759.32,4555.92,1.2,3.0,2,1,0,Budget Occasional Customers,0
C001667,12,844.8449999999999,10138.14,1.2,2.75,2,2,1,Premium Basket Customers,0
C001668,5,715.24,3576.2,1.25,3.5,2,1,0,Budget Occasional Customers,0
C001669,13,941.3569230769231,12237.64,1.4444444444444444,4.0,4,3,2,Frequent High-Value Customers,0
C001670,11,917.5590909090909,10093.15,1.5714285714285714,3.0,4,1,2,Frequent High-Value Customers,0
C001671,3,1120.11,3360.33,1.0,3.5,1,0,1,Premium Basket Customers,0
C001672,15,672.806,10092.09,1.5,3.4166666666666665,4,1,2,Frequent High-Value Customers,0
C001673,10,863.5540000000001,8635.54,1.25,3.0,4,3,2,Frequent High-Value Customers,0
C001674,3,885.2533333333334,2655.76,1.0,2.6666666666666665,1,1,1,Premium Basket Customers,0
C001675,13,1004.8830769230769,13063.48,1.4444444444444444,3.2857142857142856,2,3,2,Frequent High-Value Customers,0
C001676,9,760.6266666666667,6845.64,1.8,3.6666666666666665,1,1,0,Budget Occasional Customers,0
C001677,4,803.425,3213.7,1.0,3.5,1,0,0,Budget Occasional Customers,0
C001678,2,1077.17,2154.34,1.0,4.0,0,0,1,Premium Basket Customers,0
C001679,12,839.7858333333334,10077.43,1.2,2.7777777777777777,8,3,2,Frequent High-Value Customers,0
C001680,11,1067.2727272727273,11740.0,1.1,2.875,5,2,1,Premium Basket Customers,0
C001681,12,863.3891666666667,10360.67,1.7142857142857142,4.125,3,5,2,Frequent High-Value Customers,0
C001682,12,915.4783333333334,10985.74,1.5,3.5,4,5,2,Frequent High-Value Customers,0
C001683,6,661.7483333333333,3970.4900000000002,1.2,2.8,2,1,0,Budget Occasional Customers,0
C001684,11,715.1927272727272,7867.12,1.1,2.857142857142857,3,1,0,Budget Occasional Customers,0
C001685,5,960.088,4800.44,1.0,3.0,1,0,1,Premium Basket Customers,0
C001686,9,899.3811111111112,8094.43,1.2857142857142858,3.4,3,0,1,Premium Basket Customers,0
C001687,7,993.8942857142857,6957.26,1.0,3.2,3,1,1,Premium Basket Customers,0
C001688,8,944.89625,7559.17,1.6,3.75,0,0,1,Premium Basket Customers,0
C001689,15,537.2873333333333,8059.3099999999995,1.6666666666666667,3.625,3,2,2,Frequent High-Value Customers,0
C001690,10,769.1139999999999,7691.139999999999,1.25,3.3333333333333335,4,0,0,Budget Occasional Customers,0
C001691,9,1155.2166666666667,10396.95,1.125,3.6,4,0,1,Premium Basket Customers,0
C001692,9,792.1022222222223,7128.92,1.5,3.4,1,1,0,Budget Occasional Customers,0
C001693,8,637.1637499999999,5097.3099999999995,1.3333333333333333,3.25,3,0,0,Budget Occasional Customers,0
C001694,10,546.793,5467.93,1.25,4.0,3,2,0,Budget Occasional Customers,0
C001695,10,833.7610000000001,8337.61,1.4285714285714286,3.0,1,3,2,Frequent High-Value Customers,0
C001696,14,683.2242857142857,9565.14,1.4,3.111111111111111,5,4,2,Frequent High-Value Customers,0
C001697,5,769.496,3847.48,1.25,3.5,3,0,0,Budget Occasional Customers,0
C001698,10,923.3530000000001,9233.53,1.1111111111111112,3.142857142857143,9,2,2,Frequent High-Value Customers,0
C001699,10,868.6439999999999,8686.439999999999,1.25,2.2,2,2,1,Premium Basket Customers,0
C001700,6,723.7866666666667,4342.72,1.0,3.6666666666666665,1,0,0,Budget Occasional Customers,0
C001701,11,650.2572727272727,7152.83,1.5714285714285714,3.111111111111111,6,0,2,Frequent High-Value Customers,0
C001702,8,688.4037500000001,5507.2300000000005,1.0,3.6,4,0,0,Budget Occasional Customers,0
C001703,13,1131.5723076923077,14710.44,1.625,3.25,5,3,2,Frequent High-Value Customers,0
C001704,7,926.8985714285715,6488.29,1.0,3.0,2,0,1,Premium Basket Customers,0
C001705,10,891.3369999999999,8913.369999999999,1.6666666666666667,3.8333333333333335,3,0,2,Frequent High-Value Customers,0
C001706,6,944.7483333333333,5668.49,1.0,4.0,3,1,1,Premium Basket Customers,0
C001707,10,806.278,8062.78,1.6666666666666667,3.625,2,4,2,Frequent High-Value Customers,0
C001708,10,947.5870000000001,9475.87,1.25,3.2222222222222223,4,3,2,Frequent High-Value Customers,0
C001709,5,745.704,3728.52,1.6666666666666667,3.6666666666666665,1,1,0,Budget Occasional Customers,0
C001710,9,784.0588888888889,7056.53,1.2857142857142858,3.0,4,1,0,Budget Occasional Customers,0
C001711,9,858.5588888888889,7727.03,1.5,3.2,1,0,1,Premium Basket Customers,0
C001712,14,846.5428571428572,11851.6,1.4,3.7142857142857144,5,5,2,Frequent High-Value Customers,0
C001713,10,1004.124,10041.24,1.6666666666666667,2.75,3,4,2,Frequent High-Value Customers,0
C001714,8,658.21,5265.68,1.1428571428571428,3.4196588952056444,5,2,0,Budget Occasional Customers,0
C001715,6,722.77,4336.62,1.5,3.0,2,2,0,Budget Occasional Customers,0
C001716,9,549.0633333333333,4941.57,1.2857142857142858,3.6,4,2,0,Budget Occasional Customers,0
C001717,5,741.754,3708.77,1.0,3.5,0,2,0,Budget Occasional Customers,0
C001718,15,789.6373333333333,11844.56,1.6666666666666667,4.0,4,2,2,Frequent High-Value Customers,0
C001719,7,577.9499999999999,4045.6499999999996,1.1666666666666667,3.0,5,1,0,Budget Occasional Customers,0
C001720,8,580.74625,4645.97,1.0,4.0,2,3,0,Budget Occasional Customers,0
C001721,9,717.9733333333334,6461.76,1.2857142857142858,3.8,2,5,2,Frequent High-Value Customers,0
C001722,10,762.742,7627.42,1.4285714285714286,2.8333333333333335,3,1,2,Frequent High-Value Customers,0
C001723,10,838.875,8388.75,1.25,4.5,6,3,2,Frequent High-Value Customers,0
C001724,5,1122.344,5611.72,1.25,3.6666666666666665,2,2,1,Premium Basket Customers,0
C001725,9,705.9755555555555,6353.78,1.2857142857142858,3.0,3,2,0,Budget Occasional Customers,0
C001726,14,872.7457142857144,12218.44,1.4,3.5,7,2,2,Frequent High-Value Customers,0
C001727,7,693.85,4856.95,1.4,3.5,3,2,0,Budget Occasional Customers,0
C001728,6,532.645,3195.87,1.2,3.5,3,1,0,Budget Occasional Customers,0
C001729,9,828.1711111111111,7453.54,1.5,3.0,6,0,2,Frequent High-Value Customers,0
C001730,7,962.9799999999999,6740.86,1.1666666666666667,4.0,3,0,1,Premium Basket Customers,0
C001731,3,764.88,2294.64,1.0,3.4196588952056444,2,0,0,Budget Occasional Customers,0
C001732,11,697.7481818181818,7675.23,1.2222222222222223,3.4444444444444446,6,2,2,Frequent High-Value Customers,0
C001733,12,722.755,8673.06,1.2,3.5,2,0,0,Budget Occasional Customers,0
C001734,7,921.5957142857143,6451.17,1.1666666666666667,3.0,4,4,1,Premium Basket Customers,0
C001735,13,803.41,10444.33,1.1818181818181819,4.0,5,4,2,Frequent High-Value Customers,0
C001736,7,765.3928571428571,5357.75,1.1666666666666667,3.75,7,0,0,Budget Occasional Customers,0
C001737,14,1247.635,17466.89,1.5555555555555556,3.1,8,5,2,Frequent High-Value Customers,-1
C001738,7,760.6271428571428,5324.389999999999,1.4,3.4,2,3,0,Budget Occasional Customers,0
C001739,11,823.15,9054.65,1.2222222222222223,3.625,4,3,2,Frequent High-Value Customers,0
C001740,7,1155.3842857142859,8087.6900000000005,1.1666666666666667,3.2,3,1,1,Premium Basket Customers,0
C001741,12,794.8533333333334,9538.24,1.5,3.6,8,3,2,Frequent High-Value Customers,0
C001742,8,759.78125,6078.25,1.3333333333333333,3.0,2,1,0,Budget Occasional Customers,0
C001743,9,820.86,7387.74,1.125,3.625,6,5,2,Frequent High-Value Customers,0
C001744,13,789.4315384615385,10262.61,1.8571428571428572,4.0,3,4,2,Frequent High-Value Customers,0
C001745,6,856.7666666666668,5140.6,1.2,3.75,0,1,1,Premium Basket Customers,0
C001746,11,946.5954545454545,10412.55,1.2222222222222223,3.75,2,4,2,Frequent High-Value Customers,0
C001747,8,838.2750000000001,6706.200000000001,1.3333333333333333,3.0,5,1,2,Frequent High-Value Customers,0
C001748,8,896.4375,7171.5,1.3333333333333333,3.125,1,3,1,Premium Basket Customers,0
C001749,17,810.5988235294118,13780.18,1.3076923076923077,3.272727272727273,4,4,2,Frequent High-Value Customers,0
C001750,8,767.57375,6140.59,1.0,3.8333333333333335,4,1,0,Budget Occasional Customers,0
C001751,7,905.22,6336.54,1.0,4.0,2,0,1,Premium Basket Customers,0
C001752,7,642.3571428571429,4496.5,1.1666666666666667,2.6666666666666665,4,1,0,Budget Occasional Customers,0
C001753,9,665.3722222222221,5988.349999999999,1.125,4.166666666666667,4,4,2,Frequent High-Value Customers,0
C001754,17,616.5264705882354,10480.95,1.5454545454545454,3.272727272727273,5,5,2,Frequent High-Value Customers,0
C001755,11,948.1700000000001,10429.87,1.375,2.6666666666666665,6,3,2,Frequent High-Value Customers,0
C001756,6,1255.7516666666668,7534.51,1.2,2.8,1,2,1,Premium Basket Customers,0
C001757,9,595.4188888888889,5358.77,1.5,2.75,5,0,0,Budget Occasional Customers,0
C001758,8,537.8575,4302.86,1.1428571428571428,3.6,2,1,0,Budget Occasional Customers,0
C001759,5,979.0120000000001,4895.06,1.25,2.5,2,1,1,Premium Basket Customers,0
C001760,10,1072.884,10728.84,1.6666666666666667,3.8,3,2,2,Frequent High-Value Customers,0
C001761,11,907.6436363636363,9984.08,1.8333333333333333,3.25,4,6,2,Frequent High-Value Customers,-1
C001762,7,728.2042857142858,5097.43,1.1666666666666667,4.0,3,2,0,Budget Occasional Customers,0
C001763,9,1079.611111111111,9716.5,1.2857142857142858,3.6,5,0,1,Premium Basket Customers,0
C001764,5,817.874,4089.37,1.25,3.0,1,1,1,Premium Basket Customers,0
C001765,5,762.086,3810.43,1.25,3.5,1,1,0,Budget Occasional Customers,0
C001766,10,966.799,9667.99,1.1111111111111112,2.6,5,1,1,Premium Basket Customers,0
C001767,6,1075.55,6453.3,1.5,3.25,1,1,1,Premium Basket Customers,0
C001768,7,740.5757142857143,5184.03,1.0,3.0,4,1,0,Budget Occasional Customers,0
C001769,7,924.8385714285714,6473.87,1.1666666666666667,3.6,0,1,1,Premium Basket Customers,0
C001770,9,738.1244444444444,6643.12,1.2857142857142858,3.75,4,1,0,Budget Occasional Customers,0
C001771,12,844.8716666666666,10138.46,1.2,3.5,2,2,2,Frequent High-Value Customers,0
C001772,9,634.3377777777778,5709.04,1.0,3.75,4,1,0,Budget Occasional Customers,0
C001773,12,765.7366666666667,9188.84,1.2,3.4285714285714284,6,3,2,Frequent High-Value Customers,0
C001774,9,883.1755555555555,7948.58,1.2857142857142858,2.8333333333333335,2,3,1,Premium Basket Customers,0
C001775,16,876.57125,14025.14,1.3333333333333333,3.25,6,2,2,Frequent High-Value Customers,0
C001776,7,716.1485714285715,5013.04,1.1666666666666667,3.4,4,3,0,Budget Occasional Customers,0
C001777,10,897.015,8970.15,1.1111111111111112,4.0,1,1,1,Premium Basket Customers,0
C001778,9,714.9744444444445,6434.77,1.125,3.5,3,2,0,Budget Occasional Customers,0
C001779,7,1000.0285714285714,7000.2,1.4,4.333333333333333,2,2,1,Premium Basket Customers,0
C001780,13,715.6115384615385,9302.95,1.3,3.5,9,1,2,Frequent High-Value Customers,0
C001781,10,688.245,6882.45,1.6666666666666667,3.2857142857142856,2,3,2,Frequent High-Value Customers,0
C001782,9,841.0477777777778,7569.43,1.2857142857142858,3.5,3,1,1,Premium Basket Customers,0
C001783,5,584.042,2920.21,1.25,3.0,2,0,0,Budget Occasional Customers,0
C001784,16,909.92125,14558.74,1.4545454545454546,3.1818181818181817,7,4,2,Frequent High-Value Customers,0
C001785,15,645.3953333333334,9680.93,1.5,3.5454545454545454,10,2,2,Frequent High-Value Customers,0
C001786,9,906.8644444444445,8161.780000000001,1.2857142857142858,2.75,3,1,1,Premium Basket Customers,0
C001787,10,791.494,7914.9400000000005,1.4285714285714286,3.0,3,0,0,Budget Occasional Customers,0
C001788,10,819.5260000000001,8195.26,1.4285714285714286,3.2,5,3,2,Frequent High-Value Customers,0
C001789,12,632.7916666666666,7593.5,1.3333333333333333,3.5714285714285716,3,3,2,Frequent High-Value Customers,0
C001790,7,636.7042857142858,4456.93,1.1666666666666667,1.5,2,1,0,Budget Occasional Customers,0
C001791,7,859.3657142857144,6015.56,1.0,4.25,2,0,0,Budget Occasional Customers,0
C001792,5,1293.002,6465.01,1.25,4.333333333333333,1,0,1,Premium Basket Customers,0
C001793,8,548.725,4389.8,1.0,4.2,4,0,0,Budget Occasional Customers,0
C001794,6,452.3983333333333,2714.39,1.0,4.0,3,2,0,Budget Occasional Customers,0
C001795,3,1026.0666666666666,3078.2,1.0,3.4196588952056444,0,0,1,Premium Basket Customers,0
C001796,11,1001.539090909091,11016.93,1.0,3.3333333333333335,4,1,1,Premium Basket Customers,0
C001797,8,856.1825,6849.46,1.1428571428571428,3.6666666666666665,2,2,1,Premium Basket Customers,0
C001798,8,857.065,6856.52,1.0,3.75,4,3,0,Budget Occasional Customers,0
C001799,7,857.7071428571428,6003.95,1.4,2.8333333333333335,2,1,1,Premium Basket Customers,0
C001800,11,942.0654545454545,10362.72,1.375,3.2857142857142856,4,2,2,Frequent High-Value Customers,0
C001801,11,664.1654545454545,7305.82,1.5714285714285714,2.4,3,3,2,Frequent High-Value Customers,0
C001802,10,1030.502,10305.02,1.6666666666666667,4.75,0,0,1,Premium Basket Customers,0
C001803,12,709.2800000000001,8511.36,1.2,3.7142857142857144,4,0,0,Budget Occasional Customers,0
C001804,8,882.325,7058.6,1.3333333333333333,4.666666666666667,1,0,0,Budget Occasional Customers,0
C001805,7,921.9128571428571,6453.389999999999,1.1666666666666667,4.666666666666667,4,2,1,Premium Basket Customers,0
C001806,8,767.6525,6141.22,1.3333333333333333,3.2,4,1,0,Budget Occasional Customers,0
C001807,4,445.5375,1782.15,1.0,3.3333333333333335,0,2,0,Budget Occasional Customers,0
C001808,14,481.0642857142857,6734.9,1.75,3.3333333333333335,4,4,2,Frequent High-Value Customers,-1
C001809,5,649.9159999999999,3249.58,1.0,2.5,1,0,0,Budget Occasional Customers,0
C001810,8,727.8687500000001,5822.950000000001,1.6,3.8,2,3,2,Frequent High-Value Customers,0
C001811,15,769.51,11542.65,1.3636363636363635,2.9166666666666665,5,2,2,Frequent High-Value Customers,0
C001812,10,542.389,5423.89,1.1111111111111112,2.875,4,3,0,Budget Occasional Customers,0
C001813,12,762.0625,9144.75,1.3333333333333333,2.625,6,1,2,Frequent High-Value Customers,0
C001814,8,788.68625,6309.49,1.6,4.2,6,3,2,Frequent High-Value Customers,0
C001815,10,804.722,8047.219999999999,1.25,3.7142857142857144,2,2,0,Budget Occasional Customers,0
C001816,10,715.4449999999999,7154.45,1.25,3.5714285714285716,4,2,2,Frequent High-Value Customers,0
C001817,11,898.5481818181819,9884.03,1.5714285714285714,3.5,4,1,2,Frequent High-Value Customers,0
C001818,14,973.8321428571428,13633.65,1.2727272727272727,3.7,7,3,2,Frequent High-Value Customers,0
C001819,9,1157.9522222222222,10421.57,1.8,3.3333333333333335,5,2,2,Frequent High-Value Customers,0
C001820,12,935.1558333333332,11221.869999999999,1.5,4.0,6,3,2,Frequent High-Value Customers,0
C001821,9,1012.0977777777779,9108.880000000001,1.2857142857142858,4.2,5,1,1,Premium Basket Customers,0
C001822,7,618.5428571428571,4329.799999999999,1.1666666666666667,2.0,1,2,0,Budget Occasional Customers,0
C001823,7,995.1800000000001,6966.26,1.0,3.5,1,2,1,Premium Basket Customers,0
C001824,8,819.72875,6557.83,1.3333333333333333,4.0,4,2,2,Frequent High-Value Customers,0
C001825,6,1083.9950000000001,6503.97,1.5,2.5,3,1,1,Premium Basket Customers,0
C001826,6,432.33166666666665,2593.99,1.0,3.0,2,1,0,Budget Occasional Customers,0
C001827,10,902.784,9027.84,1.25,4.222222222222222,1,1,1,Premium Basket Customers,0
C001828,13,868.8992307692308,11295.69,1.625,4.0,4,2,2,Frequent High-Value Customers,0
C001829,9,790.2955555555556,7112.66,1.125,3.4285714285714284,1,0,0,Budget Occasional Customers,0
C001830,5,547.932,2739.66,1.0,3.3333333333333335,3,0,0,Budget Occasional Customers,0
C001831,6,594.2533333333333,3565.52,1.2,3.75,1,1,0,Budget Occasional Customers,0
C001832,6,643.2866666666667,3859.7200000000003,1.2,3.6,0,1,0,Budget Occasional Customers,0
C001833,8,768.25375,6146.03,1.1428571428571428,4.333333333333333,5,2,0,Budget Occasional Customers,0
C001834,6,805.6133333333333,4833.68,1.2,2.25,3,1,1,Premium Basket Customers,0
C001835,5,870.534,4352.67,1.25,2.3333333333333335,0,0,1,Premium Basket Customers,0
C001836,7,777.4871428571429,5442.41,1.4,3.6666666666666665,2,2,0,Budget Occasional Customers,0
C001837,2,689.05,1378.1,1.0,2.0,0,0,0,Budget Occasional Customers,0
C001838,9,925.01,8325.09,1.2857142857142858,4.333333333333333,3,2,1,Premium Basket Customers,0
C001839,8,644.15875,5153.27,1.0,3.8333333333333335,4,1,0,Budget Occasional Customers,0
C001840,11,727.7127272727273,8004.84,1.5714285714285714,4.0,0,3,2,Frequent High-Value Customers,0
C001841,12,866.735,10400.82,1.3333333333333333,3.5,2,4,2,Frequent High-Value Customers,0
C001842,11,600.3045454545455,6603.35,1.1,3.25,2,1,0,Budget Occasional Customers,0
C001843,14,637.4792857142857,8924.71,1.4,4.0,7,2,2,Frequent High-Value Customers,0
C001844,14,904.4442857142857,12662.22,1.75,3.125,4,4,2,Frequent High-Value Customers,0
C001845,6,686.3466666666667,4118.08,1.5,4.0,3,0,0,Budget Occasional Customers,0
C001846,4,551.2900000000001,2205.1600000000003,1.0,2.6666666666666665,0,1,0,Budget Occasional Customers,0
C001847,11,929.5972727272728,10225.57,1.2222222222222223,4.0,4,0,1,Premium Basket Customers,0
C001848,4,414.57,1658.28,1.3333333333333333,2.6666666666666665,3,2,0,Budget Occasional Customers,0
C001849,9,982.9733333333334,8846.76,1.125,4.5,4,2,1,Premium Basket Customers,0
C001850,12,946.7791666666667,11361.35,1.7142857142857142,3.25,4,3,2,Frequent High-Value Customers,0
C001851,11,761.6381818181818,8378.02,1.5714285714285714,3.2,4,3,2,Frequent High-Value Customers,0
C001852,11,842.5545454545455,9268.1,1.5714285714285714,3.625,5,0,2,Frequent High-Value Customers,0
C001853,12,815.9408333333332,9791.289999999999,1.5,3.25,4,2,2,Frequent High-Value Customers,0
C001854,9,649.0788888888889,5841.71,1.2857142857142858,3.7142857142857144,2,2,0,Budget Occasional Customers,0
C001855,10,706.823,7068.23,1.4285714285714286,4.5,4,2,2,Frequent High-Value Customers,0
C001856,9,804.6277777777777,7241.65,1.125,2.625,3,0,1,Premium Basket Customers,0
C001857,11,659.4772727272727,7254.25,1.5714285714285714,3.25,4,3,2,Frequent High-Value Customers,0
C001858,14,817.3807142857142,11443.33,1.4,3.727272727272727,5,1,2,Frequent High-Value Customers,0
C001859,5,944.0040000000001,4720.02,1.0,4.0,1,3,1,Premium Basket Customers,0
C001860,7,714.0371428571428,4998.26,1.1666666666666667,3.3333333333333335,1,2,0,Budget Occasional Customers,0
C001861,7,795.2742857142857,5566.92,1.1666666666666667,3.5,4,0,0,Budget Occasional Customers,0
C001862,6,333.10499999999996,1998.6299999999999,1.2,3.2,2,0,0,Budget Occasional Customers,0
C001863,8,549.1375,4393.1,1.1428571428571428,4.333333333333333,4,2,0,Budget Occasional Customers,0
C001864,11,1099.0072727272727,12089.08,1.375,4.333333333333333,3,2,2,Frequent High-Value Customers,0
C001865,11,744.9718181818182,8194.69,1.0,3.857142857142857,3,2,0,Budget Occasional Customers,0
C001866,8,912.9975,7303.98,1.1428571428571428,3.6,2,1,1,Premium Basket Customers,0
C001867,4,647.845,2591.38,1.0,3.75,1,2,0,Budget Occasional Customers,0
C001868,8,964.57625,7716.61,1.3333333333333333,3.6666666666666665,3,1,1,Premium Basket Customers,0
C001869,6,660.9366666666667,3965.6200000000003,1.5,3.4,2,1,0,Budget Occasional Customers,0
C001870,8,979.78625,7838.29,1.1428571428571428,3.6,3,0,1,Premium Basket Customers,0
C001871,6,894.4033333333333,5366.42,2.0,3.0,4,2,2,Frequent High-Value Customers,-1
C001872,12,931.7408333333333,11180.89,1.3333333333333333,4.2,5,1,2,Frequent High-Value Customers,0
C001873,10,846.207,8462.07,1.25,3.1666666666666665,2,0,1,Premium Basket Customers,0
C001874,6,771.3716666666666,4628.23,1.0,3.0,2,1,0,Budget Occasional Customers,0
C001875,10,770.757,7707.57,1.25,4.5,3,2,0,Budget Occasional Customers,0
C001876,5,638.088,3190.44,1.0,3.6666666666666665,3,2,0,Budget Occasional Customers,0
C001877,7,749.6999999999999,5247.9,1.1666666666666667,4.5,2,2,0,Budget Occasional Customers,0
C001878,8,676.83125,5414.65,1.3333333333333333,2.5,3,1,0,Budget Occasional Customers,0
C001879,6,860.7366666666667,5164.42,1.2,3.25,2,1,1,Premium Basket Customers,0
C001880,12,808.7800000000001,9705.36,1.2,3.3333333333333335,3,1,2,Frequent High-Value Customers,0
C001881,9,807.5844444444444,7268.26,1.2857142857142858,2.75,5,4,2,Frequent High-Value Customers,0
C001882,10,919.9010000000001,9199.01,1.25,2.2857142857142856,5,1,1,Premium Basket Customers,0
C001883,8,480.20500000000004,3841.6400000000003,1.3333333333333333,3.0,2,1,0,Budget Occasional Customers,0
C001884,6,593.02,3558.12,1.5,4.0,2,0,0,Budget Occasional Customers,0
C001885,9,639.6877777777777,5757.19,1.8,2.6,2,2,2,Frequent High-Value Customers,0
C001886,10,780.846,7808.46,1.4285714285714286,2.6666666666666665,4,0,2,Frequent High-Value Customers,0
C001887,12,856.125,10273.5,1.2,3.2857142857142856,3,2,2,Frequent High-Value Customers,0
C001888,10,1040.824,10408.24,1.1111111111111112,3.0,4,2,1,Premium Basket Customers,0
C001889,8,865.12875,6921.03,1.3333333333333333,3.5,5,0,1,Premium Basket Customers,0
C001890,12,853.9208333333335,10247.050000000001,1.5,3.125,6,1,2,Frequent High-Value Customers,0
C001891,12,568.2524999999999,6819.03,1.3333333333333333,3.4285714285714284,2,1,0,Budget Occasional Customers,0
C001892,7,739.5957142857143,5177.17,1.1666666666666667,3.5,3,1,0,Budget Occasional Customers,0
C001893,9,924.8344444444444,8323.51,1.5,3.2,6,2,2,Frequent High-Value Customers,0
C001894,9,769.071111111111,6921.639999999999,1.2857142857142858,4.333333333333333,4,0,0,Budget Occasional Customers,0
C001895,10,612.559,6125.59,1.25,3.0,5,1,0,Budget Occasional Customers,0
C001896,9,863.5999999999999,7772.4,1.5,2.6666666666666665,2,1,1,Premium Basket Customers,0
C001897,14,902.1607142857143,12630.25,1.5555555555555556,3.25,4,4,2,Frequent High-Value Customers,0
C001898,11,808.4463636363636,8892.91,1.375,2.7,1,2,1,Premium Basket Customers,0
C001899,13,751.426923076923,9768.55,1.3,4.375,7,2,2,Frequent High-Value Customers,0
C001900,15,921.3413333333334,13820.12,1.25,3.4,3,1,2,Frequent High-Value Customers,0
C001901,6,859.2216666666667,5155.33,1.0,3.3333333333333335,1,1,1,Premium Basket Customers,0
C001902,12,952.1108333333333,11425.33,1.2,3.125,4,0,1,Premium Basket Customers,0
C001903,16,758.80375,12140.86,1.6,3.4444444444444446,7,4,2,Frequent High-Value Customers,0
C001904,12,763.9025,9166.83,1.7142857142857142,3.1666666666666665,5,1,2,Frequent High-Value Customers,0
C001905,9,975.0377777777778,8775.34,1.2857142857142858,3.2857142857142856,3,2,1,Premium Basket Customers,0
C001906,12,652.515,7830.18,1.5,3.2222222222222223,4,0,2,Frequent High-Value Customers,0
C001907,10,687.284,6872.84,1.4285714285714286,3.142857142857143,2,2,0,Budget Occasional Customers,0
C001908,12,767.0958333333333,9205.15,1.5,3.2857142857142856,3,4,2,Frequent High-Value Customers,0
C001909,12,680.5775,8166.93,1.3333333333333333,3.8,5,2,2,Frequent High-Value Customers,0
C001910,9,888.2144444444444,7993.93,1.5,3.6666666666666665,2,4,2,Frequent High-Value Customers,0
C001911,7,750.2299999999999,5251.61,1.1666666666666667,3.5,3,3,0,Budget Occasional Customers,0
C001912,9,704.42,6339.78,1.2857142857142858,3.25,4,0,0,Budget Occasional Customers,0
C001913,6,750.15,4500.9,1.2,3.5,0,1,0,Budget Occasional Customers,0
C001914,6,870.0583333333334,5220.35,1.0,3.3333333333333335,3,1,1,Premium Basket Customers,0
C001915,5,1002.7459999999999,5013.73,1.0,2.0,2,0,1,Premium Basket Customers,0
C001916,12,875.3158333333332,10503.789999999999,1.5,3.6666666666666665,4,2,2,Frequent High-Value Customers,0
C001917,5,1110.512,5552.5599999999995,1.25,4.333333333333333,1,0,1,Premium Basket Customers,0
C001918,10,1070.1979999999999,10701.98,1.4285714285714286,4.0,3,2,1,Premium Basket Customers,0
C001919,9,979.8355555555556,8818.52,1.2857142857142858,3.0,6,1,2,Frequent High-Value Customers,0
C001920,15,751.5966666666667,11273.95,1.5,3.5,3,4,2,Frequent High-Value Customers,0
C001921,7,658.6014285714285,4610.21,1.1666666666666667,4.0,2,3,0,Budget Occasional Customers,0
C001922,3,988.8699999999999,2966.6099999999997,1.0,4.0,0,0,1,Premium Basket Customers,0
C001923,8,742.49125,5939.93,1.3333333333333333,4.0,2,1,0,Budget Occasional Customers,0
C001924,5,340.70799999999997,1703.54,1.0,4.5,2,0,0,Budget Occasional Customers,0
C001925,8,684.24625,5473.97,1.3333333333333333,3.5,4,1,0,Budget Occasional Customers,0
C001926,7,1179.967142857143,8259.77,1.4,3.2,1,2,1,Premium Basket Customers,0
C001927,10,802.201,8022.01,2.0,4.0,0,0,2,Frequent High-Value Customers,-1
C001928,9,998.1477777777777,8983.33,1.2857142857142858,3.1666666666666665,3,0,1,Premium Basket Customers,0
C001929,5,1128.3319999999999,5641.66,1.25,3.25,3,0,1,Premium Basket Customers,0
C001930,12,834.2141666666666,10010.57,1.7142857142857142,3.888888888888889,2,2,2,Frequent High-Value Customers,0
C001931,9,723.6733333333334,6513.06,1.5,3.3333333333333335,3,3,2,Frequent High-Value Customers,0
C001932,10,730.387,7303.87,1.25,3.0,2,2,0,Budget Occasional Customers,0
C001933,8,951.79,7614.32,1.3333333333333333,2.3333333333333335,3,3,1,Premium Basket Customers,0
C001934,6,633.6316666666667,3801.79,1.2,3.5,0,1,0,Budget Occasional Customers,0
C001935,10,673.095,6730.95,1.25,3.0,6,1,2,Frequent High-Value Customers,0
C001936,11,813.2136363636364,8945.35,1.5714285714285714,3.0,1,0,1,Premium Basket Customers,0
C001937,9,811.8444444444444,7306.6,1.2857142857142858,3.1666666666666665,2,1,1,Premium Basket Customers,0
C001938,14,748.2328571428571,10475.26,1.5555555555555556,4.111111111111111,4,4,2,Frequent High-Value Customers,0
C001939,12,733.7791666666667,8805.35,1.5,2.6666666666666665,2,3,2,Frequent High-Value Customers,0
C001940,5,788.6859999999999,3943.43,1.0,4.5,2,2,0,Budget Occasional Customers,0
C001941,16,597.225625,9555.61,1.3333333333333333,3.7777777777777777,4,4,2,Frequent High-Value Customers,0
C001942,8,863.8199999999999,6910.5599999999995,1.1428571428571428,2.8,4,1,1,Premium Basket Customers,0
C001943,10,661.4100000000001,6614.1,1.4285714285714286,3.0,5,1,2,Frequent High-Value Customers,0
C001944,5,439.174,2195.87,1.0,4.0,2,2,0,Budget Occasional Customers,0
C001945,12,738.525,8862.3,1.2,3.875,1,3,0,Budget Occasional Customers,0
C001946,15,828.9240000000001,12433.86,1.6666666666666667,3.0,8,2,2,Frequent High-Value Customers,0
C001947,10,942.823,9428.23,1.4285714285714286,2.857142857142857,3,2,2,Frequent High-Value Customers,0
C001948,9,634.3055555555555,5708.75,1.0,3.2,1,1,0,Budget Occasional Customers,0
C001949,7,550.3785714285714,3852.6499999999996,1.0,3.0,1,1,0,Budget Occasional Customers,0
C001950,11,960.8727272727273,10569.6,1.5714285714285714,3.6666666666666665,5,2,2,Frequent High-Value Customers,0
C001951,8,868.7874999999999,6950.299999999999,1.3333333333333333,4.25,2,2,0,Budget Occasional Customers,0
C001952,7,1015.51,7108.57,1.0,4.333333333333333,1,2,1,Premium Basket Customers,0
C001953,14,712.4371428571428,9974.119999999999,1.2727272727272727,3.888888888888889,4,2,2,Frequent High-Value Customers,0
C001954,7,932.5028571428572,6527.52,1.1666666666666667,3.5,4,0,1,Premium Basket Customers,0
C001955,8,966.00125,7728.01,1.1428571428571428,4.333333333333333,6,1,1,Premium Basket Customers,0
C001956,6,1054.8716666666667,6329.23,2.0,4.6,1,2,1,Premium Basket Customers,-1
C001957,10,639.62,6396.2,1.25,3.142857142857143,5,1,0,Budget Occasional Customers,0
C001958,9,625.0144444444445,5625.13,1.125,3.142857142857143,4,2,0,Budget Occasional Customers,0
C001959,14,626.9321428571428,8777.05,1.2727272727272727,2.6666666666666665,6,3,2,Frequent High-Value Customers,0
C001960,13,882.2784615384616,11469.62,1.4444444444444444,3.6666666666666665,5,1,2,Frequent High-Value Customers,0
C001961,6,871.7616666666667,5230.57,1.2,3.5,1,1,1,Premium Basket Customers,0
C001962,9,781.3455555555555,7032.11,1.125,3.2857142857142856,3,1,0,Budget Occasional Customers,0
C001963,8,1004.84125,8038.73,1.0,4.333333333333333,3,2,1,Premium Basket Customers,0
C001964,11,719.3863636363636,7913.25,1.1,3.3333333333333335,4,3,2,Frequent High-Value Customers,0
C001965,9,877.02,7893.179999999999,1.2857142857142858,3.0,1,3,1,Premium Basket Customers,0
C001966,8,788.5024999999999,6308.0199999999995,1.3333333333333333,3.0,4,1,0,Budget Occasional Customers,0
C001967,11,763.0172727272728,8393.19,1.5714285714285714,4.0,5,3,2,Frequent High-Value Customers,0
C001968,7,634.4028571428571,4440.82,1.1666666666666667,3.0,5,1,0,Budget Occasional Customers,0
C001969,12,819.3308333333333,9831.97,1.3333333333333333,3.25,2,0,1,Premium Basket Customers,0
C001970,11,842.2763636363637,9265.04,1.375,3.6666666666666665,3,3,2,Frequent High-Value Customers,0
C001971,9,745.4944444444445,6709.450000000001,1.5,3.3333333333333335,2,1,0,Budget Occasional Customers,0
C001972,9,808.0055555555556,7272.05,1.125,4.0,1,0,0,Budget Occasional Customers,0
C001973,8,1034.3025,8274.42,1.3333333333333333,2.5,2,0,1,Premium Basket Customers,0
C001974,10,771.1940000000001,7711.9400000000005,1.4285714285714286,3.125,4,2,2,Frequent High-Value Customers,0
C001975,5,1080.728,5403.64,1.0,4.0,0,0,1,Premium Basket Customers,0
C001976,6,1108.3633333333335,6650.18,1.5,3.5,2,2,1,Premium Basket Customers,0
C001977,8,816.36375,6530.91,1.3333333333333333,3.7142857142857144,6,1,2,Frequent High-Value Customers,0
C001978,11,804.7745454545455,8852.52,1.2222222222222223,4.0,2,3,2,Frequent High-Value Customers,0
C001979,15,740.728,11110.92,1.3636363636363635,3.230769230769231,6,4,2,Frequent High-Value Customers,0
C001980,12,682.8391666666666,8194.07,1.5,3.4285714285714284,6,4,2,Frequent High-Value Customers,0
C001981,9,913.6511111111112,8222.86,1.5,4.2,3,4,2,Frequent High-Value Customers,0
C001982,6,759.785,4558.71,1.0,4.333333333333333,3,2,0,Budget Occasional Customers,0
C001983,7,963.0442857142856,6741.3099999999995,1.1666666666666667,4.666666666666667,2,0,1,Premium Basket Customers,0
C001984,11,889.6854545454545,9786.539999999999,1.2222222222222223,3.2,2,3,2,Frequent High-Value Customers,0
C001985,10,758.3030000000001,7583.030000000001,2.0,4.142857142857143,7,1,2,Frequent High-Value Customers,0
C001986,9,620.14,5581.26,1.2857142857142858,3.0,1,0,0,Budget Occasional Customers,0
C001987,12,731.9108333333334,8782.93,1.0909090909090908,3.142857142857143,4,0,0,Budget Occasional Customers,0
C001988,11,536.0536363636364,5896.59,1.2222222222222223,3.5,3,1,0,Budget Occasional Customers,0
C001989,8,684.73625,5477.89,1.6,3.0,1,0,0,Budget Occasional Customers,0
C001990,7,897.7042857142858,6283.93,1.75,3.6666666666666665,3,1,2,Frequent High-Value Customers,0
C001991,5,1034.648,5173.24,1.0,5.0,1,0,1,Premium Basket Customers,0
C001992,10,1002.1560000000002,10021.560000000001,1.25,3.857142857142857,5,0,1,Premium Basket Customers,0
C001993,10,854.4040000000001,8544.04,1.4285714285714286,2.8333333333333335,3,1,1,Premium Basket Customers,0
C001994,7,771.4,5399.8,1.4,3.0,1,2,0,Budget Occasional Customers,0
C001995,15,1094.9853333333333,16424.78,1.5,2.3333333333333335,4,3,2,Frequent High-Value Customers,-1
C001996,8,758.66,6069.28,1.0,3.75,2,0,0,Budget Occasional Customers,0
C001997,8,822.97875,6583.83,1.3333333333333333,2.0,2,2,1,Premium Basket Customers,0
C001998,7,700.0514285714286,4900.36,1.1666666666666667,3.0,4,2,0,Budget Occasional Customers,0
C001999,12,827.9066666666668,9934.880000000001,1.3333333333333333,3.25,4,3,2,Frequent High-Value Customers,0
C002000,8,809.635,6477.08,1.1428571428571428,3.0,1,0,1,Premium Basket Customers,0
C002001,8,679.875,5439.0,1.1428571428571428,1.25,3,3,0,Budget Occasional Customers,-1
C002002,8,649.58875,5196.71,1.0,3.75,3,2,0,Budget Occasional Customers,0
C002003,7,701.0314285714286,4907.22,1.1666666666666667,3.5,3,2,0,Budget Occasional Customers,0
C002004,8,433.735,3469.88,1.1428571428571428,3.0,2,0,0,Budget Occasional Customers,0
C002005,5,649.244,3246.2200000000003,1.0,4.5,2,0,0,Budget Occasional Customers,0
C002006,7,965.6685714285715,6759.68,1.1666666666666667,4.0,4,1,1,Premium Basket Customers,0
C002007,10,622.725,6227.25,1.1111111111111112,3.5,4,2,0,Budget Occasional Customers,0
C002008,14,842.3814285714286,11793.34,1.5555555555555556,4.0,4,2,2,Frequent High-Value Customers,0
C002009,12,726.2175000000001,8714.61,1.5,2.4285714285714284,4,4,2,Frequent High-Value Customers,0
C002010,13,1015.0592307692308,13195.77,1.8571428571428572,3.8333333333333335,4,2,2,Frequent High-Value Customers,0
C002011,7,506.51142857142855,3545.58,1.0,4.2,2,2,0,Budget Occasional Customers,0
C002012,13,865.0776923076924,11246.01,1.4444444444444444,4.0,4,4,2,Frequent High-Value Customers,0
C002013,11,935.2590909090909,10287.85,1.2222222222222223,2.2,3,3,2,Frequent High-Value Customers,0
C002014,7,709.6885714285715,4967.820000000001,1.1666666666666667,3.75,2,2,0,Budget Occasional Customers,0
C002015,4,819.0975,3276.39,2.0,3.5,3,3,2,Frequent High-Value Customers,-1
C002016,7,717.8928571428571,5025.25,1.1666666666666667,3.4196588952056444,2,3,0,Budget Occasional Customers,0
C002017,13,730.2930769230769,9493.81,1.625,4.1,6,4,2,Frequent High-Value Customers,0
C002018,4,820.135,3280.54,1.3333333333333333,4.0,2,1,0,Budget Occasional Customers,0
C002019,7,737.4757142857143,5162.33,1.1666666666666667,4.333333333333333,1,0,0,Budget Occasional Customers,0
C002020,10,930.415,9304.15,1.1111111111111112,2.4,2,2,1,Premium Basket Customers,0
C002021,10,817.1510000000001,8171.51,1.25,3.5714285714285716,3,5,2,Frequent High-Value Customers,0
C002022,12,747.6775000000001,8972.130000000001,1.2,3.25,6,2,2,Frequent High-Value Customers,0
C002023,14,824.7278571428571,11546.19,1.1666666666666667,2.7142857142857144,4,3,2,Frequent High-Value Customers,0
C002024,7,864.0942857142857,6048.66,1.1666666666666667,3.2,3,0,1,Premium Basket Customers,0
C002025,9,706.88,6361.92,1.2857142857142858,3.0,4,2,2,Frequent High-Value Customers,0
C002026,10,880.5229999999999,8805.23,1.6666666666666667,2.6666666666666665,1,2,2,Frequent High-Value Customers,0
C002027,5,1008.5,5042.5,1.25,3.0,1,2,1,Premium Basket Customers,0
C002028,11,1085.800909090909,11943.81,1.2222222222222223,3.25,2,0,1,Premium Basket Customers,0
C002029,8,1011.0162499999999,8088.129999999999,1.1428571428571428,2.75,4,4,1,Premium Basket Customers,0
C002030,15,779.8386666666667,11697.58,1.3636363636363635,3.5555555555555554,9,3,2,Frequent High-Value Customers,0
C002031,11,1121.3745454545453,12335.119999999999,1.5714285714285714,3.4,5,3,2,Frequent High-Value Customers,0
C002032,7,744.7914285714286,5213.54,1.75,2.6666666666666665,2,2,2,Frequent High-Value Customers,0
C002033,10,1095.654,10956.54,1.6666666666666667,3.3333333333333335,0,2,1,Premium Basket Customers,0
C002034,5,1260.096,6300.48,1.25,4.0,2,2,1,Premium Basket Customers,0
C002035,10,710.009,7100.09,1.1111111111111112,3.857142857142857,4,4,2,Frequent High-Value Customers,0
C002036,10,895.851,8958.51,1.0,3.857142857142857,6,1,2,Frequent High-Value Customers,0
C002037,14,889.2485714285714,12449.48,1.2727272727272727,3.0,3,1,2,Frequent High-Value Customers,0
C002038,14,1053.5235714285714,14749.33,1.4,2.7777777777777777,3,5,2,Frequent High-Value Customers,0
C002039,6,461.26,2767.56,1.0,3.1666666666666665,1,1,0,Budget Occasional Customers,0
C002040,11,741.5163636363636,8156.68,1.2222222222222223,4.0,4,1,0,Budget Occasional Customers,0
C002041,11,713.8690909090909,7852.56,1.5714285714285714,3.888888888888889,3,2,2,Frequent High-Value Customers,0
C002042,11,749.7709090909091,8247.48,1.1,3.75,4,2,2,Frequent High-Value Customers,0
C002043,7,588.1942857142857,4117.36,1.0,3.0,2,0,0,Budget Occasional Customers,0
C002044,11,841.3236363636363,9254.56,1.5714285714285714,3.6666666666666665,6,3,2,Frequent High-Value Customers,0
C002045,10,780.966,7809.66,1.4285714285714286,3.8,3,1,0,Budget Occasional Customers,0
C002046,7,926.1542857142857,6483.08,1.1666666666666667,3.0,1,2,1,Premium Basket Customers,0
C002047,13,673.8376923076922,8759.89,1.3,2.5,3,1,2,Frequent High-Value Customers,0
C002048,8,738.505,5908.04,1.3333333333333333,3.5714285714285716,3,2,0,Budget Occasional Customers,0
C002049,9,1011.9944444444445,9107.95,1.2857142857142858,4.6,4,0,1,Premium Basket Customers,0
C002050,9,570.2555555555556,5132.3,1.2857142857142858,3.2,5,3,2,Frequent High-Value Customers,0
C002051,10,864.283,8642.83,1.25,4.0,8,3,2,Frequent High-Value Customers,0
C002052,10,811.078,8110.78,1.4285714285714286,3.6666666666666665,3,3,2,Frequent High-Value Customers,0
C002053,6,1119.51,6717.0599999999995,1.0,4.5,2,2,1,Premium Basket Customers,0
C002054,14,839.8371428571428,11757.72,1.4,3.0,6,2,2,Frequent High-Value Customers,0
C002055,11,617.9581818181819,6797.54,1.375,3.875,5,3,2,Frequent High-Value Customers,0
C002056,7,750.0914285714285,5250.639999999999,1.4,3.0,1,1,0,Budget Occasional Customers,0
C002057,11,681.3227272727273,7494.55,1.375,3.5714285714285716,4,1,2,Frequent High-Value Customers,0
C002058,7,611.6757142857142,4281.73,1.1666666666666667,3.6666666666666665,3,2,0,Budget Occasional Customers,0
C002059,10,893.909,8939.09,1.25,3.6,1,0,1,Premium Basket Customers,0
C002060,7,709.5371428571428,4966.76,1.1666666666666667,3.6,2,2,0,Budget Occasional Customers,0
C002061,11,886.7090909090908,9753.8,1.2222222222222223,3.375,8,2,2,Frequent High-Value Customers,0
C002062,5,890.6020000000001,4453.01,1.25,2.5,3,0,1,Premium Basket Customers,0
C002063,5,509.79400000000004,2548.9700000000003,1.0,3.0,2,2,0,Budget Occasional Customers,0
C002064,12,662.9891666666666,7955.87,1.5,3.4,5,1,2,Frequent High-Value Customers,0
C002065,6,748.785,4492.71,1.2,3.75,2,0,0,Budget Occasional Customers,0
C002066,7,578.2485714285715,4047.7400000000002,1.1666666666666667,2.75,1,1,0,Budget Occasional Customers,0
C002067,11,764.1654545454545,8405.82,1.1,3.25,1,2,0,Budget Occasional Customers,0
C002068,10,509.843,5098.43,1.4285714285714286,4.0,3,4,2,Frequent High-Value Customers,0
C002069,10,683.783,6837.83,1.4285714285714286,3.3333333333333335,2,3,2,Frequent High-Value Customers,0
C002070,6,1003.6266666666667,6021.76,1.0,3.0,2,1,1,Premium Basket Customers,0
C002071,3,986.6199999999999,2959.8599999999997,1.0,2.0,1,1,1,Premium Basket Customers,0
C002072,8,787.255,6298.04,1.3333333333333333,3.25,2,0,0,Budget Occasional Customers,0
C002073,5,541.774,2708.87,1.25,2.6666666666666665,3,1,0,Budget Occasional Customers,0
C002074,8,871.0525,6968.42,1.6,3.0,2,1,1,Premium Basket Customers,0
C002075,6,945.1366666666667,5670.82,1.5,3.0,2,1,1,Premium Basket Customers,0
C002076,11,855.6063636363637,9411.67,1.5714285714285714,3.857142857142857,4,3,2,Frequent High-Value Customers,0
C002077,15,933.164,13997.46,1.3636363636363635,3.7142857142857144,4,4,2,Frequent High-Value Customers,0
C002078,7,628.0814285714285,4396.57,1.4,3.2,1,2,0,Budget Occasional Customers,0
C002079,4,624.1524999999999,2496.6099999999997,1.3333333333333333,4.0,1,0,0,Budget Occasional Customers,0
C002080,4,482.39,1929.56,1.0,4.0,2,1,0,Budget Occasional Customers,0
C002081,8,827.88125,6623.05,1.1428571428571428,3.6666666666666665,3,2,0,Budget Occasional Customers,0
C002082,13,678.8761538461538,8825.39,1.4444444444444444,3.25,1,1,0,Budget Occasional Customers,0
C002083,7,871.2942857142856,6099.0599999999995,1.1666666666666667,3.5,3,2,1,Premium Basket Customers,0
C002084,11,750.0854545454546,8250.94,1.2222222222222223,3.2857142857142856,1,0,0,Budget Occasional Customers,0
C002085,13,780.4838461538462,10146.29,1.4444444444444444,3.2222222222222223,7,0,2,Frequent High-Value Customers,0
C002086,7,800.5785714285714,5604.05,1.1666666666666667,4.5,3,0,0,Budget Occasional Customers,0
C002087,6,662.1433333333333,3972.86,1.5,4.0,2,3,0,Budget Occasional Customers,0
C002088,9,977.2422222222223,8795.18,1.0,3.5,3,4,1,Premium Basket Customers,0
C002089,4,697.6875,2790.75,1.0,3.6666666666666665,1,0,0,Budget Occasional Customers,0
C002090,12,717.7425,8612.91,1.3333333333333333,3.888888888888889,2,1,0,Budget Occasional Customers,0
C002091,9,986.5088888888889,8878.58,1.125,3.375,5,2,1,Premium Basket Customers,0
C002092,4,442.6075,1770.43,1.0,3.0,2,1,0,Budget Occasional Customers,0
C002093,13,818.9161538461539,10645.91,1.4444444444444444,3.2857142857142856,7,1,2,Frequent High-Value Customers,0
C002094,6,954.6433333333334,5727.860000000001,1.0,2.8,1,1,1,Premium Basket Customers,0
C002095,11,794.4254545454546,8738.68,1.375,3.7777777777777777,3,3,2,Frequent High-Value Customers,0
C002096,7,924.5557142857143,6471.89,1.4,3.6666666666666665,1,0,1,Premium Basket Customers,0
C002097,10,799.99,7999.9,1.25,2.3333333333333335,3,3,2,Frequent High-Value Customers,0
C002098,12,832.8108333333333,9993.73,1.3333333333333333,3.2222222222222223,5,1,2,Frequent High-Value Customers,0
C002099,11,772.3736363636364,8496.11,1.2222222222222223,4.5,3,1,0,Budget Occasional Customers,0
C002100,10,1100.9940000000001,11009.94,1.0,3.7142857142857144,4,2,1,Premium Basket Customers,0
C002101,11,828.2236363636363,9110.46,1.2222222222222223,3.5,3,1,0,Budget Occasional Customers,0
C002102,7,659.2185714285714,4614.53,1.1666666666666667,1.6666666666666667,2,2,0,Budget Occasional Customers,0
C002103,11,785.9781818181818,8645.76,1.0,3.7142857142857144,2,1,0,Budget Occasional Customers,0
C002104,8,713.66625,5709.33,1.1428571428571428,3.2,0,0,0,Budget Occasional Customers,0
C002105,4,459.975,1839.9,1.0,4.666666666666667,0,0,0,Budget Occasional Customers,0
C002106,11,772.8445454545455,8501.29,1.2222222222222223,3.0,7,4,2,Frequent High-Value Customers,0
C002107,15,754.9926666666667,11324.89,1.3636363636363635,3.25,4,3,2,Frequent High-Value Customers,0
C002108,8,764.58,6116.64,1.3333333333333333,2.8,2,0,0,Budget Occasional Customers,0
C002109,6,705.57,4233.42,1.0,3.6,3,2,0,Budget Occasional Customers,0
C002110,11,927.19,10199.09,1.8333333333333333,3.7142857142857144,7,1,2,Frequent High-Value Customers,0
C002111,4,649.2275,2596.91,1.0,2.3333333333333335,1,1,0,Budget Occasional Customers,0
C002112,7,639.6971428571429,4477.88,1.1666666666666667,3.2,4,0,0,Budget Occasional Customers,0
C002113,9,817.3355555555556,7356.02,1.2857142857142858,2.6,3,1,1,Premium Basket Customers,0
C002114,4,879.0625,3516.25,1.0,3.0,2,1,1,Premium Basket Customers,0
C002115,10,888.5229999999999,8885.23,1.1111111111111112,3.8333333333333335,2,0,1,Premium Basket Customers,0
C002116,12,853.7908333333334,10245.49,1.5,3.375,3,3,2,Frequent High-Value Customers,0
C002117,8,944.98375,7559.87,1.1428571428571428,3.8333333333333335,3,2,1,Premium Basket Customers,0
C002118,9,1025.8100000000002,9232.29,1.2857142857142858,3.4,3,3,1,Premium Basket Customers,0
C002119,9,807.4833333333333,7267.35,1.125,3.8,2,1,0,Budget Occasional Customers,0
C002120,12,751.2708333333334,9015.25,1.7142857142857142,3.4444444444444446,5,2,2,Frequent High-Value Customers,0
C002121,7,553.8528571428571,3876.9700000000003,1.1666666666666667,2.25,1,1,0,Budget Occasional Customers,0
C002122,5,1260.9759999999999,6304.879999999999,1.25,2.0,3,2,1,Premium Basket Customers,0
C002123,4,746.475,2985.9,1.0,4.5,2,0,0,Budget Occasional Customers,0
C002124,6,985.2833333333333,5911.7,1.5,3.0,3,0,1,Premium Basket Customers,0
C002125,9,676.0755555555556,6084.68,1.8,2.6666666666666665,2,2,2,Frequent High-Value Customers,0
C002126,9,688.9611111111111,6200.65,1.2857142857142858,2.857142857142857,2,1,0,Budget Occasional Customers,0
C002127,10,878.2139999999999,8782.14,1.4285714285714286,2.625,3,2,2,Frequent High-Value Customers,0
C002128,10,774.7270000000001,7747.27,1.0,4.125,2,2,0,Budget Occasional Customers,0
C002129,11,728.59,8014.49,1.8333333333333333,3.6666666666666665,4,0,2,Frequent High-Value Customers,0
C002130,10,829.61,8296.1,1.25,2.4285714285714284,5,3,2,Frequent High-Value Customers,0
C002131,8,723.2837499999999,5786.2699999999995,1.3333333333333333,3.4285714285714284,2,3,0,Budget Occasional Customers,0
C002132,12,803.1350000000001,9637.62,1.3333333333333333,3.75,3,2,2,Frequent High-Value Customers,0
C002133,10,773.684,7736.84,1.25,3.3333333333333335,1,3,0,Budget Occasional Customers,0
C002134,9,1066.15,9595.35,1.125,2.6,5,1,1,Premium Basket Customers,0
C002135,13,971.006923076923,12623.09,1.625,2.75,3,3,2,Frequent High-Value Customers,0
C002136,8,903.86,7230.88,1.1428571428571428,2.25,3,0,1,Premium Basket Customers,0
C002137,15,743.3066666666667,11149.6,1.3636363636363635,3.272727272727273,6,3,2,Frequent High-Value Customers,0
C002138,7,708.1285714285714,4956.9,1.4,3.2,3,2,0,Budget Occasional Customers,0
C002139,8,719.2775,5754.22,1.3333333333333333,2.3333333333333335,5,1,2,Frequent High-Value Customers,0
C002140,6,1067.6566666666668,6405.9400000000005,1.2,3.5,2,1,1,Premium Basket Customers,0
C002141,10,647.5640000000001,6475.64,1.4285714285714286,3.4,3,1,0,Budget Occasional Customers,0
C002142,4,826.4475,3305.79,1.3333333333333333,3.0,0,1,1,Premium Basket Customers,0
C002143,9,969.4444444444445,8725.0,1.125,3.6,3,1,1,Premium Basket Customers,0
C002144,14,987.3950000000001,13823.53,1.5555555555555556,4.2,4,4,2,Frequent High-Value Customers,0
C002145,10,949.4530000000001,9494.53,1.1111111111111112,3.6666666666666665,5,1,1,Premium Basket Customers,0
C002146,8,679.41625,5435.33,1.0,3.7142857142857144,2,3,0,Budget Occasional Customers,0
C002147,9,891.7566666666667,8025.8099999999995,1.2857142857142858,4.0,3,2,1,Premium Basket Customers,0
C002148,9,1011.1877777777778,9100.69,1.2857142857142858,4.0,2,1,1,Premium Basket Customers,0
C002149,7,939.0728571428572,6573.51,1.1666666666666667,3.75,2,3,1,Premium Basket Customers,0
C002150,8,598.9425,4791.54,1.3333333333333333,3.5,3,2,0,Budget Occasional Customers,0
C002151,13,698.9823076923077,9086.77,1.4444444444444444,3.857142857142857,5,2,2,Frequent High-Value Customers,0
C002152,7,558.7271428571429,3911.09,1.1666666666666667,4.6,0,1,0,Budget Occasional Customers,0
C002153,5,705.25,3526.25,1.0,3.3333333333333335,1,0,0,Budget Occasional Customers,0
C002154,8,905.75875,7246.07,1.1428571428571428,3.6666666666666665,0,4,1,Premium Basket Customers,0
C002155,13,703.9415384615385,9151.24,1.625,3.25,7,1,2,Frequent High-Value Customers,0
C002156,7,980.2985714285714,6862.09,1.1666666666666667,3.4,3,1,1,Premium Basket Customers,0
C002157,11,973.9945454545455,10713.94,1.2222222222222223,3.111111111111111,4,3,2,Frequent High-Value Customers,0
C002158,8,923.2537500000001,7386.030000000001,1.1428571428571428,3.7142857142857144,3,2,1,Premium Basket Customers,0
C002159,15,850.8406666666667,12762.61,1.6666666666666667,3.7,4,3,2,Frequent High-Value Customers,0
C002160,10,986.4380000000001,9864.380000000001,1.6666666666666667,3.0,3,4,2,Frequent High-Value Customers,0
C002161,8,830.63,6645.04,1.3333333333333333,2.6666666666666665,4,1,1,Premium Basket Customers,0
C002162,11,692.5400000000001,7617.9400000000005,1.0,3.0,5,1,0,Budget Occasional Customers,0
C002163,12,728.3633333333333,8740.36,1.2,3.0,5,1,2,Frequent High-Value Customers,0
C002164,6,985.9833333333332,5915.9,1.2,3.6,1,0,1,Premium Basket Customers,0
C002165,7,875.4357142857143,6128.05,1.1666666666666667,3.142857142857143,2,1,1,Premium Basket Customers,0
C002166,7,468.10714285714283,3276.75,1.1666666666666667,4.75,2,2,0,Budget Occasional Customers,0
C002167,14,753.6478571428571,10551.07,1.4,3.6666666666666665,6,1,2,Frequent High-Value Customers,0
C002168,12,892.04,10704.48,1.2,3.8,7,1,2,Frequent High-Value Customers,0
C002169,8,1065.98625,8527.89,1.1428571428571428,3.6,5,1,1,Premium Basket Customers,0
C002170,8,512.01875,4096.15,1.1428571428571428,2.7142857142857144,2,2,0,Budget Occasional Customers,0
C002171,10,1128.583,11285.83,1.1111111111111112,3.0,4,2,1,Premium Basket Customers,0
C002172,5,659.818,3299.09,1.0,2.6666666666666665,2,1,0,Budget Occasional Customers,0
C002173,8,930.5425,7444.34,1.6,2.8,4,2,2,Frequent High-Value Customers,0
C002174,13,835.5484615384614,10862.13,1.625,3.125,5,0,2,Frequent High-Value Customers,0
C002175,12,689.3433333333334,8272.12,1.5,3.7777777777777777,7,2,2,Frequent High-Value Customers,0
C002176,10,1040.8139999999999,10408.14,1.1111111111111112,3.5714285714285716,3,2,1,Premium Basket Customers,0
C002177,15,915.8693333333333,13738.039999999999,1.6666666666666667,3.8,5,2,2,Frequent High-Value Customers,0
C002178,5,712.02,3560.1,1.0,4.5,3,4,0,Budget Occasional Customers,0
C002179,11,588.8154545454546,6476.97,1.2222222222222223,4.0,4,1,0,Budget Occasional Customers,0
C002180,14,918.0871428571429,12853.220000000001,1.4,2.7,4,3,2,Frequent High-Value Customers,0
C002181,16,895.83375,14333.34,1.3333333333333333,2.727272727272727,2,3,2,Frequent High-Value Customers,0
C002182,8,886.99,7095.92,1.3333333333333333,3.4,4,1,1,Premium Basket Customers,0
C002183,7,594.1457142857143,4159.02,1.0,3.4,2,1,0,Budget Occasional Customers,0
C002184,6,852.5933333333332,5115.5599999999995,1.5,4.0,3,1,0,Budget Occasional Customers,0
C002185,17,818.3100000000001,13911.27,1.5454545454545454,3.2,6,3,2,Frequent High-Value Customers,0
C002186,5,950.61,4753.05,1.6666666666666667,5.0,3,2,1,Premium Basket Customers,0
C002187,7,691.3528571428571,4839.47,1.1666666666666667,3.6666666666666665,3,0,0,Budget Occasional Customers,0
C002188,12,876.7408333333333,10520.89,1.3333333333333333,3.6,2,2,2,Frequent High-Value Customers,0
C002189,12,748.7033333333334,8984.44,1.7142857142857142,2.0,3,2,2,Frequent High-Value Customers,0
C002190,11,824.1581818181818,9065.74,1.375,3.142857142857143,4,0,2,Frequent High-Value Customers,0
C002191,9,986.5422222222223,8878.880000000001,1.5,2.875,4,3,2,Frequent High-Value Customers,0
C002192,5,881.0540000000001,4405.27,1.25,2.0,1,1,1,Premium Basket Customers,0
C002193,10,795.264,7952.64,1.25,2.4285714285714284,7,2,2,Frequent High-Value Customers,0
C002194,7,888.9300000000001,6222.51,1.0,2.6666666666666665,2,0,1,Premium Basket Customers,0
C002195,10,818.1600000000001,8181.6,1.25,3.5714285714285716,4,1,0,Budget Occasional Customers,0
C002196,9,771.5477777777778,6943.93,1.125,4.0,3,1,0,Budget Occasional Customers,0
C002197,8,613.16125,4905.29,1.6,3.8333333333333335,3,3,2,Frequent High-Value Customers,0
C002198,9,727.0999999999999,6543.9,1.125,4.0,3,1,0,Budget Occasional Customers,0
C002199,9,710.51,6394.59,1.125,4.2,5,1,0,Budget Occasional Customers,0
C002200,5,1268.654,6343.27,1.0,4.666666666666667,2,1,1,Premium Basket Customers,0
C002201,5,861.5899999999999,4307.95,1.0,3.0,1,2,1,Premium Basket Customers,0
C002202,6,584.1683333333333,3505.0099999999998,1.0,3.2,2,1,0,Budget Occasional Customers,0
C002203,8,646.4125,5171.3,1.1428571428571428,3.0,5,2,0,Budget Occasional Customers,0
C002204,10,827.2969999999999,8272.97,1.4285714285714286,3.6,5,2,2,Frequent High-Value Customers,0
C002205,12,713.8333333333334,8566.0,2.0,3.3333333333333335,5,3,2,Frequent High-Value Customers,0
C002206,5,931.7460000000001,4658.7300000000005,1.0,3.25,2,1,1,Premium Basket Customers,0
C002207,10,887.6700000000001,8876.7,1.1111111111111112,3.0,1,2,1,Premium Basket Customers,0
C002208,6,915.215,5491.29,1.5,3.5,2,0,1,Premium Basket Customers,0
C002209,8,688.4025,5507.22,1.0,3.2,3,3,0,Budget Occasional Customers,0
C002210,5,657.992,3289.96,1.0,4.0,2,0,0,Budget Occasional Customers,0
C002211,11,938.800909090909,10326.81,1.5714285714285714,2.7142857142857144,5,1,2,Frequent High-Value Customers,0
C002212,12,1007.5033333333334,12090.04,1.2,3.625,2,0,1,Premium Basket Customers,0
C002213,7,701.6014285714285,4911.21,1.0,4.25,4,1,0,Budget Occasional Customers,0
C002214,5,487.74000000000007,2438.7000000000003,1.25,3.25,2,2,0,Budget Occasional Customers,0
C002215,13,947.3669230769231,12315.77,1.625,3.909090909090909,1,1,2,Frequent High-Value Customers,0
C002216,2,1330.18,2660.36,1.0,4.0,2,0,1,Premium Basket Customers,0
C002217,9,866.9922222222223,7802.93,1.0,2.75,4,2,1,Premium Basket Customers,0
C002218,8,757.335,6058.68,1.1428571428571428,3.2,4,0,0,Budget Occasional Customers,0
C002219,19,879.4052631578948,16708.7,1.7272727272727273,3.357142857142857,5,2,2,Frequent High-Value Customers,0
C002220,6,848.0266666666666,5088.16,1.0,3.0,2,1,1,Premium Basket Customers,0
C002221,11,1021.8136363636364,11239.95,1.5714285714285714,3.857142857142857,4,6,2,Frequent High-Value Customers,0
C002222,8,812.5325,6500.26,1.1428571428571428,3.142857142857143,3,1,1,Premium Basket Customers,0
C002223,8,691.63625,5533.09,1.1428571428571428,2.6666666666666665,5,2,0,Budget Occasional Customers,0
C002224,10,802.083,8020.83,1.25,4.0,1,4,0,Budget Occasional Customers,0
C002225,5,367.95799999999997,1839.79,1.25,3.5,2,2,0,Budget Occasional Customers,0
C002226,10,580.318,5803.18,1.6666666666666667,4.8,3,3,2,Frequent High-Value Customers,0
C002227,6,740.4566666666666,4442.74,1.0,3.0,0,0,0,Budget Occasional Customers,0
C002228,7,867.0157142857142,6069.11,1.4,3.25,2,2,1,Premium Basket Customers,0
C002229,8,774.2025,6193.62,1.1428571428571428,3.5,3,2,0,Budget Occasional Customers,0
C002230,7,609.4985714285714,4266.49,1.1666666666666667,3.0,0,0,0,Budget Occasional Customers,0
C002231,9,866.6066666666667,7799.46,1.2857142857142858,3.0,3,3,2,Frequent High-Value Customers,0
C002232,2,785.8,1571.6,1.0,3.4196588952056444,2,1,0,Budget Occasional Customers,0
C002233,6,724.4183333333334,4346.51,1.2,3.3333333333333335,1,1,0,Budget Occasional Customers,0
C002234,9,620.4122222222222,5583.71,1.2857142857142858,3.6666666666666665,2,2,0,Budget Occasional Customers,0
C002235,13,780.2723076923078,10143.54,1.625,3.7,5,2,2,Frequent High-Value Customers,0
C002236,13,639.3607692307693,8311.69,1.8571428571428572,4.0,4,4,2,Frequent High-Value Customers,0
C002237,11,744.7681818181819,8192.45,1.2222222222222223,2.6,6,2,2,Frequent High-Value Customers,0
C002238,7,756.0871428571428,5292.61,1.0,2.6666666666666665,0,0,0,Budget Occasional Customers,0
C002239,6,922.96,5537.76,1.5,3.75,2,2,1,Premium Basket Customers,0
C002240,7,822.1071428571429,5754.75,1.4,3.0,1,1,1,Premium Basket Customers,0
C002241,10,768.393,7683.93,1.4285714285714286,3.6666666666666665,6,2,2,Frequent High-Value Customers,0
C002242,9,614.911111111111,5534.2,1.2857142857142858,3.0,2,1,0,Budget Occasional Customers,0
C002243,16,866.490625,13863.85,1.2307692307692308,4.0,8,4,2,Frequent High-Value Customers,0
C002244,11,1008.0118181818183,11088.130000000001,1.2222222222222223,3.8333333333333335,4,5,2,Frequent High-Value Customers,0
C002245,11,718.7954545454545,7906.75,1.2222222222222223,3.4,5,3,2,Frequent High-Value Customers,0
C002246,5,563.5840000000001,2817.92,1.25,4.0,1,2,0,Budget Occasional Customers,0
C002247,9,709.9433333333333,6389.49,1.5,3.6,2,1,0,Budget Occasional Customers,0
C002248,7,790.5271428571428,5533.69,1.0,3.25,3,1,0,Budget Occasional Customers,0
C002249,10,1005.82,10058.2,1.25,3.0,2,2,1,Premium Basket Customers,0
C002250,15,901.0139999999999,13515.21,1.3636363636363635,3.6,9,3,2,Frequent High-Value Customers,0
C002251,8,692.3375,5538.7,1.3333333333333333,2.3333333333333335,3,1,0,Budget Occasional Customers,0
C002252,6,458.02333333333337,2748.1400000000003,1.0,2.0,3,0,0,Budget Occasional Customers,0
C002253,10,942.5870000000001,9425.87,1.0,3.5,4,2,1,Premium Basket Customers,0
C002254,12,749.0124999999999,8988.15,1.0909090909090908,2.857142857142857,4,1,2,Frequent High-Value Customers,0
C002255,14,1009.9507142857143,14139.31,1.5555555555555556,3.5,6,1,2,Frequent High-Value Customers,0
C002256,8,939.74375,7517.95,1.3333333333333333,3.0,7,1,2,Frequent High-Value Customers,0
C002257,9,729.2766666666666,6563.49,1.5,3.5,5,4,2,Frequent High-Value Customers,0
C002258,6,698.6683333333334,4192.01,1.0,3.0,3,1,0,Budget Occasional Customers,0
C002259,5,578.198,2890.99,1.0,2.75,4,1,0,Budget Occasional Customers,0
C002260,8,849.29625,6794.37,1.3333333333333333,3.5,6,2,2,Frequent High-Value Customers,0
C002261,15,827.9793333333333,12419.69,1.875,3.375,5,4,2,Frequent High-Value Customers,0
C002262,10,735.7360000000001,7357.360000000001,1.4285714285714286,3.3333333333333335,3,3,2,Frequent High-Value Customers,0
C002263,7,793.2985714285714,5553.09,1.4,3.25,4,2,2,Frequent High-Value Customers,0
C002264,4,858.955,3435.82,1.3333333333333333,3.0,0,0,1,Premium Basket Customers,0
C002265,5,500.25600000000003,2501.28,1.0,3.3333333333333335,3,1,0,Budget Occasional Customers,0
C002266,10,808.2909999999999,8082.91,1.25,3.4285714285714284,2,2,0,Budget Occasional Customers,0
C002267,14,612.4492857142858,8574.29,1.1666666666666667,3.9,5,1,2,Frequent High-Value Customers,0
C002268,16,795.5081250000001,12728.130000000001,2.0,2.7,8,2,2,Frequent High-Value Customers,-1
C002269,7,515.0842857142858,3605.59,1.0,4.0,0,0,0,Budget Occasional Customers,0
C002270,10,739.586,7395.860000000001,1.25,3.4444444444444446,2,2,0,Budget Occasional Customers,0
C002271,11,1133.0145454545454,12463.16,1.375,3.5,5,2,2,Frequent High-Value Customers,0
C002272,7,1068.05,7476.35,1.0,4.25,4,1,1,Premium Basket Customers,0
C002273,10,904.5199999999999,9045.199999999999,1.25,2.625,2,3,1,Premium Basket Customers,0
C002274,8,839.25125,6714.01,1.3333333333333333,2.6,2,2,1,Premium Basket Customers,0
C002275,7,779.9,5459.3,1.1666666666666667,4.5,5,1,0,Budget Occasional Customers,0
C002276,17,773.8417647058823,13155.31,1.4166666666666667,3.3333333333333335,8,5,2,Frequent High-Value Customers,0
C002277,13,662.4215384615384,8611.48,1.8571428571428572,3.7142857142857144,5,5,2,Frequent High-Value Customers,0
C002278,9,964.9555555555556,8684.6,1.2857142857142858,3.6666666666666665,2,0,1,Premium Basket Customers,0
C002279,9,876.9311111111111,7892.38,1.5,3.75,4,1,2,Frequent High-Value Customers,0
C002280,7,968.7642857142857,6781.35,1.0,3.75,2,1,1,Premium Basket Customers,0
C002281,12,832.9508333333333,9995.41,1.3333333333333333,4.125,5,2,2,Frequent High-Value Customers,0
C002282,6,932.4200000000001,5594.52,1.5,4.5,1,0,1,Premium Basket Customers,0
C002283,11,960.0245454545455,10560.27,1.375,3.6666666666666665,1,1,1,Premium Basket Customers,0
C002284,6,1020.6966666666667,6124.18,1.2,4.0,3,1,1,Premium Basket Customers,0
C002285,10,769.763,7697.63,1.25,3.25,2,1,0,Budget Occasional Customers,0
C002286,7,1052.2842857142857,7365.99,1.1666666666666667,3.0,2,1,1,Premium Basket Customers,0
C002287,7,767.3214285714286,5371.25,1.4,3.3333333333333335,3,0,0,Budget Occasional Customers,0
C002288,12,551.4116666666666,6616.94,1.3333333333333333,2.8333333333333335,5,3,2,Frequent High-Value Customers,0
C002289,12,1027.555,12330.66,1.3333333333333333,3.5,5,2,2,Frequent High-Value Customers,0
C002290,9,888.5733333333333,7997.16,1.125,3.2857142857142856,4,1,1,Premium Basket Customers,0
C002291,9,652.1222222222223,5869.1,1.0,3.1666666666666665,5,4,2,Frequent High-Value Customers,0
C002292,3,614.6866666666666,1844.06,1.5,3.0,1,1,0,Budget Occasional Customers,0
C002293,8,710.635,5685.08,1.6,3.6,5,2,2,Frequent High-Value Customers,0
C002294,13,597.5661538461538,7768.36,1.4444444444444444,3.8,3,1,2,Frequent High-Value Customers,0
C002295,13,521.2423076923077,6776.15,1.4444444444444444,3.25,6,2,2,Frequent High-Value Customers,0
C002296,11,824.0118181818183,9064.130000000001,1.375,3.3333333333333335,6,2,2,Frequent High-Value Customers,0
C002297,5,954.202,4771.01,1.25,3.3333333333333335,1,0,1,Premium Basket Customers,0
C002298,8,880.00125,7040.01,1.3333333333333333,3.2,2,1,1,Premium Basket Customers,0
C002299,10,808.836,8088.360000000001,1.25,3.0,5,0,2,Frequent High-Value Customers,0
C002300,4,755.9850000000001,3023.9400000000005,1.0,3.5,1,2,0,Budget Occasional Customers,0
C002301,10,924.8620000000001,9248.62,1.1111111111111112,3.2222222222222223,4,5,2,Frequent High-Value Customers,0
C002302,9,846.3455555555555,7617.11,1.8,4.5,2,1,2,Frequent High-Value Customers,0
C002303,9,809.2133333333334,7282.92,1.2857142857142858,3.75,3,2,0,Budget Occasional Customers,0
C002304,8,902.045,7216.36,1.1428571428571428,3.5,1,1,1,Premium Basket Customers,0
C002305,8,812.43875,6499.51,1.3333333333333333,4.25,2,0,0,Budget Occasional Customers,0
C002306,8,695.86875,5566.95,1.1428571428571428,3.4,2,3,0,Budget Occasional Customers,0
C002307,7,764.4300000000001,5351.01,1.1666666666666667,3.6666666666666665,3,2,0,Budget Occasional Customers,0
C002308,9,934.1411111111112,8407.27,1.125,3.3333333333333335,4,2,1,Premium Basket Customers,0
C002309,10,665.141,6651.41,1.1111111111111112,3.2222222222222223,6,0,0,Budget Occasional Customers,0
C002310,5,988.5600000000001,4942.8,1.0,3.3333333333333335,4,0,1,Premium Basket Customers,0
C002311,14,753.3785714285714,10547.3,1.5555555555555556,3.4444444444444446,6,4,2,Frequent High-Value Customers,0
C002312,8,590.0450000000001,4720.360000000001,1.1428571428571428,4.0,3,1,0,Budget Occasional Customers,0
C002313,8,837.7925,6702.34,1.0,2.5,3,1,1,Premium Basket Customers,0
C002314,11,778.5745454545454,8564.32,1.375,3.5,5,1,2,Frequent High-Value Customers,0
C002315,6,1085.9266666666665,6515.5599999999995,1.0,3.3333333333333335,3,1,1,Premium Basket Customers,0
C002316,9,990.0633333333333,8910.57,1.0,3.5,6,2,1,Premium Basket Customers,0
C002317,5,930.092,4650.46,1.25,4.25,2,0,1,Premium Basket Customers,0
C002318,7,693.12,4851.84,1.1666666666666667,4.0,2,2,0,Budget Occasional Customers,0
C002319,12,760.6783333333333,9128.14,1.3333333333333333,3.25,5,4,2,Frequent High-Value Customers,0
C002320,11,798.7218181818182,8785.94,1.2222222222222223,3.0,3,4,2,Frequent High-Value Customers,0
C002321,10,752.639,7526.39,1.4285714285714286,1.5,4,5,2,Frequent High-Value Customers,-1
C002322,6,891.2833333333333,5347.7,1.0,2.5,3,0,1,Premium Basket Customers,0
C002323,7,786.8542857142858,5507.9800000000005,1.1666666666666667,2.8,3,2,0,Budget Occasional Customers,0
C002324,6,652.4416666666667,3914.65,2.0,2.6,3,0,0,Budget Occasional Customers,-1
C002325,6,552.5116666666667,3315.07,1.2,3.6666666666666665,1,1,0,Budget Occasional Customers,0
C002326,10,451.087,4510.87,1.1111111111111112,3.0,5,2,0,Budget Occasional Customers,0
C002327,20,820.4164999999999,16408.329999999998,1.8181818181818181,4.0,5,3,2,Frequent High-Value Customers,-1
C002328,7,942.2728571428571,6595.91,1.0,4.0,2,2,1,Premium Basket Customers,0
C002329,6,807.62,4845.72,1.0,3.2,2,2,0,Budget Occasional Customers,0
C002330,8,716.8725,5734.98,1.1428571428571428,3.5,2,3,0,Budget Occasional Customers,0
C002331,8,795.9987500000001,6367.990000000001,1.6,3.0,3,2,2,Frequent High-Value Customers,0
C002332,4,947.4375,3789.75,1.3333333333333333,4.0,3,0,1,Premium Basket Customers,0
C002333,11,559.8963636363636,6158.86,1.1,4.0,3,4,0,Budget Occasional Customers,0
C002334,12,864.6458333333334,10375.75,1.5,2.7777777777777777,3,1,2,Frequent High-Value Customers,0
C002335,9,769.9344444444445,6929.41,1.2857142857142858,3.0,1,2,0,Budget Occasional Customers,0
C002336,6,487.3533333333333,2924.12,1.2,3.3333333333333335,1,2,0,Budget Occasional Customers,0
C002337,5,1137.5459999999998,5687.73,1.0,3.0,1,2,1,Premium Basket Customers,0
C002338,9,910.3277777777779,8192.95,1.125,3.3333333333333335,3,1,1,Premium Basket Customers,0
C002339,8,681.8875,5455.1,1.1428571428571428,3.375,2,2,0,Budget Occasional Customers,0
C002340,8,1031.465,8251.72,1.1428571428571428,3.0,3,2,1,Premium Basket Customers,0
C002341,9,648.8644444444444,5839.78,1.5,2.0,1,4,2,Frequent High-Value Customers,-1
C002342,7,942.8228571428572,6599.76,1.1666666666666667,3.0,3,1,1,Premium Basket Customers,0
C002343,6,1363.7549999999999,8182.53,1.5,4.25,2,0,1,Premium Basket Customers,-1
C002344,7,1139.4057142857143,7975.84,1.4,3.0,2,0,1,Premium Basket Customers,0
C002345,7,883.2014285714286,6182.41,1.1666666666666667,2.5,2,3,1,Premium Basket Customers,0
C002346,6,843.63,5061.78,1.0,3.5,3,0,1,Premium Basket Customers,0
C002347,11,912.5418181818183,10037.960000000001,1.2222222222222223,3.857142857142857,3,2,2,Frequent High-Value Customers,0
C002348,12,764.8833333333333,9178.6,1.3333333333333333,3.3333333333333335,7,1,2,Frequent High-Value Customers,0
C002349,7,1043.3528571428571,7303.47,1.0,3.25,2,0,1,Premium Basket Customers,0
C002350,10,510.971,5109.71,1.4285714285714286,3.4444444444444446,2,4,2,Frequent High-Value Customers,0
C002351,10,1007.9190000000001,10079.19,1.1111111111111112,2.5,5,0,1,Premium Basket Customers,0
C002352,12,665.6816666666667,7988.18,1.2,3.2857142857142856,5,4,2,Frequent High-Value Customers,0
C002353,8,576.71,4613.68,1.3333333333333333,2.75,2,1,0,Budget Occasional Customers,0
C002354,8,627.16,5017.28,1.3333333333333333,3.0,1,0,0,Budget Occasional Customers,0
C002355,9,881.9877777777779,7937.89,1.125,3.3333333333333335,1,2,1,Premium Basket Customers,0
C002356,8,644.1775,5153.42,1.1428571428571428,4.0,1,1,0,Budget Occasional Customers,0
C002357,8,688.91125,5511.29,1.1428571428571428,3.6,2,1,0,Budget Occasional Customers,0
C002358,6,854.855,5129.13,1.2,2.3333333333333335,2,0,1,Premium Basket Customers,0
C002359,5,485.438,2427.19,1.25,2.5,2,0,0,Budget Occasional Customers,0
C002360,6,862.9116666666665,5177.469999999999,1.0,2.5,4,2,1,Premium Basket Customers,0
C002361,10,883.9200000000001,8839.2,1.25,3.0,6,1,2,Frequent High-Value Customers,0
C002362,11,527.8463636363637,5806.31,1.2222222222222223,4.0,8,2,2,Frequent High-Value Customers,0
C002363,3,691.18,2073.54,1.5,4.0,1,0,0,Budget Occasional Customers,0
C002364,7,623.9457142857143,4367.62,1.1666666666666667,4.0,2,0,0,Budget Occasional Customers,0
C002365,2,1366.73,2733.46,1.0,3.4196588952056444,0,0,1,Premium Basket Customers,0
C002366,7,515.8371428571428,3610.8599999999997,1.4,3.0,2,2,0,Budget Occasional Customers,0
C002367,7,946.5157142857142,6625.61,1.1666666666666667,3.3333333333333335,1,0,1,Premium Basket Customers,0
C002368,6,960.4133333333333,5762.48,1.2,3.0,1,0,1,Premium Basket Customers,0
C002369,12,1004.9391666666667,12059.27,1.2,3.4285714285714284,3,2,1,Premium Basket Customers,0
C002370,6,596.7,3580.2000000000003,1.2,3.0,1,0,0,Budget Occasional Customers,0
C002371,13,845.0653846153847,10985.85,1.625,3.5,6,4,2,Frequent High-Value Customers,0
C002372,7,696.34,4874.38,1.0,4.333333333333333,1,3,0,Budget Occasional Customers,0
C002373,9,761.7777777777778,6856.0,1.125,3.2,2,2,0,Budget Occasional Customers,0
C002374,9,773.9133333333334,6965.22,1.125,3.25,3,1,0,Budget Occasional Customers,0
C002375,9,796.5455555555556,7168.91,1.125,3.0,3,2,0,Budget Occasional Customers,0
C002376,14,755.7264285714285,10580.17,1.5555555555555556,3.5,2,1,2,Frequent High-Value Customers,0
C002377,7,825.21,5776.47,1.1666666666666667,2.25,3,0,1,Premium Basket Customers,0
C002378,10,716.336,7163.360000000001,1.4285714285714286,3.75,4,1,2,Frequent High-Value Customers,0
C002379,4,1097.7725,4391.09,1.3333333333333333,2.0,1,1,1,Premium Basket Customers,0
C002380,8,880.0337499999999,7040.2699999999995,1.1428571428571428,3.0,1,3,1,Premium Basket Customers,0
C002381,11,881.8509090909091,9700.36,1.375,3.1666666666666665,3,3,2,Frequent High-Value Customers,0
C002382,11,858.0745454545454,9438.82,1.2222222222222223,3.142857142857143,8,2,2,Frequent High-Value Customers,0
C002383,5,1150.256,5751.280000000001,1.0,3.0,0,1,1,Premium Basket Customers,0
C002384,9,725.2777777777778,6527.5,1.5,3.75,4,1,2,Frequent High-Value Customers,0
C002385,9,619.2733333333333,5573.46,1.125,4.0,1,0,0,Budget Occasional Customers,0
C002386,10,709.3399999999999,7093.4,1.4285714285714286,3.25,4,4,2,Frequent High-Value Customers,0
C002387,7,563.5585714285714,3944.91,1.0,3.75,0,0,0,Budget Occasional Customers,0
C002388,16,751.2368749999999,12019.789999999999,1.7777777777777777,3.727272727272727,3,6,2,Frequent High-Value Customers,0
C002389,7,432.98285714285714,3030.88,1.1666666666666667,3.4,2,0,0,Budget Occasional Customers,0
C002390,8,938.5699999999999,7508.5599999999995,1.3333333333333333,3.7142857142857144,2,1,1,Premium Basket Customers,0
C002391,11,851.9754545454545,9371.73,1.5714285714285714,3.6,3,3,2,Frequent High-Value Customers,0
C002392,6,833.0433333333334,4998.26,1.2,3.25,2,2,1,Premium Basket Customers,0
C002393,5,674.33,3371.65,1.0,3.0,1,0,0,Budget Occasional Customers,0
C002394,10,564.744,5647.4400000000005,1.25,4.0,2,2,0,Budget Occasional Customers,0
C002395,7,732.9885714285714,5130.92,1.1666666666666667,3.6666666666666665,4,2,0,Budget Occasional Customers,0
C002396,9,758.7377777777779,6828.64,1.8,3.0,3,1,2,Frequent High-Value Customers,0
C002397,9,1071.0533333333333,9639.48,1.2857142857142858,4.0,5,1,1,Premium Basket Customers,0
C002398,10,923.923,9239.23,1.25,3.8333333333333335,5,3,2,Frequent High-Value Customers,0
C002399,12,794.7391666666666,9536.869999999999,1.2,3.3333333333333335,3,3,2,Frequent High-Value Customers,0
C002400,9,724.0066666666667,6516.06,1.2857142857142858,3.75,3,2,0,Budget Occasional Customers,0
C002401,8,730.1487500000001,5841.1900000000005,1.0,3.5,4,2,0,Budget Occasional Customers,0
C002402,8,1094.5675,8756.54,1.1428571428571428,4.4,2,1,1,Premium Basket Customers,0
C002403,15,858.016,12870.24,1.6666666666666667,3.5,4,2,2,Frequent High-Value Customers,0
C002404,12,936.4758333333334,11237.710000000001,1.2,3.5714285714285716,6,2,2,Frequent High-Value Customers,0
C002405,11,875.5772727272728,9631.35,1.375,3.625,8,1,2,Frequent High-Value Customers,0
C002406,9,646.1977777777778,5815.78,1.2857142857142858,4.0,1,2,0,Budget Occasional Customers,0
C002407,11,837.2718181818182,9209.99,1.1,3.142857142857143,2,1,1,Premium Basket Customers,0
C002408,12,621.9916666666667,7463.9,1.0909090909090908,2.5,6,1,2,Frequent High-Value Customers,0
C002409,12,757.7358333333333,9092.83,1.5,3.4,5,2,2,Frequent High-Value Customers,0
C002410,3,1027.6366666666665,3082.91,1.0,4.5,1,0,1,Premium Basket Customers,0
C002411,12,882.015,10584.18,1.3333333333333333,3.2857142857142856,6,1,2,Frequent High-Value Customers,0
C002412,7,811.0414285714286,5677.29,1.75,3.25,2,2,2,Frequent High-Value Customers,0
C002413,10,725.302,7253.02,1.4285714285714286,3.0,5,2,2,Frequent High-Value Customers,0
C002414,6,709.0516666666666,4254.3099999999995,1.2,4.0,2,1,0,Budget Occasional Customers,0
C002415,15,949.402,14241.03,1.3636363636363635,2.888888888888889,5,4,2,Frequent High-Value Customers,0
C002416,8,611.1425,4889.14,1.3333333333333333,3.2857142857142856,4,2,0,Budget Occasional Customers,0
C002417,6,524.305,3145.83,1.2,3.25,4,1,0,Budget Occasional Customers,0
C002418,4,378.35,1513.4,1.0,4.333333333333333,0,1,0,Budget Occasional Customers,0
C002419,16,653.050625,10448.81,1.6,3.6666666666666665,6,4,2,Frequent High-Value Customers,0
C002420,10,555.1899999999999,5551.9,1.25,4.0,1,1,0,Budget Occasional Customers,0
C002421,9,777.56,6998.04,1.2857142857142858,3.5,5,0,0,Budget Occasional Customers,0
C002422,13,640.4446153846154,8325.78,1.4444444444444444,3.875,1,2,2,Frequent High-Value Customers,0
C002423,9,604.9955555555556,5444.96,1.2857142857142858,3.4,3,2,0,Budget Occasional Customers,0
C002424,11,716.5,7881.5,1.1,3.4444444444444446,7,2,2,Frequent High-Value Customers,0
C002425,10,893.7860000000001,8937.86,1.25,3.4,5,1,2,Frequent High-Value Customers,0
C002426,7,752.4171428571428,5266.92,1.4,4.0,1,1,0,Budget Occasional Customers,0
C002427,14,762.4428571428572,10674.2,1.5555555555555556,3.4166666666666665,6,2,2,Frequent High-Value Customers,0
C002428,9,1107.0077777777778,9963.07,1.2857142857142858,3.5,3,0,1,Premium Basket Customers,0
C002429,7,803.15,5622.05,1.1666666666666667,3.0,1,1,1,Premium Basket Customers,0
C002430,5,1005.7379999999999,5028.69,1.25,3.2,2,1,1,Premium Basket Customers,0
C002431,4,864.775,3459.1,1.0,3.0,2,1,1,Premium Basket Customers,0
C002432,7,1026.1914285714286,7183.34,1.4,4.0,3,1,1,Premium Basket Customers,0
C002433,4,427.795,1711.18,1.0,3.0,1,0,0,Budget Occasional Customers,0
C002434,8,824.77125,6598.17,1.0,2.8333333333333335,3,1,1,Premium Basket Customers,0
C002435,11,757.9581818181819,8337.54,1.2222222222222223,3.0,6,3,2,Frequent High-Value Customers,0
C002436,6,494.6666666666667,2968.0,1.2,3.75,2,1,0,Budget Occasional Customers,0
C002437,12,878.0608333333333,10536.73,1.3333333333333333,3.5,4,1,2,Frequent High-Value Customers,0
C002438,11,865.3572727272727,9518.93,1.375,3.3333333333333335,4,2,2,Frequent High-Value Customers,0
C002439,6,626.4966666666667,3758.98,1.5,2.3333333333333335,3,0,0,Budget Occasional Customers,0
C002440,9,787.6177777777779,7088.56,1.125,4.25,3,1,0,Budget Occasional Customers,0
C002441,8,863.9225,6911.38,1.3333333333333333,3.5,1,1,1,Premium Basket Customers,0
C002442,9,585.6222222222223,5270.6,1.2857142857142858,3.75,4,1,0,Budget Occasional Customers,0
C002443,11,816.8909090909092,8985.800000000001,1.2222222222222223,3.2857142857142856,5,0,2,Frequent High-Value Customers,0
C002444,8,539.2637500000001,4314.110000000001,1.0,4.0,2,4,0,Budget Occasional Customers,0
C002445,5,648.6679999999999,3243.3399999999997,1.0,3.0,2,1,0,Budget Occasional Customers,0
C002446,4,917.0450000000001,3668.1800000000003,1.0,4.0,2,1,1,Premium Basket Customers,0
C002447,8,952.5975000000001,7620.780000000001,1.0,2.25,1,2,1,Premium Basket Customers,0
C002448,6,703.065,4218.39,1.5,3.6666666666666665,2,1,0,Budget Occasional Customers,0
C002449,5,767.5339999999999,3837.6699999999996,1.0,3.0,1,0,0,Budget Occasional Customers,0
C002450,5,1002.902,5014.51,1.0,4.0,2,1,1,Premium Basket Customers,0
C002451,6,736.6766666666666,4420.0599999999995,1.0,3.5,4,1,0,Budget Occasional Customers,0
C002452,11,809.6754545454546,8906.43,1.1,3.3333333333333335,2,4,2,Frequent High-Value Customers,0
C002453,7,1000.9671428571429,7006.77,1.4,3.4,2,1,1,Premium Basket Customers,0
C002454,14,916.4264285714286,12829.97,1.4,3.7142857142857144,7,3,2,Frequent High-Value Customers,0
C002455,9,866.9544444444444,7802.59,1.2857142857142858,3.75,3,1,1,Premium Basket Customers,0
C002456,12,562.2783333333333,6747.34,1.3333333333333333,2.8,5,4,2,Frequent High-Value Customers,0
C002457,4,846.2725,3385.09,1.0,4.0,3,1,0,Budget Occasional Customers,0
C002458,13,843.1138461538461,10960.48,1.3,3.7142857142857144,3,1,2,Frequent High-Value Customers,0
C002459,7,536.15,3753.0499999999997,1.4,2.25,2,3,0,Budget Occasional Customers,0
C002460,7,569.7271428571429,3988.09,1.1666666666666667,3.0,3,0,0,Budget Occasional Customers,0
C002461,13,810.4192307692308,10535.45,1.3,3.0,6,1,2,Frequent High-Value Customers,0
C002462,8,1100.62625,8805.01,1.1428571428571428,2.5,3,2,1,Premium Basket Customers,0
C002463,11,753.9690909090909,8293.66,1.5714285714285714,3.8,2,2,2,Frequent High-Value Customers,0
C002464,16,749.345,11989.52,1.2307692307692308,3.3636363636363638,8,1,2,Frequent High-Value Customers,0
C002465,8,1058.3925,8467.14,1.1428571428571428,4.0,0,2,1,Premium Basket Customers,0
C002466,11,698.4172727272727,7682.59,1.5714285714285714,3.6666666666666665,4,2,2,Frequent High-Value Customers,0
C002467,5,944.374,4721.87,1.0,3.6666666666666665,0,0,1,Premium Basket Customers,0
C002468,5,707.784,3538.92,1.25,4.0,1,2,0,Budget Occasional Customers,0
C002469,7,918.1371428571429,6426.96,1.4,2.2,2,0,1,Premium Basket Customers,0
C002470,7,736.5042857142856,5155.53,1.4,3.8333333333333335,3,0,0,Budget Occasional Customers,0
C002471,4,933.5174999999999,3734.0699999999997,1.0,4.0,0,2,1,Premium Basket Customers,0
C002472,18,979.6794444444445,17634.23,1.6363636363636365,2.9166666666666665,3,3,2,Frequent High-Value Customers,-1
C002473,5,713.292,3566.46,1.25,3.5,3,1,0,Budget Occasional Customers,0
C002474,5,1026.092,5130.46,1.0,3.5,1,2,1,Premium Basket Customers,0
C002475,8,756.78125,6054.25,1.1428571428571428,3.0,2,1,0,Budget Occasional Customers,0
C002476,9,1037.1244444444446,9334.12,1.5,2.5714285714285716,6,1,2,Frequent High-Value Customers,0
C002477,6,692.085,4152.51,1.2,4.2,3,1,0,Budget Occasional Customers,0
C002478,7,827.5785714285714,5793.05,1.1666666666666667,3.8333333333333335,3,2,0,Budget Occasional Customers,0
C002479,11,1038.18,11419.98,1.5714285714285714,4.666666666666667,3,1,2,Frequent High-Value Customers,0
C002480,2,449.015,898.03,1.0,3.5,1,2,0,Budget Occasional Customers,0
C002481,6,894.5716666666667,5367.43,1.5,3.5,2,2,1,Premium Basket Customers,0
C002482,6,919.1033333333334,5514.62,1.2,3.25,4,2,1,Premium Basket Customers,0
C002483,8,761.37125,6090.97,1.1428571428571428,4.0,3,0,0,Budget Occasional Customers,0
C002484,8,669.10625,5352.85,1.1428571428571428,3.6666666666666665,3,2,0,Budget Occasional Customers,0
C002485,10,737.523,7375.2300000000005,1.1111111111111112,3.6,5,0,0,Budget Occasional Customers,0
C002486,6,800.14,4800.84,1.2,3.75,3,0,0,Budget Occasional Customers,0
C002487,11,840.1790909090909,9241.97,1.375,3.3333333333333335,5,3,2,Frequent High-Value Customers,0
C002488,7,698.3357142857142,4888.349999999999,1.1666666666666667,3.5,5,0,0,Budget Occasional Customers,0
C002489,8,830.7075,6645.66,1.3333333333333333,2.8,2,1,1,Premium Basket Customers,0
C002490,4,895.9024999999999,3583.6099999999997,1.0,3.0,1,0,1,Premium Basket Customers,0
C002491,12,796.2375000000001,9554.85,1.5,3.0,3,4,2,Frequent High-Value Customers,0
C002492,18,722.4005555555555,13003.21,1.6363636363636365,3.5,7,5,2,Frequent High-Value Customers,0
C002493,3,794.4366666666666,2383.31,1.0,3.3333333333333335,0,0,0,Budget Occasional Customers,0
C002494,8,708.4975,5667.98,1.1428571428571428,3.0,2,1,0,Budget Occasional Customers,0
C002495,5,528.482,2642.41,1.0,1.5,3,0,0,Budget Occasional Customers,0
C002496,8,980.92625,7847.41,1.3333333333333333,3.3333333333333335,3,1,1,Premium Basket Customers,0
C002497,11,917.2963636363637,10090.26,1.5714285714285714,3.75,4,2,2,Frequent High-Value Customers,0
C002498,9,626.4133333333333,5637.719999999999,1.125,3.5,4,4,2,Frequent High-Value Customers,0
C002499,13,1096.54,14255.02,1.3,3.625,5,2,2,Frequent High-Value Customers,0
C002500,15,890.0773333333333,13351.16,1.3636363636363635,3.8181818181818183,3,3,2,Frequent High-Value Customers,0
C002501,10,913.1629999999999,9131.63,1.25,3.6,2,1,1,Premium Basket Customers,0
C002502,10,792.984,7929.84,1.4285714285714286,4.142857142857143,3,4,2,Frequent High-Value Customers,0
C002503,6,960.6966666666667,5764.18,1.5,3.0,2,1,1,Premium Basket Customers,0
C002504,6,763.8783333333332,4583.2699999999995,1.2,3.5,2,3,0,Budget Occasional Customers,0
C002505,8,924.2275,7393.82,1.1428571428571428,3.2857142857142856,2,1,1,Premium Basket Customers,0
C002506,11,866.6145454545455,9532.76,1.2222222222222223,3.6,5,4,2,Frequent High-Value Customers,0
C002507,10,554.514,5545.14,1.1111111111111112,3.625,4,3,0,Budget Occasional Customers,0
C002508,15,689.5266666666666,10342.9,1.6666666666666667,3.1,8,3,2,Frequent High-Value Customers,0
C002509,8,595.88,4767.04,1.3333333333333333,4.5,2,2,0,Budget Occasional Customers,0
C002510,12,721.6574999999999,8659.89,1.0909090909090908,4.333333333333333,4,4,2,Frequent High-Value Customers,0
C002511,7,826.0257142857143,5782.18,1.1666666666666667,3.6,1,1,0,Budget Occasional Customers,0
C002512,6,1147.57,6885.42,1.2,3.3333333333333335,1,1,1,Premium Basket Customers,0
C002513,16,949.22125,15187.54,1.6,2.5714285714285716,5,3,2,Frequent High-Value Customers,0
C002514,9,713.9933333333333,6425.9400000000005,1.2857142857142858,3.75,3,2,0,Budget Occasional Customers,0
C002515,4,518.4275,2073.71,1.0,3.0,2,1,0,Budget Occasional Customers,0
C002516,9,774.0566666666667,6966.51,1.125,3.6,3,2,0,Budget Occasional Customers,0
C002517,5,875.1700000000001,4375.85,1.0,5.0,3,0,0,Budget Occasional Customers,0
C002518,7,774.9185714285715,5424.43,1.0,3.0,5,2,0,Budget Occasional Customers,0
C002519,10,1244.451,12444.51,1.4285714285714286,3.7142857142857144,3,2,1,Premium Basket Customers,0
C002520,11,626.5545454545455,6892.1,1.2222222222222223,2.8,6,4,2,Frequent High-Value Customers,0
C002521,10,1005.555,10055.55,1.4285714285714286,3.8333333333333335,4,2,2,Frequent High-Value Customers,0
C002522,8,792.65875,6341.27,1.3333333333333333,3.5,2,1,0,Budget Occasional Customers,0
C002523,13,739.6169230769231,9615.02,1.625,3.4285714285714284,6,2,2,Frequent High-Value Customers,0
C002524,12,768.02,9216.24,1.3333333333333333,3.6666666666666665,3,4,2,Frequent High-Value Customers,0
C002525,8,729.9675,5839.74,1.3333333333333333,2.25,3,1,0,Budget Occasional Customers,0
C002526,6,901.8183333333333,5410.91,1.0,3.3333333333333335,1,1,1,Premium Basket Customers,0
C002527,7,688.5557142857143,4819.89,1.0,3.0,2,1,0,Budget Occasional Customers,0
C002528,8,1084.025,8672.2,1.3333333333333333,3.6666666666666665,2,2,1,Premium Basket Customers,0
C002529,4,992.4975000000001,3969.9900000000002,1.3333333333333333,3.6666666666666665,1,0,1,Premium Basket Customers,0
C002530,12,994.3491666666667,11932.19,1.3333333333333333,3.5454545454545454,4,3,2,Frequent High-Value Customers,0
C002531,8,673.5550000000001,5388.4400000000005,1.3333333333333333,3.6666666666666665,3,2,0,Budget Occasional Customers,0
C002532,17,709.9564705882353,12069.26,1.4166666666666667,2.4545454545454546,10,2,2,Frequent High-Value Customers,-1
C002533,8,619.0,4952.0,1.1428571428571428,3.4,4,0,0,Budget Occasional Customers,0
C002534,13,759.876923076923,9878.4,1.3,3.4444444444444446,4,3,2,Frequent High-Value Customers,0
C002535,9,781.1122222222223,7030.01,1.2857142857142858,3.4,5,0,0,Budget Occasional Customers,0
C002536,4,781.235,3124.94,1.0,3.5,3,0,0,Budget Occasional Customers,0
C002537,13,967.0592307692308,12571.77,1.3,3.4444444444444446,4,5,2,Frequent High-Value Customers,0
C002538,9,995.3977777777777,8958.58,1.125,4.0,4,1,1,Premium Basket Customers,0
C002539,15,836.038,12540.57,1.3636363636363635,3.5555555555555554,8,4,2,Frequent High-Value Customers,0
C002540,8,1068.02,8544.16,1.1428571428571428,2.857142857142857,4,4,1,Premium Basket Customers,0
C002541,11,762.4427272727273,8386.87,1.5714285714285714,4.0,4,2,2,Frequent High-Value Customers,0
C002542,6,856.1416666666668,5136.85,1.0,2.75,3,1,1,Premium Basket Customers,0
C002543,5,1097.5520000000001,5487.76,1.25,2.5,1,0,1,Premium Basket Customers,0
C002544,12,814.4091666666667,9772.91,1.0909090909090908,2.7142857142857144,5,1,2,Frequent High-Value Customers,0
C002545,11,847.0363636363636,9317.4,1.1,2.8333333333333335,6,2,2,Frequent High-Value Customers,0
C002546,5,619.604,3098.02,1.25,3.0,1,0,0,Budget Occasional Customers,0
C002547,5,740.7,3703.5,1.25,2.5,0,1,0,Budget Occasional Customers,0
C002548,10,545.1099999999999,5451.099999999999,1.4285714285714286,2.5,3,2,2,Frequent High-Value Customers,0
C002549,9,958.5044444444443,8626.539999999999,1.125,2.7142857142857144,2,4,1,Premium Basket Customers,0
C002550,16,666.74125,10667.86,1.6,4.0,4,3,2,Frequent High-Value Customers,0
C002551,9,885.7244444444445,7971.52,1.125,4.0,2,4,1,Premium Basket Customers,0
C002552,10,856.441,8564.41,1.25,3.3333333333333335,4,2,2,Frequent High-Value Customers,0
C002553,12,855.1525,10261.83,1.5,3.0,1,3,2,Frequent High-Value Customers,0
C002554,11,588.8454545454546,6477.3,1.8333333333333333,3.3333333333333335,2,2,2,Frequent High-Value Customers,0
C002555,12,1012.8533333333334,12154.24,1.3333333333333333,3.8333333333333335,6,3,2,Frequent High-Value Customers,0
C002556,4,769.3975,3077.59,1.0,3.3333333333333335,1,0,0,Budget Occasional Customers,0
C002557,11,1212.9127272727274,13342.04,1.1,2.857142857142857,3,3,1,Premium Basket Customers,0
C002558,8,935.0,7480.0,1.1428571428571428,3.25,2,2,1,Premium Basket Customers,0
C002559,16,729.306875,11668.91,1.4545454545454546,4.0,2,2,2,Frequent High-Value Customers,0
C002560,10,914.641,9146.41,1.4285714285714286,3.75,2,1,1,Premium Basket Customers,0
C002561,9,867.1066666666667,7803.96,1.5,2.8,4,2,2,Frequent High-Value Customers,0
C002562,9,598.56,5387.04,1.2857142857142858,4.2,5,4,2,Frequent High-Value Customers,0
C002563,12,873.545,10482.539999999999,1.7142857142857142,3.6,3,4,2,Frequent High-Value Customers,0
C002564,6,851.2433333333333,5107.46,1.0,3.4,2,0,1,Premium Basket Customers,0
C002565,7,1048.2214285714285,7337.55,1.1666666666666667,4.333333333333333,3,3,1,Premium Basket Customers,0
C002566,8,725.83125,5806.65,1.1428571428571428,3.6666666666666665,3,1,0,Budget Occasional Customers,0
C002567,5,564.706,2823.53,1.0,5.0,1,0,0,Budget Occasional Customers,0
C002568,6,640.5483333333333,3843.29,1.5,3.0,3,0,0,Budget Occasional Customers,0
C002569,5,1065.966,5329.83,1.25,3.3333333333333335,1,0,1,Premium Basket Customers,0
C002570,10,847.1450000000001,8471.45,1.4285714285714286,3.6,2,2,2,Frequent High-Value Customers,0
C002571,8,1232.2,9857.6,1.3333333333333333,4.4,1,1,1,Premium Basket Customers,0
C002572,13,741.8592307692307,9644.17,1.3,3.4,6,1,2,Frequent High-Value Customers,0
C002573,9,651.6988888888889,5865.29,1.125,3.0,0,1,0,Budget Occasional Customers,0
C002574,3,568.7233333333334,1706.17,1.0,2.0,1,0,0,Budget Occasional Customers,0
C002575,3,608.5933333333334,1825.78,1.0,5.0,1,1,0,Budget Occasional Customers,0
C002576,8,652.71625,5221.73,1.1428571428571428,3.0,4,3,0,Budget Occasional Customers,0
C002577,7,895.8757142857143,6271.13,1.1666666666666667,3.3333333333333335,1,0,1,Premium Basket Customers,0
C002578,7,627.6085714285715,4393.26,1.0,4.25,3,1,0,Budget Occasional Customers,0
C002579,4,864.5825,3458.33,1.3333333333333333,4.0,2,0,1,Premium Basket Customers,0
C002580,12,1025.5191666666667,12306.23,1.5,4.333333333333333,6,1,2,Frequent High-Value Customers,0
C002581,10,734.598,7345.98,1.1111111111111112,3.375,2,1,0,Budget Occasional Customers,0
C002582,9,885.4000000000001,7968.6,1.125,3.5,2,2,1,Premium Basket Customers,0
C002583,11,918.28,10101.08,1.5714285714285714,3.142857142857143,6,0,2,Frequent High-Value Customers,0
C002584,4,552.7325,2210.93,1.3333333333333333,2.0,2,2,0,Budget Occasional Customers,0
C002585,6,788.4466666666667,4730.68,1.0,3.3333333333333335,2,0,0,Budget Occasional Customers,0
C002586,12,765.37,9184.44,1.5,4.285714285714286,4,1,2,Frequent High-Value Customers,0
C002587,10,893.7300000000001,8937.300000000001,1.4285714285714286,3.6666666666666665,4,1,2,Frequent High-Value Customers,0
C002588,14,705.6685714285715,9879.36,1.2727272727272727,3.0,5,1,2,Frequent High-Value Customers,0
C002589,10,1025.413,10254.13,1.4285714285714286,3.5714285714285716,3,4,2,Frequent High-Value Customers,0
C002590,9,888.37,7995.33,1.2857142857142858,3.1666666666666665,4,2,2,Frequent High-Value Customers,0
C002591,4,1011.7800000000001,4047.1200000000003,1.3333333333333333,4.0,1,0,1,Premium Basket Customers,0
C002592,13,593.6146153846154,7716.99,1.4444444444444444,3.111111111111111,6,2,2,Frequent High-Value Customers,0
C002593,9,820.4633333333334,7384.17,1.2857142857142858,3.2857142857142856,4,3,2,Frequent High-Value Customers,0
C002594,9,1123.2666666666667,10109.4,1.2857142857142858,2.6,1,2,1,Premium Basket Customers,0
C002595,8,685.0975,5480.78,1.1428571428571428,3.6,3,1,0,Budget Occasional Customers,0
C002596,15,855.4606666666666,12831.91,1.3636363636363635,3.4545454545454546,5,6,2,Frequent High-Value Customers,0
C002597,6,953.5999999999999,5721.599999999999,1.2,3.0,3,0,1,Premium Basket Customers,0
C002598,10,754.983,7549.83,1.25,4.0,2,2,0,Budget Occasional Customers,0
C002599,9,590.798888888889,5317.1900000000005,1.125,3.8333333333333335,5,0,0,Budget Occasional Customers,0
C002600,9,966.4699999999999,8698.23,1.2857142857142858,3.5,0,2,1,Premium Basket Customers,0
C002601,15,702.6133333333333,10539.2,1.5,3.4,4,4,2,Frequent High-Value Customers,0
C002602,4,454.3725,1817.49,1.3333333333333333,3.75,1,1,0,Budget Occasional Customers,0
C002603,9,724.1544444444444,6517.389999999999,1.0,3.6666666666666665,3,2,0,Budget Occasional Customers,0
C002604,10,815.2270000000001,8152.27,1.4285714285714286,3.0,4,1,2,Frequent High-Value Customers,0
C002605,7,870.5485714285714,6093.84,1.4,2.75,5,0,1,Premium Basket Customers,0
C002606,9,910.4666666666667,8194.2,1.8,3.625,5,2,2,Frequent High-Value Customers,0
C002607,10,761.649,7616.49,1.6666666666666667,3.5,5,1,2,Frequent High-Value Customers,0
C002608,7,958.7571428571429,6711.3,1.1666666666666667,3.3333333333333335,2,1,1,Premium Basket Customers,0
C002609,6,444.31666666666666,2665.9,1.0,3.0,3,0,0,Budget Occasional Customers,0
C002610,7,1134.32,7940.24,1.1666666666666667,3.0,2,1,1,Premium Basket Customers,0
C002611,5,686.1800000000001,3430.9,1.0,2.6666666666666665,2,2,0,Budget Occasional Customers,0
C002612,8,1079.5725,8636.58,1.3333333333333333,3.2,3,1,1,Premium Basket Customers,0
C002613,5,705.942,3529.71,1.0,5.0,0,1,0,Budget Occasional Customers,0
C002614,6,1070.4666666666667,6422.8,1.2,4.0,3,0,1,Premium Basket Customers,0
C002615,8,787.26625,6298.13,1.0,3.857142857142857,4,0,0,Budget Occasional Customers,0
C002616,11,897.2772727272727,9870.05,1.375,3.2,6,3,2,Frequent High-Value Customers,0
C002617,8,634.9175,5079.34,1.1428571428571428,3.6666666666666665,3,3,0,Budget Occasional Customers,0
C002618,10,682.339,6823.39,1.25,3.142857142857143,5,2,2,Frequent High-Value Customers,0
C002619,8,994.6637499999999,7957.3099999999995,1.0,3.5,3,1,1,Premium Basket Customers,0
C002620,9,582.6566666666666,5243.91,1.2857142857142858,2.7142857142857144,2,0,0,Budget Occasional Customers,0
C002621,9,693.0688888888889,6237.62,1.5,3.6,2,3,2,Frequent High-Value Customers,0
C002622,12,955.9900000000001,11471.880000000001,1.3333333333333333,3.2,3,3,2,Frequent High-Value Customers,0
C002623,6,763.7266666666666,4582.36,1.0,4.0,1,0,0,Budget Occasional Customers,0
C002624,6,840.7750000000001,5044.650000000001,1.0,2.75,4,1,1,Premium Basket Customers,0
C002625,8,862.6125,6900.9,1.3333333333333333,4.0,2,3,0,Budget Occasional Customers,0
C002626,10,851.3280000000001,8513.28,1.25,3.5,1,2,1,Premium Basket Customers,0
C002627,9,705.4433333333333,6348.99,1.2857142857142858,4.0,4,1,0,Budget Occasional Customers,0
C002628,9,877.8944444444445,7901.05,1.2857142857142858,3.1666666666666665,3,1,1,Premium Basket Customers,0
C002629,10,936.2299999999999,9362.3,1.1111111111111112,3.7142857142857144,2,0,1,Premium Basket Customers,0
C002630,9,884.0166666666667,7956.15,1.125,2.8333333333333335,3,1,1,Premium Basket Customers,0
C002631,11,653.5927272727273,7189.52,1.2222222222222223,2.875,6,2,2,Frequent High-Value Customers,0
C002632,11,924.9572727272728,10174.53,1.2222222222222223,3.5714285714285716,3,2,2,Frequent High-Value Customers,0
C002633,6,706.1233333333333,4236.74,1.0,4.333333333333333,2,2,0,Budget Occasional Customers,0
C002634,4,623.12,2492.48,1.0,3.0,1,0,0,Budget Occasional Customers,0
C002635,5,1152.682,5763.41,1.0,3.0,3,1,1,Premium Basket Customers,0
C002636,8,601.87625,4815.01,1.3333333333333333,3.0,4,2,0,Budget Occasional Customers,0
C002637,8,812.5875000000001,6500.700000000001,1.1428571428571428,3.6,1,2,0,Budget Occasional Customers,0
C002638,11,852.19,9374.09,1.375,3.4285714285714284,4,1,2,Frequent High-Value Customers,0
C002639,11,824.1136363636364,9065.25,1.375,3.4,3,2,2,Frequent High-Value Customers,0
C002640,5,583.14,2915.7,1.25,3.5,2,0,0,Budget Occasional Customers,0
C002641,8,555.385,4443.08,1.6,3.3333333333333335,3,2,0,Budget Occasional Customers,0
C002642,3,444.53999999999996,1333.62,1.5,3.6666666666666665,2,1,0,Budget Occasional Customers,0
C002643,3,1327.98,3983.94,1.0,3.0,1,0,1,Premium Basket Customers,0
C002644,12,874.3583333333332,10492.3,1.3333333333333333,4.5,6,3,2,Frequent High-Value Customers,0
C002645,4,1151.84,4607.36,1.0,3.0,1,1,1,Premium Basket Customers,0
C002646,14,863.385,12087.39,1.2727272727272727,4.0,5,2,2,Frequent High-Value Customers,0
C002647,4,745.17,2980.68,1.0,2.6666666666666665,3,0,0,Budget Occasional Customers,0
C002648,7,922.7014285714286,6458.91,1.1666666666666667,4.0,4,1,1,Premium Basket Customers,0
C002649,8,828.51125,6628.09,1.1428571428571428,4.0,3,1,0,Budget Occasional Customers,0
C002650,8,843.21625,6745.73,1.6,3.1666666666666665,2,1,1,Premium Basket Customers,0
C002651,5,999.134,4995.67,1.0,3.3333333333333335,2,0,1,Premium Basket Customers,0
C002652,11,779.4163636363636,8573.58,1.375,3.75,7,0,2,Frequent High-Value Customers,0
C002653,9,590.9066666666666,5318.16,1.5,2.857142857142857,3,2,2,Frequent High-Value Customers,0
C002654,9,675.5544444444445,6079.99,1.2857142857142858,3.25,3,5,2,Frequent High-Value Customers,0
C002655,15,924.7153333333333,13870.73,1.25,3.375,6,5,2,Frequent High-Value Customers,0
C002656,8,695.87875,5567.03,1.3333333333333333,3.25,5,5,2,Frequent High-Value Customers,0
C002657,7,655.6357142857142,4589.45,1.4,2.6666666666666665,1,2,0,Budget Occasional Customers,0
C002658,11,650.3372727272728,7153.71,1.375,2.6666666666666665,4,2,2,Frequent High-Value Customers,0
C002659,9,625.4566666666666,5629.11,1.125,3.0,3,2,0,Budget Occasional Customers,0
C002660,10,1134.065,11340.65,1.25,3.2857142857142856,3,2,1,Premium Basket Customers,0
C002661,9,896.3655555555556,8067.29,1.125,2.6,3,3,1,Premium Basket Customers,0
C002662,11,728.0581818181819,8008.64,1.375,3.75,4,2,2,Frequent High-Value Customers,0
C002663,8,543.63625,4349.09,1.0,3.6,3,1,0,Budget Occasional Customers,0
C002664,12,746.1441666666666,8953.73,1.5,3.125,4,3,2,Frequent High-Value Customers,0
C002665,19,801.0205263157894,15219.39,1.7272727272727273,3.3846153846153846,4,5,2,Frequent High-Value Customers,-1
C002666,9,886.39,7977.51,1.125,4.0,4,0,1,Premium Basket Customers,0
C002667,7,706.3371428571429,4944.360000000001,1.4,4.5,2,2,0,Budget Occasional Customers,0
C002668,10,601.325,6013.25,1.1111111111111112,1.6666666666666667,4,5,2,Frequent High-Value Customers,-1
C002669,10,854.741,8547.41,1.6666666666666667,4.25,5,2,2,Frequent High-Value Customers,0
C002670,2,984.345,1968.69,1.0,1.0,2,1,1,Premium Basket Customers,1
C002671,13,862.1438461538461,11207.869999999999,1.625,3.2,3,3,2,Frequent High-Value Customers,0
C002672,8,694.6125,5556.9,1.1428571428571428,3.5,3,3,0,Budget Occasional Customers,0
C002673,13,1002.0961538461538,13027.25,1.1818181818181819,4.125,5,3,2,Frequent High-Value Customers,0
C002674,6,673.5083333333333,4041.0499999999997,1.0,3.25,1,3,0,Budget Occasional Customers,0
C002675,4,333.77,1335.08,1.3333333333333333,4.666666666666667,1,1,0,Budget Occasional Customers,-1
C002676,10,669.019,6690.1900000000005,1.25,3.0,7,2,2,Frequent High-Value Customers,0
C002677,7,742.8828571428572,5200.18,1.1666666666666667,3.0,2,0,0,Budget Occasional Customers,0
C002678,8,640.01875,5120.15,1.6,4.0,2,1,0,Budget Occasional Customers,0
C002679,9,931.1566666666666,8380.41,1.125,2.3333333333333335,5,1,1,Premium Basket Customers,0
C002680,10,531.025,5310.25,1.4285714285714286,4.0,2,3,0,Budget Occasional Customers,0
C002681,12,1143.2158333333334,13718.59,1.2,2.5,6,3,2,Frequent High-Value Customers,0
C002682,7,693.2157142857143,4852.51,1.1666666666666667,3.5,2,1,0,Budget Occasional Customers,0
C002683,11,833.7518181818182,9171.27,1.1,3.875,2,2,0,Budget Occasional Customers,0
C002684,9,803.2466666666667,7229.22,1.125,3.8333333333333335,2,1,0,Budget Occasional Customers,0
C002685,3,1167.64,3502.92,1.0,4.333333333333333,0,1,1,Premium Basket Customers,0
C002686,11,691.4718181818182,7606.1900000000005,1.375,3.6666666666666665,4,3,2,Frequent High-Value Customers,0
C002687,6,1019.9233333333333,6119.54,1.2,4.333333333333333,1,2,1,Premium Basket Customers,0
C002688,6,622.9566666666667,3737.7400000000002,1.2,2.5,4,1,0,Budget Occasional Customers,0
C002689,7,1283.6557142857143,8985.59,1.75,3.6666666666666665,4,1,1,Premium Basket Customers,0
C002690,8,789.49125,6315.93,1.3333333333333333,4.4,6,1,2,Frequent High-Value Customers,0
C002691,12,955.0558333333333,11460.67,1.3333333333333333,3.5,5,0,2,Frequent High-Value Customers,0
C002692,7,1026.172857142857,7183.21,1.1666666666666667,2.8,3,0,1,Premium Basket Customers,0
C002693,10,816.376,8163.76,1.4285714285714286,3.7,3,0,0,Budget Occasional Customers,0
C002694,11,581.5881818181819,6397.47,1.2222222222222223,4.0,2,2,0,Budget Occasional Customers,0
C002695,8,1070.21875,8561.75,1.3333333333333333,3.75,2,0,1,Premium Basket Customers,0
C002696,5,833.732,4168.66,1.25,3.75,1,1,0,Budget Occasional Customers,0
C002697,8,676.77875,5414.23,1.0,2.5,2,2,0,Budget Occasional Customers,0
C002698,6,863.0683333333333,5178.41,1.2,3.2,3,2,1,Premium Basket Customers,0
C002699,14,921.6335714285715,12902.87,1.4,2.8181818181818183,4,5,2,Frequent High-Value Customers,0
C002700,7,840.1928571428572,5881.35,1.1666666666666667,3.6666666666666665,3,1,0,Budget Occasional Customers,0
C002701,11,827.7654545454545,9105.42,1.2222222222222223,3.5714285714285716,5,2,2,Frequent High-Value Customers,0
C002702,7,697.3414285714287,4881.39,1.1666666666666667,4.5,4,2,0,Budget Occasional Customers,0
C002703,10,828.4860000000001,8284.86,1.1111111111111112,3.5,4,3,2,Frequent High-Value Customers,0
C002704,10,818.7,8187.0,1.4285714285714286,2.8333333333333335,3,2,2,Frequent High-Value Customers,0
C002705,12,800.1416666666668,9601.7,1.5,3.0,4,2,2,Frequent High-Value Customers,0
C002706,7,875.0671428571428,6125.469999999999,1.4,4.0,1,2,1,Premium Basket Customers,0
C002707,4,971.6825,3886.73,1.0,3.6666666666666665,0,0,1,Premium Basket Customers,0
C002708,6,873.0966666666667,5238.58,1.0,3.8,2,0,1,Premium Basket Customers,0
C002709,11,699.3654545454546,7693.0199999999995,1.2222222222222223,3.2222222222222223,7,2,2,Frequent High-Value Customers,0
C002710,11,713.7045454545455,7850.75,1.2222222222222223,3.3333333333333335,5,1,2,Frequent High-Value Customers,0
C002711,7,989.8757142857143,6929.13,1.1666666666666667,2.0,3,1,1,Premium Basket Customers,0
C002712,8,745.35625,5962.85,1.3333333333333333,3.8,1,2,0,Budget Occasional Customers,0
C002713,12,762.3016666666667,9147.62,1.2,3.4,3,3,2,Frequent High-Value Customers,0
C002714,9,1004.8744444444445,9043.87,1.2857142857142858,3.4,5,2,2,Frequent High-Value Customers,0
C002715,8,592.72875,4741.83,1.0,4.333333333333333,4,1,0,Budget Occasional Customers,0
C002716,11,1132.1781818181817,12453.96,1.5714285714285714,3.1666666666666665,5,2,2,Frequent High-Value Customers,0
C002717,11,909.1072727272727,10000.18,1.1,3.5555555555555554,6,1,2,Frequent High-Value Customers,0
C002718,12,648.9399999999999,7787.28,1.7142857142857142,3.5,4,3,2,Frequent High-Value Customers,0
C002719,8,900.79625,7206.37,1.1428571428571428,3.5,4,1,1,Premium Basket Customers,0
C002720,10,665.112,6651.12,1.25,3.6666666666666665,3,0,0,Budget Occasional Customers,0
C002721,11,642.6336363636364,7068.97,1.375,3.142857142857143,4,4,2,Frequent High-Value Customers,0
C002722,12,978.4341666666666,11741.21,1.2,4.0,5,2,2,Frequent High-Value Customers,0
C002723,8,548.4175,4387.34,1.0,4.0,4,0,0,Budget Occasional Customers,0
C002724,8,1073.29375,8586.35,1.3333333333333333,3.3333333333333335,4,2,1,Premium Basket Customers,0
C002725,9,706.1211111111111,6355.09,1.5,3.25,3,2,2,Frequent High-Value Customers,0
C002726,5,1018.914,5094.57,1.25,4.0,3,1,1,Premium Basket Customers,0
C002727,10,727.799,7277.99,1.25,3.3333333333333335,4,1,0,Budget Occasional Customers,0
C002728,6,334.72833333333335,2008.3700000000001,1.5,5.0,2,4,0,Budget Occasional Customers,-1
C002729,12,868.185,10418.22,1.3333333333333333,3.5,3,2,2,Frequent High-Value Customers,0
C002730,8,744.85875,5958.87,1.1428571428571428,4.142857142857143,1,3,0,Budget Occasional Customers,0
C002731,13,1022.2307692307693,13289.0,1.1818181818181819,3.5,3,4,2,Frequent High-Value Customers,0
C002732,12,834.7108333333334,10016.53,1.5,3.375,5,1,2,Frequent High-Value Customers,0
C002733,3,771.3433333333334,2314.03,1.0,3.5,2,0,0,Budget Occasional Customers,0
C002734,14,802.7585714285715,11238.62,1.4,3.0,2,0,2,Frequent High-Value Customers,0
C002735,9,742.1755555555555,6679.58,1.5,3.1666666666666665,6,1,2,Frequent High-Value Customers,0
C002736,7,894.1714285714287,6259.200000000001,1.0,3.75,0,1,1,Premium Basket Customers,0
C002737,9,916.6366666666667,8249.73,1.0,2.75,2,1,1,Premium Basket Customers,0
C002738,10,806.8399999999999,8068.4,1.4285714285714286,3.75,1,3,2,Frequent High-Value Customers,0
C002739,5,530.542,2652.71,1.25,3.6,2,0,0,Budget Occasional Customers,0
C002740,10,1206.964,12069.64,1.1111111111111112,3.6666666666666665,4,1,1,Premium Basket Customers,0
C002741,6,930.77,5584.62,1.0,3.5,0,1,1,Premium Basket Customers,0
C002742,11,916.0572727272728,10076.630000000001,1.5714285714285714,2.7142857142857144,3,2,2,Frequent High-Value Customers,0
C002743,6,720.83,4324.9800000000005,1.2,3.3333333333333335,2,1,0,Budget Occasional Customers,0
C002744,10,884.8340000000001,8848.34,1.4285714285714286,3.6,1,2,1,Premium Basket Customers,0
C002745,7,727.3928571428571,5091.75,1.4,3.4,2,3,0,Budget Occasional Customers,0
C002746,9,777.2122222222222,6994.91,1.125,4.4,3,2,0,Budget Occasional Customers,0
C002747,11,696.3654545454546,7660.02,1.375,2.75,3,1,2,Frequent High-Value Customers,0
C002748,8,717.13,5737.04,1.3333333333333333,3.75,4,1,0,Budget Occasional Customers,0
C002749,11,955.9390909090909,10515.33,1.375,3.4,6,1,2,Frequent High-Value Customers,0
C002750,10,603.647,6036.47,1.25,3.4285714285714284,3,1,0,Budget Occasional Customers,0
C002751,10,948.9709999999999,9489.71,1.25,4.6,3,1,1,Premium Basket Customers,0
C002752,9,769.7866666666666,6928.08,1.5,3.2857142857142856,2,2,2,Frequent High-Value Customers,0
C002753,6,984.4899999999999,5906.94,1.2,3.5,3,1,1,Premium Basket Customers,0
C002754,9,931.0122222222222,8379.11,1.2857142857142858,3.25,4,3,2,Frequent High-Value Customers,0
C002755,7,960.1614285714286,6721.13,1.1666666666666667,3.6,1,2,1,Premium Basket Customers,0
C002756,8,602.24375,4817.95,1.0,3.1666666666666665,4,2,0,Budget Occasional Customers,0
C002757,7,950.6828571428572,6654.780000000001,1.4,3.0,2,3,1,Premium Basket Customers,0
C002758,4,743.1525,2972.61,1.3333333333333333,3.6666666666666665,2,0,0,Budget Occasional Customers,0
C002759,7,395.5885714285714,2769.12,1.1666666666666667,3.0,0,2,0,Budget Occasional Customers,0
C002760,12,940.9341666666668,11291.210000000001,1.3333333333333333,3.6,5,1,2,Frequent High-Value Customers,0
C002761,5,1021.808,5109.04,1.0,3.6666666666666665,2,1,1,Premium Basket Customers,0
C002762,9,718.7877777777778,6469.09,1.8,2.6666666666666665,3,2,2,Frequent High-Value Customers,0
C002763,9,839.0822222222222,7551.74,1.0,3.6666666666666665,5,2,0,Budget Occasional Customers,0
C002764,6,627.8133333333334,3766.88,1.2,4.0,0,2,0,Budget Occasional Customers,0
C002765,10,787.5229999999999,7875.23,1.4285714285714286,3.3333333333333335,3,3,2,Frequent High-Value Customers,0
C002766,17,771.814705882353,13120.85,1.7,3.4166666666666665,3,1,2,Frequent High-Value Customers,0
C002767,9,791.7311111111111,7125.58,1.5,3.8333333333333335,4,1,2,Frequent High-Value Customers,0
C002768,10,605.227,6052.2699999999995,1.4285714285714286,3.0,1,2,0,Budget Occasional Customers,0
C002769,6,1241.0916666666667,7446.55,1.0,3.3333333333333335,3,2,1,Premium Basket Customers,0
C002770,7,944.3857142857142,6610.7,1.75,3.0,3,1,1,Premium Basket Customers,0
C002771,9,713.2088888888889,6418.88,1.125,3.2857142857142856,6,0,0,Budget Occasional Customers,0
C002772,14,1030.7207142857144,14430.09,1.5555555555555556,3.5555555555555554,6,3,2,Frequent High-Value Customers,0
C002773,7,693.7628571428571,4856.34,1.4,2.75,6,2,2,Frequent High-Value Customers,0
C002774,6,737.5066666666667,4425.04,1.5,4.0,2,1,0,Budget Occasional Customers,0
C002775,17,673.5523529411764,11450.39,1.5454545454545454,3.5454545454545454,3,2,2,Frequent High-Value Customers,0
C002776,4,731.8325,2927.33,1.0,3.5,2,1,0,Budget Occasional Customers,0
C002777,10,602.5229999999999,6025.23,1.4285714285714286,3.1666666666666665,2,1,0,Budget Occasional Customers,0
C002778,8,940.79,7526.32,1.0,3.8,2,1,1,Premium Basket Customers,0
C002779,9,791.6077777777778,7124.47,1.8,4.0,3,0,2,Frequent High-Value Customers,0
C002780,9,847.6811111111111,7629.13,1.125,4.125,4,1,0,Budget Occasional Customers,0
C002781,11,1210.0081818181818,13310.09,1.375,3.6666666666666665,3,3,1,Premium Basket Customers,0
C002782,10,695.83,6958.3,1.25,3.0,1,3,0,Budget Occasional Customers,0
C002783,9,651.7666666666667,5865.9,1.125,3.4,1,1,0,Budget Occasional Customers,0
C002784,16,932.27875,14916.46,2.0,3.3,7,4,2,Frequent High-Value Customers,0
C002785,8,706.06375,5648.51,1.3333333333333333,4.333333333333333,4,1,0,Budget Occasional Customers,0
C002786,9,606.3155555555555,5456.84,1.2857142857142858,3.2222222222222223,4,2,0,Budget Occasional Customers,0
C002787,6,690.1416666666668,4140.85,1.5,3.5,2,2,0,Budget Occasional Customers,0
C002788,7,1168.3328571428572,8178.33,1.4,2.75,3,1,1,Premium Basket Customers,0
C002789,13,677.8069230769231,8811.49,1.3,3.6666666666666665,5,1,2,Frequent High-Value Customers,0
C002790,5,552.766,2763.83,1.0,3.3333333333333335,2,3,0,Budget Occasional Customers,0
C002791,10,651.191,6511.91,1.1111111111111112,2.888888888888889,4,1,0,Budget Occasional Customers,0
C002792,11,836.2290909090909,9198.52,1.5714285714285714,3.25,3,2,2,Frequent High-Value Customers,0
C002793,5,769.8,3849.0,1.0,4.25,0,2,0,Budget Occasional Customers,0
C002794,4,721.965,2887.86,1.0,2.5,1,0,0,Budget Occasional Customers,0
C002795,9,888.0999999999999,7992.9,1.125,3.3333333333333335,3,2,1,Premium Basket Customers,0
C002796,11,624.079090909091,6864.87,1.2222222222222223,3.3333333333333335,3,1,0,Budget Occasional Customers,0
C002797,12,631.4791666666666,7577.75,1.7142857142857142,4.2,4,2,2,Frequent High-Value Customers,0
C002798,12,883.5791666666665,10602.949999999999,1.3333333333333333,3.25,3,2,2,Frequent High-Value Customers,0
C002799,8,984.30625,7874.45,1.3333333333333333,2.1666666666666665,1,2,1,Premium Basket Customers,0
C002800,8,1015.5862500000001,8124.6900000000005,1.6,3.8333333333333335,3,1,1,Premium Basket Customers,0
C002801,8,918.7425000000001,7349.9400000000005,1.1428571428571428,3.0,3,3,1,Premium Basket Customers,0
C002802,6,850.5616666666666,5103.37,1.0,4.8,2,1,0,Budget Occasional Customers,0
C002803,11,758.6463636363637,8345.11,1.375,2.857142857142857,2,1,0,Budget Occasional Customers,0
C002804,11,794.3781818181818,8738.16,1.5714285714285714,2.8333333333333335,1,2,2,Frequent High-Value Customers,0
C002805,7,1204.0514285714287,8428.36,1.1666666666666667,4.0,2,5,1,Premium Basket Customers,0
C002806,9,817.8855555555555,7360.969999999999,1.2857142857142858,3.3333333333333335,4,0,0,Budget Occasional Customers,0
C002807,7,847.6542857142857,5933.58,1.1666666666666667,3.6,1,0,1,Premium Basket Customers,0
C002808,14,673.755,9432.57,1.4,3.888888888888889,5,2,2,Frequent High-Value Customers,0
C002809,7,758.2028571428572,5307.42,1.4,3.5,1,1,0,Budget Occasional Customers,0
C002810,8,716.1075,5728.86,1.1428571428571428,3.6,1,4,0,Budget Occasional Customers,0
C002811,11,748.5081818181818,8233.59,1.0,3.3333333333333335,3,2,0,Budget Occasional Customers,0
C002812,15,903.6606666666667,13554.91,1.1538461538461537,3.4545454545454546,4,3,2,Frequent High-Value Customers,0
C002813,12,819.8666666666667,9838.4,1.7142857142857142,3.2857142857142856,5,3,2,Frequent High-Value Customers,0
C002814,7,582.1042857142858,4074.73,1.1666666666666667,3.75,3,1,0,Budget Occasional Customers,0
C002815,5,840.5799999999999,4202.9,1.25,3.0,3,3,1,Premium Basket Customers,0
C002816,5,976.36,4881.8,1.25,2.75,3,2,1,Premium Basket Customers,0
C002817,10,815.876,8158.76,1.1111111111111112,3.8333333333333335,3,1,0,Budget Occasional Customers,0
C002818,10,663.448,6634.48,1.25,3.0,3,3,2,Frequent High-Value Customers,0
C002819,7,1238.5885714285716,8670.12,1.0,3.25,1,2,1,Premium Basket Customers,0
C002820,10,790.5719999999999,7905.719999999999,1.4285714285714286,3.5714285714285716,3,0,0,Budget Occasional Customers,0
C002821,9,858.0411111111111,7722.37,1.2857142857142858,2.6,4,0,1,Premium Basket Customers,0
C002822,6,1019.3716666666668,6116.2300000000005,1.2,2.4,1,1,1,Premium Basket Customers,0
C002823,9,554.6011111111111,4991.41,1.2857142857142858,3.25,5,3,2,Frequent High-Value Customers,0
C002824,14,794.5992857142857,11124.39,2.0,3.7142857142857144,5,2,2,Frequent High-Value Customers,0
C002825,9,687.5322222222222,6187.79,1.5,3.2,4,2,2,Frequent High-Value Customers,0
C002826,8,621.59875,4972.79,1.0,3.3333333333333335,2,1,0,Budget Occasional Customers,0
C002827,11,577.0009090909091,6347.01,1.2222222222222223,3.75,0,1,0,Budget Occasional Customers,0
C002828,10,734.756,7347.5599999999995,1.25,3.857142857142857,2,2,0,Budget Occasional Customers,0
C002829,9,709.3911111111111,6384.5199999999995,1.8,3.3333333333333335,6,1,2,Frequent High-Value Customers,0
C002830,13,814.3515384615384,10586.57,1.625,2.625,4,2,2,Frequent High-Value Customers,0
C002831,10,887.4639999999999,8874.64,1.0,2.5714285714285716,3,1,1,Premium Basket Customers,0
C002832,2,996.28,1992.56,1.0,3.0,0,0,1,Premium Basket Customers,0
C002833,11,587.4572727272728,6462.030000000001,1.375,2.6666666666666665,3,0,0,Budget Occasional Customers,0
C002834,10,847.883,8478.83,1.25,3.1666666666666665,6,0,2,Frequent High-Value Customers,0
C002835,7,856.3557142857143,5994.49,1.0,4.0,2,2,0,Budget Occasional Customers,0
C002836,8,1011.3175,8090.54,1.1428571428571428,3.0,3,0,1,Premium Basket Customers,0
C002837,8,725.1475,5801.18,1.6,3.6666666666666665,2,2,0,Budget Occasional Customers,0
C002838,12,825.3558333333334,9904.27,1.2,4.111111111111111,1,4,2,Frequent High-Value Customers,0
C002839,2,1040.9650000000001,2081.9300000000003,1.0,2.0,1,0,1,Premium Basket Customers,0
C002840,8,1030.81125,8246.49,1.1428571428571428,3.2857142857142856,2,1,1,Premium Basket Customers,0
C002841,11,873.8663636363636,9612.53,1.375,3.1666666666666665,4,3,2,Frequent High-Value Customers,0
C002842,11,886.0254545454544,9746.279999999999,1.1,2.7,6,1,2,Frequent High-Value Customers,0
C002843,10,862.2560000000001,8622.560000000001,1.25,3.5,2,2,1,Premium Basket Customers,0
C002844,7,851.0085714285715,5957.06,1.4,2.5,3,0,1,Premium Basket Customers,0
C002845,7,793.5114285714286,5554.58,1.1666666666666667,2.75,3,2,1,Premium Basket Customers,0
C002846,6,1229.1583333333333,7374.95,1.0,2.75,2,2,1,Premium Basket Customers,0
C002847,9,761.0111111111112,6849.1,1.2857142857142858,4.142857142857143,3,2,0,Budget Occasional Customers,0
C002848,9,732.1511111111112,6589.360000000001,1.125,3.2,2,4,0,Budget Occasional Customers,0
C002849,7,817.4157142857142,5721.91,1.1666666666666667,3.8,0,0,0,Budget Occasional Customers,0
C002850,9,922.8566666666668,8305.710000000001,1.2857142857142858,3.6,4,2,2,Frequent High-Value Customers,0
C002851,7,530.83,3715.81,1.0,4.75,3,4,0,Budget Occasional Customers,0
C002852,11,681.4390909090909,7495.83,1.375,3.0,4,2,2,Frequent High-Value Customers,0
C002853,9,896.5999999999999,8069.4,1.5,3.5,5,1,2,Frequent High-Value Customers,0
C002854,11,807.4581818181817,8882.039999999999,1.375,3.4285714285714284,2,4,2,Frequent High-Value Customers,0
C002855,11,520.5936363636364,5726.53,1.375,3.75,3,2,0,Budget Occasional Customers,0
C002856,14,901.5478571428572,12621.67,2.0,3.75,3,4,2,Frequent High-Value Customers,0
C002857,8,817.22375,6537.79,1.1428571428571428,2.3333333333333335,3,0,1,Premium Basket Customers,0
C002858,12,990.2666666666668,11883.2,1.5,2.25,3,2,2,Frequent High-Value Customers,0
C002859,7,1047.0085714285713,7329.0599999999995,1.1666666666666667,3.75,1,3,1,Premium Basket Customers,0
C002860,7,554.9428571428572,3884.6000000000004,1.1666666666666667,3.4,3,2,0,Budget Occasional Customers,0
C002861,11,819.7918181818181,9017.71,1.375,3.1666666666666665,3,1,2,Frequent High-Value Customers,0
C002862,11,600.1245454545455,6601.37,1.5714285714285714,3.5,2,1,0,Budget Occasional Customers,0
C002863,10,722.617,7226.17,1.25,3.6,3,2,0,Budget Occasional Customers,0
C002864,3,1068.6299999999999,3205.89,1.0,2.6666666666666665,2,0,1,Premium Basket Customers,0
C002865,13,871.6938461538462,11332.02,1.3,4.0,7,0,2,Frequent High-Value Customers,0
C002866,11,1089.189090909091,11981.08,1.2222222222222223,3.4285714285714284,2,2,1,Premium Basket Customers,0
C002867,6,776.2566666666667,4657.54,1.2,4.0,3,0,0,Budget Occasional Customers,0
C002868,12,771.5433333333334,9258.52,1.3333333333333333,3.1666666666666665,4,2,2,Frequent High-Value Customers,0
C002869,1,128.16,128.16,1.0,5.0,0,0,0,Budget Occasional Customers,-1
C002870,12,812.9008333333333,9754.81,1.5,4.2,1,2,2,Frequent High-Value Customers,0
C002871,7,895.5457142857142,6268.82,1.1666666666666667,3.0,4,1,1,Premium Basket Customers,0
C002872,7,664.0385714285715,4648.27,1.1666666666666667,3.6,4,2,0,Budget Occasional Customers,0
C002873,12,859.5208333333334,10314.25,1.0909090909090908,3.125,4,3,2,Frequent High-Value Customers,0
C002874,14,891.6485714285715,12483.08,1.1666666666666667,3.0,6,1,2,Frequent High-Value Customers,0
C002875,9,628.9355555555555,5660.42,1.125,3.4285714285714284,1,2,0,Budget Occasional Customers,0
C002876,10,713.132,7131.32,1.25,3.4,2,0,0,Budget Occasional Customers,0
C002877,6,851.5483333333333,5109.29,1.0,4.333333333333333,2,2,0,Budget Occasional Customers,0
C002878,10,1066.8799999999999,10668.8,1.1111111111111112,3.8333333333333335,4,0,1,Premium Basket Customers,0
C002879,6,1121.3666666666666,6728.2,1.0,3.4,1,2,1,Premium Basket Customers,0
C002880,8,838.605,6708.84,1.0,3.5,2,2,1,Premium Basket Customers,0
C002881,9,965.3611111111111,8688.25,1.125,4.166666666666667,2,1,1,Premium Basket Customers,0
C002882,11,903.2054545454546,9935.26,1.2222222222222223,4.0,4,2,2,Frequent High-Value Customers,0
C002883,6,702.1766666666666,4213.0599999999995,1.5,4.5,2,2,0,Budget Occasional Customers,0
C002884,7,778.0085714285714,5446.0599999999995,1.0,3.5,2,3,0,Budget Occasional Customers,0
C002885,5,800.664,4003.3199999999997,1.25,3.0,1,3,1,Premium Basket Customers,0
C002886,9,934.2655555555557,8408.390000000001,1.125,3.5,3,1,1,Premium Basket Customers,0
C002887,12,1172.0166666666667,14064.2,1.5,3.7142857142857144,4,3,2,Frequent High-Value Customers,0
C002888,8,708.10125,5664.81,1.3333333333333333,3.0,1,3,0,Budget Occasional Customers,0
C002889,5,895.8,4479.0,1.25,2.0,0,1,1,Premium Basket Customers,0
C002890,7,545.3642857142858,3817.55,1.1666666666666667,3.2,2,0,0,Budget Occasional Customers,0
C002891,19,723.1194736842106,13739.27,1.5833333333333333,3.9,10,2,2,Frequent High-Value Customers,-1
C002892,8,451.14375,3609.15,1.1428571428571428,4.166666666666667,3,1,0,Budget Occasional Customers,0
C002893,9,871.7966666666666,7846.17,1.5,3.4,4,2,2,Frequent High-Value Customers,0
C002894,8,886.71,7093.68,1.3333333333333333,4.0,2,1,1,Premium Basket Customers,0
C002895,5,583.83,2919.15,1.0,2.8,2,1,0,Budget Occasional Customers,0
C002896,11,808.2309090909092,8890.54,1.1,3.0,6,1,2,Frequent High-Value Customers,0
C002897,8,554.30375,4434.43,1.0,4.5,4,4,0,Budget Occasional Customers,0
C002898,7,1026.56,7185.92,1.1666666666666667,4.666666666666667,1,2,1,Premium Basket Customers,0
C002899,13,775.3,10078.9,1.8571428571428572,3.5,4,3,2,Frequent High-Value Customers,0
C002900,9,743.7855555555556,6694.07,1.125,3.6,4,3,2,Frequent High-Value Customers,0
C002901,12,722.3575,8668.289999999999,1.5,3.3333333333333335,1,3,2,Frequent High-Value Customers,0
C002902,5,1144.922,5724.61,1.0,2.5,2,0,1,Premium Basket Customers,0
C002903,7,982.3457142857143,6876.42,1.0,2.6,3,0,1,Premium Basket Customers,0
C002904,10,728.835,7288.35,1.25,2.4285714285714284,3,0,0,Budget Occasional Customers,0
C002905,10,675.1110000000001,6751.110000000001,1.1111111111111112,3.4285714285714284,1,3,0,Budget Occasional Customers,0
C002906,7,921.6514285714285,6451.5599999999995,1.0,3.6,1,2,1,Premium Basket Customers,0
C002907,6,1077.2866666666666,6463.719999999999,1.2,4.0,3,0,1,Premium Basket Customers,0
C002908,8,850.4875000000001,6803.900000000001,1.1428571428571428,2.6666666666666665,4,3,1,Premium Basket Customers,0
C002909,12,811.3966666666666,9736.76,1.3333333333333333,2.8333333333333335,4,4,2,Frequent High-Value Customers,0
C002910,7,708.6328571428572,4960.43,1.1666666666666667,4.166666666666667,2,1,0,Budget Occasional Customers,0
C002911,13,898.2392307692309,11677.11,1.625,3.4444444444444446,4,1,2,Frequent High-Value Customers,0
C002912,12,934.8233333333334,11217.880000000001,1.5,3.125,5,2,2,Frequent High-Value Customers,0
C002913,8,1086.70875,8693.67,1.6,3.1666666666666665,3,3,2,Frequent High-Value Customers,0
C002914,6,803.0366666666667,4818.22,1.0,3.0,3,0,1,Premium Basket Customers,0
C002915,15,815.7866666666666,12236.8,1.3636363636363635,3.5,10,6,2,Frequent High-Value Customers,-1
C002916,9,728.6444444444445,6557.8,1.125,4.0,3,2,0,Budget Occasional Customers,0
C002917,8,968.32125,7746.57,1.1428571428571428,3.2,0,1,1,Premium Basket Customers,0
C002918,7,942.6257142857143,6598.38,1.1666666666666667,2.3333333333333335,1,1,1,Premium Basket Customers,0
C002919,9,744.6688888888889,6702.0199999999995,1.0,3.857142857142857,6,1,0,Budget Occasional Customers,0
C002920,10,777.676,7776.76,1.25,4.0,2,2,0,Budget Occasional Customers,0
C002921,4,803.655,3214.62,1.3333333333333333,3.5,0,0,0,Budget Occasional Customers,0
C002922,12,793.1258333333334,9517.51,1.5,3.6666666666666665,6,0,2,Frequent High-Value Customers,0
C002923,3,588.37,1765.1100000000001,1.5,5.0,0,1,0,Budget Occasional Customers,-1
C002924,10,801.807,8018.07,1.4285714285714286,3.3333333333333335,3,1,2,Frequent High-Value Customers,0
C002925,9,779.9133333333334,7019.22,1.2857142857142858,3.6666666666666665,3,2,0,Budget Occasional Customers,0
C002926,5,643.658,3218.29,1.25,3.0,1,1,0,Budget Occasional Customers,0
C002927,10,814.566,8145.66,1.1111111111111112,4.0,1,3,0,Budget Occasional Customers,0
C002928,10,817.7270000000001,8177.27,1.25,4.0,4,1,0,Budget Occasional Customers,0
C002929,6,814.2266666666666,4885.36,1.2,5.0,2,1,0,Budget Occasional Customers,0
C002930,9,799.3922222222222,7194.530000000001,1.2857142857142858,3.375,6,3,2,Frequent High-Value Customers,0
C002931,4,937.44,3749.76,1.3333333333333333,3.5,0,0,1,Premium Basket Customers,0
C002932,11,928.7081818181819,10215.79,1.375,3.1666666666666665,2,0,1,Premium Basket Customers,0
C002933,9,768.9622222222222,6920.66,1.2857142857142858,2.75,2,2,0,Budget Occasional Customers,0
C002934,4,999.8175,3999.27,1.3333333333333333,3.0,2,0,1,Premium Basket Customers,0
C002935,10,712.313,7123.13,1.25,3.8333333333333335,5,3,2,Frequent High-Value Customers,0
C002936,10,708.641,7086.41,1.25,4.166666666666667,3,1,0,Budget Occasional Customers,0
C002937,8,1031.3925,8251.14,1.0,3.4,1,4,1,Premium Basket Customers,0
C002938,7,967.1114285714286,6769.780000000001,1.4,2.25,3,3,1,Premium Basket Customers,0
C002939,10,794.646,7946.46,1.4285714285714286,3.3333333333333335,4,2,2,Frequent High-Value Customers,0
C002940,6,441.58666666666664,2649.52,1.5,2.25,2,1,0,Budget Occasional Customers,0
C002941,13,905.3923076923077,11770.1,1.625,3.2222222222222223,4,1,2,Frequent High-Value Customers,0
C002942,12,877.9875000000001,10535.85,1.0909090909090908,2.8,8,3,2,Frequent High-Value Customers,0
C002943,11,945.8636363636364,10404.5,1.2222222222222223,3.25,2,5,2,Frequent High-Value Customers,0
C002944,15,802.26,12033.9,1.6666666666666667,2.875,4,4,2,Frequent High-Value Customers,0
C002945,9,907.0166666666667,8163.15,1.0,4.2,3,1,1,Premium Basket Customers,0
C002946,5,788.62,3943.1,1.25,2.3333333333333335,1,2,1,Premium Basket Customers,0
C002947,11,668.3218181818182,7351.54,1.2222222222222223,3.857142857142857,5,1,2,Frequent High-Value Customers,0
C002948,7,947.5957142857143,6633.17,1.1666666666666667,3.6666666666666665,3,1,1,Premium Basket Customers,0
C002949,9,988.3666666666666,8895.3,1.125,3.6,0,0,1,Premium Basket Customers,0
C002950,12,662.4225,7949.07,1.0909090909090908,2.75,4,1,0,Budget Occasional Customers,0
C002951,11,1024.5372727272727,11269.91,1.1,3.5,4,4,2,Frequent High-Value Customers,0
C002952,12,951.3833333333333,11416.6,1.2,4.0,5,1,2,Frequent High-Value Customers,0
C002953,10,993.5450000000001,9935.45,1.25,3.6666666666666665,3,1,1,Premium Basket Customers,0
C002954,7,722.1328571428572,5054.93,1.4,3.4,2,0,0,Budget Occasional Customers,0
C002955,12,928.0416666666666,11136.5,1.2,2.6,6,5,2,Frequent High-Value Customers,0
C002956,9,571.3322222222222,5141.99,1.5,2.8,6,2,2,Frequent High-Value Customers,0
C002957,10,939.0809999999999,9390.81,1.0,3.7142857142857144,4,4,2,Frequent High-Value Customers,0
C002958,7,1014.8757142857143,7104.13,1.1666666666666667,3.0,3,1,1,Premium Basket Customers,0
C002959,15,647.7666666666667,9716.5,1.3636363636363635,3.1666666666666665,5,2,2,Frequent High-Value Customers,0
C002960,12,698.9499999999999,8387.4,1.3333333333333333,3.4,4,4,2,Frequent High-Value Customers,0
C002961,8,693.9350000000001,5551.4800000000005,1.0,3.5,5,0,0,Budget Occasional Customers,0
C002962,8,728.90625,5831.25,1.1428571428571428,3.5,3,1,0,Budget Occasional Customers,0
C002963,7,670.5357142857143,4693.75,1.1666666666666667,3.0,1,2,0,Budget Occasional Customers,0
C002964,10,852.7040000000001,8527.04,1.4285714285714286,4.166666666666667,6,4,2,Frequent High-Value Customers,0
C002965,12,621.0749999999999,7452.9,1.2,3.625,3,2,0,Budget Occasional Customers,0
C002966,13,675.6507692307691,8783.46,1.625,3.625,3,4,2,Frequent High-Value Customers,0
C002967,12,828.4408333333334,9941.29,1.3333333333333333,3.5,4,2,2,Frequent High-Value Customers,0
C002968,7,722.5085714285715,5057.56,1.1666666666666667,3.75,2,1,0,Budget Occasional Customers,0
C002969,11,907.4436363636363,9981.88,1.2222222222222223,4.2,2,1,1,Premium Basket Customers,0
C002970,4,742.26,2969.04,1.0,4.666666666666667,1,0,0,Budget Occasional Customers,0
C002971,11,733.7190909090909,8070.91,1.375,3.8,3,1,0,Budget Occasional Customers,0
C002972,11,853.7490909090909,9391.24,1.5714285714285714,3.1666666666666665,3,2,2,Frequent High-Value Customers,0
C002973,6,759.5983333333334,4557.59,1.0,3.0,2,0,0,Budget Occasional Customers,0
C002974,5,944.018,4720.09,1.25,4.666666666666667,1,0,1,Premium Basket Customers,0
C002975,6,909.5016666666667,5457.01,1.0,2.5,1,2,1,Premium Basket Customers,0
C002976,9,696.88,6271.92,1.0,3.857142857142857,0,1,0,Budget Occasional Customers,0
C002977,10,598.151,5981.509999999999,1.6666666666666667,4.0,5,1,2,Frequent High-Value Customers,0
C002978,10,1045.472,10454.72,1.25,3.0,1,1,1,Premium Basket Customers,0
C002979,7,781.157142857143,5468.1,1.0,3.25,3,1,0,Budget Occasional Customers,0
C002980,3,448.5166666666667,1345.5500000000002,1.0,4.5,2,0,0,Budget Occasional Customers,0
C002981,12,956.6475,11479.77,1.5,3.5714285714285716,5,1,2,Frequent High-Value Customers,0
C002982,4,843.3325,3373.33,1.0,3.0,0,0,1,Premium Basket Customers,0
C002983,12,757.2916666666666,9087.5,1.0909090909090908,3.0,4,3,2,Frequent High-Value Customers,0
C002984,14,765.3807142857142,10715.33,1.5555555555555556,3.5454545454545454,3,1,2,Frequent High-Value Customers,0
C002985,12,976.5708333333332,11718.849999999999,1.2,3.2857142857142856,5,1,2,Frequent High-Value Customers,0
C002986,7,719.1857142857143,5034.3,1.0,3.0,2,1,0,Budget Occasional Customers,0
C002987,10,815.837,8158.37,1.25,3.4,3,4,2,Frequent High-Value Customers,0
C002988,15,922.5740000000001,13838.61,1.3636363636363635,3.142857142857143,2,2,2,Frequent High-Value Customers,0
C002989,9,1019.7877777777778,9178.09,1.125,3.6666666666666665,2,2,1,Premium Basket Customers,0
C002990,7,947.0985714285714,6629.69,1.4,3.0,5,1,1,Premium Basket Customers,0
C002991,10,982.6020000000001,9826.02,1.25,4.142857142857143,3,3,2,Frequent High-Value Customers,0
C002992,10,824.952,8249.52,1.4285714285714286,3.1666666666666665,3,1,2,Frequent High-Value Customers,0
C002993,11,787.800909090909,8665.81,1.375,3.125,5,1,2,Frequent High-Value Customers,0
C002994,12,825.44,9905.28,1.5,3.888888888888889,3,0,2,Frequent High-Value Customers,0
C002995,16,939.216875,15027.47,1.6,3.5555555555555554,6,4,2,Frequent High-Value Customers,0
C002996,8,604.72875,4837.83,1.0,4.0,2,2,0,Budget Occasional Customers,0
C002997,11,776.6072727272727,8542.68,1.2222222222222223,4.166666666666667,3,1,0,Budget Occasional Customers,0
C002998,9,907.2244444444444,8165.0199999999995,1.125,2.75,5,1,1,Premium Basket Customers,0
C002999,8,669.1625,5353.3,1.1428571428571428,3.3333333333333335,4,2,0,Budget Occasional Customers,0
C003000,7,727.0842857142858,5089.59,1.1666666666666667,4.5,1,3,0,Budget Occasional Customers,0
C003001,6,837.41,5024.46,1.0,3.0,2,0,1,Premium Basket Customers,0
C003002,10,887.159,8871.59,1.6666666666666667,3.375,5,4,2,Frequent High-Value Customers,0
C003003,8,788.8775,6311.02,1.1428571428571428,3.0,2,1,0,Budget Occasional Customers,0
C003004,8,695.4200000000001,5563.360000000001,1.3333333333333333,3.6666666666666665,1,1,0,Budget Occasional Customers,0
C003005,11,710.31,7813.41,1.2222222222222223,3.8333333333333335,5,2,2,Frequent High-Value Customers,0
C003006,8,745.0725,5960.58,1.6,3.0,2,2,2,Frequent High-Value Customers,0
C003007,12,759.9125,9118.95,1.7142857142857142,3.8,7,2,2,Frequent High-Value Customers,0
C003008,14,600.5242857142857,8407.34,1.4,3.25,4,3,2,Frequent High-Value Customers,0
C003009,6,685.215,4111.29,1.0,2.6,3,1,0,Budget Occasional Customers,0
C003010,7,671.4857142857143,4700.4,1.1666666666666667,3.2,3,1,0,Budget Occasional Customers,0
C003011,10,720.747,7207.469999999999,1.4285714285714286,4.166666666666667,4,1,2,Frequent High-Value Customers,0
C003012,14,982.1878571428571,13750.63,1.75,3.888888888888889,5,3,2,Frequent High-Value Customers,0
C003013,5,814.754,4073.77,1.0,4.0,3,2,0,Budget Occasional Customers,0
C003014,11,717.2372727272727,7889.610000000001,1.1,2.75,5,2,2,Frequent High-Value Customers,0
C003015,9,1008.1799999999998,9073.619999999999,1.5,3.0,2,0,1,Premium Basket Customers,0
C003016,6,1001.5033333333334,6009.02,1.5,3.0,2,1,1,Premium Basket Customers,0
C003017,10,729.925,7299.25,1.25,3.6,5,1,2,Frequent High-Value Customers,0
C003018,5,681.4739999999999,3407.37,1.0,2.75,1,1,0,Budget Occasional Customers,0
C003019,5,874.3860000000001,4371.93,1.0,5.0,4,0,0,Budget Occasional Customers,0
C003020,11,697.1745454545454,7668.92,1.375,3.0,4,2,2,Frequent High-Value Customers,0
C003021,9,965.2766666666666,8687.49,1.8,3.1666666666666665,2,1,2,Frequent High-Value Customers,0
C003022,8,726.08,5808.64,1.1428571428571428,3.0,4,1,0,Budget Occasional Customers,0
C003023,7,821.6514285714285,5751.5599999999995,1.1666666666666667,5.0,2,1,0,Budget Occasional Customers,0
C003024,7,442.2885714285714,3096.02,1.1666666666666667,3.8333333333333335,3,1,0,Budget Occasional Customers,0
C003025,11,735.3499999999999,8088.849999999999,1.2222222222222223,4.0,3,1,0,Budget Occasional Customers,0
C003026,8,777.9300000000001,6223.4400000000005,1.0,2.0,2,2,1,Premium Basket Customers,0
C003027,11,834.1318181818183,9175.45,1.375,3.75,4,2,2,Frequent High-Value Customers,0
C003028,12,839.7183333333334,10076.62,1.2,3.142857142857143,5,1,2,Frequent High-Value Customers,0
C003029,6,739.1700000000001,4435.02,1.5,3.0,2,2,0,Budget Occasional Customers,0
C003030,9,740.5255555555555,6664.73,1.125,4.5,4,1,0,Budget Occasional Customers,0
C003031,9,721.8255555555556,6496.43,1.0,3.2857142857142856,3,2,0,Budget Occasional Customers,0
C003032,8,825.98625,6607.89,1.0,3.4,3,2,0,Budget Occasional Customers,0
C003033,5,626.954,3134.77,1.6666666666666667,2.5,3,0,0,Budget Occasional Customers,0
C003034,9,845.9755555555555,7613.78,1.125,4.0,2,2,0,Budget Occasional Customers,0
C003035,11,732.1281818181818,8053.41,1.5714285714285714,3.2857142857142856,4,1,2,Frequent High-Value Customers,0
C003036,9,681.9444444444445,6137.5,1.125,3.6,3,0,0,Budget Occasional Customers,0
C003037,10,656.2909999999999,6562.91,1.25,2.8,1,1,0,Budget Occasional Customers,0
C003038,12,968.4141666666666,11620.97,1.2,3.3333333333333335,7,3,2,Frequent High-Value Customers,0
C003039,6,770.9900000000001,4625.9400000000005,1.2,4.25,1,1,0,Budget Occasional Customers,0
C003040,11,1049.2772727272727,11542.05,1.2222222222222223,2.4285714285714284,6,4,2,Frequent High-Value Customers,0
C003041,11,574.5872727272728,6320.46,1.375,3.6,7,3,2,Frequent High-Value Customers,0
C003042,7,897.6385714285715,6283.47,1.1666666666666667,3.8,4,1,1,Premium Basket Customers,0
C003043,7,826.6257142857143,5786.38,1.75,3.7142857142857144,2,1,0,Budget Occasional Customers,0
C003044,6,995.9866666666667,5975.92,1.0,3.3333333333333335,1,0,1,Premium Basket Customers,0
C003045,6,950.6283333333334,5703.77,1.0,3.5,3,2,1,Premium Basket Customers,0
C003046,14,755.0457142857142,10570.64,1.75,4.142857142857143,7,3,2,Frequent High-Value Customers,0
C003047,9,695.5722222222222,6260.15,1.8,3.6666666666666665,2,2,2,Frequent High-Value Customers,0
C003048,12,582.9483333333334,6995.38,1.0909090909090908,3.7777777777777777,3,1,0,Budget Occasional Customers,0
C003049,10,686.332,6863.32,1.4285714285714286,4.125,6,2,2,Frequent High-Value Customers,0
C003050,10,823.4110000000001,8234.11,1.0,2.6666666666666665,4,3,2,Frequent High-Value Customers,0
C003051,8,1214.0175,9712.14,1.1428571428571428,3.5,2,0,1,Premium Basket Customers,0
C003052,11,650.070909090909,7150.78,1.0,3.4285714285714284,5,2,0,Budget Occasional Customers,0
C003053,14,712.8321428571428,9979.65,1.5555555555555556,3.4,6,5,2,Frequent High-Value Customers,0
C003054,13,872.2446153846154,11339.18,1.4444444444444444,3.2857142857142856,3,4,2,Frequent High-Value Customers,0
C003055,10,821.908,8219.08,1.1111111111111112,3.0,4,2,2,Frequent High-Value Customers,0
C003056,13,814.2346153846154,10585.05,1.1818181818181819,3.625,6,2,2,Frequent High-Value Customers,0
C003057,9,617.5144444444445,5557.63,1.5,4.25,3,3,2,Frequent High-Value Customers,0
C003058,8,790.4875,6323.9,1.0,3.5,4,2,0,Budget Occasional Customers,0
C003059,8,897.3425,7178.74,1.3333333333333333,2.5,1,1,1,Premium Basket Customers,0
C003060,9,754.4444444444445,6790.0,1.125,3.2222222222222223,3,2,0,Budget Occasional Customers,0
C003061,5,1087.312,5436.5599999999995,1.0,4.333333333333333,3,2,1,Premium Basket Customers,0
C003062,6,886.5799999999999,5319.48,1.2,5.0,4,3,0,Budget Occasional Customers,0
C003063,8,887.67375,7101.39,1.1428571428571428,3.6666666666666665,2,1,1,Premium Basket Customers,0
C003064,6,681.2583333333333,4087.55,1.2,3.5,2,2,0,Budget Occasional Customers,0
C003065,9,1038.558888888889,9347.03,1.2857142857142858,4.0,3,2,1,Premium Basket Customers,0
C003066,7,688.7071428571428,4820.95,1.0,4.333333333333333,4,1,0,Budget Occasional Customers,0
C003067,2,524.07,1048.14,1.0,3.4196588952056444,2,1,0,Budget Occasional Customers,0
C003068,8,870.19875,6961.59,1.6,3.0,6,1,2,Frequent High-Value Customers,0
C003069,10,899.7719999999999,8997.72,1.25,3.5714285714285716,1,0,1,Premium Basket Customers,0
C003070,13,862.396923076923,11211.16,1.3,2.7777777777777777,4,2,2,Frequent High-Value Customers,0
C003071,11,942.7163636363638,10369.880000000001,1.5714285714285714,3.5555555555555554,4,1,2,Frequent High-Value Customers,0
C003072,14,795.8171428571429,11141.44,2.0,3.142857142857143,6,4,2,Frequent High-Value Customers,0
C003073,9,761.9811111111111,6857.83,1.5,3.0,6,0,2,Frequent High-Value Customers,0
C003074,11,930.0881818181817,10230.97,1.375,3.6666666666666665,6,0,2,Frequent High-Value Customers,0
C003075,8,949.19125,7593.53,1.3333333333333333,3.0,2,1,1,Premium Basket Customers,0
C003076,9,745.2355555555555,6707.12,1.125,3.5,1,0,0,Budget Occasional Customers,0
C003077,9,859.9455555555555,7739.51,1.8,2.8333333333333335,2,2,2,Frequent High-Value Customers,0
C003078,8,990.72,7925.76,1.1428571428571428,2.75,3,0,1,Premium Basket Customers,0
C003079,13,736.9846153846155,9580.800000000001,1.4444444444444444,3.25,5,3,2,Frequent High-Value Customers,0
C003080,8,1137.745,9101.96,2.0,4.2,1,5,2,Frequent High-Value Customers,-1
C003081,15,885.0166666666667,13275.25,1.5,3.4444444444444446,4,3,2,Frequent High-Value Customers,0
C003082,8,767.275,6138.2,1.1428571428571428,3.2,5,1,0,Budget Occasional Customers,0
C003083,9,801.4755555555555,7213.28,1.2857142857142858,4.25,4,0,0,Budget Occasional Customers,0
C003084,8,759.6112499999999,6076.889999999999,1.3333333333333333,3.3333333333333335,3,1,0,Budget Occasional Customers,0
C003085,7,805.3628571428571,5637.54,1.4,3.1666666666666665,4,1,0,Budget Occasional Customers,0
C003086,10,838.577,8385.77,1.1111111111111112,3.6666666666666665,7,2,2,Frequent High-Value Customers,0
C003087,14,888.625,12440.75,1.5555555555555556,3.857142857142857,4,1,2,Frequent High-Value Customers,0
C003088,12,582.0166666666667,6984.2,1.3333333333333333,3.125,1,2,0,Budget Occasional Customers,0
C003089,9,564.9733333333334,5084.76,1.5,4.0,4,2,2,Frequent High-Value Customers,0
C003090,15,1027.4393333333333,15411.59,1.5,3.4444444444444446,5,0,2,Frequent High-Value Customers,0
C003091,12,851.2033333333334,10214.44,1.0909090909090908,3.25,4,0,1,Premium Basket Customers,0
C003092,7,683.7714285714286,4786.400000000001,1.0,3.25,2,1,0,Budget Occasional Customers,0
C003093,5,816.344,4081.7200000000003,1.0,2.5,1,1,1,Premium Basket Customers,0
C003094,8,721.79875,5774.39,1.1428571428571428,3.4285714285714284,2,0,0,Budget Occasional Customers,0
C003095,8,699.88,5599.04,1.3333333333333333,4.4,1,2,0,Budget Occasional Customers,0
C003096,10,924.3979999999999,9243.98,1.4285714285714286,3.4,3,2,2,Frequent High-Value Customers,0
C003097,8,796.02,6368.16,1.3333333333333333,5.0,4,2,0,Budget Occasional Customers,0
C003098,8,585.68875,4685.51,1.1428571428571428,4.0,4,3,0,Budget Occasional Customers,0
C003099,8,576.34,4610.72,1.0,2.6666666666666665,2,1,0,Budget Occasional Customers,0
C003100,10,731.1070000000001,7311.070000000001,1.1111111111111112,3.25,4,4,2,Frequent High-Value Customers,0
C003101,7,1093.347142857143,7653.43,1.1666666666666667,4.0,0,1,1,Premium Basket Customers,0
C003102,6,584.165,3504.99,1.0,2.5,5,0,0,Budget Occasional Customers,0
C003103,7,895.7028571428572,6269.92,1.4,3.2,2,1,1,Premium Basket Customers,0
C003104,8,713.09,5704.72,1.1428571428571428,3.0,1,2,0,Budget Occasional Customers,0
C003105,3,931.7199999999999,2795.16,1.5,1.0,1,0,1,Premium Basket Customers,-1
C003106,10,894.458,8944.58,1.4285714285714286,3.5,4,3,2,Frequent High-Value Customers,0
C003107,9,1065.5644444444445,9590.08,1.125,3.75,5,1,1,Premium Basket Customers,0
C003108,13,860.4015384615384,11185.22,1.3,3.4285714285714284,3,2,2,Frequent High-Value Customers,0
C003109,14,636.8264285714286,8915.57,1.2727272727272727,3.3333333333333335,6,1,2,Frequent High-Value Customers,0
C003110,11,849.2490909090909,9341.74,1.1,3.2,4,3,2,Frequent High-Value Customers,0
C003111,9,966.6500000000001,8699.85,1.8,4.0,2,0,1,Premium Basket Customers,0
C003112,10,748.982,7489.82,1.4285714285714286,3.6,1,1,0,Budget Occasional Customers,0
C003113,11,838.7981818181819,9226.78,1.8333333333333333,3.2,5,2,2,Frequent High-Value Customers,0
C003114,10,836.006,8360.06,1.25,3.4285714285714284,3,1,1,Premium Basket Customers,0
C003115,6,960.0283333333333,5760.17,1.2,3.0,1,1,1,Premium Basket Customers,0
C003116,8,634.71,5077.68,1.0,3.75,4,1,0,Budget Occasional Customers,0
C003117,7,703.1557142857143,4922.09,1.4,3.8,2,1,0,Budget Occasional Customers,0
C003118,8,624.77125,4998.17,1.0,3.0,2,1,0,Budget Occasional Customers,0
C003119,11,874.4481818181819,9618.93,1.2222222222222223,3.0,5,2,2,Frequent High-Value Customers,0
C003120,8,880.69875,7045.59,1.1428571428571428,3.6666666666666665,3,2,1,Premium Basket Customers,0
C003121,11,756.7036363636363,8323.74,2.2,3.888888888888889,6,1,2,Frequent High-Value Customers,0
C003122,7,911.9842857142858,6383.89,1.0,2.8333333333333335,1,0,1,Premium Basket Customers,0
C003123,9,807.0688888888889,7263.62,1.125,3.25,6,0,0,Budget Occasional Customers,0
C003124,8,762.095,6096.76,1.1428571428571428,3.0,2,1,0,Budget Occasional Customers,0
C003125,6,453.1483333333333,2718.89,1.0,4.0,2,1,0,Budget Occasional Customers,0
C003126,7,981.4085714285713,6869.86,1.4,3.75,2,0,1,Premium Basket Customers,0
C003127,13,900.336923076923,11704.38,1.3,2.6666666666666665,7,1,2,Frequent High-Value Customers,0
C003128,10,1256.164,12561.64,1.25,4.0,3,3,1,Premium Basket Customers,0
C003129,11,851.9727272727273,9371.7,1.1,3.5,5,3,2,Frequent High-Value Customers,0
C003130,7,677.8114285714286,4744.68,1.4,3.5,2,0,0,Budget Occasional Customers,0
C003131,10,808.366,8083.66,1.1111111111111112,3.5,2,2,0,Budget Occasional Customers,0
C003132,7,1016.9171428571428,7118.42,1.4,3.0,2,0,1,Premium Basket Customers,0
C003133,3,881.3066666666667,2643.92,1.0,3.4196588952056444,2,0,1,Premium Basket Customers,0
C003134,14,1065.2928571428572,14914.1,1.4,4.1,5,5,2,Frequent High-Value Customers,0
C003135,6,710.5616666666666,4263.37,1.2,3.6666666666666665,2,1,0,Budget Occasional Customers,0
C003136,4,669.7225,2678.89,1.0,3.5,1,1,0,Budget Occasional Customers,0
C003137,11,760.7118181818182,8367.83,1.375,3.0,3,1,2,Frequent High-Value Customers,0
C003138,5,482.14,2410.7,1.0,3.6,0,0,0,Budget Occasional Customers,0
C003139,4,610.895,2443.58,1.0,4.0,2,1,0,Budget Occasional Customers,0
C003140,9,835.4044444444444,7518.639999999999,1.5,3.0,4,1,2,Frequent High-Value Customers,0
C003141,8,644.0237500000001,5152.1900000000005,1.3333333333333333,3.5,6,2,2,Frequent High-Value Customers,0
C003142,9,841.5833333333334,7574.25,1.125,3.6,2,3,0,Budget Occasional Customers,0
C003143,14,714.1800000000001,9998.52,1.5555555555555556,2.8333333333333335,7,3,2,Frequent High-Value Customers,0
C003144,9,587.4477777777778,5287.03,1.2857142857142858,4.5,3,3,0,Budget Occasional Customers,0
C003145,12,654.3008333333333,7851.61,1.5,3.5,5,1,2,Frequent High-Value Customers,0
C003146,9,442.6922222222222,3984.23,1.125,3.6666666666666665,3,3,0,Budget Occasional Customers,0
C003147,9,920.6833333333333,8286.15,1.5,3.0,2,0,1,Premium Basket Customers,0
C003148,9,767.8177777777778,6910.36,1.2857142857142858,3.6666666666666665,4,1,0,Budget Occasional Customers,0
C003149,9,651.2966666666666,5861.67,1.125,3.5,3,3,0,Budget Occasional Customers,0
C003150,11,845.9027272727272,9304.93,1.2222222222222223,3.8333333333333335,3,2,2,Frequent High-Value Customers,0
C003151,11,728.6309090909091,8014.9400000000005,1.375,4.714285714285714,4,2,2,Frequent High-Value Customers,0
C003152,6,966.1816666666667,5797.09,1.2,4.333333333333333,1,2,1,Premium Basket Customers,0
C003153,15,888.1526666666667,13322.29,1.6666666666666667,3.7777777777777777,7,4,2,Frequent High-Value Customers,0
C003154,9,740.7177777777778,6666.46,1.2857142857142858,2.75,4,0,0,Budget Occasional Customers,0
C003155,11,980.5172727272728,10785.69,1.375,3.875,3,2,2,Frequent High-Value Customers,0
C003156,9,787.5122222222221,7087.61,1.125,3.0,4,1,0,Budget Occasional Customers,0
C003157,7,518.3871428571429,3628.71,1.1666666666666667,2.8333333333333335,3,2,0,Budget Occasional Customers,0
C003158,8,729.57625,5836.61,1.3333333333333333,3.5,4,2,0,Budget Occasional Customers,0
C003159,9,954.1211111111111,8587.09,1.125,3.5,3,2,1,Premium Basket Customers,0
C003160,10,995.152,9951.52,1.6666666666666667,3.6666666666666665,2,3,2,Frequent High-Value Customers,0
C003161,11,754.3509090909091,8297.86,1.375,3.142857142857143,4,4,2,Frequent High-Value Customers,0
C003162,10,648.0260000000001,6480.26,1.25,4.142857142857143,4,0,0,Budget Occasional Customers,0
C003163,6,1099.23,6595.38,1.5,4.5,2,2,1,Premium Basket Customers,0
C003164,8,921.09625,7368.77,1.0,3.0,4,1,1,Premium Basket Customers,0
C003165,10,770.379,7703.79,1.0,4.25,7,3,2,Frequent High-Value Customers,0
C003166,13,923.25,12002.25,1.3,3.4,6,4,2,Frequent High-Value Customers,0
C003167,10,823.882,8238.82,1.25,3.0,3,1,1,Premium Basket Customers,0
C003168,11,616.9090909090909,6786.0,1.375,3.5,3,1,0,Budget Occasional Customers,0
C003169,4,1167.3525,4669.41,1.0,2.5,1,1,1,Premium Basket Customers,0
C003170,9,882.9788888888888,7946.8099999999995,1.125,3.142857142857143,3,2,1,Premium Basket Customers,0
C003171,14,1008.755,14122.57,1.2727272727272727,3.6666666666666665,7,2,2,Frequent High-Value Customers,0
C003172,12,868.77,10425.24,1.2,3.4444444444444446,4,2,2,Frequent High-Value Customers,0
C003173,6,663.8766666666667,3983.2599999999998,1.2,2.75,2,0,0,Budget Occasional Customers,0
C003174,7,908.2371428571429,6357.66,1.1666666666666667,2.75,1,2,1,Premium Basket Customers,0
C003175,7,840.8242857142858,5885.77,1.75,3.4,0,2,1,Premium Basket Customers,0
C003176,9,727.0633333333333,6543.57,1.125,3.3333333333333335,3,2,0,Budget Occasional Customers,0
C003177,11,1062.3527272727274,11685.880000000001,1.2222222222222223,4.0,1,2,1,Premium Basket Customers,0
C003178,5,1134.768,5673.84,1.0,2.75,3,1,1,Premium Basket Customers,0
C003179,3,778.91,2336.73,1.0,2.5,0,2,1,Premium Basket Customers,0
C003180,9,718.5511111111111,6466.96,1.125,2.8333333333333335,6,2,2,Frequent High-Value Customers,0
C003181,17,812.5376470588235,13813.14,1.7,3.8181818181818183,8,5,2,Frequent High-Value Customers,0
C003182,13,825.0976923076923,10726.27,1.1818181818181819,3.4,5,4,2,Frequent High-Value Customers,0
C003183,7,992.8542857142857,6949.98,1.1666666666666667,3.4,4,1,1,Premium Basket Customers,0
C003184,3,746.5266666666666,2239.58,1.0,4.5,0,0,0,Budget Occasional Customers,0
C003185,10,671.908,6719.08,1.25,3.0,3,4,2,Frequent High-Value Customers,0
C003186,14,842.6157142857143,11796.619999999999,1.4,3.6666666666666665,2,2,2,Frequent High-Value Customers,0
C003187,12,744.3866666666667,8932.64,1.3333333333333333,3.1666666666666665,4,3,2,Frequent High-Value Customers,0
C003188,12,825.8083333333333,9909.699999999999,1.3333333333333333,3.0,2,1,2,Frequent High-Value Customers,0
C003189,11,506.9890909090909,5576.88,1.375,3.142857142857143,3,0,0,Budget Occasional Customers,0
C003190,9,906.8466666666667,8161.62,1.2857142857142858,3.5,1,1,1,Premium Basket Customers,0
C003191,9,873.3411111111111,7860.07,1.125,3.0,3,1,1,Premium Basket Customers,0
C003192,5,721.142,3605.71,1.25,3.25,0,0,0,Budget Occasional Customers,0
C003193,7,904.3885714285715,6330.72,1.4,3.3333333333333335,2,0,1,Premium Basket Customers,0
C003194,15,852.2813333333335,12784.220000000001,1.875,3.727272727272727,7,1,2,Frequent High-Value Customers,0
C003195,8,1195.1475,9561.18,1.3333333333333333,3.5,6,3,2,Frequent High-Value Customers,0
C003196,10,746.056,7460.56,1.4285714285714286,4.0,2,0,0,Budget Occasional Customers,0
C003197,11,866.2581818181818,9528.84,1.2222222222222223,3.0,5,2,2,Frequent High-Value Customers,0
C003198,9,1091.0666666666666,9819.6,1.125,2.8,5,5,2,Frequent High-Value Customers,0
C003199,3,561.7733333333333,1685.32,1.0,1.0,0,1,0,Budget Occasional Customers,-1
C003200,11,742.2772727272727,8165.05,1.375,3.6,3,2,2,Frequent High-Value Customers,0
C003201,7,896.8457142857143,6277.92,1.1666666666666667,3.2,3,1,1,Premium Basket Customers,0
C003202,9,775.4722222222222,6979.25,1.2857142857142858,3.3333333333333335,4,1,0,Budget Occasional Customers,0
C003203,6,891.8416666666667,5351.05,1.0,4.0,5,1,1,Premium Basket Customers,0
C003204,7,732.2157142857143,5125.51,1.4,4.0,5,2,2,Frequent High-Value Customers,0
C003205,5,706.564,3532.8199999999997,1.0,5.0,2,1,0,Budget Occasional Customers,0
C003206,14,656.1392857142857,9185.95,2.0,3.111111111111111,4,2,2,Frequent High-Value Customers,-1
C003207,10,648.312,6483.12,1.4285714285714286,3.3333333333333335,5,1,2,Frequent High-Value Customers,0
C003208,10,969.265,9692.65,1.25,2.6666666666666665,5,3,2,Frequent High-Value Customers,0
C003209,6,762.19,4573.14,1.2,2.6666666666666665,1,2,0,Budget Occasional Customers,0
C003210,10,684.213,6842.13,1.6666666666666667,3.5714285714285716,3,2,2,Frequent High-Value Customers,0
C003211,9,877.4433333333333,7896.99,1.0,2.5,2,2,1,Premium Basket Customers,0
C003212,7,847.4757142857143,5932.33,1.4,3.5,3,1,1,Premium Basket Customers,0
C003213,13,889.5684615384615,11564.39,1.3,3.25,4,2,2,Frequent High-Value Customers,0
C003214,11,954.6418181818182,10501.06,1.2222222222222223,2.75,4,1,1,Premium Basket Customers,0
C003215,10,538.678,5386.78,1.4285714285714286,2.6666666666666665,4,4,2,Frequent High-Value Customers,0
C003216,8,794.49125,6355.93,1.6,3.4,2,2,2,Frequent High-Value Customers,0
C003217,6,668.1083333333333,4008.65,1.2,3.5,2,0,0,Budget Occasional Customers,0
C003218,10,570.117,5701.17,1.25,3.7142857142857144,6,2,2,Frequent High-Value Customers,0
C003219,4,1183.0975,4732.39,1.3333333333333333,2.3333333333333335,1,1,1,Premium Basket Customers,0
C003220,13,825.4723076923076,10731.14,1.3,3.8333333333333335,4,2,2,Frequent High-Value Customers,0
C003221,7,714.29,5000.03,1.4,2.0,3,1,0,Budget Occasional Customers,0
C003222,10,748.309,7483.09,1.6666666666666667,3.3333333333333335,2,2,2,Frequent High-Value Customers,0
C003223,10,480.84799999999996,4808.48,1.0,3.7142857142857144,2,2,0,Budget Occasional Customers,0
C003224,12,738.02,8856.24,1.0909090909090908,3.4,1,2,0,Budget Occasional Customers,0
C003225,12,854.5308333333334,10254.37,1.2,3.125,1,3,2,Frequent High-Value Customers,0
C003226,11,821.9881818181819,9041.87,1.5714285714285714,4.0,4,2,2,Frequent High-Value Customers,0
C003227,8,697.4812499999999,5579.849999999999,1.6,3.6,4,1,2,Frequent High-Value Customers,0
C003228,10,1080.333,10803.33,1.1111111111111112,3.0,3,1,1,Premium Basket Customers,0
C003229,11,1046.8645454545456,11515.51,1.1,3.6,4,2,1,Premium Basket Customers,0
C003230,4,1084.88,4339.52,1.3333333333333333,3.5,2,1,1,Premium Basket Customers,0
C003231,8,1187.64875,9501.19,1.3333333333333333,3.0,3,2,1,Premium Basket Customers,0
C003232,5,860.824,4304.12,1.0,4.0,1,0,1,Premium Basket Customers,0
C003233,6,913.3933333333334,5480.360000000001,1.5,4.5,3,3,2,Frequent High-Value Customers,0
C003234,8,928.8175,7430.54,1.6,3.5714285714285716,3,1,1,Premium Basket Customers,0
C003235,10,732.5360000000001,7325.360000000001,1.25,3.0,2,2,0,Budget Occasional Customers,0
C003236,15,786.1346666666667,11792.02,1.3636363636363635,3.5,3,4,2,Frequent High-Value Customers,0
C003237,5,784.03,3920.15,1.0,3.0,2,1,0,Budget Occasional Customers,0
C003238,13,653.0384615384615,8489.5,2.1666666666666665,3.5714285714285716,4,4,2,Frequent High-Value Customers,-1
C003239,7,490.48285714285714,3433.38,1.4,3.6,3,2,0,Budget Occasional Customers,0
C003240,7,1258.3857142857144,8808.7,1.4,3.8333333333333335,2,1,1,Premium Basket Customers,0
C003241,6,795.8083333333333,4774.849999999999,1.0,4.0,3,1,0,Budget Occasional Customers,0
C003242,15,884.152,13262.28,1.1538461538461537,3.727272727272727,2,3,2,Frequent High-Value Customers,0
C003243,2,270.82500000000005,541.6500000000001,1.0,4.0,1,2,0,Budget Occasional Customers,0
C003244,12,984.0608333333333,11808.73,1.2,3.7777777777777777,4,3,2,Frequent High-Value Customers,0
C003245,7,698.5057142857142,4889.54,1.4,3.8,1,0,0,Budget Occasional Customers,0
C003246,9,570.8711111111111,5137.84,1.125,3.4,2,5,0,Budget Occasional Customers,0
C003247,11,860.4781818181818,9465.26,1.375,2.5714285714285716,3,1,2,Frequent High-Value Customers,0
C003248,7,476.31857142857143,3334.23,1.4,2.6666666666666665,4,0,0,Budget Occasional Customers,0
C003249,7,893.1971428571429,6252.38,1.1666666666666667,3.8,1,0,1,Premium Basket Customers,0
C003250,13,737.2984615384614,9584.88,1.625,3.2857142857142856,5,1,2,Frequent High-Value Customers,0
C003251,13,821.2661538461539,10676.460000000001,1.8571428571428572,3.142857142857143,3,2,2,Frequent High-Value Customers,0
C003252,4,800.24,3200.96,1.3333333333333333,2.5,0,2,1,Premium Basket Customers,0
C003253,10,594.865,5948.65,1.25,3.25,1,4,0,Budget Occasional Customers,0
C003254,9,772.2855555555556,6950.57,1.125,4.0,3,0,0,Budget Occasional Customers,0
C003255,9,856.7388888888889,7710.650000000001,1.5,2.5,2,0,1,Premium Basket Customers,0
C003256,9,848.4000000000001,7635.6,1.2857142857142858,2.8,3,2,1,Premium Basket Customers,0
C003257,8,1135.4975,9083.98,1.1428571428571428,2.6666666666666665,4,2,1,Premium Basket Customers,0
C003258,8,532.05375,4256.43,1.1428571428571428,3.8333333333333335,4,2,0,Budget Occasional Customers,0
C003259,6,792.2666666666668,4753.6,1.5,4.0,0,0,0,Budget Occasional Customers,0
C003260,15,902.528,13537.92,1.5,3.3,5,2,2,Frequent High-Value Customers,0
C003261,7,875.9171428571428,6131.42,1.1666666666666667,3.6666666666666665,1,1,1,Premium Basket Customers,0
C003262,9,902.9877777777779,8126.89,1.5,4.0,8,2,2,Frequent High-Value Customers,0
C003263,8,713.98125,5711.85,1.1428571428571428,3.2,2,1,0,Budget Occasional Customers,0
C003264,11,976.9136363636363,10746.05,1.2222222222222223,4.0,1,1,1,Premium Basket Customers,0
C003265,10,783.614,7836.14,1.4285714285714286,3.1666666666666665,3,0,0,Budget Occasional Customers,0
C003266,7,794.3542857142857,5560.48,1.1666666666666667,2.25,0,1,1,Premium Basket Customers,0
C003267,10,1042.4379999999999,10424.38,1.0,2.857142857142857,4,2,1,Premium Basket Customers,0
C003268,11,688.9181818181819,7578.1,1.5714285714285714,3.0,4,1,2,Frequent High-Value Customers,0
C003269,12,570.9458333333333,6851.35,1.3333333333333333,2.875,4,3,2,Frequent High-Value Customers,0
C003270,8,602.6375,4821.1,1.1428571428571428,2.875,3,1,0,Budget Occasional Customers,0
C003271,10,996.64,9966.4,1.1111111111111112,2.5,4,3,1,Premium Basket Customers,0
C003272,11,565.2018181818181,6217.219999999999,1.1,2.8,3,1,0,Budget Occasional Customers,0
C003273,5,774.626,3873.13,1.25,2.5,1,0,1,Premium Basket Customers,0
C003274,8,840.55,6724.4,1.3333333333333333,4.0,0,3,0,Budget Occasional Customers,0
C003275,11,878.799090909091,9666.79,1.0,2.875,5,2,2,Frequent High-Value Customers,0
C003276,9,1236.388888888889,11127.5,1.125,3.5,6,3,1,Premium Basket Customers,0
C003277,8,831.62625,6653.01,1.3333333333333333,4.166666666666667,6,1,2,Frequent High-Value Customers,0
C003278,6,796.6133333333333,4779.68,1.2,4.2,4,1,0,Budget Occasional Customers,0
C003279,8,737.26,5898.08,1.3333333333333333,3.5,3,1,0,Budget Occasional Customers,0
C003280,7,603.5414285714286,4224.79,1.4,3.75,2,2,0,Budget Occasional Customers,0
C003281,11,1057.040909090909,11627.45,1.1,3.888888888888889,1,2,1,Premium Basket Customers,0
C003282,8,748.0775,5984.62,1.0,3.6,4,3,0,Budget Occasional Customers,0
C003283,8,947.5375,7580.3,1.1428571428571428,3.75,3,0,1,Premium Basket Customers,0
C003284,5,853.434,4267.17,1.25,2.75,2,2,1,Premium Basket Customers,0
C003285,12,778.4074999999999,9340.89,1.0,4.111111111111111,3,3,2,Frequent High-Value Customers,0
C003286,8,1193.21625,9545.73,1.6,3.375,3,1,1,Premium Basket Customers,0
C003287,11,721.0536363636364,7931.59,1.5714285714285714,4.0,4,3,2,Frequent High-Value Customers,0
C003288,5,529.948,2649.74,1.0,3.75,0,1,0,Budget Occasional Customers,0
C003289,11,576.9072727272727,6345.98,1.2222222222222223,2.6666666666666665,6,1,2,Frequent High-Value Customers,0
C003290,12,720.6358333333333,8647.63,1.2,3.1666666666666665,3,1,0,Budget Occasional Customers,0
C003291,6,842.445,5054.67,1.2,4.8,3,2,0,Budget Occasional Customers,0
C003292,4,796.7725,3187.09,1.0,3.0,1,0,1,Premium Basket Customers,0
C003293,8,816.49,6531.92,1.0,3.0,3,1,1,Premium Basket Customers,0
C003294,11,903.0918181818182,9934.01,1.1,3.142857142857143,4,3,2,Frequent High-Value Customers,0
C003295,7,716.9414285714286,5018.59,1.4,5.0,4,2,0,Budget Occasional Customers,0
C003296,8,829.76125,6638.09,1.1428571428571428,3.0,3,2,1,Premium Basket Customers,0
C003297,3,409.14000000000004,1227.42,1.0,4.0,1,1,0,Budget Occasional Customers,0
C003298,17,1004.9058823529413,17083.4,1.5454545454545454,4.111111111111111,2,5,2,Frequent High-Value Customers,0
C003299,8,912.0287500000001,7296.2300000000005,1.3333333333333333,3.6,4,1,1,Premium Basket Customers,0
C003300,12,689.235,8270.82,1.2,3.5,5,3,2,Frequent High-Value Customers,0
C003301,4,814.165,3256.66,1.0,2.6666666666666665,2,0,1,Premium Basket Customers,0
C003302,10,787.1850000000001,7871.85,1.4285714285714286,4.2,3,2,2,Frequent High-Value Customers,0
C003303,6,876.6783333333333,5260.07,1.0,4.0,2,1,1,Premium Basket Customers,0
C003304,9,887.6977777777778,7989.28,1.2857142857142858,3.0,4,1,1,Premium Basket Customers,0
C003305,9,761.5688888888889,6854.12,1.0,3.6666666666666665,3,1,0,Budget Occasional Customers,0
C003306,11,553.8127272727272,6091.94,1.5714285714285714,3.111111111111111,5,1,2,Frequent High-Value Customers,0
C003307,8,751.68625,6013.49,1.3333333333333333,3.25,3,3,2,Frequent High-Value Customers,0
C003308,8,810.6637499999999,6485.3099999999995,1.1428571428571428,3.6666666666666665,3,0,0,Budget Occasional Customers,0
C003309,10,735.679,7356.79,1.25,3.7142857142857144,5,1,2,Frequent High-Value Customers,0
C003310,10,733.549,7335.49,1.4285714285714286,3.8333333333333335,3,3,2,Frequent High-Value Customers,0
C003311,8,911.165,7289.32,1.3333333333333333,4.2,5,3,2,Frequent High-Value Customers,0
C003312,7,1075.2071428571428,7526.45,1.1666666666666667,3.1666666666666665,1,0,1,Premium Basket Customers,0
C003313,3,380.18666666666667,1140.56,1.5,2.5,1,0,0,Budget Occasional Customers,-1
C003314,11,721.1827272727273,7933.01,1.2222222222222223,3.0,5,1,2,Frequent High-Value Customers,0
C003315,10,788.37,7883.7,1.25,4.285714285714286,2,2,0,Budget Occasional Customers,0
C003316,14,949.0614285714286,13286.86,1.4,3.1666666666666665,2,1,2,Frequent High-Value Customers,0
C003317,12,1031.7825,12381.39,1.2,3.4,2,1,1,Premium Basket Customers,0
C003318,9,757.348888888889,6816.14,1.2857142857142858,4.166666666666667,5,2,2,Frequent High-Value Customers,0
C003319,14,753.9200000000001,10554.880000000001,1.4,3.3333333333333335,6,2,2,Frequent High-Value Customers,0
C003320,9,955.9322222222222,8603.39,1.125,3.5555555555555554,2,2,1,Premium Basket Customers,0
C003321,10,863.186,8631.86,1.0,4.5,3,4,2,Frequent High-Value Customers,0
C003322,11,793.799090909091,8731.79,1.5714285714285714,3.1666666666666665,5,1,2,Frequent High-Value Customers,0
C003323,16,944.5356250000001,15112.570000000002,1.6,3.375,5,5,2,Frequent High-Value Customers,0
C003324,11,945.2718181818182,10397.99,1.375,3.3333333333333335,4,1,2,Frequent High-Value Customers,0
C003325,5,808.4,4042.0,1.0,4.0,1,2,0,Budget Occasional Customers,0
C003326,14,694.4921428571428,9722.89,1.1666666666666667,3.6666666666666665,3,2,2,Frequent High-Value Customers,0
C003327,13,802.896923076923,10437.66,1.625,3.2,4,1,2,Frequent High-Value Customers,0
C003328,8,1062.70625,8501.65,1.1428571428571428,3.25,2,0,1,Premium Basket Customers,0
C003329,8,619.97,4959.76,1.3333333333333333,2.7142857142857144,4,1,0,Budget Occasional Customers,0
C003330,7,950.4028571428571,6652.82,1.1666666666666667,2.8,1,0,1,Premium Basket Customers,0
C003331,9,845.8222222222222,7612.4,1.5,4.333333333333333,1,2,0,Budget Occasional Customers,0
C003332,9,649.6744444444444,5847.07,1.8,3.1666666666666665,0,1,0,Budget Occasional Customers,0
C003333,10,761.897,7618.97,1.25,4.0,4,3,2,Frequent High-Value Customers,0
C003334,10,974.622,9746.22,1.6666666666666667,3.4,4,0,2,Frequent High-Value Customers,0
C003335,13,903.1046153846154,11740.36,1.3,3.4444444444444446,4,2,2,Frequent High-Value Customers,0
C003336,10,747.4159999999999,7474.16,1.1111111111111112,3.75,3,1,0,Budget Occasional Customers,0
C003337,14,931.3164285714286,13038.43,1.2727272727272727,3.625,5,2,2,Frequent High-Value Customers,0
C003338,11,1028.1990909090907,11310.189999999999,1.2222222222222223,3.75,5,1,2,Frequent High-Value Customers,0
C003339,9,692.38,6231.42,1.5,3.4444444444444446,3,5,2,Frequent High-Value Customers,0
C003340,9,658.0177777777777,5922.16,1.125,3.5,2,3,0,Budget Occasional Customers,0
C003341,9,682.0188888888889,6138.17,1.125,3.5,5,3,2,Frequent High-Value Customers,0
C003342,14,829.3807142857142,11611.33,1.5555555555555556,3.0,7,3,2,Frequent High-Value Customers,0
C003343,9,768.2533333333333,6914.28,1.125,4.0,4,2,0,Budget Occasional Customers,0
C003344,8,928.14625,7425.17,1.0,3.8,2,1,1,Premium Basket Customers,0
C003345,10,834.4799999999999,8344.8,1.4285714285714286,2.8333333333333335,1,2,1,Premium Basket Customers,0
C003346,5,996.284,4981.42,1.25,1.5,2,1,1,Premium Basket Customers,0
C003347,5,1401.788,7008.94,1.0,3.3333333333333335,2,1,1,Premium Basket Customers,0
C003348,10,855.662,8556.62,1.6666666666666667,2.6666666666666665,2,2,2,Frequent High-Value Customers,0
C003349,8,786.8375,6294.7,1.1428571428571428,4.4,3,3,0,Budget Occasional Customers,0
C003350,10,956.341,9563.41,1.25,4.25,3,3,2,Frequent High-Value Customers,0
C003351,11,959.830909090909,10558.14,1.1,3.2,6,2,2,Frequent High-Value Customers,0
C003352,8,888.02375,7104.19,1.1428571428571428,4.0,1,1,1,Premium Basket Customers,0
C003353,7,797.3757142857143,5581.63,1.4,3.25,4,2,2,Frequent High-Value Customers,0
C003354,15,568.7653333333333,8531.48,1.25,3.5,7,2,2,Frequent High-Value Customers,0
C003355,9,621.031111111111,5589.28,1.125,3.4,1,3,0,Budget Occasional Customers,0
C003356,7,443.1085714285714,3101.7599999999998,1.1666666666666667,3.6666666666666665,6,0,0,Budget Occasional Customers,0
C003357,14,830.665,11629.31,1.5555555555555556,4.0,4,1,2,Frequent High-Value Customers,0
C003358,8,868.855,6950.84,1.1428571428571428,3.3333333333333335,2,2,1,Premium Basket Customers,0
C003359,7,671.1785714285714,4698.25,1.4,4.0,4,0,0,Budget Occasional Customers,0
C003360,10,1055.199,10551.99,1.1111111111111112,3.1666666666666665,3,1,1,Premium Basket Customers,0
C003361,6,658.87,3953.2200000000003,1.5,3.3333333333333335,2,1,0,Budget Occasional Customers,0
C003362,8,991.7525,7934.02,1.3333333333333333,3.8,3,1,1,Premium Basket Customers,0
C003363,7,674.72,4723.04,1.1666666666666667,1.3333333333333333,1,1,0,Budget Occasional Customers,0
C003364,6,1028.6850000000002,6172.110000000001,1.0,3.25,1,0,1,Premium Basket Customers,0
C003365,9,869.7711111111112,7827.9400000000005,1.2857142857142858,3.0,5,2,2,Frequent High-Value Customers,0
C003366,10,891.1789999999999,8911.789999999999,1.25,3.6,2,4,2,Frequent High-Value Customers,0
C003367,12,1018.7516666666667,12225.02,1.7142857142857142,3.625,5,2,2,Frequent High-Value Customers,0
C003368,5,794.882,3974.41,1.0,4.333333333333333,3,1,0,Budget Occasional Customers,0
C003369,12,575.0749999999999,6900.9,1.5,3.5555555555555554,5,5,2,Frequent High-Value Customers,0
C003370,6,1056.8700000000001,6341.22,1.0,4.0,0,3,1,Premium Basket Customers,0
C003371,8,783.0374999999999,6264.299999999999,1.0,4.2,3,1,0,Budget Occasional Customers,0
C003372,9,815.2233333333334,7337.01,1.2857142857142858,3.0,4,1,1,Premium Basket Customers,0
C003373,8,958.29375,7666.35,1.1428571428571428,3.5,5,4,2,Frequent High-Value Customers,0
C003374,15,784.8673333333334,11773.01,1.1538461538461537,3.1,4,4,2,Frequent High-Value Customers,0
C003375,13,842.0838461538461,10947.09,1.0833333333333333,3.0,2,1,1,Premium Basket Customers,0
C003376,10,776.115,7761.150000000001,1.4285714285714286,3.857142857142857,3,3,2,Frequent High-Value Customers,0
C003377,13,828.5615384615384,10771.3,1.3,3.1666666666666665,6,4,2,Frequent High-Value Customers,0
C003378,4,1012.6875,4050.75,1.3333333333333333,3.5,2,0,1,Premium Basket Customers,0
C003379,5,719.254,3596.27,1.0,4.0,0,2,0,Budget Occasional Customers,0
C003380,6,909.8433333333332,5459.0599999999995,1.0,3.0,0,3,1,Premium Basket Customers,0
C003381,7,787.7442857142858,5514.21,1.0,3.4,5,3,0,Budget Occasional Customers,0
C003382,10,890.4399999999999,8904.4,1.4285714285714286,2.6666666666666665,3,1,1,Premium Basket Customers,0
C003383,8,1007.99875,8063.99,1.1428571428571428,3.2,4,3,1,Premium Basket Customers,0
C003384,16,782.204375,12515.27,2.0,2.7857142857142856,3,6,2,Frequent High-Value Customers,-1
C003385,5,950.632,4753.16,1.0,3.3333333333333335,2,1,1,Premium Basket Customers,0
C003386,7,769.6371428571429,5387.46,1.4,3.8333333333333335,4,1,0,Budget Occasional Customers,0
C003387,12,848.0275,10176.33,1.3333333333333333,2.7777777777777777,2,1,1,Premium Basket Customers,0
C003388,9,846.5455555555556,7618.91,1.5,2.8333333333333335,3,0,1,Premium Basket Customers,0
C003389,11,696.3863636363636,7660.25,1.1,4.0,2,2,0,Budget Occasional Customers,0
C003390,8,712.9825000000001,5703.860000000001,1.1428571428571428,4.0,4,0,0,Budget Occasional Customers,0
C003391,9,876.7277777777776,7890.549999999999,1.5,2.6666666666666665,3,1,1,Premium Basket Customers,0
C003392,8,889.4712499999999,7115.7699999999995,1.6,3.5,1,1,1,Premium Basket Customers,0
C003393,8,516.79125,4134.33,1.0,3.5,2,2,0,Budget Occasional Customers,0
C003394,7,744.2157142857143,5209.51,1.1666666666666667,3.75,3,2,0,Budget Occasional Customers,0
C003395,10,801.01,8010.1,1.4285714285714286,3.5,2,2,2,Frequent High-Value Customers,0
C003396,10,872.902,8729.02,1.25,3.8333333333333335,3,3,2,Frequent High-Value Customers,0
C003397,6,844.495,5066.97,1.2,4.0,1,2,0,Budget Occasional Customers,0
C003398,4,396.54,1586.16,1.3333333333333333,3.0,2,0,0,Budget Occasional Customers,0
C003399,4,923.8249999999999,3695.2999999999997,1.0,2.5,3,1,1,Premium Basket Customers,0
C003400,10,918.0899999999999,9180.9,1.1111111111111112,3.142857142857143,0,1,1,Premium Basket Customers,0
C003401,6,711.0,4266.0,1.5,3.5,2,1,0,Budget Occasional Customers,0
C003402,10,900.71,9007.1,1.25,3.0,5,3,2,Frequent High-Value Customers,0
C003403,3,677.8166666666666,2033.4499999999998,1.0,4.0,1,0,0,Budget Occasional Customers,0
C003404,7,775.4014285714286,5427.81,1.0,3.5,4,1,0,Budget Occasional Customers,0
C003405,12,672.0191666666666,8064.23,2.0,3.75,6,2,2,Frequent High-Value Customers,0
C003406,6,940.555,5643.33,1.0,3.75,3,2,1,Premium Basket Customers,0
C003407,7,737.7342857142858,5164.14,1.1666666666666667,4.2,3,1,0,Budget Occasional Customers,0
C003408,7,704.6285714285714,4932.4,1.4,4.333333333333333,1,2,0,Budget Occasional Customers,0
C003409,13,766.2961538461539,9961.85,1.3,4.0,7,2,2,Frequent High-Value Customers,0
C003410,11,820.4281818181818,9024.71,1.1,3.3333333333333335,2,2,0,Budget Occasional Customers,0
C003411,10,1095.555,10955.550000000001,1.0,4.0,4,0,1,Premium Basket Customers,0
C003412,10,746.6659999999999,7466.66,1.4285714285714286,3.5,5,1,2,Frequent High-Value Customers,0
C003413,7,1074.402857142857,7520.82,1.0,2.75,3,1,1,Premium Basket Customers,0
C003414,6,1208.7066666666667,7252.24,1.0,3.0,3,1,1,Premium Basket Customers,0
C003415,10,697.898,6978.9800000000005,1.4285714285714286,3.2857142857142856,5,2,2,Frequent High-Value Customers,0
C003416,4,772.175,3088.7,1.0,4.333333333333333,1,2,0,Budget Occasional Customers,0
C003417,7,672.64,4708.48,1.1666666666666667,3.6,3,2,0,Budget Occasional Customers,0
C003418,11,713.3154545454545,7846.469999999999,1.375,3.2,6,2,2,Frequent High-Value Customers,0
C003419,14,836.0178571428571,11704.25,1.5555555555555556,3.375,7,5,2,Frequent High-Value Customers,0
C003420,7,728.3671428571428,5098.57,1.1666666666666667,2.75,0,1,0,Budget Occasional Customers,0
C003421,12,705.3850000000001,8464.62,1.0,3.875,7,1,2,Frequent High-Value Customers,0
C003422,3,996.1133333333333,2988.34,1.5,3.5,0,1,1,Premium Basket Customers,0
C003423,14,769.9499999999999,10779.3,1.2727272727272727,3.8333333333333335,5,5,2,Frequent High-Value Customers,0
C003424,10,704.3430000000001,7043.43,1.4285714285714286,3.8333333333333335,3,4,2,Frequent High-Value Customers,0
C003425,8,1020.1275,8161.02,1.0,2.75,3,2,1,Premium Basket Customers,0
C003426,6,565.01,3390.06,1.5,3.5,3,0,0,Budget Occasional Customers,0
C003427,5,947.8439999999998,4739.219999999999,1.0,4.333333333333333,1,1,1,Premium Basket Customers,0
C003428,9,698.4777777777778,6286.3,2.25,4.75,4,3,2,Frequent High-Value Customers,-1
C003429,10,692.833,6928.33,1.4285714285714286,3.0,2,2,0,Budget Occasional Customers,0
C003430,10,693.373,6933.7300000000005,1.4285714285714286,3.875,2,1,0,Budget Occasional Customers,0
C003431,6,656.5600000000001,3939.36,1.0,3.0,3,0,0,Budget Occasional Customers,0
C003432,15,964.5433333333333,14468.15,1.3636363636363635,3.0,4,2,2,Frequent High-Value Customers,0
C003433,7,797.3128571428572,5581.1900000000005,1.1666666666666667,3.75,0,2,0,Budget Occasional Customers,0
C003434,11,822.8054545454546,9050.86,1.2222222222222223,4.0,5,2,2,Frequent High-Value Customers,0
C003435,10,929.445,9294.45,1.1111111111111112,3.2222222222222223,2,2,1,Premium Basket Customers,0
C003436,4,897.7425000000001,3590.9700000000003,1.0,3.0,1,1,1,Premium Basket Customers,0
C003437,7,673.9114285714286,4717.38,1.75,4.0,4,2,2,Frequent High-Value Customers,0
C003438,12,756.3458333333333,9076.15,1.3333333333333333,3.0,4,3,2,Frequent High-Value Customers,0
C003439,4,770.325,3081.3,1.0,3.0,1,0,0,Budget Occasional Customers,0
C003440,4,785.94,3143.76,1.0,3.4196588952056444,2,2,0,Budget Occasional Customers,0
C003441,8,839.4775,6715.82,1.1428571428571428,3.6,3,0,1,Premium Basket Customers,0
C003442,8,725.325,5802.6,1.1428571428571428,4.0,3,0,0,Budget Occasional Customers,0
C003443,3,928.4633333333333,2785.39,1.0,3.0,1,0,1,Premium Basket Customers,0
C003444,10,829.677,8296.77,1.4285714285714286,3.8,4,3,2,Frequent High-Value Customers,0
C003445,9,972.9500000000002,8756.550000000001,1.125,3.857142857142857,3,4,1,Premium Basket Customers,0
C003446,8,836.82625,6694.61,1.3333333333333333,5.0,5,1,0,Budget Occasional Customers,0
C003447,10,852.616,8526.16,1.1111111111111112,3.8333333333333335,5,1,2,Frequent High-Value Customers,0
C003448,13,609.9776923076923,7929.71,1.8571428571428572,4.1,3,2,2,Frequent High-Value Customers,0
C003449,7,602.7185714285714,4219.03,1.1666666666666667,3.6,2,0,0,Budget Occasional Customers,0
C003450,8,962.995,7703.96,1.1428571428571428,3.0,1,5,1,Premium Basket Customers,0
C003451,11,742.5509090909092,8168.06,1.2222222222222223,3.875,5,1,2,Frequent High-Value Customers,0
C003452,14,786.1135714285714,11005.59,1.4,3.6,3,0,2,Frequent High-Value Customers,0
C003453,7,991.9028571428571,6943.32,1.1666666666666667,2.6,3,3,1,Premium Basket Customers,0
C003454,7,879.5242857142857,6156.67,1.1666666666666667,3.6,1,2,1,Premium Basket Customers,0
C003455,9,549.8877777777777,4948.99,1.2857142857142858,4.25,4,1,0,Budget Occasional Customers,0
C003456,7,817.8814285714286,5725.17,1.1666666666666667,3.2,2,1,1,Premium Basket Customers,0
C003457,11,730.8954545454545,8039.85,1.375,4.25,7,3,2,Frequent High-Value Customers,0
C003458,5,726.618,3633.09,1.0,4.333333333333333,1,0,0,Budget Occasional Customers,0
C003459,7,555.83,3890.81,1.1666666666666667,3.6,4,1,0,Budget Occasional Customers,0
C003460,10,672.1690000000001,6721.6900000000005,1.1111111111111112,3.5,5,3,2,Frequent High-Value Customers,0
C003461,10,763.0029999999999,7630.03,1.25,3.1666666666666665,5,6,2,Frequent High-Value Customers,0
C003462,16,856.86875,13709.9,1.7777777777777777,3.0,3,4,2,Frequent High-Value Customers,0
C003463,3,572.9133333333333,1718.74,1.5,2.5,1,1,0,Budget Occasional Customers,0
C003464,7,728.3942857142857,5098.76,1.4,3.0,4,0,0,Budget Occasional Customers,0
C003465,10,802.427,8024.27,1.25,3.142857142857143,4,1,2,Frequent High-Value Customers,0
C003466,13,775.3738461538462,10079.86,1.625,3.5,3,2,2,Frequent High-Value Customers,0
C003467,8,1037.44375,8299.55,1.1428571428571428,3.4,3,2,1,Premium Basket Customers,0
C003468,9,1149.3855555555556,10344.47,1.0,3.7142857142857144,6,4,2,Frequent High-Value Customers,0
C003469,6,701.36,4208.16,1.0,3.6666666666666665,3,1,0,Budget Occasional Customers,0
C003470,7,808.3214285714286,5658.25,1.0,4.6,3,2,0,Budget Occasional Customers,0
C003471,5,686.3779999999999,3431.89,1.0,3.0,1,0,0,Budget Occasional Customers,0
C003472,7,931.1071428571429,6517.75,1.4,2.6666666666666665,1,2,1,Premium Basket Customers,0
C003473,9,1084.19,9757.710000000001,1.2857142857142858,4.2,0,1,1,Premium Basket Customers,0
C003474,7,1148.6585714285713,8040.61,1.1666666666666667,3.6,0,1,1,Premium Basket Customers,0
C003475,5,962.7119999999999,4813.5599999999995,1.25,3.25,3,0,1,Premium Basket Customers,0
C003476,6,766.3766666666667,4598.26,1.2,3.3333333333333335,4,2,0,Budget Occasional Customers,0
C003477,10,1060.441,10604.41,1.25,3.857142857142857,5,0,1,Premium Basket Customers,0
C003478,10,724.964,7249.64,1.25,2.75,2,1,0,Budget Occasional Customers,0
C003479,7,988.0771428571428,6916.54,1.0,3.0,2,1,1,Premium Basket Customers,0
C003480,9,605.1811111111111,5446.63,1.2857142857142858,2.5,1,0,0,Budget Occasional Customers,0
C003481,9,898.93,8090.37,1.2857142857142858,3.75,1,0,1,Premium Basket Customers,0
C003482,5,885.934,4429.67,1.25,2.3333333333333335,4,1,1,Premium Basket Customers,0
C003483,9,714.2177777777778,6427.96,1.125,2.5,2,1,0,Budget Occasional Customers,0
C003484,11,626.9163636363636,6896.08,1.375,3.2,5,1,2,Frequent High-Value Customers,0
C003485,8,933.0550000000001,7464.4400000000005,1.0,4.6,2,2,1,Premium Basket Customers,0
C003486,6,978.8850000000001,5873.31,1.2,3.5,2,0,1,Premium Basket Customers,0
C003487,7,633.5314285714286,4434.72,1.1666666666666667,4.0,1,1,0,Budget Occasional Customers,0
C003488,6,843.7033333333333,5062.219999999999,1.0,3.0,2,1,1,Premium Basket Customers,0
C003489,10,769.8,7698.0,1.6666666666666667,3.7142857142857144,4,4,2,Frequent High-Value Customers,0
C003490,10,773.568,7735.68,1.25,3.6666666666666665,2,4,2,Frequent High-Value Customers,0
C003491,5,736.3799999999999,3681.8999999999996,1.25,2.3333333333333335,0,0,0,Budget Occasional Customers,0
C003492,5,798.534,3992.67,1.25,2.0,3,0,1,Premium Basket Customers,0
C003493,10,760.39,7603.9,1.0,3.5,5,2,0,Budget Occasional Customers,0
C003494,9,563.3355555555556,5070.02,1.0,4.333333333333333,4,1,0,Budget Occasional Customers,0
C003495,8,861.07625,6888.61,1.3333333333333333,3.0,3,0,1,Premium Basket Customers,0
C003496,7,702.2814285714285,4915.969999999999,1.0,4.0,3,2,0,Budget Occasional Customers,0
C003497,7,681.6642857142857,4771.65,1.1666666666666667,3.8333333333333335,2,2,0,Budget Occasional Customers,0
C003498,12,870.0191666666666,10440.23,1.3333333333333333,4.0,10,2,2,Frequent High-Value Customers,0
C003499,13,949.6246153846155,12345.12,1.4444444444444444,3.6666666666666665,6,3,2,Frequent High-Value Customers,0
C003500,9,889.06,8001.54,1.2857142857142858,4.0,3,3,2,Frequent High-Value Customers,0
C003501,8,738.92375,5911.39,1.1428571428571428,3.0,3,1,0,Budget Occasional Customers,0
C003502,5,839.4,4197.0,1.0,4.0,3,0,0,Budget Occasional Customers,0
C003503,11,1120.7618181818182,12328.380000000001,1.8333333333333333,3.6,2,1,2,Frequent High-Value Customers,0
C003504,10,456.60200000000003,4566.02,1.4285714285714286,2.5,4,3,2,Frequent High-Value Customers,0
C003505,10,676.188,6761.88,1.6666666666666667,4.222222222222222,3,2,2,Frequent High-Value Customers,0
C003506,9,709.8433333333334,6388.59,1.2857142857142858,3.75,3,0,0,Budget Occasional Customers,0
C003507,12,577.9616666666667,6935.54,1.3333333333333333,3.909090909090909,2,2,0,Budget Occasional Customers,0
C003508,5,350.58399999999995,1752.9199999999998,1.25,4.333333333333333,1,0,0,Budget Occasional Customers,0
C003509,8,1125.1200000000001,9000.960000000001,1.0,4.2,6,2,1,Premium Basket Customers,0
C003510,12,651.6808333333333,7820.17,1.3333333333333333,3.0,6,1,2,Frequent High-Value Customers,0
C003511,11,829.0481818181819,9119.53,1.375,3.5,5,2,2,Frequent High-Value Customers,0
C003512,8,887.205,7097.64,1.3333333333333333,4.333333333333333,2,2,0,Budget Occasional Customers,0
C003513,8,818.26375,6546.11,1.3333333333333333,3.5,1,3,0,Budget Occasional Customers,0
C003514,16,810.724375,12971.59,1.4545454545454546,3.25,10,3,2,Frequent High-Value Customers,0
C003515,5,953.26,4766.3,1.25,2.8,3,0,1,Premium Basket Customers,0
C003516,8,698.2275,5585.82,1.3333333333333333,4.0,2,3,0,Budget Occasional Customers,0
C003517,8,753.1375,6025.1,1.0,2.5,2,1,0,Budget Occasional Customers,0
C003518,6,674.2683333333333,4045.61,1.2,3.0,0,1,0,Budget Occasional Customers,0
C003519,11,768.4109090909092,8452.52,1.2222222222222223,3.7777777777777777,5,0,0,Budget Occasional Customers,0
C003520,12,1020.5241666666667,12246.29,1.5,3.5555555555555554,5,2,2,Frequent High-Value Customers,0
C003521,6,839.11,5034.66,1.2,3.3333333333333335,3,2,1,Premium Basket Customers,0
C003522,16,814.961875,13039.39,1.3333333333333333,3.5,7,3,2,Frequent High-Value Customers,0
C003523,6,638.2233333333334,3829.34,1.0,3.5,2,1,0,Budget Occasional Customers,0
C003524,8,855.9612500000001,6847.6900000000005,1.1428571428571428,3.5,6,3,2,Frequent High-Value Customers,0
C003525,12,731.3016666666667,8775.62,1.2,3.4,5,2,2,Frequent High-Value Customers,0
C003526,9,835.1655555555556,7516.49,1.2857142857142858,3.2857142857142856,2,4,2,Frequent High-Value Customers,0
C003527,11,1154.1509090909092,12695.66,1.1,4.0,3,3,1,Premium Basket Customers,0
C003528,6,710.6866666666666,4264.12,1.2,4.0,2,1,0,Budget Occasional Customers,0
C003529,8,890.8662499999999,7126.929999999999,1.3333333333333333,2.8333333333333335,1,0,1,Premium Basket Customers,0
C003530,10,768.846,7688.46,1.4285714285714286,3.2857142857142856,4,3,2,Frequent High-Value Customers,0
C003531,13,945.1246153846155,12286.62,1.3,3.3,6,3,2,Frequent High-Value Customers,0
C003532,10,775.967,7759.67,1.6666666666666667,4.428571428571429,3,0,2,Frequent High-Value Customers,0
C003533,11,682.3118181818182,7505.43,1.2222222222222223,3.0,5,2,2,Frequent High-Value Customers,0
C003534,4,930.7625,3723.05,1.0,3.5,0,1,1,Premium Basket Customers,0
C003535,5,1000.0459999999999,5000.23,1.25,2.75,2,1,1,Premium Basket Customers,0
C003536,11,871.1190909090909,9582.31,1.2222222222222223,3.3333333333333335,2,2,1,Premium Basket Customers,0
C003537,4,1294.4950000000001,5177.9800000000005,1.3333333333333333,4.0,3,1,1,Premium Basket Customers,0
C003538,7,722.2442857142858,5055.71,1.75,3.6,3,1,0,Budget Occasional Customers,0
C003539,9,706.6844444444445,6360.16,1.5,3.875,1,3,0,Budget Occasional Customers,0
C003540,5,879.6200000000001,4398.1,1.0,2.3333333333333335,1,1,1,Premium Basket Customers,0
C003541,11,894.1763636363637,9835.94,1.1,3.7142857142857144,8,1,2,Frequent High-Value Customers,0
C003542,8,1050.81,8406.48,2.0,3.3333333333333335,2,0,1,Premium Basket Customers,-1
C003543,9,690.1677777777778,6211.51,1.0,2.8333333333333335,1,1,0,Budget Occasional Customers,0
C003544,15,823.2520000000001,12348.78,1.5,4.166666666666667,4,2,2,Frequent High-Value Customers,0
C003545,5,909.3439999999998,4546.719999999999,1.0,3.0,1,1,1,Premium Basket Customers,0
C003546,4,940.345,3761.38,1.0,2.0,2,2,1,Premium Basket Customers,0
C003547,10,617.7850000000001,6177.85,1.25,1.5,5,1,2,Frequent High-Value Customers,-1
C003548,4,1317.5325,5270.13,1.3333333333333333,2.3333333333333335,1,2,1,Premium Basket Customers,0
C003549,8,950.99875,7607.99,1.3333333333333333,3.0,4,1,1,Premium Basket Customers,0
C003550,8,859.635,6877.08,1.1428571428571428,2.75,2,2,1,Premium Basket Customers,0
C003551,6,815.545,4893.2699999999995,1.0,4.0,1,1,0,Budget Occasional Customers,0
C003552,10,795.181,7951.81,1.1111111111111112,3.6,4,2,0,Budget Occasional Customers,0
C003553,7,1478.5785714285714,10350.05,1.4,3.5,2,1,1,Premium Basket Customers,-1
C003554,7,711.4628571428572,4980.24,1.4,4.5,2,2,0,Budget Occasional Customers,0
C003555,18,764.235,13756.23,1.6363636363636365,3.1666666666666665,7,2,2,Frequent High-Value Customers,0
C003556,6,714.8449999999999,4289.07,1.0,3.3333333333333335,1,2,0,Budget Occasional Customers,0
C003557,7,852.5914285714287,5968.14,1.0,3.5,3,4,1,Premium Basket Customers,0
C003558,6,1123.1233333333332,6738.74,1.0,4.0,2,0,1,Premium Basket Customers,0
C003559,10,801.95,8019.5,1.4285714285714286,3.5714285714285716,3,2,2,Frequent High-Value Customers,0
C003560,13,600.6792307692308,7808.83,1.3,3.75,3,4,2,Frequent High-Value Customers,0
C003561,3,510.08,1530.24,1.0,2.0,1,1,0,Budget Occasional Customers,0
C003562,8,944.86125,7558.89,1.3333333333333333,2.8333333333333335,2,1,1,Premium Basket Customers,0
C003563,15,750.6833333333333,11260.25,1.6666666666666667,4.3,4,6,2,Frequent High-Value Customers,-1
C003564,7,629.96,4409.72,1.4,3.3333333333333335,3,1,0,Budget Occasional Customers,0
C003565,11,809.9872727272727,8909.86,1.5714285714285714,2.6666666666666665,4,1,2,Frequent High-Value Customers,0
C003566,8,691.12625,5529.01,1.1428571428571428,4.75,2,3,0,Budget Occasional Customers,0
C003567,9,605.718888888889,5451.47,1.125,5.0,4,2,0,Budget Occasional Customers,0
C003568,7,380.6671428571429,2664.67,1.1666666666666667,3.4,2,1,0,Budget Occasional Customers,0
C003569,9,926.048888888889,8334.44,1.125,2.8333333333333335,3,0,1,Premium Basket Customers,0
C003570,10,670.726,6707.26,1.25,2.75,5,2,2,Frequent High-Value Customers,0
C003571,11,762.3209090909091,8385.53,1.2222222222222223,3.6666666666666665,3,1,0,Budget Occasional Customers,0
C003572,4,949.725,3798.9,1.0,3.0,0,1,1,Premium Basket Customers,0
C003573,18,847.1805555555555,15249.25,1.6363636363636365,3.8181818181818183,4,3,2,Frequent High-Value Customers,0
C003574,6,543.515,3261.0899999999997,1.2,3.5,3,2,0,Budget Occasional Customers,0
C003575,14,688.2614285714286,9635.66,1.4,3.6363636363636362,6,1,2,Frequent High-Value Customers,0
C003576,11,728.4745454545455,8013.22,1.375,3.4285714285714284,3,2,2,Frequent High-Value Customers,0
C003577,11,917.5763636363637,10093.34,1.2222222222222223,3.2857142857142856,3,2,2,Frequent High-Value Customers,0
C003578,8,805.43375,6443.47,1.1428571428571428,3.1666666666666665,3,3,0,Budget Occasional Customers,0
C003579,13,1010.2615384615384,13133.4,1.625,4.0,3,0,2,Frequent High-Value Customers,0
C003580,11,923.1081818181818,10154.19,1.1,4.0,5,0,1,Premium Basket Customers,0
C003581,7,1225.8114285714287,8580.68,1.0,3.8,2,5,1,Premium Basket Customers,-1
C003582,12,981.6391666666667,11779.67,1.3333333333333333,3.4444444444444446,6,3,2,Frequent High-Value Customers,0
C003583,7,847.8285714285713,5934.799999999999,1.1666666666666667,3.8333333333333335,3,2,0,Budget Occasional Customers,0
C003584,10,634.638,6346.38,1.6666666666666667,3.6666666666666665,2,2,2,Frequent High-Value Customers,0
C003585,14,717.7214285714286,10048.1,2.0,4.0,2,4,2,Frequent High-Value Customers,0
C003586,10,1031.604,10316.04,1.1111111111111112,3.75,5,3,2,Frequent High-Value Customers,0
C003587,9,844.9855555555555,7604.87,1.2857142857142858,3.0,2,1,1,Premium Basket Customers,0
C003588,7,1263.287142857143,8843.01,1.0,2.5,2,2,1,Premium Basket Customers,0
C003589,13,721.8207692307692,9383.67,1.4444444444444444,2.5,7,2,2,Frequent High-Value Customers,0
C003590,15,1067.56,16013.4,1.6666666666666667,3.6666666666666665,6,3,2,Frequent High-Value Customers,0
C003591,10,1002.53,10025.3,1.25,4.0,5,3,2,Frequent High-Value Customers,0
C003592,8,630.58125,5044.65,1.1428571428571428,2.6666666666666665,4,0,0,Budget Occasional Customers,0
C003593,4,1143.5,4574.0,1.0,2.5,0,0,1,Premium Basket Customers,0
C003594,11,608.1081818181818,6689.19,1.8333333333333333,3.75,1,3,2,Frequent High-Value Customers,0
C003595,9,735.4222222222222,6618.8,1.125,3.0,3,2,0,Budget Occasional Customers,0
C003596,7,968.0742857142858,6776.52,1.1666666666666667,3.6,1,1,1,Premium Basket Customers,0
C003597,10,943.292,9432.92,1.25,3.6666666666666665,6,2,2,Frequent High-Value Customers,0
C003598,4,800.95,3203.8,1.0,2.6666666666666665,1,1,1,Premium Basket Customers,0
C003599,6,742.0466666666667,4452.280000000001,1.2,3.75,2,1,0,Budget Occasional Customers,0
C003600,7,519.1185714285714,3633.83,1.1666666666666667,3.6,1,0,0,Budget Occasional Customers,0
C003601,7,715.09,5005.63,1.0,3.0,3,1,0,Budget Occasional Customers,0
C003602,12,961.0766666666667,11532.92,1.5,4.5,2,2,2,Frequent High-Value Customers,0
C003603,16,878.1375,14050.2,1.3333333333333333,3.125,7,3,2,Frequent High-Value Customers,0
C003604,11,656.7863636363636,7224.65,1.1,3.8,3,1,0,Budget Occasional Customers,0
C003605,14,720.765,10090.71,1.5555555555555556,3.5714285714285716,2,1,2,Frequent High-Value Customers,0
C003606,10,749.985,7499.85,1.25,2.0,4,2,2,Frequent High-Value Customers,0
C003607,6,798.8299999999999,4792.98,1.2,2.0,3,4,1,Premium Basket Customers,-1
C003608,12,967.9,11614.8,1.3333333333333333,3.2,1,4,2,Frequent High-Value Customers,0
C003609,9,891.3966666666666,8022.57,1.125,2.6666666666666665,1,2,1,Premium Basket Customers,0
C003610,5,627.6519999999999,3138.2599999999998,1.6666666666666667,3.5,2,1,0,Budget Occasional Customers,0
C003611,13,808.7661538461539,10513.960000000001,1.4444444444444444,3.111111111111111,6,1,2,Frequent High-Value Customers,0
C003612,9,886.2866666666666,7976.58,1.125,2.3333333333333335,4,0,1,Premium Basket Customers,0
C003613,12,862.94,10355.28,1.0909090909090908,3.8,3,1,1,Premium Basket Customers,0
C003614,7,633.6942857142857,4435.86,1.4,4.0,1,2,0,Budget Occasional Customers,0
C003615,6,571.9266666666666,3431.56,1.0,3.0,2,2,0,Budget Occasional Customers,0
C003616,9,885.2133333333334,7966.92,1.2857142857142858,3.5,3,4,2,Frequent High-Value Customers,0
C003617,6,712.91,4277.46,1.5,3.6666666666666665,1,0,0,Budget Occasional Customers,0
C003618,9,822.4233333333333,7401.8099999999995,1.5,3.6666666666666665,3,1,2,Frequent High-Value Customers,0
C003619,4,515.2825,2061.13,1.0,4.333333333333333,1,0,0,Budget Occasional Customers,0
C003620,9,1113.6222222222223,10022.6,1.0,3.7142857142857144,1,1,1,Premium Basket Customers,0
C003621,9,477.93777777777785,4301.4400000000005,1.125,3.8,3,2,0,Budget Occasional Customers,0
C003622,10,982.015,9820.15,1.4285714285714286,3.0,7,4,2,Frequent High-Value Customers,0
C003623,7,874.5842857142858,6122.09,1.1666666666666667,4.2,5,1,0,Budget Occasional Customers,0
C003624,9,767.7122222222222,6909.41,1.2857142857142858,3.0,3,2,0,Budget Occasional Customers,0
C003625,7,772.24,5405.68,1.0,2.857142857142857,4,4,0,Budget Occasional Customers,0
C003626,7,796.6814285714285,5576.7699999999995,1.1666666666666667,4.25,1,1,0,Budget Occasional Customers,0
C003627,11,1201.158181818182,13212.74,1.5714285714285714,3.5714285714285716,3,2,2,Frequent High-Value Customers,0
C003628,13,623.6884615384615,8107.95,1.4444444444444444,2.7142857142857144,5,4,2,Frequent High-Value Customers,0
C003629,11,952.1136363636364,10473.25,1.2222222222222223,3.7777777777777777,2,0,1,Premium Basket Customers,0
C003630,3,1280.44,3841.32,1.0,3.5,1,0,1,Premium Basket Customers,0
C003631,8,687.65125,5501.21,1.0,3.625,4,1,0,Budget Occasional Customers,0
C003632,11,793.300909090909,8726.31,1.375,3.5,5,3,2,Frequent High-Value Customers,0
C003633,12,1019.43,12233.16,1.2,3.8333333333333335,4,0,1,Premium Basket Customers,0
C003634,6,616.8133333333333,3700.8799999999997,1.2,3.6666666666666665,2,3,0,Budget Occasional Customers,0
C003635,10,641.0559999999999,6410.5599999999995,1.1111111111111112,2.8333333333333335,2,2,0,Budget Occasional Customers,0
C003636,7,828.6142857142858,5800.3,1.1666666666666667,3.25,1,1,1,Premium Basket Customers,0
C003637,8,1006.40875,8051.27,1.1428571428571428,2.8,5,2,1,Premium Basket Customers,0
C003638,7,717.1014285714285,5019.71,1.1666666666666667,3.0,1,0,0,Budget Occasional Customers,0
C003639,14,814.0557142857143,11396.78,1.1666666666666667,2.75,3,2,2,Frequent High-Value Customers,0
C003640,10,758.658,7586.58,1.25,3.4,2,2,0,Budget Occasional Customers,0
C003641,6,836.0083333333333,5016.05,1.2,3.2,4,1,1,Premium Basket Customers,0
C003642,6,818.0750000000002,4908.450000000001,2.0,4.0,2,0,0,Budget Occasional Customers,0
C003643,8,455.62125000000003,3644.9700000000003,1.3333333333333333,4.2,2,1,0,Budget Occasional Customers,0
C003644,11,811.7909090909092,8929.7,1.2222222222222223,2.8333333333333335,5,1,2,Frequent High-Value Customers,0
C003645,9,792.9366666666666,7136.429999999999,1.125,3.1666666666666665,3,2,0,Budget Occasional Customers,0
C003646,8,636.18375,5089.47,1.0,4.0,2,2,0,Budget Occasional Customers,0
C003647,2,568.94,1137.88,1.0,3.4196588952056444,2,0,0,Budget Occasional Customers,0
C003648,8,817.58125,6540.65,1.3333333333333333,4.333333333333333,5,1,0,Budget Occasional Customers,0
C003649,13,780.4615384615385,10146.0,1.1818181818181819,2.8,6,3,2,Frequent High-Value Customers,0
C003650,11,937.9745454545454,10317.72,1.2222222222222223,4.428571428571429,7,4,2,Frequent High-Value Customers,0
C003651,10,830.132,8301.32,1.4285714285714286,4.142857142857143,4,3,2,Frequent High-Value Customers,0
C003652,10,901.892,9018.92,1.4285714285714286,4.2,6,1,2,Frequent High-Value Customers,0
C003653,8,895.5337499999999,7164.2699999999995,1.1428571428571428,3.0,1,0,1,Premium Basket Customers,0
C003654,13,673.1238461538462,8750.61,1.3,3.0,7,1,2,Frequent High-Value Customers,0
C003655,7,484.84857142857146,3393.94,1.0,4.2,2,1,0,Budget Occasional Customers,0
C003656,8,828.05,6624.4,1.6,4.6,5,2,2,Frequent High-Value Customers,0
C003657,12,935.6608333333334,11227.93,1.3333333333333333,3.5454545454545454,1,3,2,Frequent High-Value Customers,0
C003658,9,1076.6866666666667,9690.18,1.125,3.857142857142857,5,2,1,Premium Basket Customers,0
C003659,8,697.595,5580.76,1.3333333333333333,4.0,2,2,0,Budget Occasional Customers,0
C003660,6,670.51,4023.06,1.2,3.8,2,3,0,Budget Occasional Customers,0
C003661,5,716.03,3580.15,1.25,3.75,3,0,0,Budget Occasional Customers,0
C003662,13,822.6023076923077,10693.83,1.8571428571428572,3.7777777777777777,7,0,2,Frequent High-Value Customers,0
C003663,12,780.2608333333333,9363.13,1.2,3.6,6,2,2,Frequent High-Value Customers,0
C003664,7,809.8285714285714,5668.8,1.0,2.6666666666666665,4,0,1,Premium Basket Customers,0
C003665,9,664.7533333333334,5982.780000000001,1.125,2.3333333333333335,0,1,0,Budget Occasional Customers,0
C003666,7,986.4014285714286,6904.81,1.0,3.5714285714285716,4,1,1,Premium Basket Customers,0
C003667,3,799.1866666666666,2397.56,1.0,3.4196588952056444,0,2,0,Budget Occasional Customers,0
C003668,6,695.3966666666666,4172.38,1.0,3.0,2,2,0,Budget Occasional Customers,0
C003669,9,819.2411111111111,7373.17,1.0,3.6666666666666665,3,1,0,Budget Occasional Customers,0
C003670,10,1028.0120000000002,10280.12,1.25,3.3333333333333335,3,3,1,Premium Basket Customers,0
C003671,9,820.191111111111,7381.719999999999,1.125,3.6666666666666665,2,1,0,Budget Occasional Customers,0
C003672,7,943.3957142857143,6603.77,1.1666666666666667,3.8,2,2,1,Premium Basket Customers,0
C003673,10,1075.173,10751.73,1.0,2.8,4,2,1,Premium Basket Customers,0
C003674,3,690.7733333333334,2072.32,1.0,3.0,1,2,0,Budget Occasional Customers,0
C003675,9,668.2855555555556,6014.57,1.0,3.25,2,2,0,Budget Occasional Customers,0
C003676,11,859.68,9456.48,1.375,3.3333333333333335,4,0,2,Frequent High-Value Customers,0
C003677,6,701.8566666666667,4211.14,1.2,3.6,2,3,0,Budget Occasional Customers,0
C003678,10,1233.9389999999999,12339.39,1.1111111111111112,4.0,4,3,1,Premium Basket Customers,0
C003679,11,795.9672727272726,8755.64,1.2222222222222223,2.6,4,3,2,Frequent High-Value Customers,0
C003680,8,863.04375,6904.35,1.1428571428571428,2.75,4,2,1,Premium Basket Customers,0
C003681,5,461.454,2307.27,1.25,3.6666666666666665,2,1,0,Budget Occasional Customers,0
C003682,3,630.0833333333334,1890.25,1.0,3.4196588952056444,1,2,0,Budget Occasional Customers,0
C003683,7,614.7942857142856,4303.5599999999995,1.1666666666666667,3.0,3,1,0,Budget Occasional Customers,0
C003684,10,717.662,7176.62,1.4285714285714286,2.7142857142857144,5,1,2,Frequent High-Value Customers,0
C003685,8,981.87375,7854.99,1.1428571428571428,3.5,3,1,1,Premium Basket Customers,0
C003686,8,1043.0125,8344.1,1.1428571428571428,4.2,3,0,1,Premium Basket Customers,0
C003687,10,686.318,6863.18,1.6666666666666667,4.166666666666667,2,1,0,Budget Occasional Customers,0
C003688,17,773.845294117647,13155.369999999999,1.5454545454545454,3.3846153846153846,3,2,2,Frequent High-Value Customers,0
C003689,7,830.8685714285714,5816.08,1.0,3.0,1,2,1,Premium Basket Customers,0
C003690,10,768.264,7682.64,1.0,3.2,4,1,0,Budget Occasional Customers,0
C003691,9,784.6444444444445,7061.8,1.0,3.4285714285714284,3,3,0,Budget Occasional Customers,0
C003692,13,716.8323076923077,9318.82,1.625,2.888888888888889,3,4,2,Frequent High-Value Customers,0
C003693,13,699.7907692307692,9097.28,1.625,3.5714285714285716,5,4,2,Frequent High-Value Customers,0
C003694,4,756.645,3026.58,1.0,3.6666666666666665,3,2,0,Budget Occasional Customers,0
C003695,9,935.2588888888889,8417.33,1.0,3.8,5,0,1,Premium Basket Customers,0
C003696,10,998.0799999999999,9980.8,1.4285714285714286,2.1666666666666665,6,0,2,Frequent High-Value Customers,0
C003697,7,556.6942857142857,3896.86,1.1666666666666667,3.5,1,1,0,Budget Occasional Customers,0
C003698,6,901.3933333333333,5408.36,1.5,4.25,0,1,1,Premium Basket Customers,0
C003699,11,716.2618181818182,7878.88,1.2222222222222223,3.2857142857142856,3,2,2,Frequent High-Value Customers,0
C003700,10,724.586,7245.860000000001,1.4285714285714286,4.0,4,4,2,Frequent High-Value Customers,0
C003701,10,924.485,9244.85,1.4285714285714286,4.0,3,1,1,Premium Basket Customers,0
C003702,9,738.3122222222222,6644.8099999999995,1.2857142857142858,4.0,2,2,0,Budget Occasional Customers,0
C003703,7,1185.4342857142856,8298.039999999999,1.0,3.6666666666666665,1,0,1,Premium Basket Customers,0
C003704,8,855.92625,6847.41,1.1428571428571428,3.5,3,0,1,Premium Basket Customers,0
C003705,10,775.5559999999999,7755.5599999999995,1.1111111111111112,3.142857142857143,4,2,2,Frequent High-Value Customers,0
C003706,11,766.5936363636364,8432.53,1.375,3.0,4,4,2,Frequent High-Value Customers,0
C003707,6,835.1016666666666,5010.61,1.2,2.6666666666666665,4,2,1,Premium Basket Customers,0
C003708,16,1072.334375,17157.35,1.7777777777777777,3.0,8,4,2,Frequent High-Value Customers,0
C003709,10,956.842,9568.42,1.25,4.0,3,1,1,Premium Basket Customers,0
C003710,12,851.5675,10218.81,1.7142857142857142,2.75,5,0,2,Frequent High-Value Customers,0
C003711,5,595.38,2976.9,1.0,4.0,1,2,0,Budget Occasional Customers,0
C003712,11,890.9718181818182,9800.69,1.0,3.2,5,2,2,Frequent High-Value Customers,0
C003713,8,828.1825,6625.46,1.1428571428571428,3.5,3,1,0,Budget Occasional Customers,0
C003714,17,517.1523529411764,8791.59,1.8888888888888888,3.6,4,1,2,Frequent High-Value Customers,-1
C003715,7,693.3042857142857,4853.13,1.1666666666666667,3.3333333333333335,5,1,0,Budget Occasional Customers,0
C003716,6,917.5100000000001,5505.06,1.2,4.0,1,1,1,Premium Basket Customers,0
C003717,14,668.2478571428571,9355.47,1.4,3.6666666666666665,3,3,2,Frequent High-Value Customers,0
C003718,10,854.0989999999999,8540.99,1.25,3.875,2,2,0,Budget Occasional Customers,0
C003719,8,873.7537500000001,6990.030000000001,1.1428571428571428,3.75,3,1,1,Premium Basket Customers,0
C003720,13,641.5569230769231,8340.24,2.1666666666666665,3.5714285714285716,5,2,2,Frequent High-Value Customers,0
C003721,5,750.322,3751.61,1.25,3.6666666666666665,1,1,0,Budget Occasional Customers,0
C003722,6,906.6516666666666,5439.91,1.2,3.3333333333333335,2,2,1,Premium Basket Customers,0
C003723,9,633.6066666666667,5702.46,1.5,2.6,5,0,2,Frequent High-Value Customers,0
C003724,11,868.1,9549.1,1.5714285714285714,3.0,6,0,2,Frequent High-Value Customers,0
C003725,9,796.4933333333333,7168.4400000000005,1.5,3.4,4,3,2,Frequent High-Value Customers,0
C003726,8,1115.10125,8920.81,1.3333333333333333,2.0,2,1,1,Premium Basket Customers,0
C003727,7,748.4271428571428,5238.99,1.4,3.2,1,1,0,Budget Occasional Customers,0
C003728,13,745.623076923077,9693.1,1.3,3.5,2,2,2,Frequent High-Value Customers,0
C003729,7,969.3157142857143,6785.21,1.75,4.333333333333333,2,2,1,Premium Basket Customers,0
C003730,7,604.75,4233.25,1.4,3.3333333333333335,1,2,0,Budget Occasional Customers,0
C003731,5,1071.634,5358.17,1.25,2.0,3,0,1,Premium Basket Customers,0
C003732,9,713.07,6417.63,1.125,4.4,4,1,0,Budget Occasional Customers,0
C003733,14,686.8564285714285,9615.99,1.5555555555555556,2.888888888888889,3,4,2,Frequent High-Value Customers,0
C003734,6,1096.5283333333334,6579.17,1.0,4.5,2,1,1,Premium Basket Customers,0
C003735,3,903.2466666666666,2709.74,1.0,3.5,1,2,1,Premium Basket Customers,0
C003736,11,766.78,8434.58,1.5714285714285714,3.8,2,2,2,Frequent High-Value Customers,0
C003737,12,935.5766666666667,11226.92,1.2,3.142857142857143,1,3,1,Premium Basket Customers,0
C003738,5,1197.232,5986.16,1.0,3.6666666666666665,0,2,1,Premium Basket Customers,0
C003739,13,1006.4307692307692,13083.6,1.625,3.888888888888889,4,2,2,Frequent High-Value Customers,0
C003740,7,619.8685714285714,4339.08,1.1666666666666667,4.0,3,0,0,Budget Occasional Customers,0
C003741,11,762.5372727272727,8387.91,1.2222222222222223,3.3333333333333335,4,1,2,Frequent High-Value Customers,0
C003742,12,822.4324999999999,9869.189999999999,1.2,3.5,2,2,2,Frequent High-Value Customers,0
C003743,9,735.8366666666666,6622.53,1.125,3.4,0,4,0,Budget Occasional Customers,0
C003744,13,751.933076923077,9775.130000000001,1.4444444444444444,3.4444444444444446,3,0,2,Frequent High-Value Customers,0
C003745,7,878.2685714285715,6147.88,1.0,4.2,1,2,1,Premium Basket Customers,0
C003746,11,763.8790909090909,8402.67,1.5714285714285714,3.125,6,1,2,Frequent High-Value Customers,0
C003747,13,946.0176923076923,12298.23,1.3,2.75,3,0,1,Premium Basket Customers,0
C003748,8,1152.91125,9223.29,1.1428571428571428,3.0,3,4,1,Premium Basket Customers,0
C003749,9,876.9755555555555,7892.78,1.125,3.6666666666666665,3,1,1,Premium Basket Customers,0
C003750,5,879.182,4395.91,1.25,4.0,2,2,1,Premium Basket Customers,0
C003751,7,644.6857142857143,4512.8,1.1666666666666667,2.75,3,1,0,Budget Occasional Customers,0
C003752,10,741.787,7417.87,1.4285714285714286,2.6,6,2,2,Frequent High-Value Customers,0
C003753,8,823.5325,6588.26,1.1428571428571428,3.4285714285714284,3,2,0,Budget Occasional Customers,0
C003754,9,656.2,5905.8,1.125,3.25,3,2,0,Budget Occasional Customers,0
C003755,7,737.35,5161.45,1.1666666666666667,3.6666666666666665,2,0,0,Budget Occasional Customers,0
C003756,10,958.847,9588.47,1.1111111111111112,3.375,4,3,2,Frequent High-Value Customers,0
C003757,4,1008.2125,4032.85,1.0,3.3333333333333335,2,0,1,Premium Basket Customers,0
C003758,10,1041.714,10417.14,1.25,3.4285714285714284,5,2,2,Frequent High-Value Customers,0
C003759,14,809.4457142857143,11332.24,1.4,3.5,4,2,2,Frequent High-Value Customers,0
C003760,8,984.49125,7875.93,1.1428571428571428,4.5,4,3,1,Premium Basket Customers,0
C003761,9,964.9922222222223,8684.93,1.2857142857142858,3.6666666666666665,2,0,1,Premium Basket Customers,0
C003762,15,911.2080000000001,13668.12,1.1538461538461537,3.4545454545454546,7,1,2,Frequent High-Value Customers,0
C003763,3,827.3533333333334,2482.06,1.0,3.4196588952056444,1,1,1,Premium Basket Customers,0
C003764,9,866.4088888888889,7797.68,1.2857142857142858,3.5,3,0,1,Premium Basket Customers,0
C003765,8,951.03375,7608.27,1.3333333333333333,3.3333333333333335,3,2,1,Premium Basket Customers,0
C003766,12,847.4841666666666,10169.81,1.3333333333333333,4.0,1,2,2,Frequent High-Value Customers,0
C003767,9,987.8788888888889,8890.91,1.125,4.333333333333333,1,2,1,Premium Basket Customers,0
C003768,7,558.08,3906.56,1.4,4.0,1,1,0,Budget Occasional Customers,0
C003769,9,733.4444444444445,6601.0,1.5,4.5,5,2,2,Frequent High-Value Customers,0
C003770,11,819.2254545454545,9011.48,1.2222222222222223,3.8,4,2,2,Frequent High-Value Customers,0
C003771,7,832.0942857142857,5824.66,1.75,4.0,2,1,0,Budget Occasional Customers,0
C003772,12,853.4250000000001,10241.1,1.3333333333333333,2.875,2,2,2,Frequent High-Value Customers,0
C003773,7,652.5,4567.5,1.1666666666666667,3.75,3,0,0,Budget Occasional Customers,0
C003774,12,740.7858333333334,8889.43,1.2,3.75,6,2,2,Frequent High-Value Customers,0
C003775,10,701.337,7013.37,1.25,2.8,5,3,2,Frequent High-Value Customers,0
C003776,8,1099.40875,8795.27,1.1428571428571428,3.0,2,0,1,Premium Basket Customers,0
C003777,8,738.83125,5910.65,1.0,3.6666666666666665,2,1,0,Budget Occasional Customers,0
C003778,8,976.4125,7811.3,1.3333333333333333,3.4,3,1,1,Premium Basket Customers,0
C003779,8,805.49375,6443.95,1.1428571428571428,2.8333333333333335,3,2,1,Premium Basket Customers,0
C003780,3,344.38000000000005,1033.14,1.5,4.0,1,0,0,Budget Occasional Customers,-1
C003781,11,769.3636363636364,8463.0,1.375,3.1666666666666665,3,3,2,Frequent High-Value Customers,0
C003782,8,957.35375,7658.83,1.1428571428571428,3.0,3,1,1,Premium Basket Customers,0
C003783,10,865.5440000000001,8655.44,1.1111111111111112,3.6666666666666665,2,1,1,Premium Basket Customers,0
C003784,8,954.81,7638.48,1.3333333333333333,3.4285714285714284,2,0,1,Premium Basket Customers,0
C003785,3,714.3333333333334,2143.0,1.0,2.6666666666666665,2,0,0,Budget Occasional Customers,0
C003786,13,721.006923076923,9373.09,1.3,4.0,4,3,2,Frequent High-Value Customers,0
C003787,13,883.3023076923077,11482.93,1.4444444444444444,3.6666666666666665,5,1,2,Frequent High-Value Customers,0
C003788,12,808.7716666666666,9705.26,1.2,3.5,6,3,2,Frequent High-Value Customers,0
C003789,9,828.2055555555556,7453.85,1.125,4.0,5,1,0,Budget Occasional Customers,0
C003790,5,584.4680000000001,2922.34,1.0,4.0,2,3,0,Budget Occasional Customers,0
C003791,12,694.2583333333333,8331.1,1.0909090909090908,3.5714285714285716,4,2,2,Frequent High-Value Customers,0
C003792,18,853.5638888888889,15364.15,1.5,4.0,7,5,2,Frequent High-Value Customers,0
C003793,12,803.9308333333333,9647.17,1.5,3.8333333333333335,6,1,2,Frequent High-Value Customers,0
C003794,12,874.4391666666667,10493.27,1.3333333333333333,2.3333333333333335,2,1,1,Premium Basket Customers,0
C003795,8,652.57375,5220.59,1.3333333333333333,3.4285714285714284,6,0,0,Budget Occasional Customers,0
C003796,5,771.038,3855.19,1.25,2.75,1,1,0,Budget Occasional Customers,0
C003797,5,634.5899999999999,3172.95,1.0,3.75,2,2,0,Budget Occasional Customers,0
C003798,5,942.1439999999999,4710.719999999999,1.0,3.3333333333333335,0,1,1,Premium Basket Customers,0
C003799,11,777.210909090909,8549.32,1.375,3.888888888888889,3,1,2,Frequent High-Value Customers,0
C003800,10,721.309,7213.089999999999,1.0,3.6,4,2,0,Budget Occasional Customers,0
C003801,11,714.9818181818182,7864.8,1.375,3.125,4,2,2,Frequent High-Value Customers,0
C003802,10,769.562,7695.62,1.4285714285714286,3.1666666666666665,3,2,2,Frequent High-Value Customers,0
C003803,13,941.4607692307692,12238.99,1.3,3.0,4,2,2,Frequent High-Value Customers,0
C003804,7,605.46,4238.22,1.0,3.4,4,1,0,Budget Occasional Customers,0
C003805,12,818.3125,9819.75,1.7142857142857142,3.2,3,2,2,Frequent High-Value Customers,0
C003806,11,864.8281818181819,9513.11,1.2222222222222223,2.5,3,2,2,Frequent High-Value Customers,0
C003807,20,866.4855,17329.71,1.5384615384615385,3.2666666666666666,5,0,2,Frequent High-Value Customers,-1
C003808,10,922.109,9221.09,1.1111111111111112,4.0,6,1,2,Frequent High-Value Customers,0
C003809,10,904.6030000000001,9046.03,1.1111111111111112,3.375,3,1,1,Premium Basket Customers,0
C003810,10,688.321,6883.21,1.25,3.3333333333333335,5,3,2,Frequent High-Value Customers,0
C003811,10,905.8299999999999,9058.3,1.4285714285714286,3.142857142857143,4,3,2,Frequent High-Value Customers,0
C003812,10,826.841,8268.41,1.1111111111111112,2.75,4,1,1,Premium Basket Customers,0
C003813,7,769.7157142857143,5388.01,1.1666666666666667,3.25,2,2,0,Budget Occasional Customers,0
C003814,9,780.598888888889,7025.39,1.0,3.8,4,1,0,Budget Occasional Customers,0
C003815,9,754.1744444444444,6787.57,1.2857142857142858,2.857142857142857,2,6,2,Frequent High-Value Customers,0
C003816,14,886.8564285714285,12415.99,1.2727272727272727,3.875,9,4,2,Frequent High-Value Customers,0
C003817,4,999.0175,3996.07,1.0,2.0,2,0,1,Premium Basket Customers,0
C003818,11,800.5245454545455,8805.77,1.375,4.0,5,1,2,Frequent High-Value Customers,0
C003819,11,709.5609090909091,7805.17,1.2222222222222223,3.2,4,2,2,Frequent High-Value Customers,0
C003820,7,583.0257142857142,4081.18,1.1666666666666667,3.0,2,0,0,Budget Occasional Customers,0
C003821,8,673.8375,5390.7,1.3333333333333333,3.75,2,1,0,Budget Occasional Customers,0
C003822,13,855.2723076923077,11118.539999999999,1.3,4.0,0,2,0,Budget Occasional Customers,0
C003823,9,834.2488888888888,7508.24,1.0,3.0,3,1,1,Premium Basket Customers,0
C003824,8,957.68375,7661.47,1.6,3.8333333333333335,2,3,2,Frequent High-Value Customers,0
C003825,17,748.4105882352941,12722.98,1.3076923076923077,3.6666666666666665,8,2,2,Frequent High-Value Customers,0
C003826,7,685.0485714285714,4795.34,1.0,3.0,3,2,0,Budget Occasional Customers,0
C003827,13,655.9153846153846,8526.9,1.4444444444444444,3.5,2,2,2,Frequent High-Value Customers,0
C003828,9,965.7133333333334,8691.42,1.125,3.25,3,2,1,Premium Basket Customers,0
C003829,5,1007.414,5037.07,1.25,4.5,0,1,1,Premium Basket Customers,0
C003830,10,575.086,5750.86,1.1111111111111112,3.2857142857142856,6,2,2,Frequent High-Value Customers,0
C003831,5,1021.4159999999999,5107.08,1.0,3.0,2,1,1,Premium Basket Customers,0
C003832,5,536.786,2683.93,1.0,3.5,3,3,0,Budget Occasional Customers,0
C003833,8,932.7425000000001,7461.9400000000005,1.1428571428571428,2.75,3,1,1,Premium Basket Customers,0
C003834,10,874.6030000000001,8746.03,1.4285714285714286,3.2857142857142856,5,3,2,Frequent High-Value Customers,0
C003835,11,790.6700000000001,8697.37,1.375,3.1666666666666665,4,2,2,Frequent High-Value Customers,0
C003836,15,711.2846666666667,10669.27,1.3636363636363635,3.1666666666666665,10,3,2,Frequent High-Value Customers,0
C003837,10,1005.2520000000001,10052.52,1.25,2.7142857142857144,6,0,1,Premium Basket Customers,0
C003838,6,737.7266666666668,4426.360000000001,1.0,3.25,3,1,0,Budget Occasional Customers,0
C003839,12,890.5683333333333,10686.82,1.2,3.3333333333333335,4,2,2,Frequent High-Value Customers,0
C003840,10,648.3340000000001,6483.34,1.25,3.111111111111111,2,3,0,Budget Occasional Customers,0
C003841,7,538.79,3771.5299999999997,1.1666666666666667,3.0,4,3,0,Budget Occasional Customers,0
C003842,11,796.1081818181818,8757.19,1.5714285714285714,3.7,4,2,2,Frequent High-Value Customers,0
C003843,13,960.7415384615384,12489.64,1.625,2.3333333333333335,5,2,2,Frequent High-Value Customers,0
C003844,8,989.855,7918.84,1.1428571428571428,3.8,4,1,1,Premium Basket Customers,0
C003845,17,925.6623529411764,15736.26,1.4166666666666667,3.7142857142857144,6,4,2,Frequent High-Value Customers,0
C003846,9,706.5966666666667,6359.37,1.2857142857142858,3.25,2,0,0,Budget Occasional Customers,0
C003847,15,878.7193333333333,13180.79,1.6666666666666667,3.0,7,1,2,Frequent High-Value Customers,0
C003848,10,812.087,8120.87,1.25,2.6666666666666665,4,2,2,Frequent High-Value Customers,0
C003849,6,955.7950000000001,5734.77,1.5,4.666666666666667,2,2,1,Premium Basket Customers,0
C003850,5,855.784,4278.92,1.25,2.5,2,1,1,Premium Basket Customers,0
C003851,14,1025.6699999999998,14359.38,1.1666666666666667,3.75,4,6,2,Frequent High-Value Customers,0
C003852,10,630.648,6306.4800000000005,1.6666666666666667,3.6,4,1,2,Frequent High-Value Customers,0
C003853,7,864.6557142857143,6052.59,1.1666666666666667,3.0,1,2,1,Premium Basket Customers,0
C003854,5,959.4779999999998,4797.389999999999,1.25,2.8,1,3,1,Premium Basket Customers,0
C003855,11,724.5218181818182,7969.74,1.2222222222222223,2.6666666666666665,4,3,2,Frequent High-Value Customers,0
C003856,12,807.8475,9694.17,1.3333333333333333,2.875,3,3,2,Frequent High-Value Customers,0
C003857,5,663.796,3318.98,1.6666666666666667,3.5,2,0,0,Budget Occasional Customers,0
C003858,8,818.76875,6550.15,1.3333333333333333,3.4285714285714284,3,3,2,Frequent High-Value Customers,0
C003859,12,1043.8083333333334,12525.7,1.5,2.2857142857142856,2,4,2,Frequent High-Value Customers,-1
C003860,13,972.5692307692308,12643.4,1.1818181818181819,3.625,4,4,2,Frequent High-Value Customers,0
C003861,4,894.9125,3579.65,1.0,3.0,1,0,1,Premium Basket Customers,0
C003862,14,703.9428571428572,9855.2,1.75,3.375,2,5,2,Frequent High-Value Customers,0
C003863,11,783.8527272727274,8622.380000000001,1.5714285714285714,3.3333333333333335,7,2,2,Frequent High-Value Customers,0
C003864,5,939.4860000000001,4697.43,1.0,2.5,1,3,1,Premium Basket Customers,0
C003865,12,872.4549999999999,10469.46,1.0909090909090908,2.5714285714285716,8,1,2,Frequent High-Value Customers,0
C003866,9,1095.9244444444444,9863.32,1.5,3.142857142857143,2,0,1,Premium Basket Customers,0
C003867,7,874.0114285714286,6118.08,1.1666666666666667,4.5,3,3,0,Budget Occasional Customers,0
C003868,10,917.6120000000001,9176.12,1.1111111111111112,3.8333333333333335,6,4,2,Frequent High-Value Customers,0
C003869,12,793.4333333333334,9521.2,1.3333333333333333,3.875,4,0,2,Frequent High-Value Customers,0
C003870,12,916.5450000000001,10998.54,1.0909090909090908,3.0,6,2,2,Frequent High-Value Customers,0
C003871,6,868.1266666666667,5208.76,1.5,3.0,1,2,1,Premium Basket Customers,0
C003872,8,870.93125,6967.45,1.3333333333333333,3.7142857142857144,1,0,1,Premium Basket Customers,0
C003873,9,739.1800000000001,6652.620000000001,1.125,3.4,2,0,0,Budget Occasional Customers,0
C003874,4,660.2950000000001,2641.1800000000003,1.0,3.3333333333333335,3,1,0,Budget Occasional Customers,0
C003875,12,684.5866666666666,8215.039999999999,1.3333333333333333,3.4444444444444446,5,1,2,Frequent High-Value Customers,0
C003876,9,748.6344444444444,6737.71,1.125,3.0,1,1,0,Budget Occasional Customers,0
C003877,10,663.025,6630.25,2.0,3.8,1,3,2,Frequent High-Value Customers,0
C003878,9,702.6744444444444,6324.07,1.2857142857142858,3.7142857142857144,2,1,0,Budget Occasional Customers,0
C003879,5,925.816,4629.08,1.25,4.25,1,1,1,Premium Basket Customers,0
C003880,9,584.54,5260.86,1.125,3.5,2,2,0,Budget Occasional Customers,0
C003881,4,835.535,3342.14,1.0,4.5,3,0,0,Budget Occasional Customers,0
C003882,11,646.5090909090909,7111.599999999999,1.375,4.0,5,0,2,Frequent High-Value Customers,0
C003883,8,1149.6775,9197.42,1.1428571428571428,4.166666666666667,4,1,1,Premium Basket Customers,0
C003884,8,974.72375,7797.79,1.0,3.7142857142857144,2,1,1,Premium Basket Customers,0
C003885,9,859.9277777777778,7739.35,1.125,3.6666666666666665,1,2,1,Premium Basket Customers,0
C003886,8,1077.06125,8616.49,1.3333333333333333,2.3333333333333335,5,2,1,Premium Basket Customers,0
C003887,10,885.0379999999999,8850.38,1.4285714285714286,4.166666666666667,4,2,2,Frequent High-Value Customers,0
C003888,12,717.0825,8604.99,1.2,3.7,7,4,2,Frequent High-Value Customers,0
C003889,8,1067.57125,8540.57,1.1428571428571428,3.4,4,2,1,Premium Basket Customers,0
C003890,7,864.3642857142858,6050.55,1.75,3.0,2,1,1,Premium Basket Customers,0
C003891,10,604.711,6047.11,1.0,2.5,3,3,0,Budget Occasional Customers,0
C003892,3,823.6833333333334,2471.05,1.0,3.0,3,2,1,Premium Basket Customers,0
C003893,6,696.5033333333332,4179.0199999999995,1.0,3.4,2,1,0,Budget Occasional Customers,0
C003894,5,426.22400000000005,2131.1200000000003,1.0,3.0,3,0,0,Budget Occasional Customers,0
C003895,9,837.0233333333333,7533.21,1.2857142857142858,3.7142857142857144,3,1,0,Budget Occasional Customers,0
C003896,13,828.9576923076922,10776.449999999999,1.4444444444444444,3.111111111111111,5,1,2,Frequent High-Value Customers,0
C003897,8,853.2774999999999,6826.219999999999,1.3333333333333333,3.3333333333333335,3,2,1,Premium Basket Customers,0
C003898,12,744.61,8935.32,1.5,3.5714285714285716,2,1,2,Frequent High-Value Customers,0
C003899,11,814.8363636363636,8963.199999999999,1.2222222222222223,2.875,4,2,2,Frequent High-Value Customers,0
C003900,18,888.7483333333334,15997.470000000001,1.3846153846153846,3.466666666666667,1,7,2,Frequent High-Value Customers,-1
C003901,13,699.6376923076924,9095.29,1.4444444444444444,3.7142857142857144,5,1,2,Frequent High-Value Customers,0
C003902,9,833.1177777777779,7498.06,1.0,3.142857142857143,3,3,1,Premium Basket Customers,0
C003903,12,763.4966666666666,9161.96,1.5,3.875,4,3,2,Frequent High-Value Customers,0
C003904,11,848.3663636363636,9332.03,1.1,3.875,4,2,2,Frequent High-Value Customers,0
C003905,8,660.85875,5286.87,1.1428571428571428,3.6666666666666665,3,0,0,Budget Occasional Customers,0
C003906,6,988.0916666666667,5928.55,1.0,4.5,2,2,1,Premium Basket Customers,0
C003907,9,792.5922222222222,7133.33,1.0,4.0,4,1,0,Budget Occasional Customers,0
C003908,7,676.0628571428571,4732.44,1.1666666666666667,3.3333333333333335,2,2,0,Budget Occasional Customers,0
C003909,11,766.0154545454545,8426.17,1.375,3.4,2,0,0,Budget Occasional Customers,0
C003910,12,906.96,10883.52,1.3333333333333333,3.8,8,3,2,Frequent High-Value Customers,0
C003911,9,819.7111111111111,7377.4,1.5,3.8,2,1,0,Budget Occasional Customers,0
C003912,12,725.8133333333334,8709.76,1.5,2.4285714285714284,5,3,2,Frequent High-Value Customers,0
C003913,5,998.5020000000001,4992.51,1.0,3.75,1,0,1,Premium Basket Customers,0
C003914,8,998.1025000000001,7984.820000000001,1.1428571428571428,3.4285714285714284,4,1,1,Premium Basket Customers,0
C003915,4,493.51750000000004,1974.0700000000002,1.0,4.0,1,0,0,Budget Occasional Customers,0
C003916,11,1002.7254545454545,11029.98,1.375,4.25,5,2,2,Frequent High-Value Customers,0
C003917,10,782.387,7823.87,1.25,3.25,3,1,0,Budget Occasional Customers,0
C003918,6,941.4366666666666,5648.62,1.2,2.5,2,0,1,Premium Basket Customers,0
C003919,4,924.94,3699.76,1.0,4.0,0,1,1,Premium Basket Customers,0
C003920,12,809.8866666666667,9718.64,1.5,3.5555555555555554,5,5,2,Frequent High-Value Customers,0
C003921,17,941.6847058823529,16008.64,1.4166666666666667,3.111111111111111,8,4,2,Frequent High-Value Customers,0
C003922,14,777.3828571428572,10883.36,1.75,4.125,8,0,2,Frequent High-Value Customers,0
C003923,8,517.33625,4138.69,1.3333333333333333,3.0,1,1,0,Budget Occasional Customers,0
C003924,7,937.0971428571429,6559.68,1.0,4.333333333333333,1,1,1,Premium Basket Customers,0
C003925,7,491.34142857142854,3439.39,1.1666666666666667,3.0,2,1,0,Budget Occasional Customers,0
C003926,12,746.7741666666667,8961.29,1.2,3.0,3,2,2,Frequent High-Value Customers,0
C003927,12,723.2858333333334,8679.43,1.5,3.6666666666666665,3,0,2,Frequent High-Value Customers,0
C003928,7,788.9414285714286,5522.59,1.75,3.8,2,1,0,Budget Occasional Customers,0
C003929,10,988.872,9888.72,1.25,4.0,3,1,1,Premium Basket Customers,0
C003930,11,754.0090909090909,8294.1,1.375,4.0,5,0,2,Frequent High-Value Customers,0
C003931,9,839.9444444444445,7559.5,1.2857142857142858,3.4285714285714284,4,4,2,Frequent High-Value Customers,0
C003932,6,797.1083333333332,4782.65,1.2,4.25,0,0,0,Budget Occasional Customers,0
C003933,7,636.7557142857142,4457.29,1.4,3.8,4,2,0,Budget Occasional Customers,0
C003934,9,894.701111111111,8052.3099999999995,1.2857142857142858,3.6,2,3,1,Premium Basket Customers,0
C003935,10,935.186,9351.86,1.4285714285714286,3.6666666666666665,5,1,2,Frequent High-Value Customers,0
C003936,11,596.2163636363637,6558.38,1.2222222222222223,3.3333333333333335,5,4,2,Frequent High-Value Customers,0
C003937,13,773.6715384615384,10057.73,1.625,3.857142857142857,3,4,2,Frequent High-Value Customers,0
C003938,9,553.0022222222223,4977.02,1.2857142857142858,3.3333333333333335,2,2,0,Budget Occasional Customers,0
C003939,4,1078.255,4313.02,1.3333333333333333,2.0,1,1,1,Premium Basket Customers,0
C003940,8,489.99,3919.92,1.1428571428571428,4.0,2,0,0,Budget Occasional Customers,0
C003941,10,592.4100000000001,5924.1,1.25,3.4,4,1,0,Budget Occasional Customers,0
C003942,5,940.1279999999999,4700.639999999999,1.0,3.3333333333333335,1,2,1,Premium Basket Customers,0
C003943,5,801.662,4008.3100000000004,1.0,3.0,1,1,1,Premium Basket Customers,0
C003944,7,733.1271428571429,5131.89,1.1666666666666667,4.0,4,1,0,Budget Occasional Customers,0
C003945,11,944.4727272727273,10389.2,1.375,3.125,3,2,2,Frequent High-Value Customers,0
C003946,9,657.6166666666667,5918.55,1.5,3.3333333333333335,5,0,2,Frequent High-Value Customers,0
C003947,9,787.7788888888889,7090.01,1.2857142857142858,3.0,6,4,2,Frequent High-Value Customers,0
C003948,12,859.5041666666666,10314.05,1.0,3.4285714285714284,4,2,2,Frequent High-Value Customers,0
C003949,7,972.4399999999999,6807.08,1.1666666666666667,4.25,4,0,1,Premium Basket Customers,0
C003950,7,617.9985714285714,4325.99,1.0,3.2,4,2,0,Budget Occasional Customers,0
C003951,3,728.8533333333334,2186.56,1.0,3.0,1,1,0,Budget Occasional Customers,0
C003952,12,800.6533333333333,9607.84,1.3333333333333333,2.5714285714285716,5,0,2,Frequent High-Value Customers,0
C003953,4,463.14,1852.56,1.0,3.6666666666666665,3,0,0,Budget Occasional Customers,0
C003954,11,907.799090909091,9985.79,1.1,3.142857142857143,2,2,1,Premium Basket Customers,0
C003955,11,733.6109090909091,8069.72,1.375,3.5,4,2,2,Frequent High-Value Customers,0
C003956,12,650.2491666666666,7802.99,1.7142857142857142,3.3333333333333335,2,1,2,Frequent High-Value Customers,0
C003957,12,593.6741666666667,7124.09,1.3333333333333333,2.3333333333333335,1,2,0,Budget Occasional Customers,0
C003958,9,825.6088888888889,7430.4800000000005,1.5,2.75,2,2,2,Frequent High-Value Customers,0
C003959,9,568.82,5119.38,1.2857142857142858,4.166666666666667,1,1,0,Budget Occasional Customers,0
C003960,13,776.8292307692308,10098.78,1.1818181818181819,3.4444444444444446,1,3,2,Frequent High-Value Customers,0
C003961,7,481.74142857142857,3372.19,1.1666666666666667,3.0,1,2,0,Budget Occasional Customers,0
C003962,5,771.7860000000001,3858.9300000000003,1.0,3.3333333333333335,2,1,0,Budget Occasional Customers,0
C003963,7,1069.3328571428572,7485.33,1.1666666666666667,3.1666666666666665,3,3,1,Premium Basket Customers,0
C003964,6,947.77,5686.62,1.2,4.0,4,0,1,Premium Basket Customers,0
C003965,6,786.7600000000001,4720.56,1.5,2.6666666666666665,0,1,1,Premium Basket Customers,0
C003966,8,1033.4375,8267.5,1.1428571428571428,3.25,5,1,1,Premium Basket Customers,0
C003967,7,789.2657142857144,5524.860000000001,1.4,3.0,2,3,0,Budget Occasional Customers,0
C003968,17,882.2735294117647,14998.65,1.7,3.8,10,3,2,Frequent High-Value Customers,-1
C003969,8,735.855,5886.84,1.1428571428571428,3.3333333333333335,1,1,0,Budget Occasional Customers,0
C003970,12,536.3208333333333,6435.85,1.3333333333333333,3.8333333333333335,3,0,0,Budget Occasional Customers,0
C003971,13,683.8946153846155,8890.630000000001,1.3,3.6,3,1,2,Frequent High-Value Customers,0
C003972,4,657.5999999999999,2630.3999999999996,1.0,4.333333333333333,1,1,0,Budget Occasional Customers,0
C003973,11,740.6290909090909,8146.92,1.1,3.0,1,1,0,Budget Occasional Customers,0
C003974,6,534.03,3204.18,1.2,3.0,2,1,0,Budget Occasional Customers,0
C003975,7,902.37,6316.59,1.4,4.0,2,1,1,Premium Basket Customers,0
C003976,14,822.225,11511.15,1.5555555555555556,3.625,4,3,2,Frequent High-Value Customers,0
C003977,9,694.8422222222222,6253.58,1.2857142857142858,2.6666666666666665,1,1,0,Budget Occasional Customers,0
C003978,14,989.735,13856.29,1.5555555555555556,3.0,4,0,2,Frequent High-Value Customers,0
C003979,5,850.9100000000001,4254.55,1.0,3.0,1,1,1,Premium Basket Customers,0
C003980,10,960.494,9604.94,1.4285714285714286,4.25,3,1,1,Premium Basket Customers,0
C003981,12,753.0933333333332,9037.119999999999,1.5,3.5714285714285716,5,3,2,Frequent High-Value Customers,0
C003982,6,686.29,4117.74,1.2,2.75,1,1,0,Budget Occasional Customers,0
C003983,13,872.613076923077,11343.970000000001,1.4444444444444444,3.7,4,2,2,Frequent High-Value Customers,0
C003984,8,831.31,6650.48,1.1428571428571428,3.4285714285714284,5,0,0,Budget Occasional Customers,0
C003985,9,968.6311111111112,8717.68,1.8,3.2857142857142856,1,0,1,Premium Basket Customers,0
C003986,9,789.201111111111,7102.8099999999995,1.5,3.5,1,0,0,Budget Occasional Customers,0
C003987,7,1033.077142857143,7231.54,1.1666666666666667,3.5,3,0,1,Premium Basket Customers,0
C003988,8,736.0825,5888.66,1.3333333333333333,3.25,5,3,2,Frequent High-Value Customers,0
C003989,4,614.4475,2457.79,1.3333333333333333,4.5,1,2,0,Budget Occasional Customers,0
C003990,12,872.3366666666667,10468.04,1.3333333333333333,2.3333333333333335,4,0,2,Frequent High-Value Customers,0
C003991,13,965.676923076923,12553.8,1.625,4.25,3,0,2,Frequent High-Value Customers,0
C003992,14,762.7685714285715,10678.76,1.5555555555555556,3.5,5,2,2,Frequent High-Value Customers,0
C003993,9,495.77666666666664,4461.99,1.125,3.6,1,1,0,Budget Occasional Customers,0
C003994,7,799.2185714285714,5594.53,1.1666666666666667,3.75,2,2,0,Budget Occasional Customers,0
C003995,12,811.2391666666667,9734.87,1.5,3.7142857142857144,6,1,2,Frequent High-Value Customers,0
C003996,11,918.0254545454546,10098.28,1.375,3.0,6,3,2,Frequent High-Value Customers,0
C003997,9,676.1155555555556,6085.04,1.125,3.8333333333333335,4,3,0,Budget Occasional Customers,0
C003998,9,1072.3866666666665,9651.48,1.125,3.0,1,1,1,Premium Basket Customers,0
C003999,12,759.9675000000001,9119.61,1.2,4.142857142857143,2,4,2,Frequent High-Value Customers,0
C004000,10,791.063,7910.63,1.4285714285714286,3.8,1,0,0,Budget Occasional Customers,0
C004001,7,858.7714285714285,6011.4,1.1666666666666667,3.6666666666666665,2,1,1,Premium Basket Customers,0
C004002,12,745.3991666666667,8944.79,1.3333333333333333,4.166666666666667,4,3,2,Frequent High-Value Customers,0
C004003,8,425.5075,3404.06,1.3333333333333333,3.3333333333333335,4,3,0,Budget Occasional Customers,0
C004004,10,1039.964,10399.64,1.6666666666666667,2.75,3,1,2,Frequent High-Value Customers,0
C004005,9,683.8733333333333,6154.86,1.2857142857142858,3.25,3,4,2,Frequent High-Value Customers,0
C004006,11,975.6781818181818,10732.46,1.5714285714285714,3.0,4,4,2,Frequent High-Value Customers,0
C004007,8,733.285,5866.28,1.3333333333333333,3.0,2,1,0,Budget Occasional Customers,0
C004008,17,825.174705882353,14027.970000000001,1.7,3.857142857142857,5,4,2,Frequent High-Value Customers,0
C004009,7,623.3585714285715,4363.51,1.1666666666666667,3.25,3,1,0,Budget Occasional Customers,0
C004010,9,684.2033333333334,6157.83,1.2857142857142858,2.8333333333333335,5,2,2,Frequent High-Value Customers,0
C004011,8,960.72125,7685.77,1.1428571428571428,4.0,3,1,1,Premium Basket Customers,0
C004012,11,718.8881818181818,7907.77,1.2222222222222223,3.75,4,1,0,Budget Occasional Customers,0
C004013,12,758.7624999999999,9105.15,1.5,3.8333333333333335,4,2,2,Frequent High-Value Customers,0
C004014,9,798.2133333333334,7183.92,1.5,3.6666666666666665,3,3,2,Frequent High-Value Customers,0
C004015,8,1100.77,8806.16,1.3333333333333333,4.333333333333333,1,1,1,Premium Basket Customers,0
C004016,11,969.9,10668.9,1.5714285714285714,3.6,5,2,2,Frequent High-Value Customers,0
C004017,8,894.0025,7152.02,1.3333333333333333,4.25,2,0,1,Premium Basket Customers,0
C004018,8,891.2674999999999,7130.139999999999,1.0,2.0,2,1,1,Premium Basket Customers,0
C004019,3,239.60666666666665,718.8199999999999,1.0,4.0,1,1,0,Budget Occasional Customers,0
C004020,17,816.3629411764706,13878.17,1.7,3.2222222222222223,3,1,2,Frequent High-Value Customers,0
C004021,7,769.6714285714286,5387.7,1.1666666666666667,3.2,0,1,0,Budget Occasional Customers,0
C004022,17,851.6929411764706,14478.78,1.8888888888888888,3.4545454545454546,4,7,2,Frequent High-Value Customers,-1
C004023,10,885.646,8856.46,1.4285714285714286,3.375,2,3,2,Frequent High-Value Customers,0
C004024,15,882.4233333333334,13236.35,1.5,3.6363636363636362,5,1,2,Frequent High-Value Customers,0
C004025,9,729.3855555555556,6564.47,1.5,3.6,4,3,2,Frequent High-Value Customers,0
C004026,12,959.9591666666666,11519.51,1.3333333333333333,4.333333333333333,5,1,2,Frequent High-Value Customers,0
C004027,11,792.4036363636362,8716.439999999999,1.375,3.5,4,1,2,Frequent High-Value Customers,0
C004028,12,855.4975,10265.97,1.3333333333333333,3.625,2,2,2,Frequent High-Value Customers,0
C004029,10,898.3299999999999,8983.3,1.25,3.2857142857142856,2,2,1,Premium Basket Customers,0
C004030,8,1075.51375,8604.11,1.1428571428571428,3.25,1,1,1,Premium Basket Customers,0
C004031,6,857.2016666666667,5143.21,1.2,2.75,1,1,1,Premium Basket Customers,0
C004032,11,859.5854545454546,9455.44,1.2222222222222223,3.0,4,3,2,Frequent High-Value Customers,0
C004033,14,731.9742857142857,10247.64,1.2727272727272727,3.8181818181818183,4,0,2,Frequent High-Value Customers,0
C004034,12,762.3849999999999,9148.619999999999,1.3333333333333333,3.0,6,1,2,Frequent High-Value Customers,0
C004035,11,905.8263636363637,9964.09,1.5714285714285714,3.8,3,2,2,Frequent High-Value Customers,0
C004036,6,918.7049999999999,5512.23,1.2,2.0,2,2,1,Premium Basket Customers,0
C004037,7,891.0914285714287,6237.64,1.0,3.6,1,1,1,Premium Basket Customers,0
C004038,8,816.385,6531.08,1.1428571428571428,3.0,5,1,1,Premium Basket Customers,0
C004039,11,819.819090909091,9018.01,1.375,3.875,2,5,2,Frequent High-Value Customers,0
C004040,8,849.23,6793.84,1.6,3.4,3,1,2,Frequent High-Value Customers,0
C004041,13,853.3046153846154,11092.960000000001,2.1666666666666665,2.8,3,3,2,Frequent High-Value Customers,-1
C004042,9,787.4611111111111,7087.15,1.5,3.3333333333333335,4,1,2,Frequent High-Value Customers,0
C004043,6,815.915,4895.49,1.0,2.3333333333333335,2,1,1,Premium Basket Customers,0
C004044,5,552.324,2761.62,1.0,3.0,1,2,0,Budget Occasional Customers,0
C004045,10,996.5049999999999,9965.05,1.1111111111111112,3.5,2,2,1,Premium Basket Customers,0
C004046,11,688.3027272727272,7571.33,1.375,3.0,3,0,0,Budget Occasional Customers,0
C004047,6,857.4383333333334,5144.63,1.2,4.333333333333333,0,1,0,Budget Occasional Customers,0
C004048,13,644.7846153846154,8382.2,1.4444444444444444,3.2857142857142856,5,2,2,Frequent High-Value Customers,0
C004049,7,741.79,5192.53,1.1666666666666667,3.0,1,0,0,Budget Occasional Customers,0
C004050,5,1128.99,5644.95,1.0,3.6666666666666665,1,1,1,Premium Basket Customers,0
C004051,12,730.2941666666667,8763.53,1.7142857142857142,3.75,5,2,2,Frequent High-Value Customers,0
C004052,6,1038.5466666666669,6231.280000000001,1.2,2.0,3,1,1,Premium Basket Customers,0
C004053,10,828.967,8289.67,1.4285714285714286,3.8333333333333335,3,3,2,Frequent High-Value Customers,0
C004054,10,885.493,8854.93,1.4285714285714286,4.0,3,0,1,Premium Basket Customers,0
C004055,7,701.7671428571429,4912.37,1.1666666666666667,4.25,2,1,0,Budget Occasional Customers,0
C004056,4,768.1474999999999,3072.5899999999997,1.0,3.75,2,1,0,Budget Occasional Customers,0
C004057,7,1040.34,7282.38,1.1666666666666667,4.0,2,3,1,Premium Basket Customers,0
C004058,7,831.7742857142857,5822.42,1.4,4.333333333333333,1,1,0,Budget Occasional Customers,0
C004059,8,365.22499999999997,2921.7999999999997,1.6,4.0,2,1,0,Budget Occasional Customers,0
C004060,12,879.2891666666666,10551.47,1.3333333333333333,3.5,4,3,2,Frequent High-Value Customers,0
C004061,10,586.389,5863.89,1.1111111111111112,2.8333333333333335,4,3,2,Frequent High-Value Customers,0
C004062,7,805.4771428571429,5638.34,1.1666666666666667,2.4,2,2,1,Premium Basket Customers,0
C004063,8,845.36375,6762.91,1.1428571428571428,2.4285714285714284,1,0,1,Premium Basket Customers,0
C004064,8,1033.865,8270.92,1.1428571428571428,3.5,2,0,1,Premium Basket Customers,0
C004065,7,756.9214285714286,5298.45,1.0,4.0,1,0,0,Budget Occasional Customers,0
C004066,11,902.5736363636363,9928.31,1.375,3.1666666666666665,5,5,2,Frequent High-Value Customers,0
C004067,7,551.7985714285714,3862.59,1.4,4.0,4,2,0,Budget Occasional Customers,0
C004068,9,967.7555555555555,8709.8,1.2857142857142858,3.6,2,1,1,Premium Basket Customers,0
C004069,6,834.2283333333334,5005.37,1.5,3.0,4,1,1,Premium Basket Customers,0
C004070,8,809.9225,6479.38,1.3333333333333333,3.2,1,0,1,Premium Basket Customers,0
C004071,13,596.9976923076923,7760.97,1.3,3.3333333333333335,8,4,2,Frequent High-Value Customers,0
C004072,6,873.5116666666667,5241.07,1.2,4.25,4,2,0,Budget Occasional Customers,0
C004073,8,705.54875,5644.39,1.3333333333333333,3.857142857142857,5,2,2,Frequent High-Value Customers,0
C004074,8,877.4925000000001,7019.9400000000005,1.1428571428571428,3.6666666666666665,1,2,1,Premium Basket Customers,0
C004075,9,677.9888888888888,6101.9,1.5,3.5714285714285716,1,4,2,Frequent High-Value Customers,0
C004076,6,958.5266666666666,5751.16,1.2,3.3333333333333335,1,2,1,Premium Basket Customers,0
C004077,9,900.0388888888889,8100.35,1.2857142857142858,3.0,1,1,1,Premium Basket Customers,0
C004078,10,924.8309999999999,9248.31,1.25,3.5,4,1,1,Premium Basket Customers,0
C004079,9,819.4133333333334,7374.72,1.125,3.6,4,3,2,Frequent High-Value Customers,0
C004080,9,786.44,7077.96,1.5,2.6666666666666665,5,2,2,Frequent High-Value Customers,0
C004081,5,287.2,1436.0,1.6666666666666667,3.6666666666666665,5,1,0,Budget Occasional Customers,-1
C004082,11,764.6436363636363,8411.08,1.2222222222222223,4.0,4,1,0,Budget Occasional Customers,0
C004083,9,844.5444444444444,7600.9,1.2857142857142858,3.6,1,1,1,Premium Basket Customers,0
C004084,12,877.6700000000001,10532.04,1.3333333333333333,3.625,3,5,2,Frequent High-Value Customers,0
C004085,9,641.3955555555555,5772.5599999999995,1.0,3.857142857142857,4,1,0,Budget Occasional Customers,0
C004086,10,616.554,6165.54,1.4285714285714286,4.0,3,1,0,Budget Occasional Customers,0
C004087,6,633.555,3801.33,1.5,4.0,1,1,0,Budget Occasional Customers,0
C004088,12,770.7058333333333,9248.47,1.3333333333333333,3.375,3,1,2,Frequent High-Value Customers,0
C004089,7,656.9499999999999,4598.65,1.1666666666666667,4.333333333333333,1,2,0,Budget Occasional Customers,0
C004090,7,774.2971428571428,5420.08,1.1666666666666667,3.6,2,0,0,Budget Occasional Customers,0
C004091,10,758.923,7589.23,1.1111111111111112,3.6666666666666665,2,1,0,Budget Occasional Customers,0
C004092,5,419.06000000000006,2095.3,1.6666666666666667,3.3333333333333335,3,2,0,Budget Occasional Customers,0
C004093,11,721.4963636363636,7936.46,1.5714285714285714,3.3333333333333335,4,1,2,Frequent High-Value Customers,0
C004094,7,356.1457142857143,2493.02,1.75,3.5,3,1,0,Budget Occasional Customers,-1
C004095,9,844.4388888888889,7599.95,1.125,3.0,4,3,2,Frequent High-Value Customers,0
C004096,3,683.6,2050.8,1.0,3.0,3,0,0,Budget Occasional Customers,0
C004097,9,954.2666666666667,8588.4,1.125,3.142857142857143,1,0,1,Premium Basket Customers,0
C004098,13,682.363076923077,8870.720000000001,1.3,2.5,5,2,2,Frequent High-Value Customers,0
C004099,5,747.6519999999999,3738.2599999999998,1.25,2.5,0,2,0,Budget Occasional Customers,0
C004100,13,600.4330769230769,7805.63,1.1818181818181819,3.0,4,2,2,Frequent High-Value Customers,0
C004101,14,805.2049999999999,11272.869999999999,1.75,3.8333333333333335,2,3,2,Frequent High-Value Customers,0
C004102,9,959.1277777777777,8632.15,1.5,3.4,2,2,1,Premium Basket Customers,0
C004103,8,640.93125,5127.45,1.3333333333333333,3.75,4,2,0,Budget Occasional Customers,0
C004104,12,899.4541666666668,10793.45,1.3333333333333333,3.6666666666666665,4,2,2,Frequent High-Value Customers,0
C004105,6,648.61,3891.66,1.0,3.0,1,1,0,Budget Occasional Customers,0
C004106,9,823.7266666666667,7413.54,1.125,3.5714285714285716,0,2,0,Budget Occasional Customers,0
C004107,13,790.2223076923076,10272.89,1.4444444444444444,3.6666666666666665,7,3,2,Frequent High-Value Customers,0
C004108,7,984.1585714285713,6889.11,1.1666666666666667,3.5,2,2,1,Premium Basket Customers,0
C004109,8,587.46875,4699.75,1.3333333333333333,3.2,4,1,0,Budget Occasional Customers,0
C004110,5,1053.312,5266.5599999999995,1.0,3.6666666666666665,3,0,1,Premium Basket Customers,0
C004111,9,851.57,7664.13,1.8,3.6666666666666665,2,1,2,Frequent High-Value Customers,0
C004112,7,493.01142857142855,3451.08,1.0,3.1666666666666665,3,2,0,Budget Occasional Customers,0
C004113,8,742.59375,5940.75,1.1428571428571428,3.3333333333333335,5,5,2,Frequent High-Value Customers,0
C004114,9,746.6644444444444,6719.98,1.2857142857142858,2.875,4,0,0,Budget Occasional Customers,0
C004115,9,796.8844444444444,7171.96,1.2857142857142858,3.875,4,0,0,Budget Occasional Customers,0
C004116,12,869.12,10429.44,1.0909090909090908,3.6,6,1,2,Frequent High-Value Customers,0
C004117,11,714.6518181818182,7861.17,1.1,3.1666666666666665,2,2,0,Budget Occasional Customers,0
C004118,8,1056.05625,8448.45,1.0,4.2,3,3,1,Premium Basket Customers,0
C004119,10,677.505,6775.05,1.1111111111111112,4.333333333333333,2,1,0,Budget Occasional Customers,0
C004120,10,771.1229999999999,7711.23,1.25,3.3333333333333335,6,1,2,Frequent High-Value Customers,0
C004121,7,898.6585714285713,6290.61,1.1666666666666667,2.75,2,0,1,Premium Basket Customers,0
C004122,3,705.4933333333333,2116.48,1.0,3.0,2,0,0,Budget Occasional Customers,0
C004123,10,797.8779999999999,7978.78,1.6666666666666667,3.6,2,2,2,Frequent High-Value Customers,0
C004124,10,993.1229999999999,9931.23,1.4285714285714286,2.75,3,2,1,Premium Basket Customers,0
C004125,6,1098.4833333333333,6590.9,1.2,2.0,2,1,1,Premium Basket Customers,0
C004126,12,543.1041666666666,6517.25,1.2,2.7142857142857144,5,2,2,Frequent High-Value Customers,0
C004127,2,176.025,352.05,1.0,2.0,0,0,0,Budget Occasional Customers,-1
C004128,12,708.5558333333333,8502.67,1.2,2.8333333333333335,7,2,2,Frequent High-Value Customers,0
C004129,4,922.965,3691.86,1.3333333333333333,4.333333333333333,2,1,1,Premium Basket Customers,0
C004130,6,808.105,4848.63,1.2,3.3333333333333335,2,1,0,Budget Occasional Customers,0
C004131,13,954.4515384615386,12407.87,1.3,2.5714285714285716,3,3,2,Frequent High-Value Customers,0
C004132,6,753.855,4523.13,1.2,3.75,1,2,0,Budget Occasional Customers,0
C004133,7,888.1442857142857,6217.01,1.4,3.75,3,3,2,Frequent High-Value Customers,0
C004134,4,892.055,3568.22,1.0,2.0,1,0,1,Premium Basket Customers,0
C004135,8,820.925,6567.4,1.0,3.8,2,1,0,Budget Occasional Customers,0
C004136,11,572.6363636363636,6299.0,1.375,3.0,4,2,2,Frequent High-Value Customers,0
C004137,12,824.8816666666667,9898.58,1.5,4.0,0,4,2,Frequent High-Value Customers,0
C004138,10,832.8370000000001,8328.37,1.25,2.6666666666666665,3,1,1,Premium Basket Customers,0
C004139,13,809.8269230769231,10527.75,1.1818181818181819,3.0,3,1,2,Frequent High-Value Customers,0
C004140,9,922.3522222222223,8301.17,1.5,3.2857142857142856,6,3,2,Frequent High-Value Customers,0
C004141,9,926.5766666666667,8339.19,1.2857142857142858,3.0,4,1,1,Premium Basket Customers,0
C004142,6,579.7216666666667,3478.33,1.2,3.0,3,1,0,Budget Occasional Customers,0
C004143,10,890.2369999999999,8902.369999999999,1.1111111111111112,4.25,3,3,2,Frequent High-Value Customers,0
C004144,8,839.82125,6718.57,1.3333333333333333,3.6666666666666665,4,2,2,Frequent High-Value Customers,0
C004145,10,815.207,8152.07,1.25,3.0,4,1,2,Frequent High-Value Customers,0
C004146,15,629.316,9439.74,1.5,3.0,7,2,2,Frequent High-Value Customers,0
C004147,13,832.9061538461539,10827.78,1.625,3.2,6,4,2,Frequent High-Value Customers,0
C004148,8,908.3937500000001,7267.150000000001,1.6,2.75,4,1,2,Frequent High-Value Customers,0
C004149,8,667.025,5336.2,1.3333333333333333,3.2,4,1,0,Budget Occasional Customers,0
C004150,11,861.8590909090909,9480.45,1.2222222222222223,3.0,5,2,2,Frequent High-Value Customers,0
C004151,11,577.1327272727273,6348.46,1.375,3.0,4,4,2,Frequent High-Value Customers,0
C004152,5,956.2139999999999,4781.07,1.25,2.6,1,0,1,Premium Basket Customers,0
C004153,10,918.4290000000001,9184.29,1.1111111111111112,3.8,4,2,1,Premium Basket Customers,0
C004154,9,1114.062222222222,10026.56,1.5,3.5,3,0,1,Premium Basket Customers,0
C004155,12,816.8649999999999,9802.38,1.2,4.0,2,0,0,Budget Occasional Customers,0
C004156,11,803.8472727272728,8842.32,1.375,3.3333333333333335,3,2,2,Frequent High-Value Customers,0
C004157,11,734.6272727272727,8080.9,1.375,3.0,3,3,2,Frequent High-Value Customers,0
C004158,10,502.343,5023.43,1.25,3.6,1,2,0,Budget Occasional Customers,0
C004159,10,710.053,7100.53,1.1111111111111112,3.4,2,2,0,Budget Occasional Customers,0
C004160,11,952.4245454545454,10476.67,1.375,3.4444444444444446,0,1,1,Premium Basket Customers,0
C004161,2,318.95,637.9,1.0,3.5,1,0,0,Budget Occasional Customers,0
C004162,3,627.98,1883.94,1.0,5.0,0,0,0,Budget Occasional Customers,0
C004163,6,716.67,4300.0199999999995,1.2,3.6,4,1,0,Budget Occasional Customers,0
C004164,10,975.516,9755.16,1.25,3.8333333333333335,5,0,1,Premium Basket Customers,0
C004165,7,791.2985714285714,5539.09,1.1666666666666667,3.6,0,2,0,Budget Occasional Customers,0
C004166,12,841.8041666666667,10101.65,1.5,2.857142857142857,3,0,2,Frequent High-Value Customers,0
C004167,10,863.557,8635.57,1.25,3.75,1,2,1,Premium Basket Customers,0
C004168,5,623.706,3118.53,1.0,5.0,2,0,0,Budget Occasional Customers,0
C004169,4,1013.4649999999999,4053.8599999999997,1.0,5.0,0,0,1,Premium Basket Customers,0
C004170,10,777.858,7778.58,1.1111111111111112,3.875,7,0,2,Frequent High-Value Customers,0
C004171,7,582.9128571428571,4080.39,1.1666666666666667,4.0,2,0,0,Budget Occasional Customers,0
C004172,11,824.8472727272728,9073.32,1.375,4.0,2,3,2,Frequent High-Value Customers,0
C004173,13,855.2353846153845,11118.06,1.4444444444444444,3.5,3,2,2,Frequent High-Value Customers,0
C004174,5,1048.816,5244.08,1.25,3.5,1,1,1,Premium Basket Customers,0
C004175,7,755.6257142857143,5289.38,1.1666666666666667,4.5,1,2,0,Budget Occasional Customers,0
C004176,7,927.8657142857144,6495.06,1.4,2.0,2,0,1,Premium Basket Customers,0
C004177,5,983.3299999999999,4916.65,1.25,4.0,2,0,1,Premium Basket Customers,0
C004178,7,478.43,3349.01,1.4,3.0,5,2,0,Budget Occasional Customers,0
C004179,7,1051.722857142857,7362.0599999999995,1.0,5.0,2,1,1,Premium Basket Customers,0
C004180,13,790.9161538461539,10281.91,1.625,2.7777777777777777,7,0,2,Frequent High-Value Customers,0
C004181,10,725.934,7259.34,1.4285714285714286,3.4285714285714284,3,5,2,Frequent High-Value Customers,0
C004182,11,847.0536363636364,9317.59,1.375,3.0,3,2,2,Frequent High-Value Customers,0
C004183,5,866.856,4334.28,1.25,3.0,2,1,1,Premium Basket Customers,0
C004184,5,1076.9180000000001,5384.59,1.25,3.0,2,0,1,Premium Basket Customers,0
C004185,8,879.78,7038.24,1.3333333333333333,3.25,3,2,1,Premium Basket Customers,0
C004186,5,925.2540000000001,4626.27,1.0,4.0,1,0,1,Premium Basket Customers,0
C004187,12,804.7975,9657.57,1.0909090909090908,3.7142857142857144,4,2,2,Frequent High-Value Customers,0
C004188,4,685.5775,2742.31,1.3333333333333333,4.0,1,0,0,Budget Occasional Customers,0
C004189,16,961.083125,15377.33,1.7777777777777777,2.4444444444444446,6,6,2,Frequent High-Value Customers,-1
C004190,8,985.61,7884.88,1.0,2.8,3,3,1,Premium Basket Customers,0
C004191,9,958.8011111111113,8629.210000000001,1.2857142857142858,2.8333333333333335,2,0,1,Premium Basket Customers,0
C004192,6,1073.2816666666665,6439.69,1.2,3.8,3,1,1,Premium Basket Customers,0
C004193,7,815.1042857142857,5705.73,1.4,4.0,1,2,0,Budget Occasional Customers,0
C004194,12,810.4758333333333,9725.71,1.2,2.888888888888889,2,3,2,Frequent High-Value Customers,0
C004195,10,863.0870000000001,8630.87,1.1111111111111112,3.4444444444444446,4,2,2,Frequent High-Value Customers,0
C004196,6,784.3283333333334,4705.97,1.0,2.75,1,2,1,Premium Basket Customers,0
C004197,11,695.0536363636364,7645.59,1.5714285714285714,4.0,2,5,2,Frequent High-Value Customers,0
C004198,13,865.6423076923077,11253.35,1.625,3.5,4,1,2,Frequent High-Value Customers,0
C004199,9,921.9366666666667,8297.43,1.2857142857142858,3.142857142857143,3,2,1,Premium Basket Customers,0
C004200,13,780.0892307692308,10141.16,1.0833333333333333,2.9,4,2,2,Frequent High-Value Customers,0
C004201,13,591.0407692307692,7683.53,1.3,2.7777777777777777,3,3,2,Frequent High-Value Customers,0
C004202,4,657.23,2628.92,1.0,3.3333333333333335,1,1,0,Budget Occasional Customers,0
C004203,7,562.2914285714286,3936.04,1.1666666666666667,3.2,2,0,0,Budget Occasional Customers,0
C004204,16,917.865625,14685.85,1.4545454545454546,3.4285714285714284,4,3,2,Frequent High-Value Customers,0
C004205,6,725.9966666666666,4355.98,1.2,3.0,3,1,0,Budget Occasional Customers,0
C004206,7,631.1214285714286,4417.85,1.1666666666666667,2.8,3,1,0,Budget Occasional Customers,0
C004207,9,785.0066666666667,7065.0599999999995,1.2857142857142858,3.2222222222222223,2,3,0,Budget Occasional Customers,0
C004208,9,701.798888888889,6316.1900000000005,1.5,3.2857142857142856,1,3,0,Budget Occasional Customers,0
C004209,6,746.1516666666666,4476.91,1.2,3.8,2,1,0,Budget Occasional Customers,0
C004210,6,565.07,3390.42,1.2,3.8,2,1,0,Budget Occasional Customers,0
C004211,7,773.5385714285713,5414.7699999999995,1.4,4.0,2,0,0,Budget Occasional Customers,0
C004212,14,718.3328571428572,10056.66,1.2727272727272727,3.25,10,0,2,Frequent High-Value Customers,0
C004213,8,826.9200000000001,6615.360000000001,1.0,4.25,3,1,0,Budget Occasional Customers,0
C004214,13,743.4553846153847,9664.92,1.1818181818181819,3.625,3,4,2,Frequent High-Value Customers,0
C004215,7,852.9871428571429,5970.91,1.4,3.25,2,0,1,Premium Basket Customers,0
C004216,6,1025.4950000000001,6152.97,2.0,4.5,2,2,2,Frequent High-Value Customers,-1
C004217,10,985.335,9853.35,1.4285714285714286,3.3333333333333335,1,4,2,Frequent High-Value Customers,0
C004218,12,656.3966666666666,7876.759999999999,1.5,3.2,2,4,2,Frequent High-Value Customers,0
C004219,10,764.48,7644.8,1.6666666666666667,4.166666666666667,5,4,2,Frequent High-Value Customers,0
C004220,14,777.4328571428571,10884.06,1.5555555555555556,3.8181818181818183,7,3,2,Frequent High-Value Customers,0
C004221,8,834.8187499999999,6678.549999999999,1.3333333333333333,3.1666666666666665,6,2,2,Frequent High-Value Customers,0
C004222,7,720.2585714285715,5041.81,1.4,3.4,2,0,0,Budget Occasional Customers,0
C004223,15,849.7186666666668,12745.78,1.3636363636363635,3.4444444444444446,6,4,2,Frequent High-Value Customers,0
C004224,12,881.4416666666666,10577.3,1.5,3.7142857142857144,3,2,2,Frequent High-Value Customers,0
C004225,12,847.9,10174.8,1.2,3.25,2,1,1,Premium Basket Customers,0
C004226,8,784.86375,6278.91,1.3333333333333333,3.25,4,2,2,Frequent High-Value Customers,0
C004227,9,593.5977777777778,5342.38,1.125,4.0,5,4,2,Frequent High-Value Customers,0
C004228,5,617.6220000000001,3088.11,1.0,2.0,1,1,0,Budget Occasional Customers,0
C004229,9,759.7044444444444,6837.34,1.2857142857142858,3.0,3,1,0,Budget Occasional Customers,0
C004230,7,1203.967142857143,8427.77,1.4,1.5,1,1,1,Premium Basket Customers,-1
C004231,10,897.982,8979.82,1.6666666666666667,2.6666666666666665,7,1,2,Frequent High-Value Customers,0
C004232,9,733.9266666666667,6605.34,1.8,3.2,1,0,0,Budget Occasional Customers,0
C004233,10,796.348,7963.48,1.25,5.0,2,5,2,Frequent High-Value Customers,-1
C004234,4,887.2075,3548.83,1.3333333333333333,2.0,1,1,1,Premium Basket Customers,0
C004235,9,829.9255555555555,7469.33,1.5,2.8,4,2,2,Frequent High-Value Customers,0
C004236,11,760.9854545454546,8370.84,1.5714285714285714,4.0,3,4,2,Frequent High-Value Customers,0
C004237,11,666.2481818181818,7328.73,1.375,4.0,4,0,0,Budget Occasional Customers,0
C004238,11,805.8572727272727,8864.43,1.375,3.4,3,2,2,Frequent High-Value Customers,0
C004239,13,804.1961538461538,10454.55,1.3,2.75,4,1,2,Frequent High-Value Customers,0
C004240,11,774.1,8515.1,1.375,4.4,4,2,2,Frequent High-Value Customers,0
C004241,8,729.0875,5832.7,1.1428571428571428,3.0,2,2,0,Budget Occasional Customers,0
C004242,7,643.4628571428572,4504.24,1.0,4.0,3,1,0,Budget Occasional Customers,0
C004243,10,756.8399999999999,7568.4,1.25,3.5,6,2,2,Frequent High-Value Customers,0
C004244,7,1081.55,7570.85,1.4,2.5,3,1,1,Premium Basket Customers,0
C004245,4,1069.7425,4278.97,1.0,3.75,1,0,1,Premium Basket Customers,0
C004246,11,626.0345454545454,6886.38,1.2222222222222223,3.25,4,3,2,Frequent High-Value Customers,0
C004247,14,667.5478571428572,9345.67,1.5555555555555556,2.888888888888889,5,1,2,Frequent High-Value Customers,0
C004248,13,658.1207692307692,8555.57,1.4444444444444444,3.3333333333333335,6,2,2,Frequent High-Value Customers,0
C004249,9,1006.3711111111111,9057.34,1.2857142857142858,3.5,6,3,2,Frequent High-Value Customers,0
C004250,8,681.38375,5451.07,1.1428571428571428,4.5,1,2,0,Budget Occasional Customers,0
C004251,4,999.2325000000001,3996.9300000000003,1.0,3.6666666666666665,2,0,1,Premium Basket Customers,0
C004252,7,721.3157142857143,5049.21,1.0,3.25,2,0,0,Budget Occasional Customers,0
C004253,6,446.2166666666667,2677.3,1.2,5.0,3,3,0,Budget Occasional Customers,0
C004254,10,946.3889999999999,9463.89,1.25,3.6666666666666665,4,1,1,Premium Basket Customers,0
C004255,8,739.205,5913.64,1.6,2.8,3,0,0,Budget Occasional Customers,0
C004256,13,569.9823076923077,7409.7699999999995,1.625,3.2857142857142856,8,1,2,Frequent High-Value Customers,0
C004257,8,1026.40625,8211.25,1.1428571428571428,3.5714285714285716,5,3,1,Premium Basket Customers,0
C004258,8,659.54375,5276.35,1.3333333333333333,2.6,3,1,0,Budget Occasional Customers,0
C004259,12,839.4133333333333,10072.96,1.2,2.8333333333333335,2,1,1,Premium Basket Customers,0
C004260,11,944.7418181818182,10392.16,1.2222222222222223,2.6666666666666665,3,0,1,Premium Basket Customers,0
C004261,5,859.924,4299.62,1.6666666666666667,2.3333333333333335,2,0,1,Premium Basket Customers,0
C004262,7,763.3914285714285,5343.74,1.1666666666666667,4.0,2,2,0,Budget Occasional Customers,0
C004263,7,1149.4042857142856,8045.83,1.1666666666666667,4.0,3,2,1,Premium Basket Customers,0
C004264,7,897.36,6281.52,1.0,2.3333333333333335,2,3,1,Premium Basket Customers,0
C004265,7,873.4271428571428,6113.99,1.4,3.1666666666666665,2,1,1,Premium Basket Customers,0
C004266,11,773.4627272727273,8508.09,1.2222222222222223,3.0,3,3,2,Frequent High-Value Customers,0
C004267,9,568.3433333333334,5115.09,1.125,4.0,3,0,0,Budget Occasional Customers,0
C004268,9,773.1822222222222,6958.64,1.125,3.5714285714285716,3,2,0,Budget Occasional Customers,0
C004269,7,799.3614285714286,5595.530000000001,1.1666666666666667,3.0,3,1,0,Budget Occasional Customers,0
C004270,16,642.4025,10278.44,1.6,3.0,6,3,2,Frequent High-Value Customers,0
C004271,8,1229.8475,9838.78,1.6,3.5714285714285716,2,3,1,Premium Basket Customers,0
C004272,11,759.9318181818181,8359.25,1.5714285714285714,3.5,4,2,2,Frequent High-Value Customers,0
C004273,8,1024.8225,8198.58,1.1428571428571428,4.333333333333333,3,0,1,Premium Basket Customers,0
C004274,11,759.4072727272727,8353.48,1.2222222222222223,4.666666666666667,1,1,0,Budget Occasional Customers,0
C004275,7,1001.6957142857143,7011.87,1.0,3.0,5,1,1,Premium Basket Customers,0
C004276,14,784.495,10982.93,1.1666666666666667,3.888888888888889,7,2,2,Frequent High-Value Customers,0
C004277,5,1285.224,6426.12,1.0,3.0,1,2,1,Premium Basket Customers,0
C004278,12,983.3716666666666,11800.46,1.3333333333333333,3.8,5,2,2,Frequent High-Value Customers,0
C004279,15,861.9993333333333,12929.99,1.6666666666666667,3.6363636363636362,6,3,2,Frequent High-Value Customers,0
C004280,13,1019.8892307692307,13258.56,1.625,3.7777777777777777,4,4,2,Frequent High-Value Customers,0
C004281,11,616.6136363636364,6782.75,1.8333333333333333,3.0,4,2,2,Frequent High-Value Customers,0
C004282,10,599.6389999999999,5996.389999999999,1.25,3.125,2,1,0,Budget Occasional Customers,0
C004283,10,847.5530000000001,8475.53,2.0,3.2857142857142856,3,2,2,Frequent High-Value Customers,0
C004284,9,828.4555555555555,7456.099999999999,1.2857142857142858,4.0,2,0,0,Budget Occasional Customers,0
C004285,7,1093.6714285714286,7655.7,1.4,3.4,2,1,1,Premium Basket Customers,0
C004286,7,731.8914285714285,5123.24,1.1666666666666667,3.5,3,2,0,Budget Occasional Customers,0
C004287,9,1027.5733333333333,9248.16,1.125,3.8333333333333335,2,1,1,Premium Basket Customers,0
C004288,6,843.9983333333333,5063.99,1.0,4.333333333333333,5,3,0,Budget Occasional Customers,0
C004289,2,823.665,1647.33,1.0,2.5,1,0,1,Premium Basket Customers,0
C004290,10,978.0450000000001,9780.45,1.4285714285714286,3.142857142857143,7,2,2,Frequent High-Value Customers,0
C004291,8,526.1062499999999,4208.849999999999,1.0,3.4,4,1,0,Budget Occasional Customers,0
C004292,9,900.6633333333334,8105.97,1.125,3.5,2,2,1,Premium Basket Customers,0
C004293,7,919.0242857142857,6433.17,1.1666666666666667,4.4,2,1,1,Premium Basket Customers,0
C004294,14,831.9642857142857,11647.5,1.2727272727272727,3.8181818181818183,9,2,2,Frequent High-Value Customers,0
C004295,6,920.18,5521.08,1.5,3.4,2,1,1,Premium Basket Customers,0
C004296,10,942.494,9424.94,1.1111111111111112,3.7142857142857144,3,2,1,Premium Basket Customers,0
C004297,15,885.1373333333333,13277.06,1.6666666666666667,3.272727272727273,1,3,2,Frequent High-Value Customers,0
C004298,12,513.83,6165.96,1.7142857142857142,2.6666666666666665,2,2,2,Frequent High-Value Customers,0
C004299,5,861.796,4308.9800000000005,1.0,3.75,2,0,1,Premium Basket Customers,0
C004300,5,815.586,4077.93,1.0,4.0,1,2,0,Budget Occasional Customers,0
C004301,9,947.821111111111,8530.39,1.2857142857142858,3.2857142857142856,1,3,1,Premium Basket Customers,0
C004302,12,881.6125000000001,10579.35,1.7142857142857142,3.6666666666666665,1,3,2,Frequent High-Value Customers,0
C004303,9,732.4622222222222,6592.16,1.125,3.8,3,1,0,Budget Occasional Customers,0
C004304,4,548.16,2192.64,1.0,2.5,2,0,0,Budget Occasional Customers,0
C004305,7,735.9257142857142,5151.48,1.1666666666666667,3.0,2,2,0,Budget Occasional Customers,0
C004306,14,709.1064285714285,9927.49,1.5555555555555556,3.6,1,2,2,Frequent High-Value Customers,0
C004307,12,924.2049999999999,11090.46,1.2,3.0,6,3,2,Frequent High-Value Customers,0
C004308,7,653.9357142857143,4577.55,1.1666666666666667,3.4,2,2,0,Budget Occasional Customers,0
C004309,9,772.4922222222223,6952.43,1.0,3.857142857142857,2,0,0,Budget Occasional Customers,0
C004310,12,755.1466666666666,9061.76,1.2,3.857142857142857,5,3,2,Frequent High-Value Customers,0
C004311,7,799.13,5593.91,1.1666666666666667,4.5,1,0,0,Budget Occasional Customers,0
C004312,7,822.0771428571428,5754.54,1.1666666666666667,2.75,2,0,1,Premium Basket Customers,0
C004313,9,885.48,7969.32,1.2857142857142858,4.0,1,0,1,Premium Basket Customers,0
C004314,12,860.6225,10327.47,1.3333333333333333,3.6,3,1,2,Frequent High-Value Customers,0
C004315,9,694.3733333333333,6249.36,1.2857142857142858,4.666666666666667,2,5,2,Frequent High-Value Customers,-1
C004316,12,850.5958333333333,10207.15,1.3333333333333333,3.4,6,3,2,Frequent High-Value Customers,0
C004317,8,918.8025,7350.42,1.3333333333333333,2.857142857142857,4,1,1,Premium Basket Customers,0
C004318,5,586.1800000000001,2930.9,1.0,3.6666666666666665,1,0,0,Budget Occasional Customers,0
C004319,11,1252.4136363636362,13776.55,1.375,3.4,1,2,1,Premium Basket Customers,0
C004320,9,961.4733333333334,8653.26,1.0,3.75,3,0,1,Premium Basket Customers,0
C004321,3,558.3366666666667,1675.01,1.0,4.0,0,0,0,Budget Occasional Customers,0
C004322,10,694.393,6943.93,1.1111111111111112,3.1666666666666665,1,1,0,Budget Occasional Customers,0
C004323,5,809.29,4046.45,1.0,3.0,3,2,1,Premium Basket Customers,0
C004324,11,758.34,8341.74,1.375,3.0,3,1,2,Frequent High-Value Customers,0
C004325,8,458.08125,3664.65,1.3333333333333333,3.2857142857142856,3,1,0,Budget Occasional Customers,0
C004326,11,820.1563636363636,9021.72,1.2222222222222223,2.4,5,1,2,Frequent High-Value Customers,0
C004327,13,815.2069230769231,10597.69,1.4444444444444444,3.1666666666666665,4,3,2,Frequent High-Value Customers,0
C004328,9,706.1144444444444,6355.03,1.0,3.6666666666666665,4,0,0,Budget Occasional Customers,0
C004329,11,725.4009090909091,7979.41,1.375,3.2,1,2,0,Budget Occasional Customers,0
C004330,7,977.6585714285713,6843.61,1.1666666666666667,4.4,3,1,1,Premium Basket Customers,0
C004331,13,959.8046153846153,12477.46,1.0833333333333333,3.4285714285714284,5,5,2,Frequent High-Value Customers,0
C004332,18,652.2283333333334,11740.11,1.5,3.3636363636363638,4,3,2,Frequent High-Value Customers,0
C004333,8,720.25125,5762.01,1.1428571428571428,3.2857142857142856,1,2,0,Budget Occasional Customers,0
C004334,9,953.7966666666666,8584.17,1.125,4.0,2,1,1,Premium Basket Customers,0
C004335,9,534.651111111111,4811.86,1.125,3.142857142857143,3,1,0,Budget Occasional Customers,0
C004336,9,994.9655555555556,8954.69,1.125,3.7142857142857144,4,1,1,Premium Basket Customers,0
C004337,8,954.4537499999999,7635.629999999999,1.6,3.4285714285714284,3,0,1,Premium Basket Customers,0
C004338,8,850.555,6804.44,1.3333333333333333,3.0,4,1,1,Premium Basket Customers,0
C004339,6,891.5616666666668,5349.370000000001,1.0,3.6,1,1,1,Premium Basket Customers,0
C004340,7,914.7342857142856,6403.139999999999,1.0,3.0,2,4,1,Premium Basket Customers,0
C004341,5,931.4459999999999,4657.23,1.6666666666666667,2.0,4,1,1,Premium Basket Customers,-1
C004342,16,861.5018749999999,13784.029999999999,1.6,3.857142857142857,6,2,2,Frequent High-Value Customers,0
C004343,15,920.8333333333334,13812.5,1.1538461538461537,3.5833333333333335,7,3,2,Frequent High-Value Customers,0
C004344,8,726.00375,5808.03,1.3333333333333333,2.75,3,2,0,Budget Occasional Customers,0
C004345,9,1005.3955555555555,9048.56,1.0,3.25,2,1,1,Premium Basket Customers,0
C004346,15,738.172,11072.58,1.5,3.3,4,4,2,Frequent High-Value Customers,0
C004347,5,594.516,2972.58,1.0,2.5,3,1,0,Budget Occasional Customers,0
C004348,12,664.6841666666667,7976.21,1.5,3.875,2,1,2,Frequent High-Value Customers,0
C004349,11,857.4690909090909,9432.16,1.375,4.166666666666667,6,1,2,Frequent High-Value Customers,0
C004350,12,791.8208333333333,9501.85,1.2,3.4,6,1,2,Frequent High-Value Customers,0
C004351,4,1030.6175,4122.47,1.0,3.0,2,0,1,Premium Basket Customers,0
C004352,8,722.5925,5780.74,1.3333333333333333,4.25,3,2,0,Budget Occasional Customers,0
C004353,12,694.355,8332.26,1.2,3.272727272727273,1,2,0,Budget Occasional Customers,0
C004354,7,809.88,5669.16,1.4,3.25,4,1,0,Budget Occasional Customers,0
C004355,10,753.1189999999999,7531.19,1.4285714285714286,3.8,4,4,2,Frequent High-Value Customers,0
C004356,5,628.588,3142.94,1.0,4.4,3,0,0,Budget Occasional Customers,0
C004357,14,637.4557142857142,8924.38,1.2727272727272727,2.2857142857142856,5,0,2,Frequent High-Value Customers,-1
C004358,7,1263.8528571428571,8846.97,1.4,3.75,2,2,1,Premium Basket Customers,0
C004359,8,893.50625,7148.05,1.0,3.8333333333333335,1,2,1,Premium Basket Customers,0
C004360,12,853.235,10238.82,1.0,3.7142857142857144,2,1,1,Premium Basket Customers,0
C004361,9,873.3755555555556,7860.38,1.2857142857142858,3.3333333333333335,4,1,1,Premium Basket Customers,0
C004362,10,547.168,5471.68,1.0,3.4285714285714284,3,1,0,Budget Occasional Customers,0
C004363,3,639.4033333333333,1918.21,1.0,4.0,1,0,0,Budget Occasional Customers,0
C004364,10,858.844,8588.44,1.4285714285714286,2.857142857142857,4,3,2,Frequent High-Value Customers,0
C004365,3,548.0033333333332,1644.0099999999998,1.0,2.5,0,1,0,Budget Occasional Customers,0
C004366,8,797.8299999999999,6382.639999999999,1.1428571428571428,3.0,3,2,0,Budget Occasional Customers,0
C004367,4,964.775,3859.1,1.0,2.0,1,1,1,Premium Basket Customers,0
C004368,6,563.8466666666667,3383.0800000000004,1.2,4.0,4,1,0,Budget Occasional Customers,0
C004369,6,937.6733333333333,5626.04,1.5,3.3333333333333335,3,4,2,Frequent High-Value Customers,0
C004370,8,993.9575,7951.66,1.0,4.333333333333333,0,1,1,Premium Basket Customers,0
C004371,13,750.0146153846155,9750.19,1.4444444444444444,3.25,4,3,2,Frequent High-Value Customers,0
C004372,9,948.3077777777778,8534.77,1.125,2.5,4,2,1,Premium Basket Customers,0
C004373,5,953.7299999999999,4768.65,1.25,2.6666666666666665,2,0,1,Premium Basket Customers,0
C004374,8,918.1012499999999,7344.8099999999995,1.3333333333333333,3.75,3,0,1,Premium Basket Customers,0
C004375,11,673.4154545454545,7407.57,1.2222222222222223,3.5714285714285716,2,5,2,Frequent High-Value Customers,0
C004376,9,1138.9255555555555,10250.33,1.5,3.5,2,0,1,Premium Basket Customers,0
C004377,11,830.8163636363636,9138.98,1.8333333333333333,4.333333333333333,4,2,2,Frequent High-Value Customers,0
C004378,9,954.9044444444444,8594.14,1.2857142857142858,3.4,2,1,1,Premium Basket Customers,0
C004379,6,866.6183333333333,5199.71,1.0,3.0,1,2,1,Premium Basket Customers,0
C004380,6,837.4283333333334,5024.570000000001,1.0,3.25,1,2,1,Premium Basket Customers,0
C004381,5,531.362,2656.81,1.25,3.6,1,1,0,Budget Occasional Customers,0
C004382,7,928.65,6500.55,1.4,2.8,3,0,1,Premium Basket Customers,0
C004383,8,874.0575,6992.46,1.1428571428571428,3.0,3,0,1,Premium Basket Customers,0
C004384,16,911.356875,14581.71,1.4545454545454546,3.3333333333333335,2,3,2,Frequent High-Value Customers,0
C004385,12,761.4475000000001,9137.37,1.5,4.0,5,2,2,Frequent High-Value Customers,0
C004386,6,771.5333333333333,4629.2,1.2,4.0,0,3,0,Budget Occasional Customers,0
C004387,11,716.4554545454546,7881.01,1.375,3.0,4,5,2,Frequent High-Value Customers,0
C004388,8,742.81375,5942.51,1.1428571428571428,5.0,4,2,0,Budget Occasional Customers,0
C004389,13,744.9230769230769,9684.0,1.8571428571428572,3.625,3,0,2,Frequent High-Value Customers,0
C004390,10,677.915,6779.15,1.4285714285714286,2.6666666666666665,2,0,0,Budget Occasional Customers,0
C004391,12,722.6866666666666,8672.24,1.3333333333333333,2.2,5,2,2,Frequent High-Value Customers,0
C004392,14,879.9514285714286,12319.32,1.4,3.6666666666666665,3,4,2,Frequent High-Value Customers,0
C004393,9,1126.631111111111,10139.68,1.125,2.6666666666666665,3,1,1,Premium Basket Customers,0
C004394,5,616.1179999999999,3080.5899999999997,1.25,3.3333333333333335,1,0,0,Budget Occasional Customers,0
C004395,6,774.6966666666667,4648.18,1.0,3.6666666666666665,3,2,0,Budget Occasional Customers,0
C004396,8,796.95625,6375.65,1.1428571428571428,3.3333333333333335,4,2,0,Budget Occasional Customers,0
C004397,13,1088.9992307692307,14156.99,1.4444444444444444,4.0,3,3,2,Frequent High-Value Customers,0
C004398,7,847.5814285714285,5933.07,1.0,3.6,0,2,1,Premium Basket Customers,0
C004399,6,944.9183333333334,5669.51,1.0,3.8,0,1,1,Premium Basket Customers,0
C004400,11,677.6081818181818,7453.6900000000005,1.8333333333333333,2.857142857142857,3,4,2,Frequent High-Value Customers,0
C004401,11,1161.7,12778.7,1.1,3.5,6,0,1,Premium Basket Customers,0
C004402,7,929.2328571428571,6504.63,1.1666666666666667,3.6666666666666665,0,0,1,Premium Basket Customers,0
C004403,10,907.576,9075.76,1.25,4.333333333333333,2,2,1,Premium Basket Customers,0
C004404,8,678.0137500000001,5424.110000000001,1.0,3.5,3,0,0,Budget Occasional Customers,0
C004405,8,1130.56625,9044.53,1.0,3.6666666666666665,3,1,1,Premium Basket Customers,0
C004406,7,625.0885714285714,4375.62,1.1666666666666667,3.6666666666666665,2,1,0,Budget Occasional Customers,0
C004407,12,883.985,10607.82,1.2,4.0,5,2,2,Frequent High-Value Customers,0
C004408,15,815.5006666666667,12232.51,1.3636363636363635,3.5714285714285716,4,5,2,Frequent High-Value Customers,0
C004409,9,803.01,7227.09,1.125,3.0,7,2,2,Frequent High-Value Customers,0
C004410,13,652.9938461538461,8488.92,1.625,3.5,2,2,2,Frequent High-Value Customers,0
C004411,6,816.6933333333333,4900.16,1.0,3.6666666666666665,1,2,0,Budget Occasional Customers,0
C004412,12,1054.6275,12655.53,1.2,3.4285714285714284,4,1,1,Premium Basket Customers,0
C004413,9,475.6266666666667,4280.64,1.125,3.8,4,4,0,Budget Occasional Customers,0
C004414,11,793.4145454545454,8727.56,1.2222222222222223,3.75,5,1,2,Frequent High-Value Customers,0
C004415,9,1095.2977777777778,9857.68,1.5,2.8333333333333335,5,1,1,Premium Basket Customers,0
C004416,3,1164.1466666666665,3492.4399999999996,1.0,4.0,1,0,1,Premium Basket Customers,0
C004417,12,805.1833333333334,9662.2,1.7142857142857142,3.5,4,1,2,Frequent High-Value Customers,0
C004418,10,544.645,5446.45,1.4285714285714286,3.25,4,3,2,Frequent High-Value Customers,0
C004419,8,777.9762499999999,6223.8099999999995,1.6,2.8333333333333335,3,2,2,Frequent High-Value Customers,0
C004420,8,663.45875,5307.67,1.3333333333333333,2.5,2,1,0,Budget Occasional Customers,0
C004421,8,854.9075,6839.26,1.0,4.0,6,2,0,Budget Occasional Customers,0
C004422,9,893.4433333333333,8040.99,1.0,4.0,2,0,1,Premium Basket Customers,0
C004423,1,452.99,452.99,1.0,3.4196588952056444,1,0,0,Budget Occasional Customers,0
C004424,11,763.949090909091,8403.44,1.375,2.857142857142857,5,3,2,Frequent High-Value Customers,0
C004425,9,1105.591111111111,9950.32,1.5,3.0,5,1,1,Premium Basket Customers,0
C004426,8,854.85625,6838.85,1.3333333333333333,4.0,3,1,0,Budget Occasional Customers,0
C004427,5,600.2740000000001,3001.3700000000003,1.25,1.6666666666666667,1,0,0,Budget Occasional Customers,0
C004428,6,721.2383333333333,4327.43,1.0,4.666666666666667,4,0,0,Budget Occasional Customers,0
C004429,9,594.1966666666667,5347.77,1.2857142857142858,3.4,1,2,0,Budget Occasional Customers,0
C004430,11,870.8354545454546,9579.19,1.1,2.4444444444444446,5,0,1,Premium Basket Customers,0
C004431,11,902.7399999999999,9930.14,1.2222222222222223,3.75,5,1,2,Frequent High-Value Customers,0
C004432,13,822.8153846153847,10696.6,1.1818181818181819,3.4545454545454546,2,4,2,Frequent High-Value Customers,0
C004433,16,853.01,13648.16,2.0,3.5,5,2,2,Frequent High-Value Customers,0
C004434,10,793.12,7931.2,1.1111111111111112,3.0,2,2,0,Budget Occasional Customers,0
C004435,12,581.4225,6977.07,1.3333333333333333,3.25,7,5,2,Frequent High-Value Customers,0
C004436,5,654.26,3271.3,1.0,3.8,0,2,0,Budget Occasional Customers,0
C004437,9,572.5844444444444,5153.26,1.2857142857142858,3.8,3,2,0,Budget Occasional Customers,0
C004438,7,566.9242857142857,3968.4700000000003,1.1666666666666667,2.4,1,2,0,Budget Occasional Customers,0
C004439,9,648.1233333333333,5833.11,1.125,3.0,6,2,2,Frequent High-Value Customers,0
C004440,11,907.8136363636364,9985.95,1.2222222222222223,3.2,7,1,2,Frequent High-Value Customers,0
C004441,6,535.1083333333333,3210.65,1.5,3.3333333333333335,1,0,0,Budget Occasional Customers,0
C004442,4,253.92499999999998,1015.6999999999999,1.3333333333333333,3.0,1,1,0,Budget Occasional Customers,0
C004443,10,882.427,8824.27,1.25,2.7142857142857144,6,2,2,Frequent High-Value Customers,0
C004444,14,598.6757142857142,8381.46,1.75,3.727272727272727,4,3,2,Frequent High-Value Customers,0
C004445,13,642.3238461538463,8350.210000000001,1.0833333333333333,4.142857142857143,3,2,0,Budget Occasional Customers,0
C004446,10,735.1479999999999,7351.48,1.0,3.5,2,2,0,Budget Occasional Customers,0
C004447,7,1093.8814285714286,7657.17,2.3333333333333335,3.25,3,2,2,Frequent High-Value Customers,-1
C004448,13,683.2092307692308,8881.72,1.625,3.0,6,2,2,Frequent High-Value Customers,0
C004449,11,946.1790909090909,10407.97,1.5714285714285714,3.142857142857143,4,5,2,Frequent High-Value Customers,0
C004450,9,609.6700000000001,5487.030000000001,1.125,3.3333333333333335,5,0,0,Budget Occasional Customers,0
C004451,13,799.3038461538462,10390.95,1.3,3.8333333333333335,3,0,2,Frequent High-Value Customers,0
C004452,6,660.2983333333333,3961.79,1.2,3.3333333333333335,1,2,0,Budget Occasional Customers,0
C004453,7,783.9214285714286,5487.45,1.0,4.0,3,2,0,Budget Occasional Customers,0
C004454,8,959.2025,7673.62,1.3333333333333333,4.333333333333333,2,2,1,Premium Basket Customers,0
C004455,11,764.5609090909091,8410.17,1.5714285714285714,3.125,3,2,2,Frequent High-Value Customers,0
C004456,15,765.2393333333333,11478.59,1.3636363636363635,3.5,8,4,2,Frequent High-Value Customers,0
C004457,6,526.16,3156.96,1.0,4.0,3,1,0,Budget Occasional Customers,0
C004458,7,733.0342857142857,5131.24,1.1666666666666667,2.75,0,3,0,Budget Occasional Customers,0
C004459,6,1151.0866666666668,6906.52,1.0,4.25,4,1,1,Premium Basket Customers,0
C004460,11,916.3363636363637,10079.7,1.1,3.625,3,2,1,Premium Basket Customers,0
C004461,10,822.914,8229.14,1.25,3.1666666666666665,6,0,2,Frequent High-Value Customers,0
C004462,16,887.9625,14207.4,1.3333333333333333,3.125,2,3,2,Frequent High-Value Customers,0
C004463,9,668.9866666666667,6020.88,1.2857142857142858,3.25,3,1,0,Budget Occasional Customers,0
C004464,9,1137.7066666666667,10239.36,1.125,3.4285714285714284,3,0,1,Premium Basket Customers,0
C004465,9,1095.9111111111113,9863.2,1.5,3.5,2,2,1,Premium Basket Customers,0
C004466,11,1013.0818181818181,11143.9,1.375,3.8333333333333335,1,3,1,Premium Basket Customers,0
C004467,12,1020.0041666666666,12240.05,1.0909090909090908,3.5,5,3,2,Frequent High-Value Customers,0
C004468,10,984.8790000000001,9848.79,1.6666666666666667,3.5714285714285716,5,2,2,Frequent High-Value Customers,0
C004469,18,833.925,15010.65,1.3846153846153846,3.6666666666666665,4,1,2,Frequent High-Value Customers,0
C004470,7,538.39,3768.73,1.1666666666666667,3.0,2,4,0,Budget Occasional Customers,0
C004471,6,738.4333333333334,4430.6,1.2,2.4,2,2,0,Budget Occasional Customers,0
C004472,9,991.77,8925.93,1.2857142857142858,3.0,5,2,2,Frequent High-Value Customers,0
C004473,10,772.958,7729.58,1.4285714285714286,3.857142857142857,5,0,2,Frequent High-Value Customers,0
C004474,7,420.6542857142857,2944.58,1.1666666666666667,2.6666666666666665,1,2,0,Budget Occasional Customers,0
C004475,11,417.55181818181813,4593.07,1.1,3.142857142857143,2,2,0,Budget Occasional Customers,0
C004476,15,858.862,12882.93,1.6666666666666667,2.7142857142857144,5,5,2,Frequent High-Value Customers,0
C004477,8,969.9575,7759.66,1.1428571428571428,3.0,6,2,1,Premium Basket Customers,0
C004478,15,606.1006666666667,9091.51,1.25,4.375,4,0,2,Frequent High-Value Customers,0
C004479,10,787.235,7872.35,1.1111111111111112,3.75,3,1,0,Budget Occasional Customers,0
C004480,12,946.0116666666667,11352.14,1.2,3.375,3,2,2,Frequent High-Value Customers,0
C004481,8,788.7887499999999,6310.3099999999995,1.3333333333333333,3.6666666666666665,3,4,2,Frequent High-Value Customers,0
C004482,14,757.1914285714286,10600.68,1.5555555555555556,3.2857142857142856,2,3,2,Frequent High-Value Customers,0
C004483,12,974.6725,11696.07,1.5,3.25,6,2,2,Frequent High-Value Customers,0
C004484,5,899.436,4497.18,1.0,4.0,1,1,1,Premium Basket Customers,0
C004485,8,957.0575,7656.46,1.3333333333333333,4.0,2,3,1,Premium Basket Customers,0
C004486,8,872.88375,6983.07,1.1428571428571428,4.0,1,0,1,Premium Basket Customers,0
C004487,7,779.54,5456.78,1.0,3.6666666666666665,1,2,0,Budget Occasional Customers,0
C004488,7,607.3185714285713,4251.23,1.4,3.4,6,1,0,Budget Occasional Customers,0
C004489,11,849.1736363636363,9340.91,1.0,4.333333333333333,3,5,2,Frequent High-Value Customers,0
C004490,8,542.25125,4338.01,1.3333333333333333,2.0,3,1,0,Budget Occasional Customers,0
C004491,12,646.8675,7762.41,1.2,4.666666666666667,3,0,0,Budget Occasional Customers,0
C004492,11,883.7427272727273,9721.17,1.2222222222222223,2.857142857142857,3,1,1,Premium Basket Customers,0
C004493,12,777.3108333333333,9327.73,1.3333333333333333,3.2857142857142856,3,3,2,Frequent High-Value Customers,0
C004494,7,748.0242857142857,5236.17,1.1666666666666667,4.0,2,0,0,Budget Occasional Customers,0
C004495,7,544.8828571428571,3814.18,1.0,3.3333333333333335,4,2,0,Budget Occasional Customers,0
C004496,7,766.99,5368.93,1.4,4.0,3,3,0,Budget Occasional Customers,0
C004497,11,689.5663636363636,7585.23,1.2222222222222223,3.6,2,2,0,Budget Occasional Customers,0
C004498,11,943.6236363636364,10379.86,1.375,3.0,3,3,2,Frequent High-Value Customers,0
C004499,6,978.7416666666667,5872.45,1.2,4.5,4,2,1,Premium Basket Customers,0
C004500,8,696.42625,5571.41,1.0,3.4285714285714284,4,3,0,Budget Occasional Customers,0
C004501,9,536.0977777777778,4824.88,1.2857142857142858,3.8333333333333335,1,2,0,Budget Occasional Customers,0
C004502,13,885.3430769230769,11509.46,1.4444444444444444,3.7,3,1,2,Frequent High-Value Customers,0
C004503,15,848.7733333333333,12731.6,1.3636363636363635,3.5,5,3,2,Frequent High-Value Customers,0
C004504,9,643.8344444444444,5794.51,1.125,3.2857142857142856,2,1,0,Budget Occasional Customers,0
C004505,16,862.67,13802.72,1.7777777777777777,3.5555555555555554,4,2,2,Frequent High-Value Customers,0
C004506,7,1431.6714285714286,10021.7,1.0,3.25,4,1,1,Premium Basket Customers,-1
C004507,7,1086.107142857143,7602.75,1.4,2.75,2,0,1,Premium Basket Customers,0
C004508,7,737.3728571428572,5161.610000000001,1.1666666666666667,3.1666666666666665,4,1,0,Budget Occasional Customers,0
C004509,5,493.63,2468.15,1.0,4.2,1,1,0,Budget Occasional Customers,0
C004510,10,726.42,7264.2,1.4285714285714286,4.0,5,2,2,Frequent High-Value Customers,0
C004511,9,730.13,6571.17,1.125,3.4285714285714284,1,1,0,Budget Occasional Customers,0
C004512,7,582.4414285714286,4077.09,1.1666666666666667,3.1666666666666665,5,1,0,Budget Occasional Customers,0
C004513,8,908.70625,7269.65,1.6,3.0,4,2,2,Frequent High-Value Customers,0
C004514,5,1115.664,5578.32,1.25,3.6666666666666665,2,0,1,Premium Basket Customers,0
C004515,7,768.0071428571429,5376.05,1.1666666666666667,3.6666666666666665,3,1,0,Budget Occasional Customers,0
C004516,12,870.9108333333334,10450.93,1.7142857142857142,3.888888888888889,6,5,2,Frequent High-Value Customers,0
C004517,10,907.6969999999999,9076.97,1.25,3.0,3,3,2,Frequent High-Value Customers,0
C004518,13,724.4376923076923,9417.689999999999,1.3,3.375,4,6,2,Frequent High-Value Customers,0
C004519,11,862.7445454545455,9490.19,1.1,3.3333333333333335,3,0,1,Premium Basket Customers,0
C004520,7,1044.2057142857143,7309.44,1.4,3.5,3,2,1,Premium Basket Customers,0
C004521,11,817.3536363636363,8990.89,1.2222222222222223,3.0,1,3,1,Premium Basket Customers,0
C004522,9,890.6666666666666,8016.0,1.5,3.2,2,1,1,Premium Basket Customers,0
C004523,8,972.9425,7783.54,2.0,2.8,2,2,2,Frequent High-Value Customers,0
C004524,9,938.2777777777778,8444.5,1.2857142857142858,4.0,3,1,1,Premium Basket Customers,0
C004525,6,649.8683333333333,3899.21,1.2,3.8,2,0,0,Budget Occasional Customers,0
C004526,8,815.4625,6523.7,1.0,3.2,5,2,0,Budget Occasional Customers,0
C004527,10,876.3370000000001,8763.37,1.25,2.857142857142857,5,2,2,Frequent High-Value Customers,0
C004528,9,721.4811111111111,6493.33,1.5,3.2857142857142856,2,0,0,Budget Occasional Customers,0
C004529,7,765.0,5355.0,1.1666666666666667,3.5,2,1,0,Budget Occasional Customers,0
C004530,6,864.8866666666667,5189.32,1.2,4.333333333333333,2,1,0,Budget Occasional Customers,0
C004531,10,854.2,8542.0,1.25,3.6666666666666665,5,3,2,Frequent High-Value Customers,0
C004532,10,801.5469999999999,8015.469999999999,1.1111111111111112,3.75,3,2,0,Budget Occasional Customers,0
C004533,8,1232.70625,9861.65,1.1428571428571428,3.75,3,0,1,Premium Basket Customers,0
C004534,8,803.63125,6429.05,1.3333333333333333,3.5,3,1,0,Budget Occasional Customers,0
C004535,10,858.126,8581.26,1.25,3.5714285714285716,4,2,2,Frequent High-Value Customers,0
C004536,5,575.658,2878.29,1.6666666666666667,4.0,4,1,0,Budget Occasional Customers,0
C004537,7,896.6942857142857,6276.86,1.0,2.6666666666666665,2,2,1,Premium Basket Customers,0
C004538,12,704.475,8453.7,1.3333333333333333,3.7142857142857144,4,3,2,Frequent High-Value Customers,0
C004539,15,684.2773333333333,10264.16,1.25,3.2,7,1,2,Frequent High-Value Customers,0
C004540,6,599.8516666666666,3599.1099999999997,1.2,2.5,0,1,0,Budget Occasional Customers,0
C004541,18,750.3661111111111,13506.59,1.5,3.9,6,5,2,Frequent High-Value Customers,0
C004542,5,1067.19,5335.95,1.6666666666666667,4.25,1,1,1,Premium Basket Customers,0
C004543,12,872.6508333333333,10471.81,1.2,3.0,2,4,2,Frequent High-Value Customers,0
C004544,10,820.449,8204.49,1.25,3.5714285714285716,2,3,2,Frequent High-Value Customers,0
C004545,9,603.0588888888889,5427.53,1.5,3.6666666666666665,5,0,0,Budget Occasional Customers,0
C004546,8,814.27625,6514.21,1.0,3.5714285714285716,3,1,0,Budget Occasional Customers,0
C004547,13,885.9523076923077,11517.380000000001,1.4444444444444444,3.857142857142857,3,4,2,Frequent High-Value Customers,0
C004548,11,912.2945454545454,10035.24,1.375,4.428571428571429,4,2,2,Frequent High-Value Customers,0
C004549,13,710.1115384615385,9231.45,1.4444444444444444,3.5555555555555554,1,2,2,Frequent High-Value Customers,0
C004550,6,819.6633333333334,4917.9800000000005,1.5,2.6666666666666665,3,3,2,Frequent High-Value Customers,0
C004551,10,756.19,7561.900000000001,1.1111111111111112,3.3333333333333335,3,2,0,Budget Occasional Customers,0
C004552,10,924.923,9249.23,1.6666666666666667,3.75,4,1,2,Frequent High-Value Customers,0
C004553,10,657.763,6577.63,1.6666666666666667,4.4,5,2,2,Frequent High-Value Customers,0
C004554,12,954.6991666666667,11456.39,1.3333333333333333,2.8,5,2,2,Frequent High-Value Customers,0
C004555,11,638.8709090909091,7027.58,1.1,4.0,2,3,0,Budget Occasional Customers,0
C004556,8,688.6125000000001,5508.900000000001,1.0,4.4,5,2,0,Budget Occasional Customers,0
C004557,8,642.07375,5136.59,1.0,3.2,0,1,0,Budget Occasional Customers,0
C004558,8,709.76625,5678.13,1.1428571428571428,3.0,3,0,0,Budget Occasional Customers,0
C004559,10,801.8430000000001,8018.43,1.4285714285714286,4.166666666666667,3,0,0,Budget Occasional Customers,0
C004560,12,827.1608333333334,9925.93,1.3333333333333333,3.4285714285714284,5,1,2,Frequent High-Value Customers,0
C004561,9,436.28555555555556,3926.57,1.2857142857142858,3.6666666666666665,3,2,0,Budget Occasional Customers,0
C004562,5,873.4459999999999,4367.23,1.0,3.3333333333333335,4,0,1,Premium Basket Customers,0
C004563,7,782.3314285714285,5476.32,1.1666666666666667,4.0,1,3,0,Budget Occasional Customers,0
C004564,8,491.99625000000003,3935.9700000000003,1.0,3.25,3,2,0,Budget Occasional Customers,0
C004565,3,1096.8799999999999,3290.64,1.0,3.6666666666666665,1,1,1,Premium Basket Customers,0
C004566,3,500.09,1500.27,1.0,3.5,1,2,0,Budget Occasional Customers,0
C004567,11,657.75,7235.25,1.2222222222222223,3.375,3,3,2,Frequent High-Value Customers,0
C004568,7,1081.5914285714287,7571.14,1.0,2.75,0,2,1,Premium Basket Customers,0
C004569,11,767.4427272727272,8441.869999999999,1.1,3.7142857142857144,4,5,2,Frequent High-Value Customers,0
C004570,14,1062.6507142857142,14877.11,1.2727272727272727,3.2222222222222223,6,3,2,Frequent High-Value Customers,0
C004571,9,913.5633333333333,8222.07,1.5,3.6666666666666665,1,2,1,Premium Basket Customers,0
C004572,12,928.5683333333333,11142.82,1.2,3.1,5,4,2,Frequent High-Value Customers,0
C004573,7,925.1528571428571,6476.07,1.1666666666666667,4.0,3,2,1,Premium Basket Customers,0
C004574,10,1139.163,11391.630000000001,1.1111111111111112,4.0,4,3,1,Premium Basket Customers,0
C004575,11,761.8418181818182,8380.26,1.2222222222222223,2.6666666666666665,3,2,2,Frequent High-Value Customers,0
C004576,7,1086.3714285714286,7604.6,1.0,2.6,3,0,1,Premium Basket Customers,0
C004577,7,709.2414285714286,4964.6900000000005,1.4,3.8333333333333335,2,2,0,Budget Occasional Customers,0
C004578,7,748.9742857142857,5242.82,1.1666666666666667,3.0,4,0,0,Budget Occasional Customers,0
C004579,12,864.8766666666667,10378.52,1.0909090909090908,2.75,6,2,2,Frequent High-Value Customers,0
C004580,6,537.23,3223.38,1.5,4.666666666666667,1,0,0,Budget Occasional Customers,0
C004581,6,891.8033333333333,5350.82,1.2,3.3333333333333335,0,4,1,Premium Basket Customers,0
C004582,8,742.10875,5936.87,1.1428571428571428,4.0,3,3,0,Budget Occasional Customers,0
C004583,6,702.8299999999999,4216.98,1.2,3.3333333333333335,3,2,0,Budget Occasional Customers,0
C004584,7,810.4528571428572,5673.17,1.0,3.6,3,0,0,Budget Occasional Customers,0
C004585,12,845.2366666666667,10142.84,1.3333333333333333,2.25,1,2,1,Premium Basket Customers,0
C004586,7,679.74,4758.18,1.1666666666666667,4.0,2,1,0,Budget Occasional Customers,0
C004587,11,997.4545454545455,10972.0,1.2222222222222223,2.3333333333333335,2,2,1,Premium Basket Customers,0
C004588,11,840.7263636363637,9247.99,1.1,3.3333333333333335,5,1,2,Frequent High-Value Customers,0
C004589,15,712.744,10691.16,1.25,3.3636363636363638,9,0,2,Frequent High-Value Customers,0
C004590,9,737.6966666666666,6639.2699999999995,1.125,4.0,2,0,0,Budget Occasional Customers,0
C004591,6,491.09666666666664,2946.58,1.0,3.0,3,2,0,Budget Occasional Customers,0
C004592,11,652.7790909090909,7180.57,1.5714285714285714,3.75,4,4,2,Frequent High-Value Customers,0
C004593,8,949.1575,7593.26,1.3333333333333333,3.75,5,1,1,Premium Basket Customers,0
C004594,10,914.189,9141.89,1.6666666666666667,4.333333333333333,4,4,2,Frequent High-Value Customers,0
C004595,11,1140.9472727272728,12550.42,1.5714285714285714,3.0,4,5,2,Frequent High-Value Customers,0
C004596,14,589.1921428571429,8248.69,1.2727272727272727,3.75,5,3,2,Frequent High-Value Customers,0
C004597,10,966.693,9666.93,1.25,4.0,5,2,2,Frequent High-Value Customers,0
C004598,11,909.8481818181818,10008.33,1.2222222222222223,3.75,6,2,2,Frequent High-Value Customers,0
C004599,7,979.7928571428571,6858.549999999999,1.4,4.0,2,0,1,Premium Basket Customers,0
C004600,8,536.875,4295.0,1.1428571428571428,4.0,2,2,0,Budget Occasional Customers,0
C004601,4,599.91,2399.64,1.0,3.0,2,0,0,Budget Occasional Customers,0
C004602,16,700.551875,11208.83,1.3333333333333333,4.0,4,0,2,Frequent High-Value Customers,0
C004603,12,1050.0825,12600.99,1.3333333333333333,3.75,3,4,2,Frequent High-Value Customers,0
C004604,16,830.788125,13292.61,1.7777777777777777,3.909090909090909,3,4,2,Frequent High-Value Customers,0
C004605,12,844.6966666666667,10136.36,1.7142857142857142,3.6666666666666665,5,2,2,Frequent High-Value Customers,0
C004606,5,814.088,4070.44,1.6666666666666667,4.0,3,1,0,Budget Occasional Customers,0
C004607,6,943.7083333333334,5662.25,1.2,4.2,3,0,1,Premium Basket Customers,0
C004608,8,858.8775,6871.02,1.1428571428571428,4.0,3,1,0,Budget Occasional Customers,0
C004609,10,974.9069999999999,9749.07,1.1111111111111112,3.5714285714285716,2,3,1,Premium Basket Customers,0
C004610,10,636.124,6361.24,1.4285714285714286,3.8333333333333335,3,1,0,Budget Occasional Customers,0
C004611,5,833.6619999999999,4168.3099999999995,1.25,4.333333333333333,0,2,0,Budget Occasional Customers,0
C004612,5,812.082,4060.41,1.0,2.5,2,3,1,Premium Basket Customers,0
C004613,6,688.745,4132.47,1.2,3.25,3,1,0,Budget Occasional Customers,0
C004614,12,917.16,11005.92,1.7142857142857142,4.2,6,2,2,Frequent High-Value Customers,0
C004615,11,783.0681818181819,8613.75,1.375,3.2,6,5,2,Frequent High-Value Customers,0
C004616,10,739.03,7390.3,1.1111111111111112,3.5,3,1,0,Budget Occasional Customers,0
C004617,12,873.1716666666666,10478.06,1.2,2.6666666666666665,5,1,2,Frequent High-Value Customers,0
C004618,22,826.699090909091,18187.38,1.5714285714285714,3.6923076923076925,8,7,2,Frequent High-Value Customers,-1
C004619,9,910.6422222222222,8195.78,1.125,3.0,1,2,1,Premium Basket Customers,0
C004620,8,801.33,6410.64,1.3333333333333333,3.4,3,1,0,Budget Occasional Customers,0
C004621,10,685.86,6858.6,1.25,3.2222222222222223,4,1,0,Budget Occasional Customers,0
C004622,12,724.3008333333333,8691.61,1.2,2.6666666666666665,7,1,2,Frequent High-Value Customers,0
C004623,10,736.488,7364.88,1.4285714285714286,4.0,3,0,0,Budget Occasional Customers,0
C004624,4,1067.9425,4271.77,1.0,2.0,0,0,1,Premium Basket Customers,0
C004625,7,541.72,3792.04,1.1666666666666667,4.0,1,2,0,Budget Occasional Customers,0
C004626,8,526.67625,4213.41,1.3333333333333333,3.5,4,0,0,Budget Occasional Customers,0
C004627,10,736.132,7361.32,1.0,3.888888888888889,3,1,0,Budget Occasional Customers,0
C004628,11,732.9481818181818,8062.429999999999,1.375,3.75,2,2,2,Frequent High-Value Customers,0
C004629,11,691.8881818181818,7610.77,1.0,3.75,4,3,2,Frequent High-Value Customers,0
C004630,9,752.64,6773.76,1.125,3.0,4,3,2,Frequent High-Value Customers,0
C004631,6,600.6916666666667,3604.15,1.0,3.25,4,0,0,Budget Occasional Customers,0
C004632,9,765.9566666666667,6893.610000000001,1.125,3.3333333333333335,6,1,2,Frequent High-Value Customers,0
C004633,8,706.80375,5654.43,1.1428571428571428,3.0,2,2,0,Budget Occasional Customers,0
C004634,11,738.9545454545455,8128.5,1.1,4.166666666666667,2,3,0,Budget Occasional Customers,0
C004635,9,720.81,6487.29,1.125,3.25,2,3,0,Budget Occasional Customers,0
C004636,9,780.2166666666667,7021.95,1.2857142857142858,2.8333333333333335,1,1,0,Budget Occasional Customers,0
C004637,8,752.525,6020.2,1.3333333333333333,3.0,4,3,2,Frequent High-Value Customers,0
C004638,12,662.2141666666666,7946.57,1.3333333333333333,3.8333333333333335,3,3,2,Frequent High-Value Customers,0
C004639,6,533.0133333333333,3198.08,1.2,3.5,5,1,0,Budget Occasional Customers,0
C004640,4,857.15,3428.6,1.3333333333333333,4.333333333333333,1,1,0,Budget Occasional Customers,0
C004641,12,751.245,9014.94,1.5,2.3333333333333335,1,2,2,Frequent High-Value Customers,0
C004642,5,428.76800000000003,2143.84,1.0,5.0,1,2,0,Budget Occasional Customers,-1
C004643,5,1356.374,6781.87,1.25,3.5,4,1,1,Premium Basket Customers,0
C004644,5,739.0600000000001,3695.3,1.0,3.0,1,2,0,Budget Occasional Customers,0
C004645,10,808.438,8084.38,1.6666666666666667,2.5,4,3,2,Frequent High-Value Customers,0
C004646,11,887.45,9761.95,1.1,3.25,3,1,1,Premium Basket Customers,0
C004647,10,959.0049999999999,9590.05,1.4285714285714286,4.0,5,3,2,Frequent High-Value Customers,0
C004648,7,1150.8799999999999,8056.16,1.0,2.25,2,2,1,Premium Basket Customers,0
C004649,7,1013.4928571428571,7094.45,1.0,3.8,2,1,1,Premium Basket Customers,0
C004650,6,648.7833333333333,3892.7,1.0,3.0,0,2,0,Budget Occasional Customers,0
C004651,5,425.776,2128.88,1.0,2.0,2,1,0,Budget Occasional Customers,0
C004652,8,569.4925000000001,4555.9400000000005,1.1428571428571428,3.3333333333333335,7,1,0,Budget Occasional Customers,0
C004653,9,543.9455555555555,4895.51,1.2857142857142858,4.166666666666667,3,5,2,Frequent High-Value Customers,0
C004654,9,862.71,7764.39,1.0,2.7142857142857144,5,1,1,Premium Basket Customers,0
C004655,16,890.105,14241.68,1.3333333333333333,3.3333333333333335,7,2,2,Frequent High-Value Customers,0
C004656,7,745.3771428571429,5217.64,1.4,3.4285714285714284,2,2,0,Budget Occasional Customers,0
C004657,8,630.0525,5040.42,1.1428571428571428,2.75,2,1,0,Budget Occasional Customers,0
C004658,12,727.5174999999999,8730.21,1.3333333333333333,3.4,5,2,2,Frequent High-Value Customers,0
C004659,8,962.6275,7701.02,1.3333333333333333,4.0,3,1,1,Premium Basket Customers,0
C004660,10,744.589,7445.89,1.0,3.25,4,1,0,Budget Occasional Customers,0
C004661,8,467.67875,3741.43,1.6,2.75,3,1,0,Budget Occasional Customers,0
C004662,4,1230.1225,4920.49,1.0,4.0,1,2,1,Premium Basket Customers,0
C004663,10,947.99,9479.9,1.25,3.5714285714285716,1,3,1,Premium Basket Customers,0
C004664,13,913.8884615384615,11880.55,1.4444444444444444,3.857142857142857,5,2,2,Frequent High-Value Customers,0
C004665,8,885.5975,7084.78,1.3333333333333333,3.6666666666666665,5,2,2,Frequent High-Value Customers,0
C004666,10,806.759,8067.59,1.4285714285714286,4.4,3,0,0,Budget Occasional Customers,0
C004667,10,454.83000000000004,4548.3,1.25,3.8,3,0,0,Budget Occasional Customers,0
C004668,10,789.6949999999999,7896.95,1.25,3.4285714285714284,2,3,2,Frequent High-Value Customers,0
C004669,11,598.2818181818183,6581.1,1.0,3.8,3,1,0,Budget Occasional Customers,0
C004670,9,943.0111111111112,8487.1,1.5,3.75,1,2,1,Premium Basket Customers,0
C004671,8,584.0912500000001,4672.7300000000005,1.1428571428571428,2.8333333333333335,4,2,0,Budget Occasional Customers,0
C004672,2,632.22,1264.44,1.0,3.0,1,0,0,Budget Occasional Customers,0
C004673,11,808.5263636363637,8893.79,1.2222222222222223,4.0,4,3,2,Frequent High-Value Customers,0
C004674,11,717.429090909091,7891.72,1.2222222222222223,4.0,5,2,2,Frequent High-Value Customers,0
C004675,10,823.3030000000001,8233.03,1.6666666666666667,3.0,3,3,2,Frequent High-Value Customers,0
C004676,8,649.995,5199.96,1.3333333333333333,2.6666666666666665,3,2,0,Budget Occasional Customers,0
C004677,9,845.36,7608.24,1.8,3.3333333333333335,5,0,2,Frequent High-Value Customers,0
C004678,9,709.49,6385.41,1.125,3.0,3,1,0,Budget Occasional Customers,0
C004679,8,809.8475,6478.78,1.6,2.6666666666666665,4,0,1,Premium Basket Customers,0
C004680,8,989.12375,7912.99,1.3333333333333333,3.3333333333333335,4,0,1,Premium Basket Customers,0
C004681,7,741.2828571428572,5188.9800000000005,1.4,3.8333333333333335,2,0,0,Budget Occasional Customers,0
C004682,10,881.0319999999999,8810.32,1.25,3.0,3,1,1,Premium Basket Customers,0
C004683,7,1214.9428571428573,8504.6,1.1666666666666667,3.6666666666666665,4,0,1,Premium Basket Customers,0
C004684,10,716.7560000000001,7167.56,1.25,4.0,4,2,2,Frequent High-Value Customers,0
C004685,8,694.77,5558.16,1.6,3.1666666666666665,2,1,0,Budget Occasional Customers,0
C004686,7,836.0528571428573,5852.370000000001,1.4,2.75,4,3,2,Frequent High-Value Customers,0
C004687,8,851.5162499999999,6812.129999999999,1.1428571428571428,2.875,3,1,1,Premium Basket Customers,0
C004688,9,1091.711111111111,9825.4,1.125,3.8,2,2,1,Premium Basket Customers,0
C004689,6,849.8249999999999,5098.95,1.0,4.25,0,0,0,Budget Occasional Customers,0
C004690,8,898.285,7186.28,1.1428571428571428,3.2,1,1,1,Premium Basket Customers,0
C004691,13,595.1276923076923,7736.66,1.4444444444444444,3.375,6,3,2,Frequent High-Value Customers,0
C004692,13,852.3307692307692,11080.3,1.1818181818181819,4.428571428571429,2,1,0,Budget Occasional Customers,0
C004693,8,790.125,6321.0,1.3333333333333333,3.1666666666666665,1,1,0,Budget Occasional Customers,0
C004694,10,880.028,8800.28,1.4285714285714286,2.0,4,1,2,Frequent High-Value Customers,0
C004695,14,698.2135714285714,9774.99,1.5555555555555556,2.875,6,3,2,Frequent High-Value Customers,0
C004696,7,953.3357142857143,6673.35,1.0,3.4,2,2,1,Premium Basket Customers,0
C004697,14,556.455,7790.37,1.75,2.4444444444444446,2,1,2,Frequent High-Value Customers,0
C004698,6,1172.23,7033.38,1.0,3.6,1,2,1,Premium Basket Customers,0
C004699,12,772.4699999999999,9269.64,1.3333333333333333,3.5,4,1,2,Frequent High-Value Customers,0
C004700,4,851.2225000000001,3404.8900000000003,1.0,2.3333333333333335,1,0,1,Premium Basket Customers,0
C004701,5,1034.6299999999999,5173.15,2.5,4.333333333333333,2,0,2,Frequent High-Value Customers,-1
C004702,8,905.52125,7244.17,1.3333333333333333,3.8,2,1,1,Premium Basket Customers,0
C004703,6,724.3816666666667,4346.29,1.0,4.25,3,1,0,Budget Occasional Customers,0
C004704,12,997.69,11972.28,1.3333333333333333,3.6,8,4,2,Frequent High-Value Customers,0
C004705,9,1313.7177777777777,11823.46,1.5,3.4,3,2,1,Premium Basket Customers,0
C004706,11,530.2927272727273,5833.22,1.0,3.5,5,1,0,Budget Occasional Customers,0
C004707,14,628.2585714285714,8795.619999999999,1.4,3.625,6,3,2,Frequent High-Value Customers,0
C004708,6,1094.63,6567.780000000001,1.5,3.5,5,2,1,Premium Basket Customers,0
C004709,4,564.9675,2259.87,1.3333333333333333,3.3333333333333335,1,1,0,Budget Occasional Customers,0
C004710,10,668.4590000000001,6684.59,1.6666666666666667,3.8333333333333335,3,1,2,Frequent High-Value Customers,0
C004711,9,831.2411111111111,7481.17,1.125,4.0,3,2,0,Budget Occasional Customers,0
C004712,10,662.2909999999999,6622.91,1.0,3.0,4,3,0,Budget Occasional Customers,0
C004713,8,1065.68875,8525.51,1.6,3.5,1,1,1,Premium Basket Customers,0
C004714,11,760.1718181818181,8361.89,1.1,4.285714285714286,4,2,0,Budget Occasional Customers,0
C004715,8,756.8275,6054.62,1.0,4.0,3,0,0,Budget Occasional Customers,0
C004716,11,651.7472727272726,7169.219999999999,1.5714285714285714,3.142857142857143,1,3,2,Frequent High-Value Customers,0
C004717,10,727.246,7272.46,1.25,4.285714285714286,1,2,0,Budget Occasional Customers,0
C004718,9,761.28,6851.5199999999995,1.125,3.6666666666666665,3,1,0,Budget Occasional Customers,0
C004719,4,942.5825,3770.33,1.0,3.6666666666666665,2,2,1,Premium Basket Customers,0
C004720,11,897.3900000000001,9871.29,1.2222222222222223,3.6666666666666665,5,1,2,Frequent High-Value Customers,0
C004721,6,557.105,3342.63,1.2,4.0,1,0,0,Budget Occasional Customers,0
C004722,13,1204.4153846153845,15657.4,1.4444444444444444,3.4285714285714284,8,4,2,Frequent High-Value Customers,-1
C004723,7,710.8557142857143,4975.99,1.4,4.0,1,2,0,Budget Occasional Customers,0
C004724,9,635.4533333333334,5719.08,1.2857142857142858,3.0,3,2,0,Budget Occasional Customers,0
C004725,10,1015.982,10159.82,1.1111111111111112,3.0,2,4,1,Premium Basket Customers,0
C004726,12,771.1466666666666,9253.76,1.3333333333333333,3.2222222222222223,3,2,2,Frequent High-Value Customers,0
C004727,4,974.855,3899.42,1.0,3.0,0,2,1,Premium Basket Customers,0
C004728,5,1006.808,5034.04,1.0,4.0,2,2,1,Premium Basket Customers,0
C004729,4,839.1524999999999,3356.6099999999997,1.0,3.5,1,1,1,Premium Basket Customers,0
C004730,8,727.9350000000001,5823.4800000000005,1.3333333333333333,3.4285714285714284,5,3,2,Frequent High-Value Customers,0
C004731,10,1034.593,10345.93,1.1111111111111112,3.5714285714285716,4,2,1,Premium Basket Customers,0
C004732,9,851.5811111111111,7664.2300000000005,1.2857142857142858,3.75,5,1,2,Frequent High-Value Customers,0
C004733,15,840.2473333333334,12603.710000000001,1.3636363636363635,3.9,4,1,2,Frequent High-Value Customers,0
C004734,15,575.686,8635.29,1.25,3.375,4,2,2,Frequent High-Value Customers,0
C004735,3,791.0833333333334,2373.25,1.0,4.0,0,0,0,Budget Occasional Customers,0
C004736,11,667.9045454545454,7346.95,1.2222222222222223,2.625,3,1,0,Budget Occasional Customers,0
C004737,9,793.9444444444445,7145.5,1.2857142857142858,3.6,3,2,0,Budget Occasional Customers,0
C004738,6,785.8916666666668,4715.35,1.2,3.25,3,1,0,Budget Occasional Customers,0
C004739,11,683.7163636363637,7520.88,1.1,3.2,1,4,0,Budget Occasional Customers,0
C004740,10,858.192,8581.92,1.25,4.0,2,3,2,Frequent High-Value Customers,0
C004741,10,909.0260000000001,9090.26,1.1111111111111112,3.1666666666666665,4,1,1,Premium Basket Customers,0
C004742,12,829.2266666666666,9950.72,1.5,2.7142857142857144,3,4,2,Frequent High-Value Customers,0
C004743,9,794.1211111111111,7147.09,1.2857142857142858,3.3333333333333335,4,1,0,Budget Occasional Customers,0
C004744,6,839.1383333333333,5034.83,1.0,4.333333333333333,2,0,0,Budget Occasional Customers,0
C004745,9,957.63,8618.67,2.25,4.0,5,1,2,Frequent High-Value Customers,-1
C004746,12,855.4666666666667,10265.6,1.2,2.625,4,2,2,Frequent High-Value Customers,0
C004747,12,939.2916666666666,11271.5,1.2,3.375,3,2,2,Frequent High-Value Customers,0
C004748,6,754.645,4527.87,1.2,2.6,1,1,0,Budget Occasional Customers,0
C004749,13,745.2792307692308,9688.630000000001,1.3,3.7142857142857144,6,1,2,Frequent High-Value Customers,0
C004750,7,782.3785714285714,5476.65,1.1666666666666667,4.5,3,1,0,Budget Occasional Customers,0
C004751,10,1012.375,10123.75,1.1111111111111112,3.8,5,5,2,Frequent High-Value Customers,0
C004752,10,599.3109999999999,5993.11,1.1111111111111112,2.5,4,2,0,Budget Occasional Customers,0
C004753,9,891.19,8020.71,1.2857142857142858,3.5,4,3,2,Frequent High-Value Customers,0
C004754,7,830.6871428571429,5814.81,1.1666666666666667,3.25,1,0,1,Premium Basket Customers,0
C004755,9,685.4888888888888,6169.4,1.2857142857142858,2.4,4,1,0,Budget Occasional Customers,0
C004756,7,746.5542857142857,5225.88,1.1666666666666667,4.5,2,1,0,Budget Occasional Customers,0
C004757,3,1248.1666666666667,3744.5,1.0,4.0,2,2,1,Premium Basket Customers,0
C004758,7,1116.297142857143,7814.08,1.0,3.5,2,3,1,Premium Basket Customers,0
C004759,8,834.4612500000001,6675.6900000000005,1.1428571428571428,3.0,2,3,1,Premium Basket Customers,0
C004760,7,689.0414285714286,4823.29,1.4,3.2,5,2,2,Frequent High-Value Customers,0
C004761,12,740.7041666666668,8888.45,1.3333333333333333,4.0,3,1,2,Frequent High-Value Customers,0
C004762,6,915.9200000000001,5495.52,1.2,2.6666666666666665,2,0,1,Premium Basket Customers,0
C004763,8,851.00375,6808.03,1.1428571428571428,3.25,5,0,1,Premium Basket Customers,0
C004764,8,703.06625,5624.53,1.1428571428571428,3.25,5,2,0,Budget Occasional Customers,0
C004765,7,790.777142857143,5535.4400000000005,1.1666666666666667,4.25,1,1,0,Budget Occasional Customers,0
C004766,10,775.822,7758.22,1.25,4.0,3,1,0,Budget Occasional Customers,0
C004767,4,747.25,2989.0,1.3333333333333333,2.0,1,0,1,Premium Basket Customers,0
C004768,16,649.6125,10393.8,1.3333333333333333,3.4,9,4,2,Frequent High-Value Customers,0
C004769,11,800.5618181818182,8806.18,1.1,3.111111111111111,5,3,2,Frequent High-Value Customers,0
C004770,12,787.3858333333333,9448.63,1.3333333333333333,2.857142857142857,4,2,2,Frequent High-Value Customers,0
C004771,14,896.3807142857142,12549.33,1.4,3.5,6,1,2,Frequent High-Value Customers,0
C004772,12,1037.1858333333332,12446.23,1.0,4.0,1,1,1,Premium Basket Customers,0
C004773,9,480.6588888888889,4325.93,1.5,3.5,3,0,0,Budget Occasional Customers,0
C004774,9,578.1622222222222,5203.46,1.125,3.6,2,1,0,Budget Occasional Customers,0
C004775,12,840.6741666666667,10088.09,1.5,3.6666666666666665,5,3,2,Frequent High-Value Customers,0
C004776,7,587.7157142857143,4114.01,1.0,3.6,1,3,0,Budget Occasional Customers,0
C004777,13,832.0484615384617,10816.630000000001,1.3,2.1666666666666665,6,1,2,Frequent High-Value Customers,0
C004778,6,945.1,5670.6,1.0,3.0,2,1,1,Premium Basket Customers,0
C004779,8,867.32875,6938.63,1.1428571428571428,3.8,1,2,1,Premium Basket Customers,0
C004780,4,603.1624999999999,2412.6499999999996,1.0,3.5,1,1,0,Budget Occasional Customers,0
C004781,9,859.2966666666666,7733.67,1.125,3.8333333333333335,2,1,1,Premium Basket Customers,0
C004782,4,1147.545,4590.18,1.0,2.0,2,1,1,Premium Basket Customers,0
C004783,13,773.0507692307692,10049.66,1.3,3.1666666666666665,6,1,2,Frequent High-Value Customers,0
C004784,11,773.2645454545454,8505.91,1.1,3.5,3,1,0,Budget Occasional Customers,0
C004785,9,657.3233333333333,5915.91,1.125,3.4,2,3,0,Budget Occasional Customers,0
C004786,9,654.1022222222223,5886.92,1.2857142857142858,4.0,5,1,0,Budget Occasional Customers,0
C004787,11,800.1100000000001,8801.210000000001,1.375,4.0,7,3,2,Frequent High-Value Customers,0
C004788,10,641.414,6414.139999999999,1.6666666666666667,3.75,3,1,2,Frequent High-Value Customers,0
C004789,9,716.7933333333334,6451.14,1.2857142857142858,4.0,6,3,2,Frequent High-Value Customers,0
C004790,10,703.6189999999999,7036.19,1.1111111111111112,3.5,4,1,0,Budget Occasional Customers,0
C004791,5,916.124,4580.62,1.0,2.3333333333333335,1,2,1,Premium Basket Customers,0
C004792,13,1089.3838461538462,14161.99,1.4444444444444444,4.375,4,4,2,Frequent High-Value Customers,0
C004793,5,798.262,3991.31,1.0,2.6666666666666665,1,0,1,Premium Basket Customers,0
C004794,9,1020.6022222222223,9185.42,1.125,3.2857142857142856,2,0,1,Premium Basket Customers,0
C004795,8,719.8775,5759.02,1.3333333333333333,3.3333333333333335,2,0,0,Budget Occasional Customers,0
C004796,4,727.8275,2911.31,1.0,4.333333333333333,2,1,0,Budget Occasional Customers,0
C004797,7,875.4171428571428,6127.92,1.1666666666666667,3.6666666666666665,2,0,1,Premium Basket Customers,0
C004798,6,627.8483333333334,3767.09,1.2,3.25,2,0,0,Budget Occasional Customers,0
C004799,5,1373.81,6869.05,1.25,3.0,2,1,1,Premium Basket Customers,0
C004800,10,968.3700000000001,9683.7,1.6666666666666667,3.875,2,6,2,Frequent High-Value Customers,-1
C004801,9,852.0111111111112,7668.1,1.0,3.8,3,1,0,Budget Occasional Customers,0
C004802,10,1112.1299999999999,11121.3,1.25,3.6666666666666665,2,1,1,Premium Basket Customers,0
C004803,9,927.6722222222221,8349.05,1.2857142857142858,4.0,4,0,1,Premium Basket Customers,0
C004804,4,702.46,2809.84,1.3333333333333333,4.5,0,0,0,Budget Occasional Customers,0
C004805,7,1006.6928571428572,7046.85,1.0,3.6666666666666665,2,1,1,Premium Basket Customers,0
C004806,8,909.42,7275.36,1.1428571428571428,3.6,2,1,1,Premium Basket Customers,0
C004807,13,824.0823076923077,10713.07,1.4444444444444444,3.5714285714285716,3,4,2,Frequent High-Value Customers,0
C004808,7,590.0828571428572,4130.58,1.4,3.8333333333333335,3,0,0,Budget Occasional Customers,0
C004809,13,682.016923076923,8866.22,1.4444444444444444,2.9,3,2,2,Frequent High-Value Customers,0
C004810,12,813.8541666666666,9766.25,1.2,3.6,4,2,2,Frequent High-Value Customers,0
C004811,8,729.5262499999999,5836.209999999999,1.1428571428571428,3.0,4,1,0,Budget Occasional Customers,0
C004812,9,815.5033333333333,7339.53,1.2857142857142858,3.8333333333333335,3,2,0,Budget Occasional Customers,0
C004813,8,811.37375,6490.99,1.3333333333333333,4.333333333333333,0,1,0,Budget Occasional Customers,0
C004814,13,614.5792307692308,7989.53,1.4444444444444444,2.5555555555555554,6,2,2,Frequent High-Value Customers,0
C004815,10,565.175,5651.75,1.25,3.7777777777777777,2,2,0,Budget Occasional Customers,0
C004816,13,590.613076923077,7677.97,1.4444444444444444,4.0,3,2,2,Frequent High-Value Customers,0
C004817,14,750.9171428571428,10512.84,1.4,3.0833333333333335,2,2,2,Frequent High-Value Customers,0
C004818,9,666.7755555555555,6000.98,1.2857142857142858,3.8333333333333335,1,1,0,Budget Occasional Customers,0
C004819,11,732.9372727272728,8062.31,1.1,3.5714285714285716,5,4,2,Frequent High-Value Customers,0
C004820,5,690.652,3453.26,1.0,2.6666666666666665,0,0,0,Budget Occasional Customers,0
C004821,11,868.8418181818182,9557.26,1.375,3.6,4,0,2,Frequent High-Value Customers,0
C004822,11,653.9136363636363,7193.05,1.2222222222222223,3.7142857142857144,1,3,0,Budget Occasional Customers,0
C004823,9,825.3977777777777,7428.58,1.125,3.1666666666666665,2,4,1,Premium Basket Customers,0
C004824,15,790.3420000000001,11855.130000000001,1.3636363636363635,3.7,7,2,2,Frequent High-Value Customers,0
C004825,11,616.9336363636364,6786.27,1.375,3.6666666666666665,3,1,0,Budget Occasional Customers,0
C004826,10,887.0870000000001,8870.87,1.4285714285714286,3.8,5,0,2,Frequent High-Value Customers,0
C004827,10,861.525,8615.25,1.25,4.0,1,2,0,Budget Occasional Customers,0
C004828,11,869.9063636363637,9568.970000000001,1.5714285714285714,3.875,1,1,1,Premium Basket Customers,0
C004829,9,703.088888888889,6327.8,1.2857142857142858,3.75,5,1,0,Budget Occasional Customers,0
C004830,7,1030.6057142857142,7214.24,1.4,4.0,3,0,1,Premium Basket Customers,0
C004831,8,664.5387499999999,5316.3099999999995,1.1428571428571428,3.5,1,0,0,Budget Occasional Customers,0
C004832,6,845.965,5075.79,1.5,3.2,2,3,1,Premium Basket Customers,0
C004833,13,754.9599999999999,9814.48,1.4444444444444444,3.25,2,1,2,Frequent High-Value Customers,0
C004834,11,870.0736363636363,9570.81,1.375,3.3333333333333335,1,2,1,Premium Basket Customers,0
C004835,10,783.408,7834.08,1.25,3.75,3,3,2,Frequent High-Value Customers,0
C004836,10,813.2560000000001,8132.56,1.25,3.5714285714285716,4,3,2,Frequent High-Value Customers,0
C004837,6,697.7633333333333,4186.58,1.0,3.5,3,1,0,Budget Occasional Customers,0
C004838,8,1045.4325,8363.46,1.1428571428571428,2.8,1,3,1,Premium Basket Customers,0
C004839,11,667.2918181818181,7340.21,1.1,2.888888888888889,6,5,2,Frequent High-Value Customers,0
C004840,15,1020.3673333333334,15305.51,1.3636363636363635,3.3333333333333335,7,1,2,Frequent High-Value Customers,0
C004841,5,692.528,3462.64,1.25,3.75,2,2,0,Budget Occasional Customers,0
C004842,13,1013.006923076923,13169.09,1.4444444444444444,4.0,6,4,2,Frequent High-Value Customers,0
C004843,8,865.54625,6924.37,1.1428571428571428,3.5,0,1,1,Premium Basket Customers,0
C004844,6,632.0733333333334,3792.44,1.5,4.0,1,1,0,Budget Occasional Customers,0
C004845,12,940.3166666666666,11283.8,1.7142857142857142,3.6,5,3,2,Frequent High-Value Customers,0
C004846,10,904.9350000000001,9049.35,1.25,3.142857142857143,3,0,1,Premium Basket Customers,0
C004847,10,840.393,8403.93,1.1111111111111112,3.4,4,2,2,Frequent High-Value Customers,0
C004848,5,459.416,2297.08,1.6666666666666667,1.5,1,0,0,Budget Occasional Customers,-1
C004849,8,569.67625,4557.41,1.3333333333333333,3.75,3,1,0,Budget Occasional Customers,0
C004850,6,917.1983333333334,5503.1900000000005,1.0,4.0,1,2,1,Premium Basket Customers,0
C004851,12,723.7016666666667,8684.42,1.2,2.5,3,2,2,Frequent High-Value Customers,0
C004852,12,845.2908333333334,10143.49,1.3333333333333333,3.8,3,2,2,Frequent High-Value Customers,0
C004853,6,995.2733333333334,5971.64,1.0,2.8,3,2,1,Premium Basket Customers,0
C004854,3,790.2533333333334,2370.76,1.0,3.5,1,1,0,Budget Occasional Customers,0
C004855,8,744.9350000000001,5959.4800000000005,1.1428571428571428,2.6666666666666665,5,1,0,Budget Occasional Customers,0
C004856,10,759.355,7593.55,1.25,3.142857142857143,1,2,0,Budget Occasional Customers,0
C004857,7,602.7442857142858,4219.21,1.0,3.5,5,2,0,Budget Occasional Customers,0
C004858,7,761.2271428571429,5328.59,1.0,3.1666666666666665,0,1,0,Budget Occasional Customers,0
C004859,7,664.5628571428572,4651.9400000000005,1.1666666666666667,3.75,3,0,0,Budget Occasional Customers,0
C004860,9,745.3766666666666,6708.389999999999,1.2857142857142858,2.6666666666666665,1,3,0,Budget Occasional Customers,0
C004861,7,1062.1914285714286,7435.34,1.0,3.0,1,1,1,Premium Basket Customers,0
C004862,19,909.947894736842,17289.01,1.5833333333333333,3.090909090909091,4,6,2,Frequent High-Value Customers,0
C004863,11,856.45,9420.95,1.375,3.7142857142857144,6,0,2,Frequent High-Value Customers,0
C004864,7,1022.1657142857142,7155.16,1.1666666666666667,3.2,1,2,1,Premium Basket Customers,0
C004865,6,995.2583333333333,5971.55,1.2,3.5,2,1,1,Premium Basket Customers,0
C004866,10,582.4689999999999,5824.69,1.0,3.4285714285714284,2,1,0,Budget Occasional Customers,0
C004867,7,746.5628571428571,5225.94,1.0,3.6,2,1,0,Budget Occasional Customers,0
C004868,8,1012.37625,8099.01,1.3333333333333333,4.166666666666667,6,1,2,Frequent High-Value Customers,0
C004869,11,502.3445454545454,5525.79,1.8333333333333333,2.8333333333333335,3,3,2,Frequent High-Value Customers,0
C004870,4,676.475,2705.9,1.3333333333333333,4.0,3,0,0,Budget Occasional Customers,0
C004871,15,875.9546666666666,13139.32,1.25,3.0,5,4,2,Frequent High-Value Customers,0
C004872,6,680.3249999999999,4081.95,1.2,4.4,1,2,0,Budget Occasional Customers,0
C004873,6,742.9716666666667,4457.83,1.0,3.75,2,0,0,Budget Occasional Customers,0
C004874,13,779.6461538461538,10135.4,1.8571428571428572,3.5714285714285716,4,3,2,Frequent High-Value Customers,0
C004875,10,786.78,7867.799999999999,1.25,3.5714285714285716,3,2,0,Budget Occasional Customers,0
C004876,10,1087.632,10876.32,1.0,3.75,5,2,1,Premium Basket Customers,0
C004877,3,1077.4266666666667,3232.28,1.5,3.5,1,2,1,Premium Basket Customers,0
C004878,8,533.41875,4267.35,1.0,3.2857142857142856,4,1,0,Budget Occasional Customers,0
C004879,12,865.8491666666667,10390.19,1.7142857142857142,4.0,5,2,2,Frequent High-Value Customers,0
C004880,14,737.0135714285715,10318.19,1.4,3.5555555555555554,7,2,2,Frequent High-Value Customers,0
C004881,9,821.088888888889,7389.8,1.5,3.5,1,2,0,Budget Occasional Customers,0
C004882,6,950.6683333333334,5704.01,1.0,4.75,1,0,1,Premium Basket Customers,0
C004883,12,941.0933333333332,11293.119999999999,1.2,2.0,4,2,2,Frequent High-Value Customers,0
C004884,13,721.3223076923077,9377.19,1.1818181818181819,3.8,3,2,2,Frequent High-Value Customers,0
C004885,8,741.19875,5929.59,1.1428571428571428,3.75,4,1,0,Budget Occasional Customers,0
C004886,10,695.531,6955.3099999999995,1.1111111111111112,3.142857142857143,4,2,0,Budget Occasional Customers,0
C004887,11,897.6818181818181,9874.5,1.2222222222222223,3.4444444444444446,1,3,1,Premium Basket Customers,0
C004888,13,750.5553846153846,9757.22,1.1818181818181819,3.4285714285714284,3,2,2,Frequent High-Value Customers,0
C004889,8,824.41375,6595.31,1.6,3.8333333333333335,3,2,2,Frequent High-Value Customers,0
C004890,11,866.2409090909091,9528.65,1.375,3.6,3,2,2,Frequent High-Value Customers,0
C004891,8,842.67375,6741.39,1.3333333333333333,3.5,4,3,2,Frequent High-Value Customers,0
C004892,6,547.74,3286.44,1.2,3.3333333333333335,5,0,0,Budget Occasional Customers,0
C004893,3,1252.5666666666668,3757.7000000000003,1.5,4.0,1,1,1,Premium Basket Customers,-1
C004894,10,725.648,7256.4800000000005,1.25,3.4,4,3,2,Frequent High-Value Customers,0
C004895,10,814.046,8140.46,1.25,3.0,4,0,1,Premium Basket Customers,0
C004896,8,913.28625,7306.29,1.3333333333333333,2.75,3,4,2,Frequent High-Value Customers,0
C004897,10,799.738,7997.38,1.4285714285714286,3.8333333333333335,3,2,2,Frequent High-Value Customers,0
C004898,9,1105.7922222222223,9952.130000000001,1.2857142857142858,3.6,3,3,1,Premium Basket Customers,0
C004899,7,597.16,4180.12,1.4,3.3333333333333335,4,2,0,Budget Occasional Customers,0
C004900,7,1275.652857142857,8929.57,1.1666666666666667,3.25,3,1,1,Premium Basket Customers,0
C004901,11,637.3345454545455,7010.68,1.375,3.0,1,2,0,Budget Occasional Customers,0
C004902,9,786.1266666666667,7075.14,1.125,2.5,2,3,1,Premium Basket Customers,0
C004903,12,820.8216666666667,9849.86,1.7142857142857142,3.7142857142857144,6,3,2,Frequent High-Value Customers,0
C004904,7,778.4157142857142,5448.91,1.0,4.0,2,2,0,Budget Occasional Customers,0
C004905,12,886.0641666666667,10632.77,1.3333333333333333,3.625,6,5,2,Frequent High-Value Customers,0
C004906,9,781.4311111111111,7032.88,1.5,3.4285714285714284,0,2,0,Budget Occasional Customers,0
C004907,9,1040.8255555555556,9367.43,1.8,3.0,5,3,2,Frequent High-Value Customers,0
C004908,9,1093.2966666666666,9839.67,1.125,3.5,2,4,1,Premium Basket Customers,0
C004909,12,929.465,11153.58,1.7142857142857142,2.5714285714285716,6,1,2,Frequent High-Value Customers,0
C004910,10,805.778,8057.78,1.1111111111111112,3.3333333333333335,3,2,0,Budget Occasional Customers,0
C004911,6,830.5683333333333,4983.41,1.0,2.0,3,1,1,Premium Basket Customers,0
C004912,10,678.178,6781.78,1.25,2.6666666666666665,3,0,0,Budget Occasional Customers,0
C004913,11,947.7445454545455,10425.19,1.2222222222222223,3.3333333333333335,3,4,2,Frequent High-Value Customers,0
C004914,6,884.5799999999999,5307.48,1.2,4.333333333333333,2,2,0,Budget Occasional Customers,0
C004915,11,609.9054545454545,6708.96,1.375,3.4545454545454546,4,5,2,Frequent High-Value Customers,0
C004916,7,844.8028571428571,5913.62,1.1666666666666667,3.5,2,3,1,Premium Basket Customers,0
C004917,14,842.4621428571429,11794.470000000001,1.4,3.3333333333333335,4,2,2,Frequent High-Value Customers,0
C004918,10,614.02,6140.2,1.25,4.0,6,1,2,Frequent High-Value Customers,0
C004919,5,877.174,4385.87,1.0,3.5,3,2,1,Premium Basket Customers,0
C004920,10,974.604,9746.04,1.25,3.6666666666666665,5,1,2,Frequent High-Value Customers,0
C004921,6,732.8616666666667,4397.17,1.0,3.0,3,2,0,Budget Occasional Customers,0
C004922,3,501.6933333333333,1505.08,1.0,3.0,0,0,0,Budget Occasional Customers,0
C004923,10,776.055,7760.549999999999,1.1111111111111112,4.0,3,1,0,Budget Occasional Customers,0
C004924,9,666.718888888889,6000.47,1.5,3.8333333333333335,0,2,0,Budget Occasional Customers,0
C004925,8,613.04625,4904.37,1.3333333333333333,3.5,1,2,0,Budget Occasional Customers,0
C004926,9,949.9533333333334,8549.58,1.125,3.3333333333333335,3,2,1,Premium Basket Customers,0
C004927,15,885.19,13277.85,1.5,3.3333333333333335,5,4,2,Frequent High-Value Customers,0
C004928,12,868.2066666666666,10418.48,1.2,3.4285714285714284,4,1,2,Frequent High-Value Customers,0
C004929,7,1047.9514285714286,7335.66,1.1666666666666667,3.0,2,0,1,Premium Basket Customers,0
C004930,7,779.5714285714286,5457.0,1.4,3.2857142857142856,3,1,0,Budget Occasional Customers,0
C004931,12,685.56,8226.72,1.5,3.7142857142857144,2,2,2,Frequent High-Value Customers,0
C004932,8,1029.3375,8234.7,1.0,3.25,3,1,1,Premium Basket Customers,0
C004933,8,679.6575,5437.26,1.3333333333333333,3.3333333333333335,5,0,0,Budget Occasional Customers,0
C004934,8,544.02375,4352.19,1.3333333333333333,4.2,6,3,2,Frequent High-Value Customers,0
C004935,10,694.9069999999999,6949.07,1.4285714285714286,3.8333333333333335,5,2,2,Frequent High-Value Customers,0
C004936,11,873.1472727272728,9604.62,1.2222222222222223,3.4,7,5,2,Frequent High-Value Customers,0
C004937,12,688.6633333333334,8263.960000000001,1.0909090909090908,3.3333333333333335,7,3,2,Frequent High-Value Customers,0
C004938,6,833.8366666666667,5003.02,1.2,3.25,1,0,1,Premium Basket Customers,0
C004939,11,784.4709090909091,8629.18,1.375,3.4285714285714284,3,2,2,Frequent High-Value Customers,0
C004940,6,933.9566666666666,5603.74,1.2,2.6,3,2,1,Premium Basket Customers,0
C004941,0,0.0,0.0,0.0,3.4196588952056444,0,0,0,Budget Occasional Customers,-1
C004942,13,761.0538461538462,9893.7,1.4444444444444444,3.4285714285714284,2,2,2,Frequent High-Value Customers,0
C004943,8,929.70875,7437.67,1.1428571428571428,3.5,2,1,1,Premium Basket Customers,0
C004944,12,800.8258333333333,9609.91,1.3333333333333333,4.0,4,3,2,Frequent High-Value Customers,0
C004945,12,449.6408333333334,5395.6900000000005,1.5,3.142857142857143,6,1,2,Frequent High-Value Customers,0
C004946,8,757.3025,6058.42,1.1428571428571428,3.5,3,0,0,Budget Occasional Customers,0
C004947,13,857.7923076923076,11151.3,1.3,3.5714285714285716,2,1,2,Frequent High-Value Customers,0
C004948,5,741.6020000000001,3708.01,1.0,2.6666666666666665,1,0,0,Budget Occasional Customers,0
C004949,12,947.0425,11364.51,1.3333333333333333,3.6666666666666665,6,3,2,Frequent High-Value Customers,0
C004950,6,543.7533333333333,3262.52,2.0,3.3333333333333335,2,0,0,Budget Occasional Customers,-1
C004951,8,846.0975,6768.78,1.3333333333333333,3.5,2,2,1,Premium Basket Customers,0
C004952,8,1052.87,8422.96,1.0,3.0,4,2,1,Premium Basket Customers,0
C004953,8,757.7625,6062.1,1.3333333333333333,3.3333333333333335,1,2,0,Budget Occasional Customers,0
C004954,12,622.5158333333333,7470.19,1.5,3.375,5,1,2,Frequent High-Value Customers,0
C004955,10,767.5600000000001,7675.6,1.1111111111111112,3.0,3,1,0,Budget Occasional Customers,0
C004956,7,781.4428571428572,5470.1,1.1666666666666667,4.5,3,0,0,Budget Occasional Customers,0
C004957,8,665.51,5324.08,1.3333333333333333,3.5714285714285716,3,1,0,Budget Occasional Customers,0
C004958,7,933.51,6534.57,1.1666666666666667,3.1666666666666665,4,3,1,Premium Basket Customers,0
C004959,4,435.6675,1742.67,1.0,3.0,1,2,0,Budget Occasional Customers,0
C004960,8,638.15375,5105.23,1.6,3.8,2,1,0,Budget Occasional Customers,0
C004961,9,1025.3366666666668,9228.03,1.2857142857142858,3.3333333333333335,4,1,1,Premium Basket Customers,0
C004962,6,1030.3583333333333,6182.15,1.0,4.0,2,2,1,Premium Basket Customers,0
C004963,13,792.9238461538462,10308.01,1.4444444444444444,2.5555555555555554,8,2,2,Frequent High-Value Customers,0
C004964,7,608.7514285714286,4261.26,1.0,4.333333333333333,2,1,0,Budget Occasional Customers,0
C004965,7,679.8228571428572,4758.76,1.0,2.0,4,2,0,Budget Occasional Customers,0
C004966,8,1050.60875,8404.87,1.0,3.1666666666666665,1,2,1,Premium Basket Customers,0
C004967,7,867.5742857142857,6073.0199999999995,1.4,3.5,1,3,1,Premium Basket Customers,0
C004968,7,1014.3471428571429,7100.43,1.0,4.25,2,0,1,Premium Basket Customers,0
C004969,11,815.3081818181818,8968.39,1.375,3.7142857142857144,1,0,0,Budget Occasional Customers,0
C004970,8,898.89375,7191.15,1.1428571428571428,3.0,5,1,1,Premium Basket Customers,0
C004971,8,861.825,6894.6,1.3333333333333333,3.0,2,1,1,Premium Basket Customers,0
C004972,8,686.98,5495.84,1.1428571428571428,2.6666666666666665,1,0,0,Budget Occasional Customers,0
C004973,9,933.3977777777777,8400.58,1.2857142857142858,3.6666666666666665,2,2,1,Premium Basket Customers,0
C004974,9,953.3911111111112,8580.52,1.5,3.5,3,1,1,Premium Basket Customers,0
C004975,7,1043.392857142857,7303.75,1.0,3.75,1,0,1,Premium Basket Customers,0
C004976,6,1025.9566666666667,6155.74,1.0,2.6666666666666665,4,2,1,Premium Basket Customers,0
C004977,8,676.4312500000001,5411.450000000001,1.6,4.4,3,2,0,Budget Occasional Customers,0
C004978,6,1050.9166666666667,6305.5,1.2,4.0,3,0,1,Premium Basket Customers,0
C004979,11,729.74,8027.14,1.2222222222222223,3.7777777777777777,4,3,2,Frequent High-Value Customers,0
C004980,6,1370.55,8223.3,1.2,4.0,0,1,1,Premium Basket Customers,-1
C004981,10,676.424,6764.24,1.0,3.5,6,2,2,Frequent High-Value Customers,0
C004982,4,457.1625,1828.65,1.0,4.0,0,0,0,Budget Occasional Customers,0
C004983,10,943.3459999999999,9433.46,1.1111111111111112,3.6666666666666665,2,1,1,Premium Basket Customers,0
C004984,6,743.0983333333334,4458.59,1.2,3.0,3,0,0,Budget Occasional Customers,0
C004985,11,949.4990909090909,10444.49,1.1,3.8,2,2,1,Premium Basket Customers,0
C004986,16,662.455625,10599.29,1.2307692307692308,3.4545454545454546,4,1,2,Frequent High-Value Customers,0
C004987,8,772.98375,6183.87,1.6,3.8,2,1,0,Budget Occasional Customers,0
C004988,8,816.82125,6534.57,1.3333333333333333,3.4,2,2,0,Budget Occasional Customers,0
C004989,7,572.8714285714286,4010.1000000000004,1.4,3.75,3,0,0,Budget Occasional Customers,0
C004990,11,913.03,10043.33,1.2222222222222223,3.3333333333333335,5,1,2,Frequent High-Value Customers,0
C004991,6,637.0516666666666,3822.31,1.2,2.3333333333333335,0,1,0,Budget Occasional Customers,0
C004992,9,696.2388888888888,6266.15,1.0,3.3333333333333335,4,0,0,Budget Occasional Customers,0
C004993,8,756.21,6049.68,1.3333333333333333,2.5,3,2,0,Budget Occasional Customers,0
C004994,9,572.1466666666666,5149.32,1.0,3.5,4,2,0,Budget Occasional Customers,0
C004995,11,914.0172727272728,10054.19,1.375,2.1666666666666665,1,0,1,Premium Basket Customers,0
C004996,5,1167.8319999999999,5839.16,1.0,4.0,3,1,1,Premium Basket Customers,0
C004997,8,454.31375,3634.51,1.3333333333333333,3.8333333333333335,4,1,0,Budget Occasional Customers,0
C004998,8,751.74875,6013.99,1.3333333333333333,3.4,5,2,2,Frequent High-Value Customers,0
C004999,10,949.7459999999999,9497.46,1.0,3.142857142857143,4,2,1,Premium Basket Customers,0
C005000,10,798.684,7986.84,1.4285714285714286,3.25,2,2,2,Frequent High-Value Customers,0
C005001,6,858.5933333333334,5151.56,1.2,2.6666666666666665,0,0,1,Premium Basket Customers,0
C005002,6,991.1783333333333,5947.07,1.2,1.8,2,2,1,Premium Basket Customers,0
C005003,9,597.548888888889,5377.9400000000005,1.8,2.6666666666666665,4,3,2,Frequent High-Value Customers,0
C005004,7,617.9428571428572,4325.6,1.0,2.75,2,3,0,Budget Occasional Customers,0
C005005,9,816.8244444444445,7351.42,1.2857142857142858,4.0,4,0,0,Budget Occasional Customers,0
C005006,12,666.1533333333333,7993.84,1.3333333333333333,3.2857142857142856,6,5,2,Frequent High-Value Customers,0
C005007,11,760.4118181818183,8364.53,1.2222222222222223,3.0,4,3,2,Frequent High-Value Customers,0
C005008,9,790.2022222222222,7111.82,1.2857142857142858,2.875,4,1,0,Budget Occasional Customers,0
C005009,9,982.0988888888888,8838.89,1.5,4.166666666666667,2,2,1,Premium Basket Customers,0
C005010,13,1008.6500000000001,13112.45,1.4444444444444444,2.7142857142857144,5,2,2,Frequent High-Value Customers,0
C005011,15,890.0400000000001,13350.6,1.6666666666666667,3.0,8,3,2,Frequent High-Value Customers,0
C005012,9,927.7466666666666,8349.72,1.2857142857142858,4.0,3,1,1,Premium Basket Customers,0
C005013,10,581.434,5814.34,1.25,3.2,4,0,0,Budget Occasional Customers,0
C005014,9,731.4011111111112,6582.610000000001,1.2857142857142858,3.5,2,2,0,Budget Occasional Customers,0
C005015,11,920.0963636363635,10121.06,1.5714285714285714,3.0,3,1,2,Frequent High-Value Customers,0
C005016,8,744.81875,5958.55,1.1428571428571428,3.0,4,0,0,Budget Occasional Customers,0
C005017,11,688.0372727272727,7568.41,1.375,2.375,4,3,2,Frequent High-Value Customers,0
C005018,10,659.158,6591.58,1.25,3.6,5,0,0,Budget Occasional Customers,0
C005019,12,1001.5233333333332,12018.279999999999,1.2,3.5,4,1,1,Premium Basket Customers,0
C005020,8,972.47375,7779.79,1.1428571428571428,3.4285714285714284,2,1,1,Premium Basket Customers,0
C005021,7,1031.9385714285713,7223.57,1.0,3.6666666666666665,3,1,1,Premium Basket Customers,0
C005022,17,802.28,13638.76,1.5454545454545454,3.3,5,4,2,Frequent High-Value Customers,0
C005023,3,1100.9433333333334,3302.83,1.0,3.0,1,0,1,Premium Basket Customers,0
C005024,6,823.5799999999999,4941.48,1.5,5.0,1,0,0,Budget Occasional Customers,0
C005025,13,789.6246153846153,10265.119999999999,1.4444444444444444,3.142857142857143,3,3,2,Frequent High-Value Customers,0
C005026,15,1002.0213333333334,15030.32,1.25,3.6363636363636362,6,2,2,Frequent High-Value Customers,0
C005027,15,809.6093333333333,12144.14,1.3636363636363635,2.5714285714285716,4,3,2,Frequent High-Value Customers,0
C005028,11,1089.9581818181819,11989.54,1.2222222222222223,3.6666666666666665,3,3,1,Premium Basket Customers,0
C005029,5,726.116,3630.58,1.25,3.75,0,1,0,Budget Occasional Customers,0
C005030,5,650.374,3251.87,1.25,3.0,3,1,0,Budget Occasional Customers,0
C005031,9,949.5022222222223,8545.52,1.5,4.142857142857143,2,0,1,Premium Basket Customers,0
C005032,11,798.7727272727273,8786.5,1.5714285714285714,2.75,2,1,2,Frequent High-Value Customers,0
C005033,9,639.7144444444444,5757.43,1.5,2.857142857142857,2,3,2,Frequent High-Value Customers,0
C005034,10,717.766,7177.66,1.1111111111111112,3.7142857142857144,1,2,0,Budget Occasional Customers,0
C005035,13,841.6315384615385,10941.210000000001,1.3,3.6666666666666665,3,1,2,Frequent High-Value Customers,0
C005036,6,684.6883333333334,4108.13,1.2,3.75,3,2,0,Budget Occasional Customers,0
C005037,7,813.66,5695.62,1.1666666666666667,2.2,3,1,1,Premium Basket Customers,0
C005038,7,735.3299999999999,5147.3099999999995,1.1666666666666667,3.0,2,1,0,Budget Occasional Customers,0
C005039,16,723.0756250000001,11569.210000000001,1.6,3.1,9,5,2,Frequent High-Value Customers,0
C005040,8,564.97875,4519.83,1.1428571428571428,3.0,3,2,0,Budget Occasional Customers,0
C005041,9,854.6422222222222,7691.78,1.2857142857142858,4.0,1,1,0,Budget Occasional Customers,0
C005042,9,714.5077777777777,6430.57,1.5,2.8,1,1,0,Budget Occasional Customers,0
C005043,11,1157.4854545454546,12732.34,1.375,3.9,2,2,1,Premium Basket Customers,0
C005044,9,816.07,7344.63,1.125,3.0,3,2,1,Premium Basket Customers,0
C005045,6,667.0333333333333,4002.2,1.5,2.6666666666666665,3,1,0,Budget Occasional Customers,0
C005046,11,585.2336363636364,6437.57,1.8333333333333333,3.4285714285714284,7,7,2,Frequent High-Value Customers,-1
C005047,6,1015.4266666666667,6092.56,1.2,2.5,2,0,1,Premium Basket Customers,0
C005048,12,606.7141666666666,7280.57,1.5,3.5555555555555554,3,0,0,Budget Occasional Customers,0
C005049,12,792.6658333333334,9511.99,1.7142857142857142,4.4,4,1,2,Frequent High-Value Customers,0
C005050,11,763.7863636363636,8401.65,1.375,2.75,4,2,2,Frequent High-Value Customers,0
C005051,6,668.9116666666667,4013.4700000000003,1.2,3.6666666666666665,3,1,0,Budget Occasional Customers,0
C005052,7,1025.2457142857143,7176.72,1.1666666666666667,2.5,2,1,1,Premium Basket Customers,0
C005053,8,809.2775,6474.22,1.1428571428571428,3.7142857142857144,1,3,0,Budget Occasional Customers,0
C005054,10,681.63,6816.3,1.6666666666666667,4.0,6,3,2,Frequent High-Value Customers,0
C005055,5,1284.428,6422.14,1.25,3.0,2,0,1,Premium Basket Customers,0
C005056,7,829.8857142857144,5809.200000000001,1.0,4.25,1,2,0,Budget Occasional Customers,0
C005057,9,650.7955555555556,5857.16,1.2857142857142858,3.0,4,4,2,Frequent High-Value Customers,0
C005058,12,888.61,10663.32,1.3333333333333333,3.857142857142857,4,3,2,Frequent High-Value Customers,0
C005059,13,804.8830769230769,10463.48,1.625,3.4444444444444446,5,5,2,Frequent High-Value Customers,0
C005060,10,927.49,9274.9,1.25,2.8,2,2,1,Premium Basket Customers,0
C005061,12,995.0958333333333,11941.15,1.5,4.125,4,2,2,Frequent High-Value Customers,0
C005062,12,889.8458333333333,10678.15,1.3333333333333333,2.5714285714285716,4,3,2,Frequent High-Value Customers,0
C005063,9,747.8,6730.2,1.2857142857142858,4.25,4,1,0,Budget Occasional Customers,0
C005064,11,648.2318181818182,7130.55,1.5714285714285714,3.25,4,2,2,Frequent High-Value Customers,0
C005065,9,833.5666666666667,7502.1,1.2857142857142858,3.5,5,1,2,Frequent High-Value Customers,0
C005066,13,816.8207692307692,10618.67,1.0833333333333333,3.142857142857143,2,6,2,Frequent High-Value Customers,-1
C005067,6,741.1616666666667,4446.97,1.2,3.5,4,1,0,Budget Occasional Customers,0
C005068,8,856.205,6849.64,1.3333333333333333,4.4,4,2,2,Frequent High-Value Customers,0
C005069,12,733.8466666666667,8806.16,1.0909090909090908,2.8,1,6,2,Frequent High-Value Customers,-1
C005070,9,782.51,7042.59,1.2857142857142858,3.8,4,2,2,Frequent High-Value Customers,0
C005071,11,895.7836363636364,9853.62,1.2222222222222223,3.75,3,1,1,Premium Basket Customers,0
C005072,8,620.345,4962.76,1.0,3.5,1,3,0,Budget Occasional Customers,0
C005073,8,744.49875,5955.99,1.0,4.2,2,3,0,Budget Occasional Customers,0
C005074,8,648.10875,5184.87,1.3333333333333333,3.75,4,3,2,Frequent High-Value Customers,0
C005075,9,971.8622222222223,8746.76,1.2857142857142858,3.375,5,3,2,Frequent High-Value Customers,0
C005076,13,788.2069230769231,10246.69,1.3,4.0,3,3,2,Frequent High-Value Customers,0
C005077,14,957.5414285714286,13405.58,1.75,3.125,2,0,2,Frequent High-Value Customers,0
C005078,8,723.3149999999999,5786.5199999999995,1.3333333333333333,3.25,2,1,0,Budget Occasional Customers,0
C005079,7,961.7928571428572,6732.55,1.1666666666666667,3.0,3,2,1,Premium Basket Customers,0
C005080,7,629.9285714285714,4409.5,1.1666666666666667,3.5,3,1,0,Budget Occasional Customers,0
C005081,8,695.08375,5560.67,1.0,4.0,1,1,0,Budget Occasional Customers,0
C005082,8,670.47875,5363.83,1.1428571428571428,3.6,3,2,0,Budget Occasional Customers,0
C005083,7,561.7842857142857,3932.4900000000002,1.1666666666666667,3.5,4,1,0,Budget Occasional Customers,0
C005084,8,803.9075,6431.26,1.3333333333333333,3.5,1,1,0,Budget Occasional Customers,0
C005085,9,854.8511111111111,7693.66,1.125,2.75,2,2,1,Premium Basket Customers,0
C005086,8,809.1075,6472.86,1.3333333333333333,3.8,2,1,0,Budget Occasional Customers,0
C005087,9,615.2288888888888,5537.0599999999995,1.2857142857142858,3.0,2,1,0,Budget Occasional Customers,0
C005088,13,710.086923076923,9231.13,1.4444444444444444,3.0,2,5,2,Frequent High-Value Customers,0
C005089,15,746.5493333333333,11198.24,1.5,4.333333333333333,6,5,2,Frequent High-Value Customers,0
C005090,12,740.8475,8890.17,1.0909090909090908,3.2857142857142856,4,1,0,Budget Occasional Customers,0
C005091,7,729.1528571428571,5104.07,2.3333333333333335,3.6,1,0,2,Frequent High-Value Customers,-1
C005092,15,1015.8526666666666,15237.789999999999,1.25,3.6,3,3,2,Frequent High-Value Customers,0
C005093,11,529.749090909091,5827.240000000001,1.375,3.125,3,2,2,Frequent High-Value Customers,0
C005094,6,573.3333333333334,3440.0,1.5,4.0,2,0,0,Budget Occasional Customers,0
C005095,11,944.2981818181817,10387.279999999999,1.5714285714285714,3.5,1,1,1,Premium Basket Customers,0
C005096,7,736.3100000000001,5154.17,1.1666666666666667,4.5,3,2,0,Budget Occasional Customers,0
C005097,2,714.7,1429.4,1.0,3.5,0,1,0,Budget Occasional Customers,0
C005098,9,697.2777777777778,6275.5,1.2857142857142858,3.25,1,1,0,Budget Occasional Customers,0
C005099,9,851.8155555555555,7666.34,1.2857142857142858,2.6666666666666665,0,0,1,Premium Basket Customers,0
C005100,13,753.1461538461538,9790.9,1.3,3.857142857142857,5,3,2,Frequent High-Value Customers,0
C005101,13,762.7938461538462,9916.32,1.1818181818181819,3.125,5,4,2,Frequent High-Value Customers,0
C005102,9,626.5044444444444,5638.54,1.2857142857142858,3.1666666666666665,3,3,0,Budget Occasional Customers,0
C005103,13,680.2361538461538,8843.07,1.0833333333333333,3.375,5,3,2,Frequent High-Value Customers,0
C005104,9,984.1711111111113,8857.54,1.2857142857142858,4.166666666666667,0,3,1,Premium Basket Customers,0
C005105,7,820.6614285714286,5744.63,1.0,4.0,1,2,0,Budget Occasional Customers,0
C005106,15,803.8066666666667,12057.1,1.3636363636363635,3.6,7,5,2,Frequent High-Value Customers,0
C005107,12,810.6666666666666,9728.0,1.3333333333333333,3.0,7,2,2,Frequent High-Value Customers,0
C005108,9,610.8277777777778,5497.45,1.2857142857142858,4.0,2,3,0,Budget Occasional Customers,0
C005109,7,845.0257142857143,5915.18,1.1666666666666667,2.5,1,3,1,Premium Basket Customers,0
C005110,6,896.3516666666666,5378.11,2.0,2.6666666666666665,1,1,1,Premium Basket Customers,-1
C005111,7,744.2542857142856,5209.78,1.1666666666666667,3.6666666666666665,2,2,0,Budget Occasional Customers,0
C005112,10,729.067,7290.67,1.25,3.6,6,2,2,Frequent High-Value Customers,0
C005113,10,666.643,6666.43,1.25,2.7142857142857144,4,1,0,Budget Occasional Customers,0
C005114,16,537.120625,8593.93,1.4545454545454546,3.5,5,2,2,Frequent High-Value Customers,0
C005115,10,721.933,7219.33,1.25,4.2,5,3,2,Frequent High-Value Customers,0
C005116,9,779.4977777777777,7015.48,1.2857142857142858,3.75,3,0,0,Budget Occasional Customers,0
C005117,8,968.22125,7745.77,1.1428571428571428,2.8,3,0,1,Premium Basket Customers,0
C005118,10,818.859,8188.59,1.4285714285714286,3.6666666666666665,6,0,2,Frequent High-Value Customers,0
C005119,7,606.0814285714285,4242.57,1.0,3.3333333333333335,3,2,0,Budget Occasional Customers,0
C005120,8,927.4649999999999,7419.719999999999,1.1428571428571428,3.6666666666666665,4,3,1,Premium Basket Customers,0
C005121,5,833.5959999999999,4167.98,1.0,3.0,1,1,1,Premium Basket Customers,0
C005122,6,510.37166666666667,3062.23,1.2,3.5,0,2,0,Budget Occasional Customers,0
C005123,5,875.5360000000001,4377.68,1.0,3.0,1,3,1,Premium Basket Customers,0
C005124,4,846.025,3384.1,1.3333333333333333,3.4196588952056444,1,0,1,Premium Basket Customers,0
C005125,7,604.6814285714287,4232.77,1.1666666666666667,2.5,5,2,0,Budget Occasional Customers,0
C005126,15,895.8666666666667,13438.0,1.6666666666666667,3.3333333333333335,7,3,2,Frequent High-Value Customers,0
C005127,6,898.2933333333334,5389.76,1.0,4.0,0,0,1,Premium Basket Customers,0
C005128,8,840.445,6723.56,1.1428571428571428,3.6,5,3,2,Frequent High-Value Customers,0
C005129,5,1088.42,5442.1,1.25,4.5,3,2,1,Premium Basket Customers,0
C005130,10,788.783,7887.83,1.6666666666666667,3.875,2,2,2,Frequent High-Value Customers,0
C005131,10,846.057,8460.57,1.4285714285714286,3.4285714285714284,5,1,2,Frequent High-Value Customers,0
C005132,10,501.468,5014.68,1.6666666666666667,3.2857142857142856,5,2,2,Frequent High-Value Customers,0
C005133,7,725.5442857142856,5078.8099999999995,1.0,2.4,4,1,0,Budget Occasional Customers,0
C005134,12,733.4366666666666,8801.24,1.3333333333333333,3.4285714285714284,5,1,2,Frequent High-Value Customers,0
C005135,6,1279.3883333333333,7676.33,1.0,3.0,4,0,1,Premium Basket Customers,0
C005136,13,858.6261538461538,11162.14,1.3,4.0,6,3,2,Frequent High-Value Customers,0
C005137,12,722.8458333333333,8674.15,1.3333333333333333,3.4285714285714284,2,4,2,Frequent High-Value Customers,0
C005138,15,910.33,13654.95,1.5,3.7,5,2,2,Frequent High-Value Customers,0
C005139,7,665.2128571428572,4656.49,1.0,2.75,2,3,0,Budget Occasional Customers,0
C005140,4,501.245,2004.98,1.0,2.0,1,0,0,Budget Occasional Customers,0
C005141,9,798.6944444444445,7188.25,1.2857142857142858,3.5,0,0,0,Budget Occasional Customers,0
C005142,13,592.4776923076923,7702.21,1.4444444444444444,3.25,5,3,2,Frequent High-Value Customers,0
C005143,7,756.407142857143,5294.85,1.1666666666666667,2.6666666666666665,1,0,0,Budget Occasional Customers,0
C005144,13,857.396923076923,11146.16,1.3,2.6,5,3,2,Frequent High-Value Customers,0
C005145,5,632.1220000000001,3160.61,1.25,2.5,1,0,0,Budget Occasional Customers,0
C005146,5,995.6619999999999,4978.3099999999995,1.0,4.0,2,0,1,Premium Basket Customers,0
C005147,15,744.0026666666666,11160.039999999999,1.3636363636363635,3.4166666666666665,3,3,2,Frequent High-Value Customers,0
C005148,6,830.5816666666666,4983.49,1.2,4.666666666666667,1,1,0,Budget Occasional Customers,0
C005149,11,664.819090909091,7313.01,1.375,4.0,3,1,0,Budget Occasional Customers,0
C005150,10,1056.239,10562.39,1.4285714285714286,3.2857142857142856,6,1,2,Frequent High-Value Customers,0
C005151,11,1209.6472727272728,13306.12,1.2222222222222223,3.5714285714285716,4,3,1,Premium Basket Customers,0
C005152,10,1003.2299999999999,10032.3,1.6666666666666667,2.6666666666666665,3,1,2,Frequent High-Value Customers,0
C005153,8,975.8299999999999,7806.639999999999,1.1428571428571428,3.5,4,0,1,Premium Basket Customers,0
C005154,12,1186.5991666666666,14239.19,1.2,3.5555555555555554,1,3,1,Premium Basket Customers,0
C005155,5,464.38599999999997,2321.93,1.25,4.0,1,2,0,Budget Occasional Customers,0
C005156,8,625.5075,5004.06,1.1428571428571428,3.142857142857143,2,2,0,Budget Occasional Customers,0
C005157,11,691.73,7609.03,1.375,4.2,3,1,0,Budget Occasional Customers,0
C005158,9,790.6588888888889,7115.93,1.125,3.4285714285714284,3,1,0,Budget Occasional Customers,0
C005159,5,702.7,3513.5,1.25,3.0,0,3,0,Budget Occasional Customers,0
C005160,4,804.3675000000001,3217.4700000000003,1.3333333333333333,3.3333333333333335,2,1,0,Budget Occasional Customers,0
C005161,13,556.343076923077,7232.46,1.625,3.7777777777777777,5,2,2,Frequent High-Value Customers,0
C005162,7,900.5071428571429,6303.55,1.4,4.0,1,3,1,Premium Basket Customers,0
C005163,12,712.6841666666666,8552.21,1.5,3.375,2,4,2,Frequent High-Value Customers,0
C005164,14,747.6292857142856,10466.81,1.5555555555555556,3.6,4,4,2,Frequent High-Value Customers,0
C005165,9,819.9288888888889,7379.36,1.8,3.75,3,1,2,Frequent High-Value Customers,0
C005166,11,658.2254545454546,7240.4800000000005,1.2222222222222223,3.0,3,3,2,Frequent High-Value Customers,0
C005167,9,690.6111111111111,6215.5,1.125,3.5714285714285716,4,2,0,Budget Occasional Customers,0
C005168,9,778.2577777777777,7004.32,1.2857142857142858,2.0,3,2,1,Premium Basket Customers,0
C005169,10,713.2,7132.0,1.6666666666666667,3.2857142857142856,1,2,2,Frequent High-Value Customers,0
C005170,5,1161.742,5808.71,1.0,3.0,2,1,1,Premium Basket Customers,0
C005171,14,991.3971428571429,13879.56,1.75,3.9166666666666665,3,2,2,Frequent High-Value Customers,0
C005172,5,988.836,4944.18,1.0,2.6666666666666665,1,0,1,Premium Basket Customers,0
C005173,13,791.3653846153846,10287.75,1.3,3.7142857142857144,6,0,2,Frequent High-Value Customers,0
C005174,9,789.7455555555556,7107.71,1.2857142857142858,4.0,4,3,2,Frequent High-Value Customers,0
C005175,9,819.6677777777778,7377.01,1.0,3.5,2,1,0,Budget Occasional Customers,0
C005176,12,688.6550000000001,8263.86,1.2,4.166666666666667,5,1,2,Frequent High-Value Customers,0
C005177,6,794.1700000000001,4765.02,1.2,2.6666666666666665,1,1,1,Premium Basket Customers,0
C005178,8,706.4225,5651.38,1.1428571428571428,3.8,5,1,0,Budget Occasional Customers,0
C005179,4,1114.02,4456.08,1.0,3.5,2,2,1,Premium Basket Customers,0
C005180,11,899.1481818181819,9890.630000000001,1.375,3.3,6,1,2,Frequent High-Value Customers,0
C005181,12,1010.7599999999999,12129.119999999999,1.5,4.0,4,3,2,Frequent High-Value Customers,0
C005182,9,888.0244444444445,7992.22,1.125,3.5,1,3,1,Premium Basket Customers,0
C005183,11,553.9527272727272,6093.48,1.2222222222222223,2.6666666666666665,2,3,0,Budget Occasional Customers,0
C005184,14,859.3771428571429,12031.28,1.2727272727272727,3.4,4,2,2,Frequent High-Value Customers,0
C005185,8,754.1125,6032.9,1.3333333333333333,3.0,3,3,2,Frequent High-Value Customers,0
C005186,10,821.3030000000001,8213.03,1.4285714285714286,3.6,4,4,2,Frequent High-Value Customers,0
C005187,6,708.4183333333334,4250.51,1.0,2.5,4,1,0,Budget Occasional Customers,0
C005188,11,872.0381818181818,9592.42,1.375,4.166666666666667,3,1,2,Frequent High-Value Customers,0
C005189,10,992.917,9929.17,1.1111111111111112,3.6666666666666665,2,2,1,Premium Basket Customers,0
C005190,11,629.0036363636364,6919.04,1.2222222222222223,3.3333333333333335,2,2,0,Budget Occasional Customers,0
C005191,6,750.9283333333333,4505.57,1.0,4.0,3,1,0,Budget Occasional Customers,0
C005192,4,635.1575,2540.63,1.3333333333333333,3.0,1,2,0,Budget Occasional Customers,0
C005193,9,640.4966666666667,5764.47,1.125,3.25,1,2,0,Budget Occasional Customers,0
C005194,5,686.2760000000001,3431.38,1.0,4.0,2,0,0,Budget Occasional Customers,0
C005195,3,546.2866666666666,1638.86,1.0,2.5,1,0,0,Budget Occasional Customers,0
C005196,9,628.6411111111112,5657.77,1.8,3.0,4,3,2,Frequent High-Value Customers,0
C005197,7,759.66,5317.62,1.0,2.6666666666666665,2,2,0,Budget Occasional Customers,0
C005198,5,1104.142,5520.71,1.25,3.6666666666666665,5,2,1,Premium Basket Customers,0
C005199,11,880.4436363636364,9684.880000000001,1.5714285714285714,3.6,7,1,2,Frequent High-Value Customers,0
C005200,12,901.0491666666667,10812.59,1.2,3.6666666666666665,6,4,2,Frequent High-Value Customers,0
C005201,8,896.64125,7173.13,1.3333333333333333,3.5,4,1,1,Premium Basket Customers,0
C005202,14,674.1457142857143,9438.04,1.2727272727272727,3.6666666666666665,3,4,2,Frequent High-Value Customers,0
C005203,8,993.69375,7949.55,1.6,4.4,5,3,2,Frequent High-Value Customers,0
C005204,8,991.84125,7934.73,1.6,3.0,3,1,1,Premium Basket Customers,0
C005205,7,1161.6771428571428,8131.74,1.0,3.4,5,1,1,Premium Basket Customers,0
C005206,6,996.7883333333333,5980.73,1.0,4.25,3,1,1,Premium Basket Customers,0
C005207,15,888.8926666666666,13333.39,1.5,4.222222222222222,2,1,2,Frequent High-Value Customers,0
C005208,8,554.15625,4433.25,1.1428571428571428,4.0,4,1,0,Budget Occasional Customers,0
C005209,13,889.3184615384615,11561.14,1.625,3.5714285714285716,4,3,2,Frequent High-Value Customers,0
C005210,7,685.4857142857143,4798.4,1.0,2.0,1,0,0,Budget Occasional Customers,0
C005211,7,751.5600000000001,5260.92,1.1666666666666667,3.2,4,1,0,Budget Occasional Customers,0
C005212,12,526.3033333333334,6315.64,1.3333333333333333,3.375,1,0,0,Budget Occasional Customers,0
C005213,10,787.949,7879.49,1.25,3.8,4,0,0,Budget Occasional Customers,0
C005214,4,611.4475,2445.79,1.0,3.5,4,2,0,Budget Occasional Customers,0
C005215,16,922.06,14752.96,1.6,3.888888888888889,5,5,2,Frequent High-Value Customers,0
C005216,8,944.93625,7559.49,1.6,4.0,2,0,1,Premium Basket Customers,0
C005217,9,820.3277777777778,7382.95,1.125,3.0,3,0,1,Premium Basket Customers,0
C005218,8,831.9862499999999,6655.889999999999,1.3333333333333333,3.25,1,1,1,Premium Basket Customers,0
C005219,8,800.12625,6401.01,1.6,2.8,2,2,2,Frequent High-Value Customers,0
C005220,8,691.5024999999999,5532.0199999999995,1.6,3.6666666666666665,2,3,2,Frequent High-Value Customers,0
C005221,8,1175.2325,9401.86,1.6,2.6666666666666665,1,2,1,Premium Basket Customers,0
C005222,12,594.1675,7130.01,1.3333333333333333,3.7777777777777777,4,2,2,Frequent High-Value Customers,0
C005223,5,1132.234,5661.17,1.25,3.5,2,1,1,Premium Basket Customers,0
C005224,11,785.27,8637.97,1.2222222222222223,3.5714285714285716,4,1,2,Frequent High-Value Customers,0
C005225,10,552.395,5523.95,1.25,3.0,4,2,0,Budget Occasional Customers,0
C005226,14,839.3014285714286,11750.22,1.2727272727272727,2.6666666666666665,5,1,2,Frequent High-Value Customers,0
C005227,12,829.0025,9948.03,1.7142857142857142,3.8,3,2,2,Frequent High-Value Customers,0
C005228,7,1005.3214285714286,7037.25,1.4,4.0,2,1,1,Premium Basket Customers,0
C005229,8,1223.64375,9789.15,1.3333333333333333,2.6666666666666665,5,0,1,Premium Basket Customers,0
C005230,15,733.3773333333334,11000.66,1.3636363636363635,3.6,6,1,2,Frequent High-Value Customers,0
C005231,12,974.8733333333333,11698.48,1.5,2.7777777777777777,1,2,1,Premium Basket Customers,0
C005232,11,1262.3890909090908,13886.279999999999,1.2222222222222223,3.5,3,1,1,Premium Basket Customers,0
C005233,9,1002.3311111111111,9020.98,1.5,3.3333333333333335,1,0,1,Premium Basket Customers,0
C005234,13,663.2915384615385,8622.79,1.625,3.7142857142857144,5,3,2,Frequent High-Value Customers,0
C005235,12,801.2933333333334,9615.52,1.3333333333333333,3.0,2,3,2,Frequent High-Value Customers,0
C005236,7,834.26,5839.82,1.4,4.0,4,1,0,Budget Occasional Customers,0
C005237,17,741.5205882352941,12605.85,1.7,2.9,7,3,2,Frequent High-Value Customers,0
C005238,15,794.5673333333333,11918.51,1.3636363636363635,3.1818181818181817,7,5,2,Frequent High-Value Customers,0
C005239,11,608.2218181818181,6690.44,1.2222222222222223,3.2,2,3,0,Budget Occasional Customers,0
C005240,9,914.1488888888889,8227.34,1.5,3.0,3,1,1,Premium Basket Customers,0
C005241,10,573.105,5731.05,1.4285714285714286,3.1666666666666665,7,1,2,Frequent High-Value Customers,0
C005242,10,781.83,7818.3,1.4285714285714286,3.0,5,1,2,Frequent High-Value Customers,0
C005243,8,448.02500000000003,3584.2000000000003,1.3333333333333333,2.8333333333333335,2,2,0,Budget Occasional Customers,0
C005244,7,918.1685714285715,6427.18,1.1666666666666667,3.6,1,3,1,Premium Basket Customers,0
C005245,9,875.5288888888889,7879.76,1.125,3.6666666666666665,3,1,1,Premium Basket Customers,0
C005246,13,711.4161538461539,9248.41,1.625,3.2222222222222223,5,2,2,Frequent High-Value Customers,0
C005247,6,418.0516666666667,2508.31,1.0,4.666666666666667,3,3,0,Budget Occasional Customers,0
C005248,8,693.07125,5544.57,1.1428571428571428,4.0,3,2,0,Budget Occasional Customers,0
C005249,10,664.585,6645.85,1.4285714285714286,3.4285714285714284,2,1,0,Budget Occasional Customers,0
C005250,11,852.5945454545454,9378.539999999999,1.2222222222222223,3.125,4,3,2,Frequent High-Value Customers,0
C005251,9,767.32,6905.88,1.125,4.166666666666667,2,2,0,Budget Occasional Customers,0
C005252,8,745.2825,5962.26,1.1428571428571428,3.75,1,3,0,Budget Occasional Customers,0
C005253,12,794.2641666666667,9531.17,1.0909090909090908,4.0,3,0,0,Budget Occasional Customers,0
C005254,9,716.7922222222222,6451.13,1.5,3.5714285714285716,3,2,2,Frequent High-Value Customers,0
C005255,8,508.10125,4064.81,1.1428571428571428,3.25,1,4,0,Budget Occasional Customers,0
C005256,14,695.49,9736.86,1.4,3.0,4,5,2,Frequent High-Value Customers,0
C005257,8,731.40875,5851.27,1.3333333333333333,3.1666666666666665,2,1,0,Budget Occasional Customers,0
C005258,12,651.1733333333333,7814.08,1.3333333333333333,3.6666666666666665,2,0,0,Budget Occasional Customers,0
C005259,10,479.97799999999995,4799.78,1.1111111111111112,3.75,5,3,0,Budget Occasional Customers,0
C005260,7,788.4685714285714,5519.28,1.4,3.2,2,3,0,Budget Occasional Customers,0
C005261,9,799.8255555555556,7198.43,1.5,3.7142857142857144,4,4,2,Frequent High-Value Customers,0
C005262,11,829.6309090909091,9125.94,1.375,3.0,6,1,2,Frequent High-Value Customers,0
C005263,10,792.816,7928.16,1.1111111111111112,4.25,3,1,0,Budget Occasional Customers,0
C005264,6,862.6133333333333,5175.68,1.2,2.6666666666666665,3,0,1,Premium Basket Customers,0
C005265,6,488.6783333333333,2932.0699999999997,1.2,3.75,1,0,0,Budget Occasional Customers,0
C005266,19,909.1284210526316,17273.44,1.3571428571428572,3.357142857142857,11,3,2,Frequent High-Value Customers,-1
C005267,9,757.8266666666667,6820.4400000000005,1.125,3.4,3,1,0,Budget Occasional Customers,0
C005268,7,973.5257142857143,6814.68,1.1666666666666667,2.5,1,2,1,Premium Basket Customers,0
C005269,9,488.0111111111112,4392.1,1.2857142857142858,4.0,3,3,0,Budget Occasional Customers,0
C005270,10,1018.6600000000001,10186.6,1.25,2.8333333333333335,3,4,2,Frequent High-Value Customers,0
C005271,4,690.1625,2760.65,1.0,2.0,3,2,0,Budget Occasional Customers,0
C005272,8,606.0625,4848.5,1.3333333333333333,4.25,4,4,2,Frequent High-Value Customers,0
C005273,11,861.6581818181818,9478.24,1.2222222222222223,2.6666666666666665,4,2,2,Frequent High-Value Customers,0
C005274,9,790.86,7117.74,1.5,2.8,4,1,2,Frequent High-Value Customers,0
C005275,13,895.2776923076924,11638.61,1.3,3.111111111111111,5,0,2,Frequent High-Value Customers,0
C005276,12,988.8258333333333,11865.91,1.5,3.125,1,2,1,Premium Basket Customers,0
C005277,7,804.4914285714285,5631.44,1.1666666666666667,3.5,3,2,0,Budget Occasional Customers,0
C005278,6,632.24,3793.44,1.2,3.1666666666666665,5,0,0,Budget Occasional Customers,0
C005279,8,1124.2625,8994.1,1.1428571428571428,3.5714285714285716,2,2,1,Premium Basket Customers,0
C005280,8,877.3875,7019.1,1.1428571428571428,3.4,3,1,1,Premium Basket Customers,0
C005281,6,1015.89,6095.34,1.2,3.3333333333333335,4,1,1,Premium Basket Customers,0
C005282,10,1104.116,11041.16,1.1111111111111112,3.4,4,3,1,Premium Basket Customers,0
C005283,15,759.2773333333333,11389.16,1.25,3.4444444444444446,4,1,2,Frequent High-Value Customers,0
C005284,7,770.04,5390.28,1.1666666666666667,3.0,2,0,0,Budget Occasional Customers,0
C005285,9,832.9322222222222,7496.39,1.125,3.6666666666666665,1,3,0,Budget Occasional Customers,0
C005286,9,630.9444444444445,5678.5,1.125,3.0,4,2,0,Budget Occasional Customers,0
C005287,10,780.293,7802.93,1.1111111111111112,3.8,6,0,0,Budget Occasional Customers,0
C005288,12,794.5466666666666,9534.56,1.5,3.5,4,0,2,Frequent High-Value Customers,0
C005289,11,797.6718181818181,8774.39,1.2222222222222223,4.285714285714286,6,2,2,Frequent High-Value Customers,0
C005290,11,559.8827272727273,6158.71,1.5714285714285714,3.7142857142857144,2,2,2,Frequent High-Value Customers,0
C005291,10,1160.493,11604.93,1.4285714285714286,3.2,2,2,1,Premium Basket Customers,0
C005292,10,366.995,3669.95,1.25,3.875,4,2,0,Budget Occasional Customers,0
C005293,6,746.4416666666667,4478.650000000001,1.2,2.6666666666666665,2,1,0,Budget Occasional Customers,0
C005294,2,397.77,795.54,1.0,3.5,2,1,0,Budget Occasional Customers,0
C005295,12,970.7633333333333,11649.16,1.5,4.142857142857143,6,5,2,Frequent High-Value Customers,0
C005296,8,866.845,6934.76,1.3333333333333333,3.0,1,3,1,Premium Basket Customers,0
C005297,6,995.63,5973.78,1.0,4.0,1,0,1,Premium Basket Customers,0
C005298,4,1056.79,4227.16,1.0,3.5,1,2,1,Premium Basket Customers,0
C005299,6,637.5066666666667,3825.04,1.0,3.2,3,1,0,Budget Occasional Customers,0
C005300,12,664.3191666666667,7971.83,1.5,3.625,6,3,2,Frequent High-Value Customers,0
C005301,2,1093.27,2186.54,1.0,2.0,0,0,1,Premium Basket Customers,0
C005302,11,583.1281818181818,6414.41,1.375,2.8333333333333335,5,4,2,Frequent High-Value Customers,0
C005303,8,759.29625,6074.37,1.3333333333333333,3.0,4,3,2,Frequent High-Value Customers,0
C005304,9,598.1622222222222,5383.46,1.2857142857142858,3.6,2,2,0,Budget Occasional Customers,0
C005305,7,648.0571428571428,4536.4,1.1666666666666667,3.3333333333333335,2,1,0,Budget Occasional Customers,0
C005306,5,748.958,3744.79,1.0,3.0,1,0,0,Budget Occasional Customers,0
C005307,10,855.71,8557.1,1.6666666666666667,3.5,1,2,2,Frequent High-Value Customers,0
C005308,8,912.59625,7300.77,1.6,3.6,5,0,2,Frequent High-Value Customers,0
C005309,8,814.07125,6512.57,1.3333333333333333,3.5,3,0,0,Budget Occasional Customers,0
C005310,7,902.0914285714287,6314.64,1.1666666666666667,4.0,2,1,1,Premium Basket Customers,0
C005311,7,786.71,5506.97,1.0,2.25,2,2,1,Premium Basket Customers,0
C005312,11,910.7036363636363,10017.74,1.2222222222222223,3.5,4,2,2,Frequent High-Value Customers,0
C005313,8,797.3925,6379.14,1.3333333333333333,3.8,1,3,0,Budget Occasional Customers,0
C005314,9,872.2444444444444,7850.2,1.125,4.2,3,2,0,Budget Occasional Customers,0
C005315,8,484.72125,3877.77,1.6,3.3333333333333335,2,1,0,Budget Occasional Customers,0
C005316,4,730.875,2923.5,1.3333333333333333,2.5,2,2,0,Budget Occasional Customers,0
C005317,8,532.87,4262.96,1.3333333333333333,3.3333333333333335,3,2,0,Budget Occasional Customers,0
C005318,8,792.365,6338.92,1.3333333333333333,3.6,2,3,0,Budget Occasional Customers,0
C005319,8,1088.90875,8711.27,1.1428571428571428,3.6666666666666665,2,2,1,Premium Basket Customers,0
C005320,16,829.9412500000001,13279.060000000001,1.3333333333333333,3.8,5,2,2,Frequent High-Value Customers,0
C005321,7,833.1542857142857,5832.08,1.1666666666666667,2.8,4,2,1,Premium Basket Customers,0
C005322,8,682.25625,5458.05,1.0,4.0,1,1,0,Budget Occasional Customers,0
C005323,7,734.65,5142.55,1.0,3.25,0,1,0,Budget Occasional Customers,0
C005324,5,674.518,3372.59,1.25,3.5,3,3,0,Budget Occasional Customers,0
C005325,1,174.78,174.78,1.0,4.0,0,0,0,Budget Occasional Customers,0
C005326,11,808.2727272727273,8891.0,1.375,3.4285714285714284,5,3,2,Frequent High-Value Customers,0
C005327,6,849.4266666666666,5096.5599999999995,1.0,4.0,3,0,0,Budget Occasional Customers,0
C005328,11,841.9163636363636,9261.08,1.5714285714285714,3.1666666666666665,5,0,2,Frequent High-Value Customers,0
C005329,7,898.3100000000001,6288.17,1.1666666666666667,3.6666666666666665,0,0,1,Premium Basket Customers,0
C005330,14,883.1292857142856,12363.81,1.4,2.9,8,2,2,Frequent High-Value Customers,0
C005331,7,580.9471428571429,4066.63,1.1666666666666667,3.8333333333333335,1,1,0,Budget Occasional Customers,0
C005332,10,941.1299999999999,9411.3,2.0,3.4285714285714284,5,3,2,Frequent High-Value Customers,0
C005333,11,786.2927272727272,8649.22,1.375,2.75,3,1,2,Frequent High-Value Customers,0
C005334,13,805.0923076923077,10466.2,1.625,3.6666666666666665,6,1,2,Frequent High-Value Customers,0
C005335,6,948.685,5692.11,1.2,2.75,4,0,1,Premium Basket Customers,0
C005336,9,809.1433333333333,7282.29,1.125,3.7142857142857144,3,2,0,Budget Occasional Customers,0
C005337,7,714.7314285714285,5003.12,1.4,3.5,3,2,0,Budget Occasional Customers,0
C005338,11,697.13,7668.43,1.375,3.125,4,5,2,Frequent High-Value Customers,0
C005339,15,860.7346666666667,12911.02,1.1538461538461537,3.0,5,6,2,Frequent High-Value Customers,0
C005340,10,778.327,7783.2699999999995,1.4285714285714286,3.5714285714285716,3,2,2,Frequent High-Value Customers,0
C005341,10,928.3030000000001,9283.03,1.4285714285714286,3.4,2,1,1,Premium Basket Customers,0
C005342,9,531.2466666666667,4781.22,1.2857142857142858,3.3333333333333335,5,1,0,Budget Occasional Customers,0
C005343,6,889.1483333333334,5334.89,1.2,3.6666666666666665,1,1,1,Premium Basket Customers,0
C005344,8,763.16625,6105.33,1.3333333333333333,3.0,2,3,0,Budget Occasional Customers,0
C005345,4,1144.24,4576.96,1.0,4.0,1,0,1,Premium Basket Customers,0
C005346,9,712.6444444444445,6413.8,1.0,3.5,3,0,0,Budget Occasional Customers,0
C005347,7,927.2242857142858,6490.570000000001,1.1666666666666667,3.0,0,1,1,Premium Basket Customers,0
C005348,13,850.753076923077,11059.79,1.1818181818181819,3.375,7,2,2,Frequent High-Value Customers,0
C005349,9,517.14,4654.26,1.2857142857142858,2.75,3,5,2,Frequent High-Value Customers,0
C005350,3,1000.52,3001.56,1.0,4.5,0,0,1,Premium Basket Customers,0
C005351,12,711.4641666666666,8537.57,1.5,3.142857142857143,5,1,2,Frequent High-Value Customers,0
C005352,14,874.3842857142856,12241.38,1.5555555555555556,4.0,3,0,2,Frequent High-Value Customers,0
C005353,11,653.2381818181818,7185.62,1.1,3.375,1,1,0,Budget Occasional Customers,0
C005354,5,753.796,3768.98,1.25,4.25,2,0,0,Budget Occasional Customers,0
C005355,13,718.5761538461538,9341.49,1.8571428571428572,3.2,3,1,2,Frequent High-Value Customers,0
C005356,13,800.27,10403.51,1.3,3.4,5,0,2,Frequent High-Value Customers,0
C005357,3,523.2566666666667,1569.77,1.5,2.0,0,1,0,Budget Occasional Customers,-1
C005358,10,659.287,6592.87,1.4285714285714286,3.857142857142857,1,2,0,Budget Occasional Customers,0
C005359,9,722.7611111111112,6504.85,1.8,2.5,7,2,2,Frequent High-Value Customers,0
C005360,12,860.5983333333334,10327.18,1.2,3.142857142857143,4,2,2,Frequent High-Value Customers,0
C005361,7,560.2928571428572,3922.05,1.0,3.25,5,1,0,Budget Occasional Customers,0
C005362,8,856.49125,6851.93,1.0,3.6666666666666665,3,1,1,Premium Basket Customers,0
C005363,13,890.7723076923078,11580.04,1.3,3.3333333333333335,3,5,2,Frequent High-Value Customers,0
C005364,4,715.175,2860.7,1.0,4.0,1,0,0,Budget Occasional Customers,0
C005365,7,737.0585714285714,5159.41,1.4,3.6,1,2,0,Budget Occasional Customers,0
C005366,4,1104.8775,4419.51,1.3333333333333333,4.0,2,1,1,Premium Basket Customers,0
C005367,4,1195.56,4782.24,1.0,4.0,1,2,1,Premium Basket Customers,0
C005368,6,679.0683333333333,4074.41,1.0,3.0,3,0,0,Budget Occasional Customers,0
C005369,9,749.3844444444444,6744.46,1.125,3.3333333333333335,2,0,0,Budget Occasional Customers,0
C005370,5,566.7479999999999,2833.74,1.25,3.0,0,2,0,Budget Occasional Customers,0
C005371,10,734.5690000000001,7345.6900000000005,2.0,4.166666666666667,5,1,2,Frequent High-Value Customers,0
C005372,7,824.1442857142857,5769.01,1.1666666666666667,4.2,3,0,0,Budget Occasional Customers,0
C005373,12,688.9683333333334,8267.62,1.3333333333333333,3.3333333333333335,4,1,2,Frequent High-Value Customers,0
C005374,8,1027.1325,8217.06,1.6,3.5,2,2,1,Premium Basket Customers,0
C005375,11,606.8572727272727,6675.43,1.5714285714285714,3.857142857142857,3,2,2,Frequent High-Value Customers,0
C005376,8,852.5575,6820.46,1.3333333333333333,3.5,2,2,1,Premium Basket Customers,0
C005377,11,859.0063636363636,9449.07,1.2222222222222223,3.3333333333333335,4,2,2,Frequent High-Value Customers,0
C005378,2,549.205,1098.41,1.0,3.4196588952056444,1,1,0,Budget Occasional Customers,0
C005379,9,1008.7566666666667,9078.81,1.125,3.8333333333333335,1,3,1,Premium Basket Customers,0
C005380,14,863.7671428571429,12092.74,1.2727272727272727,4.125,6,2,2,Frequent High-Value Customers,0
C005381,6,607.4816666666667,3644.89,1.0,4.25,2,1,0,Budget Occasional Customers,0
C005382,11,916.4418181818182,10080.86,1.375,2.8333333333333335,5,4,2,Frequent High-Value Customers,0
C005383,11,1066.209090909091,11728.3,1.375,3.142857142857143,0,0,1,Premium Basket Customers,0
C005384,4,820.6075,3282.43,1.3333333333333333,3.0,1,0,1,Premium Basket Customers,0
C005385,7,889.657142857143,6227.6,1.4,3.6666666666666665,4,2,1,Premium Basket Customers,0
C005386,9,743.07,6687.63,1.125,3.0,2,2,0,Budget Occasional Customers,0
C005387,9,857.1777777777777,7714.599999999999,1.125,3.7142857142857144,4,2,1,Premium Basket Customers,0
C005388,9,548.5655555555555,4937.09,1.5,3.625,4,0,0,Budget Occasional Customers,0
C005389,6,691.4383333333334,4148.63,1.0,3.0,1,1,0,Budget Occasional Customers,0
C005390,11,994.3327272727273,10937.66,1.2222222222222223,3.7142857142857144,3,2,1,Premium Basket Customers,0
C005391,13,626.1892307692308,8140.46,1.625,2.75,3,2,2,Frequent High-Value Customers,0
C005392,8,706.78125,5654.25,1.3333333333333333,2.75,0,1,0,Budget Occasional Customers,0
C005393,10,564.74,5647.4,1.1111111111111112,4.5,4,3,0,Budget Occasional Customers,0
C005394,7,1210.9814285714285,8476.869999999999,1.1666666666666667,4.0,1,0,1,Premium Basket Customers,0
C005395,6,1072.6483333333333,6435.89,1.2,4.333333333333333,0,1,1,Premium Basket Customers,0
C005396,9,706.4188888888889,6357.7699999999995,1.2857142857142858,3.75,2,2,0,Budget Occasional Customers,0
C005397,12,631.5141666666667,7578.17,1.5,3.125,2,2,2,Frequent High-Value Customers,0
C005398,11,549.9227272727272,6049.15,1.2222222222222223,2.6,7,1,2,Frequent High-Value Customers,0
C005399,9,811.1688888888889,7300.52,1.125,3.75,3,0,0,Budget Occasional Customers,0
C005400,6,844.4816666666667,5066.89,1.2,3.2,4,2,1,Premium Basket Customers,0
C005401,15,702.2893333333334,10534.34,1.6666666666666667,3.3,1,3,2,Frequent High-Value Customers,0
C005402,9,871.56,7844.04,1.2857142857142858,3.0,3,1,1,Premium Basket Customers,0
C005403,10,838.86,8388.6,1.25,3.4,6,2,2,Frequent High-Value Customers,0
C005404,12,884.6816666666667,10616.18,1.3333333333333333,4.0,4,0,2,Frequent High-Value Customers,0
C005405,12,1055.825,12669.9,1.2,3.6,4,1,1,Premium Basket Customers,0
C005406,6,1004.8816666666667,6029.29,1.2,3.5,3,1,1,Premium Basket Customers,0
C005407,10,831.917,8319.17,1.4285714285714286,3.5555555555555554,1,3,2,Frequent High-Value Customers,0
C005408,8,714.05625,5712.45,1.1428571428571428,4.0,1,3,0,Budget Occasional Customers,0
C005409,10,845.2059999999999,8452.06,1.1111111111111112,3.25,3,1,1,Premium Basket Customers,0
C005410,7,897.7657142857142,6284.36,1.1666666666666667,4.0,1,2,1,Premium Basket Customers,0
C005411,9,1014.6033333333334,9131.43,1.5,4.5,4,2,2,Frequent High-Value Customers,0
C005412,11,800.4327272727273,8804.76,1.375,4.0,4,2,2,Frequent High-Value Customers,0
C005413,7,402.1328571428571,2814.93,1.75,4.25,3,2,0,Budget Occasional Customers,-1
C005414,6,767.515,4605.09,1.2,3.5,1,0,0,Budget Occasional Customers,0
C005415,6,567.3933333333333,3404.36,1.2,3.5,1,2,0,Budget Occasional Customers,0
C005416,6,892.5783333333334,5355.47,1.2,2.3333333333333335,1,0,1,Premium Basket Customers,0
C005417,9,669.4255555555555,6024.83,1.8,3.857142857142857,3,2,2,Frequent High-Value Customers,0
C005418,18,658.7944444444444,11858.3,1.3846153846153846,3.888888888888889,6,4,2,Frequent High-Value Customers,0
C005419,12,909.5283333333333,10914.34,1.2,3.3333333333333335,1,2,1,Premium Basket Customers,0
C005420,6,652.795,3916.77,1.2,4.0,3,0,0,Budget Occasional Customers,0
C005421,5,863.6139999999999,4318.07,1.0,3.3333333333333335,4,1,1,Premium Basket Customers,0
C005422,9,945.7144444444444,8511.43,1.2857142857142858,3.125,1,2,1,Premium Basket Customers,0
C005423,4,820.3900000000001,3281.5600000000004,1.0,3.3333333333333335,0,1,1,Premium Basket Customers,0
C005424,7,822.7185714285714,5759.03,1.4,3.6666666666666665,2,2,0,Budget Occasional Customers,0
C005425,2,525.56,1051.12,1.0,4.0,0,0,0,Budget Occasional Customers,0
C005426,6,1072.5316666666668,6435.1900000000005,1.2,3.6,2,0,1,Premium Basket Customers,0
C005427,9,818.3277777777778,7364.95,1.2857142857142858,3.4,2,1,0,Budget Occasional Customers,0
C005428,10,808.313,8083.13,1.4285714285714286,3.5714285714285716,4,4,2,Frequent High-Value Customers,0
C005429,10,974.963,9749.63,1.1111111111111112,3.25,3,4,2,Frequent High-Value Customers,0
C005430,10,1009.997,10099.97,1.25,4.285714285714286,4,0,1,Premium Basket Customers,0
C005431,8,884.33125,7074.65,1.1428571428571428,3.25,5,3,2,Frequent High-Value Customers,0
C005432,8,815.25125,6522.01,1.3333333333333333,4.0,4,0,0,Budget Occasional Customers,0
C005433,7,1156.4171428571428,8094.92,1.4,4.25,2,2,1,Premium Basket Customers,0
C005434,10,649.745,6497.45,1.1111111111111112,3.2,4,3,2,Frequent High-Value Customers,0
C005435,9,701.7822222222222,6316.04,1.5,3.2,3,3,2,Frequent High-Value Customers,0
C005436,11,823.080909090909,9053.89,1.1,3.2,4,2,2,Frequent High-Value Customers,0
C005437,9,770.48,6934.32,1.125,3.8333333333333335,3,1,0,Budget Occasional Customers,0
C005438,11,883.0609090909091,9713.67,1.2222222222222223,3.2857142857142856,4,2,2,Frequent High-Value Customers,0
C005439,12,866.5091666666667,10398.11,1.3333333333333333,3.125,2,1,1,Premium Basket Customers,0
C005440,13,861.9323076923077,11205.12,1.4444444444444444,3.857142857142857,3,3,2,Frequent High-Value Customers,0
C005441,6,685.2983333333333,4111.79,1.0,3.0,4,1,0,Budget Occasional Customers,0
C005442,10,985.016,9850.16,1.4285714285714286,3.5714285714285716,3,0,1,Premium Basket Customers,0
C005443,7,962.2257142857143,6735.58,1.1666666666666667,3.75,4,0,1,Premium Basket Customers,0
C005444,8,803.3575,6426.86,1.1428571428571428,4.666666666666667,4,0,0,Budget Occasional Customers,0
C005445,12,694.4050000000001,8332.86,1.3333333333333333,3.090909090909091,4,2,2,Frequent High-Value Customers,0
C005446,5,759.962,3799.81,1.0,3.0,1,0,0,Budget Occasional Customers,0
C005447,12,881.3391666666666,10576.07,1.3333333333333333,3.3333333333333335,3,0,1,Premium Basket Customers,0
C005448,9,959.6944444444445,8637.25,1.2857142857142858,3.857142857142857,2,1,1,Premium Basket Customers,0
C005449,4,862.4300000000001,3449.7200000000003,1.0,3.5,2,1,1,Premium Basket Customers,0
C005450,11,689.9109090909092,7589.02,1.375,4.2,1,4,2,Frequent High-Value Customers,0
C005451,11,742.7990909090909,8170.79,1.1,4.142857142857143,3,3,0,Budget Occasional Customers,0
C005452,16,664.961875,10639.39,1.7777777777777777,3.6666666666666665,4,2,2,Frequent High-Value Customers,0
C005453,3,675.6833333333334,2027.0500000000002,1.0,3.4196588952056444,0,2,0,Budget Occasional Customers,0
C005454,8,625.9725,5007.78,1.3333333333333333,2.8333333333333335,1,1,0,Budget Occasional Customers,0
C005455,8,954.98625,7639.89,1.1428571428571428,3.8333333333333335,3,1,1,Premium Basket Customers,0
C005456,9,874.9066666666666,7874.16,1.125,2.75,2,0,1,Premium Basket Customers,0
C005457,18,643.3883333333333,11580.99,1.6363636363636365,2.75,4,4,2,Frequent High-Value Customers,0
C005458,12,713.1533333333333,8557.84,1.3333333333333333,3.5714285714285716,4,1,2,Frequent High-Value Customers,0
C005459,9,792.701111111111,7134.3099999999995,1.5,2.7142857142857144,4,3,2,Frequent High-Value Customers,0
C005460,8,807.9024999999999,6463.219999999999,1.3333333333333333,3.5,3,1,0,Budget Occasional Customers,0
C005461,16,913.4875,14615.8,1.7777777777777777,3.4166666666666665,6,3,2,Frequent High-Value Customers,0
C005462,6,816.2466666666666,4897.48,1.5,4.0,1,1,0,Budget Occasional Customers,0
C005463,9,723.14,6508.26,1.0,3.142857142857143,5,0,0,Budget Occasional Customers,0
C005464,7,937.7728571428571,6564.41,1.1666666666666667,3.6666666666666665,3,1,1,Premium Basket Customers,0
C005465,12,920.0525000000001,11040.630000000001,1.2,2.6666666666666665,3,3,2,Frequent High-Value Customers,0
C005466,12,812.86,9754.32,1.5,3.5,3,3,2,Frequent High-Value Customers,0
C005467,12,789.5716666666667,9474.86,1.5,3.3333333333333335,3,3,2,Frequent High-Value Customers,0
C005468,7,603.5,4224.5,1.75,3.5,3,0,0,Budget Occasional Customers,0
C005469,3,999.8266666666667,2999.48,1.0,5.0,0,1,1,Premium Basket Customers,0
C005470,8,931.91875,7455.35,1.1428571428571428,3.6666666666666665,3,3,1,Premium Basket Customers,0
C005471,3,895.1700000000001,2685.51,1.0,3.0,2,1,1,Premium Basket Customers,0
C005472,8,691.94625,5535.57,1.1428571428571428,2.6666666666666665,4,2,0,Budget Occasional Customers,0
C005473,10,946.732,9467.32,1.25,3.857142857142857,2,2,1,Premium Basket Customers,0
C005474,8,427.10625,3416.85,1.1428571428571428,3.75,5,2,0,Budget Occasional Customers,0
C005475,10,753.582,7535.82,1.1111111111111112,3.4444444444444446,3,2,0,Budget Occasional Customers,0
C005476,10,854.943,8549.43,1.25,4.166666666666667,4,1,0,Budget Occasional Customers,0
C005477,8,800.75125,6406.01,1.1428571428571428,2.5,2,0,1,Premium Basket Customers,0
C005478,6,879.6233333333333,5277.74,1.0,2.5,1,3,1,Premium Basket Customers,0
C005479,5,933.854,4669.27,1.0,3.0,2,0,1,Premium Basket Customers,0
C005480,7,407.4842857142857,2852.39,1.1666666666666667,4.333333333333333,3,2,0,Budget Occasional Customers,0
C005481,17,836.0282352941176,14212.48,1.4166666666666667,4.0,4,5,2,Frequent High-Value Customers,0
C005482,15,668.6453333333334,10029.68,1.6666666666666667,3.090909090909091,4,2,2,Frequent High-Value Customers,0
C005483,13,954.8007692307692,12412.41,1.4444444444444444,3.3333333333333335,3,3,2,Frequent High-Value Customers,0
C005484,10,804.7149999999999,8047.15,1.4285714285714286,2.7142857142857144,6,2,2,Frequent High-Value Customers,0
C005485,7,1218.1471428571429,8527.03,1.0,3.6,4,0,1,Premium Basket Customers,0
C005486,7,493.9814285714286,3457.87,1.4,3.3333333333333335,1,0,0,Budget Occasional Customers,0
C005487,8,667.4375,5339.5,1.3333333333333333,3.0,2,1,0,Budget Occasional Customers,0
C005488,8,592.465,4739.72,1.6,4.0,3,1,0,Budget Occasional Customers,0
C005489,5,906.242,4531.21,1.6666666666666667,4.0,2,0,1,Premium Basket Customers,0
C005490,4,761.755,3047.02,1.3333333333333333,4.333333333333333,1,1,0,Budget Occasional Customers,0
C005491,9,867.6544444444445,7808.89,1.125,3.75,5,1,1,Premium Basket Customers,0
C005492,7,1015.5128571428571,7108.59,1.1666666666666667,3.2,2,3,1,Premium Basket Customers,0
C005493,8,922.5625,7380.5,1.1428571428571428,4.25,1,0,1,Premium Basket Customers,0
C005494,7,617.7057142857142,4323.94,1.1666666666666667,3.3333333333333335,3,2,0,Budget Occasional Customers,0
C005495,11,813.8154545454545,8951.97,1.1,3.0,6,2,2,Frequent High-Value Customers,0
C005496,10,738.583,7385.83,1.1111111111111112,3.6,1,6,2,Frequent High-Value Customers,0
C005497,10,888.9870000000001,8889.87,1.25,2.25,3,4,2,Frequent High-Value Customers,0
C005498,13,797.1907692307692,10363.48,1.3,3.5454545454545454,3,6,2,Frequent High-Value Customers,0
C005499,9,527.0999999999999,4743.9,1.125,3.0,1,1,0,Budget Occasional Customers,0
C005500,10,708.404,7084.04,1.4285714285714286,2.8,3,4,2,Frequent High-Value Customers,0
C005501,12,929.0475,11148.57,1.5,3.0,4,3,2,Frequent High-Value Customers,0
C005502,8,989.8575,7918.86,1.1428571428571428,3.5,2,2,1,Premium Basket Customers,0
C005503,10,990.4159999999999,9904.16,1.1111111111111112,3.4285714285714284,3,0,1,Premium Basket Customers,0
C005504,8,784.6625,6277.3,1.6,2.25,3,3,2,Frequent High-Value Customers,0
C005505,8,892.09875,7136.79,1.0,3.8333333333333335,3,1,1,Premium Basket Customers,0
C005506,9,881.4955555555555,7933.459999999999,1.125,3.0,3,0,1,Premium Basket Customers,0
C005507,3,1342.2866666666666,4026.86,1.0,3.0,1,1,1,Premium Basket Customers,0
C005508,8,907.92125,7263.37,1.1428571428571428,4.0,1,1,1,Premium Basket Customers,0
C005509,17,1013.1794117647058,17224.05,1.8888888888888888,2.3333333333333335,4,4,2,Frequent High-Value Customers,-1
C005510,11,681.5654545454546,7497.22,1.375,3.0,4,1,2,Frequent High-Value Customers,0
C005511,7,752.0671428571429,5264.47,1.4,3.5,3,1,0,Budget Occasional Customers,0
C005512,7,764.1099999999999,5348.7699999999995,1.1666666666666667,3.8,3,2,0,Budget Occasional Customers,0
C005513,7,766.2542857142856,5363.78,1.1666666666666667,3.1666666666666665,1,1,0,Budget Occasional Customers,0
C005514,8,699.22125,5593.77,1.1428571428571428,2.75,1,3,0,Budget Occasional Customers,0
C005515,8,516.9599999999999,4135.679999999999,1.6,3.8333333333333335,4,1,0,Budget Occasional Customers,0
C005516,10,947.744,9477.44,1.25,3.8333333333333335,3,4,2,Frequent High-Value Customers,0
C005517,8,989.33375,7914.67,1.1428571428571428,3.0,2,1,1,Premium Basket Customers,0
C005518,5,636.8439999999999,3184.22,1.25,3.5,4,0,0,Budget Occasional Customers,0
C005519,9,578.5288888888889,5206.76,1.5,3.4285714285714284,6,3,2,Frequent High-Value Customers,0
C005520,15,784.832,11772.48,1.5,3.111111111111111,5,2,2,Frequent High-Value Customers,0
C005521,9,898.6755555555555,8088.08,1.2857142857142858,4.0,2,3,1,Premium Basket Customers,0
C005522,10,850.2879999999999,8502.88,2.0,4.25,7,2,2,Frequent High-Value Customers,0
C005523,8,689.67375,5517.39,1.3333333333333333,3.8333333333333335,3,2,0,Budget Occasional Customers,0
C005524,6,986.4549999999999,5918.73,1.2,5.0,2,3,1,Premium Basket Customers,0
C005525,8,794.58,6356.64,1.1428571428571428,3.6666666666666665,3,3,0,Budget Occasional Customers,0
C005526,15,812.5373333333333,12188.06,1.5,3.375,2,7,2,Frequent High-Value Customers,0
C005527,7,1012.6685714285715,7088.68,1.1666666666666667,3.75,3,1,1,Premium Basket Customers,0
C005528,8,653.29,5226.32,1.0,4.25,3,3,0,Budget Occasional Customers,0
C005529,14,900.2764285714286,12603.87,1.2727272727272727,3.4444444444444446,6,4,2,Frequent High-Value Customers,0
C005530,16,969.85375,15517.66,1.3333333333333333,3.3333333333333335,2,3,2,Frequent High-Value Customers,0
C005531,8,739.655,5917.24,1.1428571428571428,2.8,1,3,0,Budget Occasional Customers,0
C005532,12,736.7641666666667,8841.17,1.5,3.4,2,1,2,Frequent High-Value Customers,0
C005533,6,995.4283333333333,5972.57,1.0,2.3333333333333335,2,1,1,Premium Basket Customers,0
C005534,9,390.66999999999996,3516.0299999999997,1.125,3.0,3,4,0,Budget Occasional Customers,0
C005535,6,1129.215,6775.29,1.2,3.3333333333333335,0,1,1,Premium Basket Customers,0
C005536,7,671.3342857142858,4699.34,1.1666666666666667,3.5,1,4,0,Budget Occasional Customers,0
C005537,11,831.9200000000001,9151.12,1.2222222222222223,3.3333333333333335,3,2,2,Frequent High-Value Customers,0
C005538,8,989.0875,7912.7,1.3333333333333333,3.0,2,1,1,Premium Basket Customers,0
C005539,3,1234.2433333333333,3702.73,1.0,1.0,2,0,1,Premium Basket Customers,-1
C005540,16,928.3987500000001,14854.380000000001,1.4545454545454546,2.142857142857143,6,2,2,Frequent High-Value Customers,-1
C005541,8,796.59875,6372.79,1.0,3.2,3,4,0,Budget Occasional Customers,0
C005542,9,756.4466666666666,6808.0199999999995,1.2857142857142858,3.5,2,2,0,Budget Occasional Customers,0
C005543,6,772.9933333333333,4637.96,1.2,2.8333333333333335,2,1,0,Budget Occasional Customers,0
C005544,9,991.0566666666667,8919.51,1.2857142857142858,4.0,7,5,2,Frequent High-Value Customers,-1
C005545,5,600.4359999999999,3002.18,1.25,3.25,2,2,0,Budget Occasional Customers,0
C005546,12,657.0016666666667,7884.02,1.2,3.5555555555555554,7,0,2,Frequent High-Value Customers,0
C005547,11,781.1045454545455,8592.15,1.5714285714285714,3.125,5,3,2,Frequent High-Value Customers,0
C005548,6,916.065,5496.39,1.5,3.5,3,1,1,Premium Basket Customers,0
C005549,12,598.6133333333333,7183.360000000001,1.7142857142857142,3.3333333333333335,6,0,2,Frequent High-Value Customers,0
C005550,8,852.91125,6823.29,1.3333333333333333,3.3333333333333335,4,3,2,Frequent High-Value Customers,0
C005551,8,778.9975,6231.98,1.3333333333333333,2.4,3,2,1,Premium Basket Customers,0
C005552,5,834.7880000000001,4173.9400000000005,1.25,3.3333333333333335,0,1,1,Premium Basket Customers,0
C005553,6,959.5083333333333,5757.05,1.2,2.75,1,1,1,Premium Basket Customers,0
C005554,13,939.8246153846153,12217.72,1.3,3.0,3,3,2,Frequent High-Value Customers,0
C005555,5,805.854,4029.27,1.0,4.0,2,1,0,Budget Occasional Customers,0
C005556,12,729.3958333333334,8752.75,1.2,2.875,5,3,2,Frequent High-Value Customers,0
C005557,9,1097.4622222222222,9877.16,1.2857142857142858,3.1666666666666665,4,2,1,Premium Basket Customers,0
C005558,10,855.8040000000001,8558.04,1.4285714285714286,3.8333333333333335,3,2,2,Frequent High-Value Customers,0
C005559,8,738.3525,5906.82,1.1428571428571428,3.4,4,2,0,Budget Occasional Customers,0
C005560,17,803.4011764705882,13657.82,1.5454545454545454,2.8333333333333335,5,6,2,Frequent High-Value Customers,0
C005561,7,769.6785714285714,5387.75,1.0,1.6666666666666667,2,1,1,Premium Basket Customers,0
C005562,7,1035.4514285714286,7248.16,1.0,2.75,4,3,1,Premium Basket Customers,0
C005563,7,967.8385714285714,6774.87,1.4,5.0,4,0,1,Premium Basket Customers,0
C005564,8,760.6324999999999,6085.0599999999995,1.6,3.3333333333333335,3,1,0,Budget Occasional Customers,0
C005565,11,862.3572727272727,9485.93,1.1,3.0,3,4,2,Frequent High-Value Customers,0
C005566,8,848.2825,6786.26,1.0,3.142857142857143,2,1,1,Premium Basket Customers,0
C005567,7,981.5514285714287,6870.860000000001,1.0,4.0,4,2,1,Premium Basket Customers,0
C005568,7,795.3771428571428,5567.639999999999,1.4,2.8333333333333335,3,2,1,Premium Basket Customers,0
C005569,14,645.9785714285715,9043.7,1.2727272727272727,2.6666666666666665,2,5,2,Frequent High-Value Customers,0
C005570,10,706.033,7060.33,1.4285714285714286,3.8,5,1,2,Frequent High-Value Customers,0
C005571,5,884.3619999999999,4421.8099999999995,1.6666666666666667,3.0,2,4,2,Frequent High-Value Customers,0
C005572,12,727.0033333333334,8724.04,1.3333333333333333,3.142857142857143,4,2,2,Frequent High-Value Customers,0
C005573,7,797.9157142857142,5585.41,1.1666666666666667,3.75,2,0,0,Budget Occasional Customers,0
C005574,9,961.8466666666666,8656.619999999999,1.5,3.5,2,4,2,Frequent High-Value Customers,0
C005575,9,1134.898888888889,10214.09,1.2857142857142858,3.25,0,1,1,Premium Basket Customers,0
C005576,10,730.307,7303.07,1.1111111111111112,3.5,3,1,0,Budget Occasional Customers,0
C005577,12,989.1291666666666,11869.55,1.2,2.6666666666666665,3,3,2,Frequent High-Value Customers,0
C005578,12,786.4108333333334,9436.93,2.0,3.1818181818181817,3,4,2,Frequent High-Value Customers,0
C005579,5,483.254,2416.27,1.25,3.4196588952056444,3,0,0,Budget Occasional Customers,0
C005580,5,1144.544,5722.72,1.0,3.0,3,2,1,Premium Basket Customers,0
C005581,10,919.278,9192.78,1.4285714285714286,3.25,5,4,2,Frequent High-Value Customers,0
C005582,15,733.6360000000001,11004.54,1.5,3.0,5,5,2,Frequent High-Value Customers,0
C005583,6,601.015,3606.09,1.0,3.0,2,2,0,Budget Occasional Customers,0
C005584,11,804.049090909091,8844.54,1.375,3.142857142857143,4,2,2,Frequent High-Value Customers,0
C005585,6,994.0983333333334,5964.59,1.0,2.0,1,2,1,Premium Basket Customers,0
C005586,8,723.4175,5787.34,1.0,2.25,2,0,0,Budget Occasional Customers,0
C005587,12,878.6850000000001,10544.220000000001,1.7142857142857142,3.2857142857142856,4,3,2,Frequent High-Value Customers,0
C005588,8,692.86125,5542.89,1.3333333333333333,3.0,3,3,0,Budget Occasional Customers,0
C005589,12,742.0158333333333,8904.189999999999,1.5,2.2,5,2,2,Frequent High-Value Customers,0
C005590,10,1048.801,10488.01,1.4285714285714286,3.2857142857142856,1,2,1,Premium Basket Customers,0
C005591,14,788.03,11032.42,1.5555555555555556,3.4444444444444446,5,3,2,Frequent High-Value Customers,0
C005592,7,694.6957142857143,4862.87,1.1666666666666667,3.25,1,1,0,Budget Occasional Customers,0
C005593,4,748.6875,2994.75,1.0,3.0,1,1,0,Budget Occasional Customers,0
C005594,12,730.3616666666667,8764.34,1.3333333333333333,3.6666666666666665,5,2,2,Frequent High-Value Customers,0
C005595,11,918.2127272727273,10100.34,1.8333333333333333,4.25,3,2,2,Frequent High-Value Customers,0
C005596,11,923.8818181818183,10162.7,1.2222222222222223,3.75,7,1,2,Frequent High-Value Customers,0
C005597,12,863.0733333333333,10356.88,1.0909090909090908,3.75,3,2,2,Frequent High-Value Customers,0
C005598,8,852.3325,6818.66,1.3333333333333333,2.25,4,0,1,Premium Basket Customers,0
C005599,7,708.592857142857,4960.15,1.0,3.6666666666666665,1,1,0,Budget Occasional Customers,0
C005600,7,951.3614285714285,6659.53,1.1666666666666667,4.166666666666667,4,0,1,Premium Basket Customers,0
C005601,4,901.745,3606.98,1.0,4.666666666666667,1,1,0,Budget Occasional Customers,0
C005602,6,618.8083333333333,3712.85,1.2,2.5,2,1,0,Budget Occasional Customers,0
C005603,9,1228.6322222222223,11057.69,1.125,3.0,2,0,1,Premium Basket Customers,0
C005604,13,1138.1938461538462,14796.52,1.3,3.2,5,2,2,Frequent High-Value Customers,0
C005605,5,703.428,3517.14,1.6666666666666667,2.3333333333333335,3,2,0,Budget Occasional Customers,0
C005606,10,949.0130000000001,9490.130000000001,1.25,3.3333333333333335,5,2,2,Frequent High-Value Customers,0
C005607,11,627.6372727272727,6904.01,1.1,3.125,3,2,0,Budget Occasional Customers,0
C005608,10,712.232,7122.32,1.25,3.5,3,0,0,Budget Occasional Customers,0
C005609,10,759.49,7594.9,1.4285714285714286,3.5714285714285716,1,2,0,Budget Occasional Customers,0
C005610,9,851.1655555555556,7660.49,1.125,2.75,4,0,1,Premium Basket Customers,0
C005611,11,897.7600000000001,9875.36,1.375,3.6666666666666665,3,2,2,Frequent High-Value Customers,0
C005612,6,970.9983333333333,5825.99,1.0,3.4,4,2,1,Premium Basket Customers,0
C005613,12,858.1641666666666,10297.97,1.2,3.6,2,2,2,Frequent High-Value Customers,0
C005614,7,936.8528571428571,6557.97,1.0,4.0,2,2,1,Premium Basket Customers,0
C005615,9,665.9811111111111,5993.83,1.2857142857142858,2.3333333333333335,5,2,2,Frequent High-Value Customers,0
C005616,12,827.3449999999999,9928.14,1.3333333333333333,3.857142857142857,3,1,2,Frequent High-Value Customers,0
C005617,6,766.9766666666666,4601.86,1.2,3.0,1,2,0,Budget Occasional Customers,0
C005618,9,838.3233333333333,7544.91,1.5,2.0,3,2,2,Frequent High-Value Customers,0
C005619,11,879.2381818181819,9671.62,1.5714285714285714,3.0,4,0,2,Frequent High-Value Customers,0
C005620,13,755.2553846153846,9818.32,1.3,4.142857142857143,8,3,2,Frequent High-Value Customers,0
C005621,9,945.98,8513.82,1.5,3.75,4,3,2,Frequent High-Value Customers,0
C005622,9,600.6755555555555,5406.08,1.125,3.6,2,2,0,Budget Occasional Customers,0
C005623,10,934.8620000000001,9348.62,1.25,2.5,5,2,2,Frequent High-Value Customers,0
C005624,6,1142.645,6855.87,1.0,3.25,3,0,1,Premium Basket Customers,0
C005625,10,631.8979999999999,6318.98,1.1111111111111112,3.6666666666666665,3,0,0,Budget Occasional Customers,0
C005626,12,881.6675,10580.01,1.2,2.625,4,3,2,Frequent High-Value Customers,0
C005627,9,999.3122222222222,8993.81,1.2857142857142858,3.375,3,0,1,Premium Basket Customers,0
C005628,8,813.5287500000001,6508.2300000000005,1.0,2.25,1,1,1,Premium Basket Customers,0
C005629,8,778.55,6228.4,1.1428571428571428,3.8333333333333335,4,2,0,Budget Occasional Customers,0
C005630,11,718.2436363636364,7900.68,1.5714285714285714,3.25,3,0,2,Frequent High-Value Customers,0
C005631,10,704.05,7040.5,1.25,3.0,4,1,0,Budget Occasional Customers,0
C005632,10,585.975,5859.75,1.6666666666666667,3.6666666666666665,2,3,2,Frequent High-Value Customers,0
C005633,8,977.1374999999999,7817.099999999999,1.3333333333333333,4.0,3,4,2,Frequent High-Value Customers,0
C005634,9,741.9055555555556,6677.15,1.2857142857142858,4.0,3,0,0,Budget Occasional Customers,0
C005635,11,589.449090909091,6483.9400000000005,1.375,3.1666666666666665,2,5,2,Frequent High-Value Customers,0
C005636,10,737.984,7379.84,1.4285714285714286,3.0,3,2,2,Frequent High-Value Customers,0
C005637,14,1028.6878571428572,14401.630000000001,1.5555555555555556,3.2,8,2,2,Frequent High-Value Customers,0
C005638,8,652.3325,5218.66,1.0,2.8,2,1,0,Budget Occasional Customers,0
C005639,5,755.552,3777.76,1.0,3.6666666666666665,2,2,0,Budget Occasional Customers,0
C005640,8,837.815,6702.52,1.6,3.5,3,2,2,Frequent High-Value Customers,0
C005641,13,785.2676923076923,10208.48,1.3,3.4444444444444446,6,3,2,Frequent High-Value Customers,0
C005642,14,662.9157142857142,9280.82,1.2727272727272727,3.1818181818181817,4,2,2,Frequent High-Value Customers,0
C005643,6,925.2883333333333,5551.73,1.2,5.0,2,2,0,Budget Occasional Customers,0
C005644,11,764.7236363636365,8411.960000000001,1.5714285714285714,4.0,4,0,2,Frequent High-Value Customers,0
C005645,2,1997.565,3995.13,1.0,5.0,1,1,1,Premium Basket Customers,-1
C005646,6,960.975,5765.85,1.0,2.5,2,0,1,Premium Basket Customers,0
C005647,13,745.7976923076924,9695.37,1.625,3.6,8,4,2,Frequent High-Value Customers,0
C005648,8,719.57625,5756.61,1.6,3.5714285714285716,4,2,2,Frequent High-Value Customers,0
C005649,12,950.3591666666666,11404.31,1.3333333333333333,4.0,4,1,2,Frequent High-Value Customers,0
C005650,6,853.8649999999999,5123.19,1.2,2.6666666666666665,2,0,1,Premium Basket Customers,0
C005651,10,1011.0880000000001,10110.880000000001,1.6666666666666667,2.6,2,1,1,Premium Basket Customers,0
C005652,7,408.97285714285715,2862.81,1.0,2.4,2,1,0,Budget Occasional Customers,0
C005653,7,913.3185714285715,6393.2300000000005,1.1666666666666667,3.25,3,0,1,Premium Basket Customers,0
C005654,14,636.04,8904.56,1.5555555555555556,3.6363636363636362,6,4,2,Frequent High-Value Customers,0
C005655,12,876.5825,10518.99,1.5,3.857142857142857,4,1,2,Frequent High-Value Customers,0
C005656,10,700.589,7005.89,1.4285714285714286,3.1666666666666665,4,3,2,Frequent High-Value Customers,0
C005657,13,875.3199999999999,11379.16,1.3,3.375,4,3,2,Frequent High-Value Customers,0
C005658,6,578.15,3468.9,1.2,3.4,3,2,0,Budget Occasional Customers,0
C005659,7,949.0214285714285,6643.15,1.4,1.5,3,1,1,Premium Basket Customers,0
C005660,8,643.0525,5144.42,1.3333333333333333,2.7142857142857144,2,3,0,Budget Occasional Customers,0
C005661,8,818.4075,6547.26,1.1428571428571428,3.8333333333333335,2,2,0,Budget Occasional Customers,0
C005662,10,970.856,9708.56,1.4285714285714286,2.5714285714285716,5,2,2,Frequent High-Value Customers,0
C005663,13,752.4153846153846,9781.4,1.3,3.5555555555555554,5,3,2,Frequent High-Value Customers,0
C005664,11,804.8218181818182,8853.04,1.2222222222222223,3.2,10,0,2,Frequent High-Value Customers,0
C005665,10,840.5799999999999,8405.8,1.25,3.3333333333333335,6,2,2,Frequent High-Value Customers,0
C005666,6,887.605,5325.63,1.0,3.5,3,0,1,Premium Basket Customers,0
C005667,2,1200.52,2401.04,1.0,3.4196588952056444,1,0,1,Premium Basket Customers,0
C005668,2,575.835,1151.67,1.0,5.0,1,0,0,Budget Occasional Customers,0
C005669,9,816.5544444444445,7348.99,1.125,4.285714285714286,4,1,0,Budget Occasional Customers,0
C005670,13,944.0315384615385,12272.41,1.3,3.5,4,2,2,Frequent High-Value Customers,0
C005671,9,838.8844444444444,7549.96,1.2857142857142858,3.2,3,3,2,Frequent High-Value Customers,0
C005672,9,878.2633333333333,7904.37,1.125,3.3333333333333335,4,3,2,Frequent High-Value Customers,0
C005673,10,1060.1200000000001,10601.2,1.6666666666666667,3.142857142857143,3,4,2,Frequent High-Value Customers,0
C005674,13,643.8092307692308,8369.52,1.4444444444444444,3.5,5,2,2,Frequent High-Value Customers,0
C005675,6,809.7766666666666,4858.66,1.2,4.0,4,2,0,Budget Occasional Customers,0
C005676,4,1070.4850000000001,4281.9400000000005,1.0,3.0,0,0,1,Premium Basket Customers,0
C005677,12,858.8775,10306.53,1.3333333333333333,4.666666666666667,4,3,2,Frequent High-Value Customers,0
C005678,9,715.0244444444445,6435.22,1.125,3.4285714285714284,4,0,0,Budget Occasional Customers,0
C005679,11,974.179090909091,10715.970000000001,1.375,3.857142857142857,3,3,2,Frequent High-Value Customers,0
C005680,7,794.0314285714286,5558.22,1.4,1.6666666666666667,3,1,1,Premium Basket Customers,0
C005681,13,846.5646153846154,11005.34,1.4444444444444444,3.0,5,4,2,Frequent High-Value Customers,0
C005682,15,838.6146666666667,12579.220000000001,1.25,3.5,5,5,2,Frequent High-Value Customers,0
C005683,9,585.3855555555556,5268.47,1.0,3.2,4,2,0,Budget Occasional Customers,0
C005684,7,1137.307142857143,7961.150000000001,1.4,3.3333333333333335,0,0,1,Premium Basket Customers,0
C005685,8,1025.86375,8206.91,1.1428571428571428,4.0,4,2,1,Premium Basket Customers,0
C005686,11,927.0400000000001,10197.44,1.1,4.5,4,2,2,Frequent High-Value Customers,0
C005687,10,882.193,8821.93,1.6666666666666667,3.8,4,0,2,Frequent High-Value Customers,0
C005688,10,672.514,6725.14,1.25,3.0,1,2,0,Budget Occasional Customers,0
C005689,8,552.735,4421.88,1.1428571428571428,3.3333333333333335,2,0,0,Budget Occasional Customers,0
C005690,7,655.4185714285715,4587.93,1.1666666666666667,2.25,3,1,0,Budget Occasional Customers,0
C005691,14,836.9307142857143,11717.03,1.5555555555555556,3.0,3,1,2,Frequent High-Value Customers,0
C005692,2,1243.31,2486.62,1.0,2.5,1,2,1,Premium Basket Customers,0
C005693,9,1073.5633333333333,9662.07,1.125,4.333333333333333,3,3,1,Premium Basket Customers,0
C005694,12,830.9274999999999,9971.13,1.3333333333333333,3.3,5,0,2,Frequent High-Value Customers,0
C005695,12,601.3058333333333,7215.67,1.2,3.3333333333333335,4,3,2,Frequent High-Value Customers,0
C005696,12,987.4825,11849.789999999999,1.3333333333333333,3.6666666666666665,5,2,2,Frequent High-Value Customers,0
C005697,10,1107.767,11077.67,1.4285714285714286,3.6666666666666665,2,3,1,Premium Basket Customers,0
C005698,15,858.2686666666666,12874.029999999999,1.3636363636363635,3.769230769230769,6,2,2,Frequent High-Value Customers,0
C005699,11,992.5463636363637,10918.01,1.1,3.888888888888889,1,3,1,Premium Basket Customers,0
C005700,11,745.3527272727272,8198.88,1.375,3.0,6,1,2,Frequent High-Value Customers,0
C005701,5,1171.926,5859.63,1.0,3.0,1,2,1,Premium Basket Customers,0
C005702,8,662.15,5297.2,1.3333333333333333,3.8,1,1,0,Budget Occasional Customers,0
C005703,9,747.2133333333334,6724.92,1.2857142857142858,3.375,3,1,0,Budget Occasional Customers,0
C005704,9,688.0755555555556,6192.68,1.8,4.25,1,0,0,Budget Occasional Customers,0
C005705,7,685.7728571428571,4800.41,1.1666666666666667,4.0,1,1,0,Budget Occasional Customers,0
C005706,8,755.5962499999999,6044.7699999999995,1.1428571428571428,3.25,4,4,2,Frequent High-Value Customers,0
C005707,9,817.201111111111,7354.8099999999995,1.0,2.8,2,2,1,Premium Basket Customers,0
C005708,5,1233.1680000000001,6165.84,1.0,3.25,2,2,1,Premium Basket Customers,0
C005709,7,769.4428571428572,5386.1,1.0,3.25,3,0,0,Budget Occasional Customers,0
C005710,9,982.1166666666666,8839.05,1.2857142857142858,4.285714285714286,3,2,1,Premium Basket Customers,0
C005711,5,993.708,4968.54,1.0,3.8,3,0,1,Premium Basket Customers,0
C005712,5,556.136,2780.68,1.0,3.3333333333333335,3,1,0,Budget Occasional Customers,0
C005713,15,722.9346666666667,10844.02,1.6666666666666667,3.0,8,3,2,Frequent High-Value Customers,0
C005714,9,695.8244444444445,6262.42,1.5,3.0,4,0,0,Budget Occasional Customers,0
C005715,7,1024.2757142857142,7169.93,1.1666666666666667,4.0,2,2,1,Premium Basket Customers,0
C005716,11,980.1909090909091,10782.1,1.375,3.2857142857142856,3,3,2,Frequent High-Value Customers,0
C005717,8,839.12875,6713.03,1.0,4.0,2,2,0,Budget Occasional Customers,0
C005718,5,1151.6380000000001,5758.1900000000005,1.0,3.75,1,0,1,Premium Basket Customers,0
C005719,10,789.3230000000001,7893.2300000000005,1.25,3.4285714285714284,1,2,0,Budget Occasional Customers,0
C005720,7,924.7571428571429,6473.3,1.1666666666666667,2.75,2,0,1,Premium Basket Customers,0
C005721,4,456.21,1824.84,1.0,3.3333333333333335,0,0,0,Budget Occasional Customers,0
C005722,8,815.755,6526.04,1.1428571428571428,2.8,3,0,1,Premium Basket Customers,0
C005723,8,977.25625,7818.05,1.3333333333333333,3.0,2,1,1,Premium Basket Customers,0
C005724,7,1238.0614285714287,8666.43,1.1666666666666667,3.75,3,1,1,Premium Basket Customers,0
C005725,7,684.4485714285714,4791.14,1.4,2.8,2,1,0,Budget Occasional Customers,0
C005726,6,933.2366666666667,5599.42,1.2,3.5,0,2,1,Premium Basket Customers,0
C005727,7,775.1985714285714,5426.39,1.1666666666666667,3.8,3,2,0,Budget Occasional Customers,0
C005728,5,920.0319999999999,4600.16,1.0,3.0,2,0,1,Premium Basket Customers,0
C005729,17,830.8723529411765,14124.83,1.4166666666666667,3.625,7,2,2,Frequent High-Value Customers,0
C005730,11,634.8354545454546,6983.1900000000005,1.2222222222222223,3.4285714285714284,1,4,0,Budget Occasional Customers,0
C005731,12,840.2841666666667,10083.41,1.5,3.25,2,3,2,Frequent High-Value Customers,0
C005732,9,1176.211111111111,10585.9,1.2857142857142858,3.6666666666666665,4,2,1,Premium Basket Customers,0
C005733,12,985.3033333333333,11823.64,1.2,3.4444444444444446,7,3,2,Frequent High-Value Customers,0
C005734,4,823.0225,3292.09,1.0,3.0,1,1,1,Premium Basket Customers,0
C005735,5,816.054,4080.27,1.25,4.0,0,1,0,Budget Occasional Customers,0
C005736,3,1286.23,3858.69,1.5,3.0,1,1,1,Premium Basket Customers,0
C005737,6,1110.6116666666667,6663.67,1.2,3.6,5,1,1,Premium Basket Customers,0
C005738,6,668.2083333333334,4009.25,1.0,3.0,0,0,0,Budget Occasional Customers,0
C005739,11,772.8563636363637,8501.42,1.0,3.8,3,3,0,Budget Occasional Customers,0
C005740,7,713.8814285714286,4997.17,1.4,3.0,2,0,0,Budget Occasional Customers,0
C005741,13,870.3461538461538,11314.5,1.4444444444444444,2.5714285714285716,6,2,2,Frequent High-Value Customers,0
C005742,9,1076.746666666667,9690.720000000001,1.5,2.6666666666666665,3,3,2,Frequent High-Value Customers,0
C005743,2,1007.17,2014.34,1.0,3.5,1,0,1,Premium Basket Customers,0
C005744,8,685.16125,5481.29,1.1428571428571428,3.0,3,2,0,Budget Occasional Customers,0
C005745,7,719.3728571428572,5035.610000000001,1.1666666666666667,2.6,3,2,0,Budget Occasional Customers,0
C005746,6,651.3966666666666,3908.38,1.5,4.0,2,2,0,Budget Occasional Customers,0
C005747,11,798.1354545454545,8779.49,1.1,3.4,0,3,0,Budget Occasional Customers,0
C005748,5,528.366,2641.83,1.25,4.0,2,0,0,Budget Occasional Customers,0
C005749,4,894.175,3576.7,1.3333333333333333,1.6666666666666667,2,0,1,Premium Basket Customers,0
C005750,11,995.2072727272728,10947.28,1.5714285714285714,3.0,2,2,2,Frequent High-Value Customers,0
C005751,4,727.2800000000001,2909.1200000000003,1.0,3.3333333333333335,1,2,0,Budget Occasional Customers,0
C005752,12,893.94,10727.28,1.2,4.1,3,3,2,Frequent High-Value Customers,0
C005753,11,1067.9027272727274,11746.93,1.5714285714285714,3.8,2,1,1,Premium Basket Customers,0
C005754,7,560.6185714285714,3924.33,1.1666666666666667,3.6666666666666665,3,1,0,Budget Occasional Customers,0
C005755,9,824.1011111111111,7416.91,1.125,3.4,3,2,0,Budget Occasional Customers,0
C005756,17,826.2782352941176,14046.73,1.7,4.0,6,2,2,Frequent High-Value Customers,0
C005757,6,867.9050000000001,5207.43,1.5,3.3333333333333335,4,2,1,Premium Basket Customers,0
C005758,12,800.4391666666667,9605.27,1.3333333333333333,2.7142857142857144,3,5,2,Frequent High-Value Customers,0
C005759,10,713.083,7130.83,1.25,3.5555555555555554,5,1,2,Frequent High-Value Customers,0
C005760,12,920.3183333333333,11043.82,1.5,3.0,4,2,2,Frequent High-Value Customers,0
C005761,10,986.869,9868.69,1.4285714285714286,3.4285714285714284,2,0,1,Premium Basket Customers,0
C005762,11,765.199090909091,8417.19,1.375,3.5555555555555554,4,1,2,Frequent High-Value Customers,0
C005763,12,919.355,11032.26,1.5,3.2222222222222223,3,3,2,Frequent High-Value Customers,0
C005764,5,535.906,2679.5299999999997,1.0,4.0,1,0,0,Budget Occasional Customers,0
C005765,8,958.06125,7664.49,1.0,4.0,3,2,1,Premium Basket Customers,0
C005766,12,798.7616666666667,9585.14,1.5,3.2,4,0,2,Frequent High-Value Customers,0
C005767,9,624.6055555555555,5621.45,1.125,2.8333333333333335,2,2,0,Budget Occasional Customers,0
C005768,9,797.2877777777778,7175.59,1.2857142857142858,3.5714285714285716,3,3,2,Frequent High-Value Customers,0
C005769,12,765.5541666666667,9186.65,1.5,3.625,6,2,2,Frequent High-Value Customers,0
C005770,10,619.736,6197.36,1.25,3.0,3,1,0,Budget Occasional Customers,0
C005771,10,1040.2459999999999,10402.46,1.1111111111111112,3.625,3,2,1,Premium Basket Customers,0
C005772,8,628.96375,5031.71,1.3333333333333333,3.5,3,0,0,Budget Occasional Customers,0
C005773,10,821.659,8216.59,1.6666666666666667,4.25,5,1,2,Frequent High-Value Customers,0
C005774,12,1079.4791666666667,12953.75,1.2,3.7142857142857144,7,3,2,Frequent High-Value Customers,0
C005775,5,542.996,2714.98,1.25,3.0,3,1,0,Budget Occasional Customers,0
C005776,7,812.3242857142857,5686.2699999999995,1.4,4.0,1,0,0,Budget Occasional Customers,0
C005777,12,1042.2408333333333,12506.89,1.0909090909090908,4.0,4,3,2,Frequent High-Value Customers,0
C005778,6,991.9499999999999,5951.7,1.5,4.0,2,1,1,Premium Basket Customers,0
C005779,9,818.5899999999999,7367.3099999999995,1.2857142857142858,3.6666666666666665,4,1,0,Budget Occasional Customers,0
C005780,15,707.1986666666667,10607.98,1.6666666666666667,3.3,5,5,2,Frequent High-Value Customers,0
C005781,5,441.47799999999995,2207.39,1.25,4.0,1,0,0,Budget Occasional Customers,0
C005782,3,876.7033333333333,2630.1099999999997,1.0,4.0,2,1,1,Premium Basket Customers,0
C005783,6,1105.7766666666666,6634.66,1.2,2.75,2,2,1,Premium Basket Customers,0
C005784,6,757.0766666666667,4542.46,1.0,3.0,3,2,0,Budget Occasional Customers,0
C005785,10,601.895,6018.95,1.0,3.5714285714285716,6,2,0,Budget Occasional Customers,0
C005786,9,619.7011111111111,5577.31,1.5,3.875,4,2,2,Frequent High-Value Customers,0
C005787,9,970.801111111111,8737.21,1.2857142857142858,3.5714285714285716,2,2,1,Premium Basket Customers,0
C005788,10,776.648,7766.4800000000005,1.1111111111111112,3.7142857142857144,3,1,0,Budget Occasional Customers,0
C005789,8,800.275,6402.2,1.6,3.3333333333333335,4,1,2,Frequent High-Value Customers,0
C005790,10,886.606,8866.06,1.25,3.8,2,0,1,Premium Basket Customers,0
C005791,9,801.3688888888888,7212.32,1.5,2.7142857142857144,3,2,2,Frequent High-Value Customers,0
C005792,10,886.271,8862.71,1.4285714285714286,3.6666666666666665,4,2,2,Frequent High-Value Customers,0
C005793,8,743.5,5948.0,1.0,3.6,4,1,0,Budget Occasional Customers,0
C005794,5,772.924,3864.62,1.25,3.3333333333333335,0,0,0,Budget Occasional Customers,0
C005795,7,858.0385714285713,6006.2699999999995,1.4,2.5,2,2,1,Premium Basket Customers,0
C005796,10,741.607,7416.07,1.25,3.5,3,1,0,Budget Occasional Customers,0
C005797,5,658.168,3290.84,1.0,3.75,2,0,0,Budget Occasional Customers,0
C005798,12,816.8391666666666,9802.07,1.3333333333333333,3.4,5,0,2,Frequent High-Value Customers,0
C005799,11,628.5227272727273,6913.75,1.1,2.7777777777777777,2,3,0,Budget Occasional Customers,0
C005800,6,1126.3766666666668,6758.26,1.0,3.0,2,1,1,Premium Basket Customers,0
C005801,9,795.0011111111112,7155.01,1.125,3.142857142857143,4,2,0,Budget Occasional Customers,0
C005802,15,609.4726666666667,9142.09,1.3636363636363635,3.875,4,3,2,Frequent High-Value Customers,0
C005803,8,816.155,6529.24,1.3333333333333333,3.3333333333333335,4,2,2,Frequent High-Value Customers,0
C005804,6,801.1916666666666,4807.15,1.5,3.5,1,2,0,Budget Occasional Customers,0
C005805,10,828.9559999999999,8289.56,1.25,2.0,4,1,1,Premium Basket Customers,0
C005806,8,1058.0825,8464.66,1.1428571428571428,3.6,4,2,1,Premium Basket Customers,0
C005807,5,796.868,3984.34,1.0,3.6666666666666665,1,1,0,Budget Occasional Customers,0
C005808,10,1025.827,10258.27,1.4285714285714286,3.75,4,1,1,Premium Basket Customers,0
C005809,7,1082.1157142857141,7574.8099999999995,1.1666666666666667,3.6,1,0,1,Premium Basket Customers,0
C005810,12,790.7416666666667,9488.9,2.0,3.7777777777777777,5,1,2,Frequent High-Value Customers,0
C005811,6,510.19,3061.14,1.5,3.3333333333333335,2,0,0,Budget Occasional Customers,0
C005812,7,944.0571428571428,6608.4,1.1666666666666667,3.8,2,2,1,Premium Basket Customers,0
C005813,5,1022.1720000000001,5110.860000000001,1.0,3.6666666666666665,3,0,1,Premium Basket Customers,0
C005814,5,1074.952,5374.76,1.25,4.0,1,0,1,Premium Basket Customers,0
C005815,6,459.86833333333334,2759.21,1.2,2.0,0,1,0,Budget Occasional Customers,0
C005816,12,760.2483333333333,9122.98,1.3333333333333333,2.8333333333333335,2,1,2,Frequent High-Value Customers,0
C005817,11,725.1863636363637,7977.05,1.375,3.1666666666666665,3,1,2,Frequent High-Value Customers,0
C005818,9,985.7433333333333,8871.69,1.8,3.5,2,1,2,Frequent High-Value Customers,0
C005819,8,1236.70875,9893.67,1.1428571428571428,3.0,5,1,1,Premium Basket Customers,0
C005820,12,847.9050000000001,10174.86,1.5,3.6666666666666665,3,4,2,Frequent High-Value Customers,0
C005821,10,721.265,7212.65,1.25,2.7142857142857144,4,2,2,Frequent High-Value Customers,0
C005822,5,775.792,3878.96,1.25,3.6666666666666665,1,0,0,Budget Occasional Customers,0
C005823,8,849.51875,6796.15,1.3333333333333333,2.5,4,1,1,Premium Basket Customers,0
C005824,7,865.1357142857142,6055.95,1.1666666666666667,3.2,2,0,1,Premium Basket Customers,0
C005825,16,881.211875,14099.39,1.7777777777777777,3.8181818181818183,5,2,2,Frequent High-Value Customers,0
C005826,10,854.024,8540.24,1.25,2.5,0,0,1,Premium Basket Customers,0
C005827,10,681.558,6815.58,1.4285714285714286,2.4,4,2,2,Frequent High-Value Customers,0
C005828,5,962.382,4811.91,1.0,3.0,2,1,1,Premium Basket Customers,0
C005829,6,979.1266666666667,5874.76,1.2,3.6,1,1,1,Premium Basket Customers,0
C005830,10,869.9959999999999,8699.96,1.1111111111111112,3.75,2,1,1,Premium Basket Customers,0
C005831,9,1018.2722222222224,9164.45,1.125,3.142857142857143,3,0,1,Premium Basket Customers,0
C005832,8,638.06125,5104.49,1.3333333333333333,3.2,2,2,0,Budget Occasional Customers,0
C005833,12,621.2575,7455.09,1.3333333333333333,4.142857142857143,4,2,2,Frequent High-Value Customers,0
C005834,11,846.539090909091,9311.93,1.2222222222222223,3.142857142857143,5,4,2,Frequent High-Value Customers,0
C005835,11,876.6136363636364,9642.75,1.375,3.6666666666666665,3,3,2,Frequent High-Value Customers,0
C005836,13,826.8361538461538,10748.869999999999,1.4444444444444444,4.0,5,3,2,Frequent High-Value Customers,0
C005837,5,609.914,3049.57,1.0,3.4196588952056444,2,3,0,Budget Occasional Customers,0
C005838,9,741.0488888888889,6669.44,1.5,4.2,3,1,0,Budget Occasional Customers,0
C005839,3,825.0233333333334,2475.07,1.0,2.0,2,0,1,Premium Basket Customers,0
C005840,2,767.0150000000001,1534.0300000000002,1.0,4.0,0,0,0,Budget Occasional Customers,0
C005841,10,626.351,6263.51,1.1111111111111112,3.25,5,2,0,Budget Occasional Customers,0
C005842,9,747.5244444444445,6727.72,1.2857142857142858,3.1666666666666665,2,2,0,Budget Occasional Customers,0
C005843,9,776.9511111111111,6992.56,1.125,2.2,2,0,1,Premium Basket Customers,0
C005844,12,968.4716666666667,11621.66,1.3333333333333333,3.125,4,0,1,Premium Basket Customers,0
C005845,6,820.2566666666667,4921.54,1.0,4.0,2,1,0,Budget Occasional Customers,0
C005846,7,663.65,4645.55,1.1666666666666667,3.25,2,3,0,Budget Occasional Customers,0
C005847,10,827.7220000000001,8277.220000000001,1.25,3.3333333333333335,4,2,2,Frequent High-Value Customers,0
C005848,8,1162.36375,9298.91,1.3333333333333333,3.0,4,0,1,Premium Basket Customers,0
C005849,7,707.6971428571429,4953.88,1.1666666666666667,4.0,5,0,0,Budget Occasional Customers,0
C005850,11,1039.9345454545455,11439.28,1.5714285714285714,3.8,5,2,2,Frequent High-Value Customers,0
C005851,8,466.00375,3728.03,1.6,4.0,2,0,0,Budget Occasional Customers,0
C005852,9,741.7922222222222,6676.13,1.8,3.0,1,0,0,Budget Occasional Customers,0
C005853,14,1118.2742857142857,15655.84,1.1666666666666667,3.7777777777777777,3,4,2,Frequent High-Value Customers,0
C005854,6,594.6916666666667,3568.15,1.0,4.0,1,1,0,Budget Occasional Customers,0
C005855,10,906.249,9062.49,1.25,2.75,2,4,2,Frequent High-Value Customers,0
C005856,5,1088.244,5441.219999999999,1.25,3.5,0,1,1,Premium Basket Customers,0
C005857,7,902.0342857142857,6314.24,1.4,2.0,2,3,1,Premium Basket Customers,0
C005858,13,784.3707692307692,10196.82,1.4444444444444444,3.3333333333333335,3,3,2,Frequent High-Value Customers,0
C005859,6,978.5666666666666,5871.4,1.2,2.3333333333333335,3,1,1,Premium Basket Customers,0
C005860,15,854.6980000000001,12820.470000000001,1.5,3.5714285714285716,1,6,2,Frequent High-Value Customers,0
C005861,6,828.645,4971.87,1.2,4.0,3,1,0,Budget Occasional Customers,0
C005862,7,820.5585714285714,5743.91,1.4,4.6,3,0,0,Budget Occasional Customers,0
C005863,8,730.545,5844.36,1.1428571428571428,4.0,3,0,0,Budget Occasional Customers,0
C005864,5,704.918,3524.59,1.0,3.5,1,2,0,Budget Occasional Customers,0
C005865,10,543.004,5430.04,1.1111111111111112,3.625,3,2,0,Budget Occasional Customers,0
C005866,11,672.5354545454545,7397.889999999999,1.2222222222222223,3.5,1,1,0,Budget Occasional Customers,0
C005867,12,913.1016666666666,10957.22,1.2,3.3333333333333335,4,3,2,Frequent High-Value Customers,0
C005868,8,813.59375,6508.75,1.6,3.0,2,1,1,Premium Basket Customers,0
C005869,7,958.9128571428572,6712.39,1.1666666666666667,3.6666666666666665,2,3,1,Premium Basket Customers,0
C005870,12,781.6149999999999,9379.38,1.2,2.888888888888889,6,4,2,Frequent High-Value Customers,0
C005871,15,708.2946666666667,10624.42,1.5,3.4444444444444446,6,3,2,Frequent High-Value Customers,0
C005872,10,693.3399999999999,6933.4,1.0,3.1666666666666665,2,0,0,Budget Occasional Customers,0
C005873,12,754.8916666666668,9058.7,1.3333333333333333,3.875,5,4,2,Frequent High-Value Customers,0
C005874,18,914.7222222222222,16465.0,2.0,2.7857142857142856,5,1,2,Frequent High-Value Customers,-1
C005875,4,837.675,3350.7,1.0,4.0,2,0,0,Budget Occasional Customers,0
C005876,11,666.4563636363636,7331.0199999999995,1.5714285714285714,4.25,6,4,2,Frequent High-Value Customers,0
C005877,13,865.0607692307693,11245.79,1.625,2.75,6,2,2,Frequent High-Value Customers,0
C005878,7,704.4228571428572,4930.96,1.1666666666666667,3.75,0,1,0,Budget Occasional Customers,0
C005879,9,847.6166666666667,7628.55,1.125,4.0,4,1,0,Budget Occasional Customers,0
C005880,13,910.8584615384615,11841.16,1.625,3.0,6,1,2,Frequent High-Value Customers,0
C005881,4,889.6875,3558.75,1.0,2.5,1,1,1,Premium Basket Customers,0
C005882,6,808.8516666666668,4853.110000000001,1.0,3.0,2,0,1,Premium Basket Customers,0
C005883,11,828.8763636363636,9117.64,1.375,3.5555555555555554,3,3,2,Frequent High-Value Customers,0
C005884,6,857.8766666666667,5147.26,1.0,3.0,1,0,1,Premium Basket Customers,0
C005885,13,803.7815384615385,10449.16,1.4444444444444444,3.727272727272727,2,3,2,Frequent High-Value Customers,0
C005886,7,868.8642857142858,6082.05,1.0,3.4,2,0,1,Premium Basket Customers,0
C005887,9,836.7044444444444,7530.34,1.2857142857142858,3.6,4,0,0,Budget Occasional Customers,0
C005888,12,713.7333333333332,8564.8,1.3333333333333333,3.0,2,3,2,Frequent High-Value Customers,0
C005889,9,878.3822222222223,7905.4400000000005,1.8,3.0,3,1,2,Frequent High-Value Customers,0
C005890,8,854.1675,6833.34,1.1428571428571428,4.0,1,1,0,Budget Occasional Customers,0
C005891,10,981.4979999999999,9814.98,1.25,2.4285714285714284,5,2,2,Frequent High-Value Customers,0
C005892,6,853.0666666666666,5118.4,1.2,3.3333333333333335,3,0,1,Premium Basket Customers,0
C005893,10,828.0229999999999,8280.23,1.25,3.8333333333333335,1,2,0,Budget Occasional Customers,0
C005894,12,1044.9950000000001,12539.94,1.2,3.857142857142857,2,2,1,Premium Basket Customers,0
C005895,9,820.6155555555556,7385.54,1.5,2.4,3,0,1,Premium Basket Customers,0
C005896,11,883.7218181818182,9720.94,1.5714285714285714,3.5,4,3,2,Frequent High-Value Customers,0
C005897,10,807.426,8074.26,1.25,3.7142857142857144,3,1,0,Budget Occasional Customers,0
C005898,8,949.3775,7595.02,1.1428571428571428,4.4,3,3,1,Premium Basket Customers,0
C005899,9,853.9822222222223,7685.84,1.125,3.5,3,5,2,Frequent High-Value Customers,0
C005900,8,817.5675,6540.54,1.3333333333333333,3.8,3,1,0,Budget Occasional Customers,0
C005901,10,678.5690000000001,6785.6900000000005,1.1111111111111112,3.75,2,1,0,Budget Occasional Customers,0
C005902,7,421.62142857142857,2951.35,1.0,3.6,4,3,0,Budget Occasional Customers,0
C005903,8,1018.20125,8145.61,1.3333333333333333,3.5714285714285716,5,1,1,Premium Basket Customers,0
C005904,18,628.7855555555556,11318.14,1.8,3.4,7,4,2,Frequent High-Value Customers,0
C005905,15,977.3846666666667,14660.77,1.5,4.166666666666667,3,4,2,Frequent High-Value Customers,0
C005906,9,747.1544444444445,6724.39,1.5,2.8333333333333335,3,1,2,Frequent High-Value Customers,0
C005907,7,1106.7,7746.9,1.1666666666666667,3.6666666666666665,3,1,1,Premium Basket Customers,0
C005908,8,906.015,7248.12,1.3333333333333333,3.6666666666666665,2,1,1,Premium Basket Customers,0
C005909,11,930.3536363636363,10233.89,1.375,3.0,3,1,1,Premium Basket Customers,0
C005910,6,880.6933333333333,5284.16,1.0,4.0,1,2,1,Premium Basket Customers,0
C005911,9,889.1422222222222,8002.28,1.2857142857142858,4.0,1,1,1,Premium Basket Customers,0
C005912,12,853.1941666666667,10238.33,1.5,3.25,5,3,2,Frequent High-Value Customers,0
C005913,11,942.0372727272727,10362.41,1.375,2.6,5,2,2,Frequent High-Value Customers,0
C005914,9,502.0911111111111,4518.82,1.0,3.0,4,1,0,Budget Occasional Customers,0
C005915,8,953.515,7628.12,1.3333333333333333,3.2857142857142856,2,0,1,Premium Basket Customers,0
C005916,8,861.96625,6895.73,1.1428571428571428,4.2,2,3,0,Budget Occasional Customers,0
C005917,10,826.936,8269.36,1.25,3.0,2,1,1,Premium Basket Customers,0
C005918,4,681.5075,2726.03,1.0,4.333333333333333,2,0,0,Budget Occasional Customers,0
C005919,12,1062.2975,12747.57,1.2,4.333333333333333,5,2,2,Frequent High-Value Customers,0
C005920,9,777.8466666666667,7000.62,1.5,4.25,3,2,2,Frequent High-Value Customers,0
C005921,15,864.5093333333333,12967.64,1.6666666666666667,3.5714285714285716,2,1,2,Frequent High-Value Customers,0
C005922,11,774.6127272727273,8520.74,1.375,3.6666666666666665,4,2,2,Frequent High-Value Customers,0
C005923,12,645.6725,7748.07,1.5,3.888888888888889,6,3,2,Frequent High-Value Customers,0
C005924,4,865.2975,3461.19,1.0,3.25,0,1,1,Premium Basket Customers,0
C005925,7,767.0657142857143,5369.46,1.0,3.4,2,2,0,Budget Occasional Customers,0
C005926,14,788.4228571428572,11037.92,1.2727272727272727,3.75,3,4,2,Frequent High-Value Customers,0
C005927,9,701.18,6310.62,1.2857142857142858,4.0,5,1,0,Budget Occasional Customers,0
C005928,8,634.7262499999999,5077.8099999999995,1.1428571428571428,3.75,3,0,0,Budget Occasional Customers,0
C005929,3,892.5866666666667,2677.76,1.0,5.0,0,0,0,Budget Occasional Customers,0
C005930,12,787.1875,9446.25,1.7142857142857142,3.111111111111111,4,3,2,Frequent High-Value Customers,0
C005931,5,1016.8979999999999,5084.49,1.0,3.0,2,1,1,Premium Basket Customers,0
C005932,4,830.95,3323.8,1.0,2.0,1,0,1,Premium Basket Customers,0
C005933,9,887.4977777777779,7987.4800000000005,1.5,2.8,4,2,2,Frequent High-Value Customers,0
C005934,9,971.1655555555556,8740.49,1.2857142857142858,3.25,2,0,1,Premium Basket Customers,0
C005935,18,829.7555555555556,14935.6,2.0,3.466666666666667,6,5,2,Frequent High-Value Customers,0
C005936,11,848.9181818181819,9338.1,1.375,4.285714285714286,3,4,2,Frequent High-Value Customers,0
C005937,8,599.5675,4796.54,1.0,2.75,4,5,2,Frequent High-Value Customers,0
C005938,10,713.1220000000001,7131.22,1.0,3.4,4,2,0,Budget Occasional Customers,0
C005939,13,747.8507692307692,9722.06,1.625,3.7142857142857144,4,2,2,Frequent High-Value Customers,0
C005940,12,833.6808333333333,10004.17,1.3333333333333333,3.1666666666666665,4,0,2,Frequent High-Value Customers,0
C005941,7,523.5885714285714,3665.12,1.4,4.0,4,3,0,Budget Occasional Customers,0
C005942,12,678.9733333333334,8147.68,1.3333333333333333,3.0,4,2,2,Frequent High-Value Customers,0
C005943,11,704.52,7749.719999999999,1.2222222222222223,2.7142857142857144,1,3,0,Budget Occasional Customers,0
C005944,8,926.02,7408.16,1.3333333333333333,3.6666666666666665,3,0,1,Premium Basket Customers,0
C005945,7,798.2657142857142,5587.86,1.1666666666666667,4.5,1,2,0,Budget Occasional Customers,0
C005946,14,739.3907142857144,10351.470000000001,1.4,3.090909090909091,7,5,2,Frequent High-Value Customers,0
C005947,9,874.348888888889,7869.14,1.2857142857142858,2.142857142857143,3,1,1,Premium Basket Customers,0
C005948,9,973.5833333333334,8762.25,1.2857142857142858,3.4,2,1,1,Premium Basket Customers,0
C005949,9,1171.2755555555555,10541.48,1.2857142857142858,3.0,3,1,1,Premium Basket Customers,0
C005950,5,1007.826,5039.13,1.0,3.6666666666666665,2,2,1,Premium Basket Customers,0
C005951,7,775.407142857143,5427.85,1.75,2.75,1,1,1,Premium Basket Customers,0
C005952,8,792.6725,6341.38,1.3333333333333333,3.6666666666666665,3,3,2,Frequent High-Value Customers,0
C005953,10,817.598,8175.98,1.25,3.7142857142857144,2,1,0,Budget Occasional Customers,0
C005954,8,649.47,5195.76,1.1428571428571428,3.8,1,2,0,Budget Occasional Customers,0
C005955,9,989.0944444444444,8901.85,1.2857142857142858,3.4,5,0,1,Premium Basket Customers,0
C005956,8,751.57875,6012.63,1.1428571428571428,3.0,5,2,0,Budget Occasional Customers,0
C005957,8,855.39875,6843.19,1.1428571428571428,3.0,3,0,1,Premium Basket Customers,0
C005958,9,674.718888888889,6072.47,1.5,3.5,0,3,0,Budget Occasional Customers,0
C005959,11,1014.3409090909091,11157.75,1.0,3.75,2,2,1,Premium Basket Customers,0
C005960,9,870.8822222222223,7837.9400000000005,1.2857142857142858,4.5,5,0,0,Budget Occasional Customers,0
C005961,9,804.1788888888889,7237.61,1.5,3.75,3,1,0,Budget Occasional Customers,0
C005962,7,908.54,6359.78,1.1666666666666667,2.3333333333333335,3,2,1,Premium Basket Customers,0
C005963,6,817.665,4905.99,1.0,3.0,3,0,1,Premium Basket Customers,0
C005964,8,625.46125,5003.69,1.1428571428571428,3.0,2,2,0,Budget Occasional Customers,0
C005965,11,669.7127272727273,7366.84,1.2222222222222223,3.5,5,1,2,Frequent High-Value Customers,0
C005966,10,800.4590000000001,8004.59,1.4285714285714286,3.6666666666666665,1,2,0,Budget Occasional Customers,0
C005967,6,659.9033333333333,3959.42,1.2,3.0,0,1,0,Budget Occasional Customers,0
C005968,6,931.5816666666666,5589.49,1.0,3.75,2,0,1,Premium Basket Customers,0
C005969,9,674.3544444444445,6069.1900000000005,1.2857142857142858,4.0,1,2,0,Budget Occasional Customers,0
C005970,9,1164.2911111111111,10478.62,1.5,4.0,6,1,2,Frequent High-Value Customers,0
C005971,7,770.9485714285714,5396.64,1.4,2.6666666666666665,3,2,0,Budget Occasional Customers,0
C005972,11,895.1836363636364,9847.02,1.2222222222222223,4.0,8,0,2,Frequent High-Value Customers,0
C005973,10,927.442,9274.42,1.25,2.4,2,2,1,Premium Basket Customers,0
C005974,15,955.0226666666666,14325.34,1.5,3.8181818181818183,6,2,2,Frequent High-Value Customers,0
C005975,6,717.8449999999999,4307.07,1.2,4.333333333333333,0,1,0,Budget Occasional Customers,0
C005976,5,981.4799999999999,4907.4,1.0,3.0,0,0,1,Premium Basket Customers,0
C005977,6,895.3583333333332,5372.15,1.0,3.75,1,0,1,Premium Basket Customers,0
C005978,10,1120.91,11209.1,1.25,3.3333333333333335,5,0,1,Premium Basket Customers,0
C005979,11,720.7081818181819,7927.79,1.1,3.6,3,2,0,Budget Occasional Customers,0
C005980,6,712.165,4272.99,1.2,4.0,2,1,0,Budget Occasional Customers,0
C005981,11,875.9409090909091,9635.35,1.375,4.5,5,1,2,Frequent High-Value Customers,0
C005982,8,610.80875,4886.47,1.3333333333333333,3.5,1,0,0,Budget Occasional Customers,0
C005983,3,894.9266666666666,2684.7799999999997,1.0,2.0,1,0,1,Premium Basket Customers,0
C005984,5,989.76,4948.8,1.0,2.75,2,0,1,Premium Basket Customers,0
C005985,12,739.665,8875.98,1.2,2.857142857142857,4,1,2,Frequent High-Value Customers,0
C005986,7,866.4685714285714,6065.28,1.4,3.5,3,3,2,Frequent High-Value Customers,0
C005987,12,942.5133333333333,11310.16,1.3333333333333333,3.1666666666666665,2,3,2,Frequent High-Value Customers,0
C005988,9,757.0277777777778,6813.25,1.125,4.0,3,0,0,Budget Occasional Customers,0
C005989,16,529.910625,8478.57,1.3333333333333333,2.8333333333333335,10,3,2,Frequent High-Value Customers,-1
C005990,9,726.9555555555556,6542.6,1.5,3.2857142857142856,5,2,2,Frequent High-Value Customers,0
C005991,10,1018.9540000000001,10189.54,1.4285714285714286,3.0,4,3,2,Frequent High-Value Customers,0
C005992,11,737.77,8115.47,1.1,3.6666666666666665,6,2,2,Frequent High-Value Customers,0
C005993,8,683.23,5465.84,1.3333333333333333,4.333333333333333,2,1,0,Budget Occasional Customers,0
C005994,5,967.5540000000001,4837.77,1.25,4.25,2,2,1,Premium Basket Customers,0
C005995,7,594.1585714285713,4159.11,1.1666666666666667,3.2,2,2,0,Budget Occasional Customers,0
C005996,10,769.857,7698.57,2.0,2.6666666666666665,5,4,2,Frequent High-Value Customers,-1
C005997,10,560.796,5607.96,1.4285714285714286,3.3333333333333335,1,0,0,Budget Occasional Customers,0
C005998,13,593.0146153846154,7709.19,1.4444444444444444,3.6666666666666665,7,0,2,Frequent High-Value Customers,0
C005999,10,1140.488,11404.880000000001,2.0,3.6666666666666665,3,0,2,Frequent High-Value Customers,-1
C006000,12,982.0108333333334,11784.130000000001,1.3333333333333333,3.25,4,3,2,Frequent High-Value Customers,0
C006001,9,681.1677777777778,6130.51,1.0,3.4285714285714284,3,0,0,Budget Occasional Customers,0
C006002,9,997.7177777777777,8979.46,1.2857142857142858,3.75,5,1,1,Premium Basket Customers,0
C006003,5,854.86,4274.3,1.25,4.0,1,0,1,Premium Basket Customers,0
C006004,11,432.75181818181824,4760.27,1.375,3.2857142857142856,4,3,2,Frequent High-Value Customers,0
C006005,9,652.9966666666666,5876.969999999999,1.0,3.0,3,2,0,Budget Occasional Customers,0
C006006,3,406.60666666666674,1219.8200000000002,1.0,4.5,3,0,0,Budget Occasional Customers,0
C006007,8,934.3975,7475.18,1.0,2.3333333333333335,3,1,1,Premium Basket Customers,0
C006008,9,512.0011111111112,4608.01,1.8,3.5,2,2,2,Frequent High-Value Customers,0
C006009,3,525.3966666666666,1576.19,1.5,3.5,0,1,0,Budget Occasional Customers,0
C006010,9,733.8533333333334,6604.68,1.125,3.2857142857142856,5,0,0,Budget Occasional Customers,0
C006011,4,1116.2025,4464.81,1.3333333333333333,3.5,2,0,1,Premium Basket Customers,0
C006012,14,1028.895,14404.53,1.5555555555555556,3.4285714285714284,7,2,2,Frequent High-Value Customers,0
C006013,9,836.3966666666666,7527.57,1.2857142857142858,3.1666666666666665,4,3,2,Frequent High-Value Customers,0
C006014,11,970.0227272727273,10670.25,1.375,4.0,2,0,1,Premium Basket Customers,0
C006015,8,732.3625,5858.9,1.1428571428571428,3.6666666666666665,4,0,0,Budget Occasional Customers,0
C006016,10,719.2059999999999,7192.0599999999995,1.25,2.6666666666666665,1,1,0,Budget Occasional Customers,0
C006017,9,676.8155555555555,6091.34,1.0,3.0,3,1,0,Budget Occasional Customers,0
C006018,9,1024.8100000000002,9223.29,1.5,4.0,4,0,1,Premium Basket Customers,0
C006019,12,1008.2216666666667,12098.66,1.5,4.166666666666667,4,3,2,Frequent High-Value Customers,0
C006020,13,885.3376923076922,11509.39,1.4444444444444444,3.375,7,3,2,Frequent High-Value Customers,0
C006021,13,774.8930769230769,10073.61,1.3,4.142857142857143,5,3,2,Frequent High-Value Customers,0
C006022,11,831.2481818181818,9143.73,1.5714285714285714,4.142857142857143,6,2,2,Frequent High-Value Customers,0
C006023,11,652.6027272727273,7178.63,1.5714285714285714,2.6666666666666665,3,1,2,Frequent High-Value Customers,0
C006024,9,1189.2644444444443,10703.38,1.5,3.25,2,0,1,Premium Basket Customers,0
C006025,6,1042.3283333333334,6253.97,1.5,3.0,2,0,1,Premium Basket Customers,0
C006026,13,697.7461538461539,9070.7,1.3,3.4166666666666665,8,1,2,Frequent High-Value Customers,0
C006027,6,1063.6183333333333,6381.71,1.5,3.4,2,2,1,Premium Basket Customers,0
C006028,10,737.196,7371.96,1.1111111111111112,3.25,4,1,0,Budget Occasional Customers,0
C006029,11,750.8427272727273,8259.27,1.2222222222222223,3.1666666666666665,4,4,2,Frequent High-Value Customers,0
C006030,13,1133.0553846153846,14729.72,1.3,3.142857142857143,2,1,1,Premium Basket Customers,0
C006031,13,979.9584615384615,12739.46,1.4444444444444444,3.1666666666666665,3,3,2,Frequent High-Value Customers,0
C006032,13,742.7453846153846,9655.69,1.625,3.6,7,3,2,Frequent High-Value Customers,0
C006033,7,786.3271428571428,5504.29,1.1666666666666667,2.5,3,2,1,Premium Basket Customers,0
C006034,6,1223.205,7339.23,1.5,4.0,3,2,1,Premium Basket Customers,0
C006035,13,755.0807692307692,9816.05,1.3,4.0,6,2,2,Frequent High-Value Customers,0
C006036,7,912.4785714285715,6387.35,1.4,2.75,1,1,1,Premium Basket Customers,0
C006037,9,1073.4911111111112,9661.42,1.2857142857142858,3.125,1,2,1,Premium Basket Customers,0
C006038,9,681.161111111111,6130.45,1.5,4.666666666666667,2,3,0,Budget Occasional Customers,0
C006039,8,894.71125,7157.69,1.3333333333333333,3.1666666666666665,4,2,1,Premium Basket Customers,0
C006040,7,878.22,6147.54,1.1666666666666667,4.0,1,1,1,Premium Basket Customers,0
C006041,8,865.11625,6920.93,1.3333333333333333,3.0,1,2,1,Premium Basket Customers,0
C006042,5,1174.6200000000001,5873.1,1.0,2.75,3,1,1,Premium Basket Customers,0
C006043,11,905.5872727272726,9961.46,1.5714285714285714,4.0,5,2,2,Frequent High-Value Customers,0
C006044,12,1043.0908333333334,12517.09,1.0909090909090908,3.0,4,2,1,Premium Basket Customers,0
C006045,10,1106.253,11062.529999999999,1.6666666666666667,2.875,5,2,2,Frequent High-Value Customers,0
C006046,11,550.9509090909091,6060.46,1.2222222222222223,2.142857142857143,5,1,2,Frequent High-Value Customers,0
C006047,8,670.5325,5364.26,1.1428571428571428,3.6666666666666665,3,1,0,Budget Occasional Customers,0
C006048,9,870.8033333333333,7837.23,1.2857142857142858,3.8333333333333335,5,1,2,Frequent High-Value Customers,0
C006049,10,823.2729999999999,8232.73,1.25,3.25,4,2,2,Frequent High-Value Customers,0
C006050,10,724.979,7249.79,1.1111111111111112,2.8,2,3,0,Budget Occasional Customers,0
C006051,9,735.0077777777777,6615.07,1.125,3.0,2,2,0,Budget Occasional Customers,0
C006052,8,582.9875000000001,4663.900000000001,1.0,3.0,5,1,0,Budget Occasional Customers,0
C006053,9,718.4411111111111,6465.97,1.2857142857142858,4.0,4,2,0,Budget Occasional Customers,0
C006054,9,1162.6322222222223,10463.69,1.0,3.0,3,4,1,Premium Basket Customers,0
C006055,9,981.8222222222222,8836.4,1.0,2.6,2,3,1,Premium Basket Customers,0
C006056,5,794.318,3971.59,1.6666666666666667,4.0,3,2,0,Budget Occasional Customers,0
C006057,6,655.2233333333334,3931.34,1.2,2.8,2,0,0,Budget Occasional Customers,0
C006058,10,791.893,7918.93,1.4285714285714286,3.3333333333333335,5,3,2,Frequent High-Value Customers,0
C006059,15,771.5353333333334,11573.03,1.25,3.8,4,3,2,Frequent High-Value Customers,0
C006060,7,652.9485714285713,4570.639999999999,1.1666666666666667,2.5,6,3,2,Frequent High-Value Customers,0
C006061,11,768.4790909090909,8453.27,1.375,3.857142857142857,3,0,0,Budget Occasional Customers,0
C006062,8,845.1875,6761.5,1.1428571428571428,3.5,5,2,2,Frequent High-Value Customers,0
C006063,8,937.33875,7498.71,1.3333333333333333,3.4,4,1,1,Premium Basket Customers,0
C006064,9,745.5877777777778,6710.29,1.2857142857142858,3.8333333333333335,3,2,0,Budget Occasional Customers,0
C006065,13,846.3992307692308,11003.19,1.625,3.6666666666666665,3,2,2,Frequent High-Value Customers,0
C006066,14,798.6714285714286,11181.4,1.5555555555555556,4.0,3,3,2,Frequent High-Value Customers,0
C006067,5,851.9559999999999,4259.78,1.25,3.75,1,0,1,Premium Basket Customers,0
C006068,9,688.0088888888889,6192.08,1.125,3.7142857142857144,2,4,0,Budget Occasional Customers,0
C006069,9,804.7444444444445,7242.700000000001,1.125,3.2,4,0,0,Budget Occasional Customers,0
C006070,5,607.088,3035.44,1.6666666666666667,2.3333333333333335,2,0,0,Budget Occasional Customers,0
C006071,13,1060.7823076923078,13790.17,1.625,3.0,5,1,2,Frequent High-Value Customers,0
C006072,9,814.5955555555556,7331.360000000001,1.2857142857142858,4.0,2,1,0,Budget Occasional Customers,0
C006073,8,668.3975,5347.18,1.1428571428571428,3.25,1,2,0,Budget Occasional Customers,0
C006074,14,838.3000000000001,11736.2,1.4,3.2,4,1,2,Frequent High-Value Customers,0
C006075,6,882.3216666666667,5293.93,1.2,4.0,4,2,1,Premium Basket Customers,0
C006076,9,1241.9566666666667,11177.61,1.125,2.6666666666666665,4,1,1,Premium Basket Customers,0
C006077,5,377.01,1885.05,1.25,4.0,0,0,0,Budget Occasional Customers,0
C006078,14,644.1978571428572,9018.77,1.1666666666666667,3.0,5,3,2,Frequent High-Value Customers,0
C006079,10,1096.693,10966.93,1.4285714285714286,2.5,4,2,1,Premium Basket Customers,0
C006080,5,966.8,4834.0,1.0,4.0,0,1,1,Premium Basket Customers,0
C006081,6,888.8033333333333,5332.82,1.0,4.0,1,0,1,Premium Basket Customers,0
C006082,8,806.61375,6452.91,1.1428571428571428,3.0,5,1,0,Budget Occasional Customers,0
C006083,6,602.9883333333333,3617.9300000000003,1.2,3.4,2,1,0,Budget Occasional Customers,0
C006084,10,809.453,8094.53,1.6666666666666667,3.0,1,2,2,Frequent High-Value Customers,0
C006085,9,967.5322222222223,8707.79,1.2857142857142858,2.5714285714285716,4,0,1,Premium Basket Customers,0
C006086,6,495.70166666666665,2974.21,1.2,3.4,1,0,0,Budget Occasional Customers,0
C006087,8,510.76875,4086.15,1.1428571428571428,4.0,4,0,0,Budget Occasional Customers,0
C006088,8,636.95375,5095.63,1.1428571428571428,3.0,3,1,0,Budget Occasional Customers,0
C006089,11,924.8836363636364,10173.72,1.375,3.0,3,2,2,Frequent High-Value Customers,0
C006090,5,865.434,4327.17,1.0,4.0,2,1,1,Premium Basket Customers,0
C006091,14,795.6078571428571,11138.51,1.5555555555555556,3.7142857142857144,3,5,2,Frequent High-Value Customers,0
C006092,10,680.426,6804.26,1.4285714285714286,3.8,3,4,2,Frequent High-Value Customers,0
C006093,2,457.28499999999997,914.5699999999999,2.0,4.5,2,0,0,Budget Occasional Customers,-1
C006094,13,889.9953846153846,11569.94,1.625,4.0,5,3,2,Frequent High-Value Customers,0
C006095,8,714.98,5719.84,1.0,2.8,1,0,0,Budget Occasional Customers,0
C006096,10,846.3720000000001,8463.720000000001,1.1111111111111112,4.4,2,2,0,Budget Occasional Customers,0
C006097,11,642.9436363636364,7072.38,1.2222222222222223,3.3333333333333335,3,0,0,Budget Occasional Customers,0
C006098,9,672.5555555555555,6053.0,1.5,3.25,6,0,2,Frequent High-Value Customers,0
C006099,6,868.2483333333333,5209.49,1.0,2.6666666666666665,3,0,1,Premium Basket Customers,0
C006100,6,967.2133333333333,5803.28,1.5,4.0,1,2,1,Premium Basket Customers,0
C006101,11,811.5436363636363,8926.98,1.2222222222222223,3.5555555555555554,6,3,2,Frequent High-Value Customers,0
C006102,13,993.6861538461538,12917.92,1.4444444444444444,3.888888888888889,7,2,2,Frequent High-Value Customers,0
C006103,15,884.9653333333333,13274.48,1.5,3.5,8,2,2,Frequent High-Value Customers,0
C006104,11,729.9463636363636,8029.41,1.2222222222222223,3.0,4,2,2,Frequent High-Value Customers,0
C006105,9,733.0566666666667,6597.51,1.0,3.1666666666666665,2,3,0,Budget Occasional Customers,0
C006106,5,730.6940000000001,3653.4700000000003,1.25,3.6666666666666665,2,1,0,Budget Occasional Customers,0
C006107,6,1026.4333333333334,6158.6,1.2,4.25,3,2,1,Premium Basket Customers,0
C006108,8,933.9937500000001,7471.950000000001,2.0,3.4,4,1,2,Frequent High-Value Customers,0
C006109,9,750.2333333333333,6752.1,1.125,3.8,1,0,0,Budget Occasional Customers,0
C006110,7,873.9214285714287,6117.450000000001,1.1666666666666667,3.5,3,0,1,Premium Basket Customers,0
C006111,7,876.9157142857142,6138.41,1.1666666666666667,3.0,5,2,1,Premium Basket Customers,0
C006112,6,798.7983333333333,4792.79,1.5,3.25,3,1,0,Budget Occasional Customers,0
C006113,8,1016.1875,8129.5,1.1428571428571428,2.8,4,1,1,Premium Basket Customers,0
C006114,10,794.14,7941.4,1.25,4.0,3,1,0,Budget Occasional Customers,0
C006115,7,769.7642857142857,5388.35,1.1666666666666667,4.5,3,1,0,Budget Occasional Customers,0
C006116,11,807.7781818181818,8885.56,1.5714285714285714,3.6,1,5,2,Frequent High-Value Customers,0
C006117,12,753.0483333333333,9036.58,1.2,3.625,5,5,2,Frequent High-Value Customers,0
C006118,12,725.9766666666666,8711.72,1.3333333333333333,4.0,4,2,2,Frequent High-Value Customers,0
C006119,9,766.4311111111111,6897.88,1.5,4.333333333333333,3,2,2,Frequent High-Value Customers,0
C006120,8,939.98875,7519.91,1.1428571428571428,3.25,1,0,1,Premium Basket Customers,0
C006121,13,754.4300000000001,9807.59,1.625,2.4,2,0,2,Frequent High-Value Customers,0
C006122,8,610.35,4882.8,1.0,3.0,4,2,0,Budget Occasional Customers,0
C006123,11,783.6481818181819,8620.130000000001,1.1,2.857142857142857,5,0,0,Budget Occasional Customers,0
C006124,9,665.5044444444444,5989.54,1.0,3.75,1,1,0,Budget Occasional Customers,0
C006125,12,1029.9916666666666,12359.9,1.5,3.8,5,2,2,Frequent High-Value Customers,0
C006126,6,971.7533333333334,5830.52,1.2,3.2,2,3,1,Premium Basket Customers,0
C006127,7,1163.1000000000001,8141.700000000001,1.1666666666666667,3.0,3,3,1,Premium Basket Customers,0
C006128,7,602.8199999999999,4219.74,1.1666666666666667,3.75,3,0,0,Budget Occasional Customers,0
C006129,6,981.9216666666666,5891.53,1.2,3.75,0,1,1,Premium Basket Customers,0
C006130,5,664.088,3320.44,1.0,3.3333333333333335,2,2,0,Budget Occasional Customers,0
C006131,5,1084.9199999999998,5424.599999999999,1.25,3.0,3,1,1,Premium Basket Customers,0
C006132,11,849.1172727272726,9340.289999999999,1.2222222222222223,3.6666666666666665,5,1,2,Frequent High-Value Customers,0
C006133,8,952.96375,7623.71,1.1428571428571428,3.375,3,3,1,Premium Basket Customers,0
C006134,10,653.452,6534.52,1.4285714285714286,4.2,3,0,0,Budget Occasional Customers,0
C006135,6,1266.3216666666667,7597.93,1.2,3.6666666666666665,1,0,1,Premium Basket Customers,0
C006136,7,812.7299999999999,5689.11,1.1666666666666667,3.3333333333333335,3,3,0,Budget Occasional Customers,0
C006137,7,741.7442857142858,5192.21,1.0,4.25,4,3,0,Budget Occasional Customers,0
C006138,12,643.6341666666667,7723.610000000001,1.2,3.0,5,2,2,Frequent High-Value Customers,0
C006139,6,685.7133333333333,4114.28,1.0,3.3333333333333335,3,1,0,Budget Occasional Customers,0
C006140,12,1060.7433333333333,12728.92,1.7142857142857142,3.5,5,3,2,Frequent High-Value Customers,0
C006141,8,904.69625,7237.57,1.1428571428571428,3.0,2,0,1,Premium Basket Customers,0
C006142,8,1040.335,8322.68,1.1428571428571428,3.5,2,2,1,Premium Basket Customers,0
C006143,12,643.9933333333333,7727.92,1.3333333333333333,3.0,5,4,2,Frequent High-Value Customers,0
C006144,8,1028.6125,8228.9,1.1428571428571428,3.2857142857142856,3,3,1,Premium Basket Customers,0
C006145,5,957.6279999999999,4788.139999999999,1.0,3.6666666666666665,3,0,1,Premium Basket Customers,0
C006146,8,946.3325,7570.66,1.1428571428571428,4.0,3,4,1,Premium Basket Customers,0
C006147,9,954.9499999999999,8594.55,1.0,3.4285714285714284,3,3,1,Premium Basket Customers,0
C006148,6,585.4133333333333,3512.48,1.5,3.0,3,1,0,Budget Occasional Customers,0
C006149,10,668.8770000000001,6688.77,1.25,3.5,5,0,0,Budget Occasional Customers,0
C006150,12,989.4358333333333,11873.23,1.5,3.7777777777777777,4,4,2,Frequent High-Value Customers,0
C006151,9,607.3577777777778,5466.22,1.5,3.1666666666666665,1,0,0,Budget Occasional Customers,0
C006152,8,1023.4962499999999,8187.969999999999,1.3333333333333333,3.7142857142857144,3,1,1,Premium Basket Customers,0
C006153,13,782.2553846153846,10169.32,1.4444444444444444,3.6666666666666665,5,2,2,Frequent High-Value Customers,0
C006154,9,801.3466666666667,7212.12,1.2857142857142858,2.25,4,1,1,Premium Basket Customers,0
C006155,12,795.6925,9548.31,1.3333333333333333,3.5,2,1,0,Budget Occasional Customers,0
C006156,10,973.0559999999999,9730.56,1.25,2.8,4,4,2,Frequent High-Value Customers,0
C006157,6,674.9866666666667,4049.92,1.2,4.25,0,1,0,Budget Occasional Customers,0
C006158,10,867.642,8676.42,1.25,3.7142857142857144,4,2,2,Frequent High-Value Customers,0
C006159,10,847.8879999999999,8478.88,1.25,3.4285714285714284,4,1,2,Frequent High-Value Customers,0
C006160,11,814.82,8963.02,1.2222222222222223,3.2,7,3,2,Frequent High-Value Customers,0
C006161,16,684.5806249999999,10953.289999999999,1.4545454545454546,3.5,4,5,2,Frequent High-Value Customers,0
C006162,10,812.557,8125.57,1.4285714285714286,3.0,2,0,1,Premium Basket Customers,0
C006163,9,1197.0466666666666,10773.42,1.5,3.4,2,2,1,Premium Basket Customers,0
C006164,5,671.672,3358.36,1.0,2.75,2,1,0,Budget Occasional Customers,0
C006165,11,938.6863636363637,10325.550000000001,1.375,3.5,4,2,2,Frequent High-Value Customers,0
C006166,10,894.8290000000001,8948.29,1.25,2.4285714285714284,3,3,2,Frequent High-Value Customers,0
C006167,9,609.0422222222222,5481.38,1.8,3.0,3,3,2,Frequent High-Value Customers,0
C006168,9,616.5644444444445,5549.08,1.125,3.375,2,2,0,Budget Occasional Customers,0
C006169,12,871.2616666666667,10455.14,1.3333333333333333,3.25,5,2,2,Frequent High-Value Customers,0
C006170,11,852.9554545454546,9382.51,1.5714285714285714,3.6,4,1,2,Frequent High-Value Customers,0
C006171,7,1012.5471428571428,7087.83,1.1666666666666667,2.3333333333333335,3,2,1,Premium Basket Customers,0
C006172,10,857.61,8576.1,1.4285714285714286,3.8,3,1,2,Frequent High-Value Customers,0
C006173,15,544.8506666666667,8172.76,1.3636363636363635,3.625,6,1,2,Frequent High-Value Customers,0
C006174,11,655.3890909090909,7209.28,1.2222222222222223,2.8333333333333335,4,3,2,Frequent High-Value Customers,0
C006175,8,763.98,6111.84,1.1428571428571428,3.5,4,2,0,Budget Occasional Customers,0
C006176,7,876.3357142857143,6134.35,1.0,3.0,6,1,1,Premium Basket Customers,0
C006177,13,829.5600000000001,10784.28,1.625,2.5,4,1,2,Frequent High-Value Customers,0
C006178,8,795.68625,6365.49,1.1428571428571428,3.75,4,3,0,Budget Occasional Customers,0
C006179,6,951.0749999999999,5706.45,1.0,4.25,1,2,1,Premium Basket Customers,0
C006180,7,981.2485714285714,6868.74,1.1666666666666667,3.6666666666666665,2,5,1,Premium Basket Customers,0
C006181,8,600.4237499999999,4803.389999999999,1.1428571428571428,3.5,2,3,0,Budget Occasional Customers,0
C006182,8,698.96125,5591.69,1.1428571428571428,3.6666666666666665,4,1,0,Budget Occasional Customers,0
C006183,8,752.51875,6020.15,1.3333333333333333,4.285714285714286,3,2,0,Budget Occasional Customers,0
C006184,7,880.8028571428571,6165.62,1.1666666666666667,3.5,3,0,1,Premium Basket Customers,0
C006185,9,635.0111111111112,5715.1,1.125,4.0,2,0,0,Budget Occasional Customers,0
C006186,7,1051.6757142857143,7361.73,1.0,3.75,1,2,1,Premium Basket Customers,0
C006187,7,646.6242857142857,4526.37,1.4,4.0,4,1,0,Budget Occasional Customers,0
C006188,13,768.5946153846154,9991.73,1.4444444444444444,2.857142857142857,5,2,2,Frequent High-Value Customers,0
C006189,6,461.9883333333333,2771.93,1.0,3.0,2,0,0,Budget Occasional Customers,0
C006190,7,853.2685714285715,5972.88,1.4,3.0,3,0,1,Premium Basket Customers,0
C006191,8,734.1825,5873.46,1.3333333333333333,3.4,3,2,0,Budget Occasional Customers,0
C006192,11,741.0054545454545,8151.06,1.2222222222222223,3.5,4,2,2,Frequent High-Value Customers,0
C006193,7,932.1214285714286,6524.85,1.4,3.8,3,2,1,Premium Basket Customers,0
C006194,5,582.0600000000001,2910.3,1.0,2.0,4,1,0,Budget Occasional Customers,0
C006195,11,656.9436363636364,7226.38,1.2222222222222223,3.3333333333333335,4,4,2,Frequent High-Value Customers,0
C006196,11,897.4963636363635,9872.46,1.1,3.375,3,3,2,Frequent High-Value Customers,0
C006197,10,768.892,7688.92,1.25,3.1666666666666665,0,1,0,Budget Occasional Customers,0
C006198,10,885.7379999999999,8857.38,1.25,3.875,5,0,1,Premium Basket Customers,0
C006199,14,864.9635714285714,12109.49,1.4,3.1,2,5,2,Frequent High-Value Customers,0
C006200,12,725.7466666666666,8708.96,1.2,4.25,4,2,2,Frequent High-Value Customers,0
C006201,10,723.747,7237.469999999999,1.1111111111111112,3.7142857142857144,4,2,0,Budget Occasional Customers,0
C006202,7,796.4357142857143,5575.05,1.1666666666666667,2.25,3,5,2,Frequent High-Value Customers,-1
C006203,10,760.426,7604.26,1.4285714285714286,2.6,3,2,2,Frequent High-Value Customers,0
C006204,3,936.9166666666666,2810.75,1.0,1.0,1,1,1,Premium Basket Customers,1
C006205,11,1001.8918181818182,11020.81,2.2,3.8,2,1,2,Frequent High-Value Customers,0
C006206,13,979.0738461538463,12727.960000000001,1.4444444444444444,3.75,4,2,2,Frequent High-Value Customers,0
C006207,13,1070.7407692307693,13919.630000000001,1.4444444444444444,3.7,6,2,2,Frequent High-Value Customers,0
C006208,4,872.1725,3488.69,1.0,4.0,1,0,1,Premium Basket Customers,0
C006209,10,1067.424,10674.24,1.25,3.4285714285714284,6,1,2,Frequent High-Value Customers,0
C006210,9,966.298888888889,8696.69,1.5,4.0,0,1,1,Premium Basket Customers,0
C006211,6,732.8216666666667,4396.93,1.0,2.8,3,1,0,Budget Occasional Customers,0
C006212,5,1088.42,5442.1,1.0,2.75,2,0,1,Premium Basket Customers,0
C006213,12,659.1458333333334,7909.75,1.7142857142857142,3.75,1,0,0,Budget Occasional Customers,0
C006214,9,838.5444444444444,7546.9,1.5,3.6666666666666665,5,2,2,Frequent High-Value Customers,0
C006215,11,700.4781818181818,7705.26,1.2222222222222223,3.857142857142857,3,2,0,Budget Occasional Customers,0
C006216,16,762.838125,12205.41,1.4545454545454546,3.9,4,4,2,Frequent High-Value Customers,0
C006217,6,740.8183333333333,4444.91,1.2,3.25,0,1,0,Budget Occasional Customers,0
C006218,14,740.615,10368.61,1.2727272727272727,2.875,2,3,2,Frequent High-Value Customers,0
C006219,8,934.4300000000001,7475.4400000000005,1.1428571428571428,3.25,2,2,1,Premium Basket Customers,0
C006220,10,955.632,9556.32,1.0,2.857142857142857,4,2,1,Premium Basket Customers,0
C006221,9,869.9888888888888,7829.9,1.2857142857142858,2.5714285714285716,2,1,1,Premium Basket Customers,0
C006222,7,711.0242857142857,4977.17,1.1666666666666667,4.333333333333333,2,1,0,Budget Occasional Customers,0
C006223,6,1110.8766666666668,6665.26,1.2,2.5,4,1,1,Premium Basket Customers,0
C006224,8,1086.565,8692.52,1.1428571428571428,3.5,3,2,1,Premium Basket Customers,0
C006225,5,846.824,4234.12,1.0,3.0,2,0,1,Premium Basket Customers,0
C006226,8,537.295,4298.36,1.0,3.3333333333333335,3,1,0,Budget Occasional Customers,0
C006227,5,773.358,3866.79,1.25,3.6666666666666665,1,0,0,Budget Occasional Customers,0
C006228,12,1114.8700000000001,13378.44,1.5,2.6666666666666665,3,2,2,Frequent High-Value Customers,0
C006229,6,873.1166666666667,5238.7,1.0,3.75,2,0,1,Premium Basket Customers,0
C006230,12,1058.2566666666667,12699.08,1.2,3.6,3,2,1,Premium Basket Customers,0
C006231,16,654.845,10477.52,1.7777777777777777,2.8,8,2,2,Frequent High-Value Customers,0
C006232,6,820.3833333333333,4922.3,1.0,3.25,2,2,1,Premium Basket Customers,0
C006233,18,732.0388888888888,13176.699999999999,1.3846153846153846,3.7777777777777777,9,3,2,Frequent High-Value Customers,0
C006234,5,718.2560000000001,3591.28,1.6666666666666667,3.6666666666666665,2,0,0,Budget Occasional Customers,0
C006235,11,840.8627272727273,9249.49,1.375,2.875,2,4,2,Frequent High-Value Customers,0
C006236,11,1106.2927272727275,12169.220000000001,1.5714285714285714,3.857142857142857,4,0,1,Premium Basket Customers,0
C006237,12,895.4416666666666,10745.3,1.3333333333333333,3.0,5,3,2,Frequent High-Value Customers,0
C006238,6,826.6416666666668,4959.85,1.2,3.0,1,2,1,Premium Basket Customers,0
C006239,9,694.7955555555556,6253.16,1.8,3.8,5,3,2,Frequent High-Value Customers,0
C006240,8,1141.7275,9133.82,1.1428571428571428,3.0,1,1,1,Premium Basket Customers,0
C006241,11,1033.9827272727273,11373.810000000001,1.2222222222222223,3.8,3,1,1,Premium Basket Customers,0
C006242,5,474.872,2374.36,1.0,3.3333333333333335,3,0,0,Budget Occasional Customers,0
C006243,5,544.0640000000001,2720.32,1.25,3.75,0,0,0,Budget Occasional Customers,0
C006244,4,1073.9475,4295.79,1.0,3.6666666666666665,0,0,1,Premium Basket Customers,0
C006245,12,740.5166666666665,8886.199999999999,1.3333333333333333,3.5,6,4,2,Frequent High-Value Customers,0
C006246,11,877.5527272727272,9653.08,1.1,3.5,5,2,2,Frequent High-Value Customers,0
C006247,9,846.3755555555556,7617.38,1.2857142857142858,2.75,2,0,1,Premium Basket Customers,0
C006248,9,1031.2488888888888,9281.24,1.5,3.2,1,3,1,Premium Basket Customers,0
C006249,10,772.2909999999999,7722.91,1.25,3.0,4,0,0,Budget Occasional Customers,0
C006250,10,873.146,8731.46,1.1111111111111112,3.5,3,4,2,Frequent High-Value Customers,0
C006251,7,894.2985714285714,6260.09,1.1666666666666667,3.0,4,2,1,Premium Basket Customers,0
C006252,6,852.94,5117.64,1.2,3.25,4,2,1,Premium Basket Customers,0
C006253,15,776.1759999999999,11642.64,1.5,4.0,5,3,2,Frequent High-Value Customers,0
C006254,12,759.3000000000001,9111.6,1.3333333333333333,2.5714285714285716,2,3,2,Frequent High-Value Customers,0
C006255,6,755.2316666666667,4531.39,1.2,2.75,2,2,0,Budget Occasional Customers,0
C006256,11,667.6209090909091,7343.83,1.2222222222222223,3.6666666666666665,6,2,2,Frequent High-Value Customers,0
C006257,12,882.6183333333333,10591.42,1.3333333333333333,2.7777777777777777,5,2,2,Frequent High-Value Customers,0
C006258,7,916.4785714285715,6415.35,1.4,3.0,3,0,1,Premium Basket Customers,0
C006259,11,490.9927272727273,5400.92,1.5714285714285714,4.0,6,1,2,Frequent High-Value Customers,0
C006260,7,991.9899999999999,6943.929999999999,1.1666666666666667,3.3333333333333335,2,1,1,Premium Basket Customers,0
C006261,6,847.7866666666667,5086.72,1.2,2.5,3,1,1,Premium Basket Customers,0
C006262,9,933.7177777777777,8403.46,1.2857142857142858,3.75,4,0,1,Premium Basket Customers,0
C006263,6,690.81,4144.86,1.2,3.3333333333333335,1,2,0,Budget Occasional Customers,0
C006264,10,864.975,8649.75,1.25,3.0,3,3,2,Frequent High-Value Customers,0
C006265,7,720.85,5045.95,1.75,3.1666666666666665,0,0,0,Budget Occasional Customers,0
C006266,9,846.9422222222222,7622.48,1.0,3.6666666666666665,5,2,0,Budget Occasional Customers,0
C006267,7,746.3228571428572,5224.26,1.1666666666666667,4.0,2,1,0,Budget Occasional Customers,0
C006268,14,845.4607142857143,11836.45,1.4,3.4285714285714284,6,3,2,Frequent High-Value Customers,0
C006269,11,784.5818181818181,8630.4,1.375,4.142857142857143,3,3,2,Frequent High-Value Customers,0
C006270,8,670.37,5362.96,1.1428571428571428,3.2857142857142856,3,2,0,Budget Occasional Customers,0
C006271,15,898.0366666666666,13470.55,1.5,3.5,6,2,2,Frequent High-Value Customers,0
C006272,6,1074.4083333333333,6446.45,1.2,4.0,4,2,1,Premium Basket Customers,0
C006273,8,858.04375,6864.35,1.1428571428571428,3.3333333333333335,1,0,1,Premium Basket Customers,0
C006274,7,1236.3257142857144,8654.28,1.0,4.0,3,3,1,Premium Basket Customers,0
C006275,6,792.6583333333333,4755.95,1.2,2.8,3,1,1,Premium Basket Customers,0
C006276,8,901.4375,7211.5,1.1428571428571428,4.333333333333333,3,0,1,Premium Basket Customers,0
C006277,17,948.8752941176472,16130.880000000001,1.7,3.6666666666666665,7,5,2,Frequent High-Value Customers,0
C006278,7,568.4557142857143,3979.19,1.1666666666666667,3.4,4,2,0,Budget Occasional Customers,0
C006279,8,951.2637500000001,7610.110000000001,1.3333333333333333,3.3333333333333335,1,2,1,Premium Basket Customers,0
C006280,7,913.4442857142857,6394.11,1.1666666666666667,3.25,5,2,1,Premium Basket Customers,0
C006281,7,1049.8614285714286,7349.03,1.4,3.75,4,2,1,Premium Basket Customers,0
C006282,13,790.7992307692307,10280.39,1.4444444444444444,3.1,5,4,2,Frequent High-Value Customers,0
C006283,10,790.775,7907.75,1.4285714285714286,3.857142857142857,4,2,2,Frequent High-Value Customers,0
C006284,8,1078.51375,8628.11,1.1428571428571428,3.25,4,3,1,Premium Basket Customers,0
C006285,11,1085.8763636363635,11944.64,1.8333333333333333,3.6666666666666665,2,4,2,Frequent High-Value Customers,-1
C006286,11,708.7345454545455,7796.08,1.375,3.625,7,0,2,Frequent High-Value Customers,0
C006287,8,1025.2925,8202.34,1.6,3.4,1,3,1,Premium Basket Customers,0
C006288,7,781.59,5471.13,1.4,2.5,1,1,1,Premium Basket Customers,0
C006289,11,589.040909090909,6479.45,1.2222222222222223,4.0,4,3,2,Frequent High-Value Customers,0
C006290,6,745.8449999999999,4475.07,1.2,4.0,2,1,0,Budget Occasional Customers,0
C006291,7,796.6328571428572,5576.43,1.1666666666666667,3.25,2,2,0,Budget Occasional Customers,0
C006292,16,693.74,11099.84,1.4545454545454546,3.1666666666666665,7,4,2,Frequent High-Value Customers,0
C006293,10,648.173,6481.73,1.25,2.3333333333333335,4,4,2,Frequent High-Value Customers,0
C006294,9,835.0677777777778,7515.610000000001,1.125,3.2857142857142856,3,2,1,Premium Basket Customers,0
C006295,14,977.9857142857143,13691.8,1.5555555555555556,4.166666666666667,8,4,2,Frequent High-Value Customers,0
C006296,9,806.0133333333333,7254.12,1.2857142857142858,3.5714285714285716,3,2,0,Budget Occasional Customers,0
C006297,12,967.5524999999999,11610.63,1.2,3.25,8,3,2,Frequent High-Value Customers,0
C006298,4,1013.935,4055.74,1.0,3.5,2,0,1,Premium Basket Customers,0
C006299,12,862.3658333333333,10348.39,1.5,3.75,6,2,2,Frequent High-Value Customers,0
C006300,5,569.45,2847.25,1.25,4.666666666666667,3,0,0,Budget Occasional Customers,0
C006301,11,581.1663636363636,6392.83,1.375,3.5,2,1,0,Budget Occasional Customers,0
C006302,7,634.222857142857,4439.5599999999995,1.1666666666666667,4.5,1,1,0,Budget Occasional Customers,0
C006303,5,705.554,3527.77,1.6666666666666667,3.6,2,0,0,Budget Occasional Customers,0
C006304,8,525.17,4201.36,1.1428571428571428,3.0,4,1,0,Budget Occasional Customers,0
C006305,12,788.0291666666667,9456.35,1.3333333333333333,2.9166666666666665,6,1,2,Frequent High-Value Customers,0
C006306,14,809.7428571428571,11336.4,1.5555555555555556,3.2,8,1,2,Frequent High-Value Customers,0
C006307,10,754.624,7546.24,1.25,3.6666666666666665,6,2,2,Frequent High-Value Customers,0
C006308,10,723.313,7233.13,1.25,3.6666666666666665,3,1,0,Budget Occasional Customers,0
C006309,10,831.0720000000001,8310.720000000001,1.1111111111111112,3.6,3,3,2,Frequent High-Value Customers,0
C006310,10,817.284,8172.84,1.4285714285714286,3.4,5,3,2,Frequent High-Value Customers,0
C006311,9,631.4722222222222,5683.25,1.0,3.2,4,3,0,Budget Occasional Customers,0
C006312,6,829.8233333333334,4978.9400000000005,1.2,3.0,3,0,1,Premium Basket Customers,0
C006313,9,913.9577777777779,8225.62,1.125,4.333333333333333,2,3,1,Premium Basket Customers,0
C006314,5,1036.836,5184.18,1.0,3.0,0,1,1,Premium Basket Customers,0
C006315,10,852.055,8520.55,1.25,3.4285714285714284,2,1,1,Premium Basket Customers,0
C006316,14,1113.6935714285714,15591.71,1.1666666666666667,3.4,4,3,2,Frequent High-Value Customers,0
C006317,12,672.6775,8072.13,1.2,2.8333333333333335,3,3,2,Frequent High-Value Customers,0
C006318,9,690.8555555555555,6217.7,1.125,3.5,2,0,0,Budget Occasional Customers,0
C006319,8,992.2725,7938.18,1.6,4.0,1,0,1,Premium Basket Customers,0
C006320,12,857.9016666666666,10294.82,1.3333333333333333,3.6,3,2,2,Frequent High-Value Customers,0
C006321,8,580.1825,4641.46,1.1428571428571428,3.0,2,3,0,Budget Occasional Customers,0
C006322,9,956.0177777777777,8604.16,1.2857142857142858,3.0,5,0,1,Premium Basket Customers,0
C006323,5,422.582,2112.91,1.0,3.0,1,0,0,Budget Occasional Customers,0
C006324,8,774.56,6196.48,1.3333333333333333,4.333333333333333,4,3,2,Frequent High-Value Customers,0
C006325,8,866.25875,6930.07,1.3333333333333333,2.1666666666666665,1,2,1,Premium Basket Customers,0
C006326,8,855.39375,6843.15,1.3333333333333333,3.0,2,1,1,Premium Basket Customers,0
C006327,5,705.024,3525.12,1.0,4.5,1,0,0,Budget Occasional Customers,0
C006328,4,781.33,3125.32,1.0,3.0,1,1,0,Budget Occasional Customers,0
C006329,10,988.0809999999999,9880.81,1.25,3.3333333333333335,5,5,2,Frequent High-Value Customers,0
C006330,10,925.317,9253.17,1.25,2.3333333333333335,1,2,1,Premium Basket Customers,0
C006331,5,598.03,2990.15,1.0,3.6666666666666665,0,1,0,Budget Occasional Customers,0
C006332,4,1200.4625,4801.85,1.3333333333333333,3.3333333333333335,2,0,1,Premium Basket Customers,0
C006333,9,612.4033333333333,5511.63,1.5,2.75,4,2,2,Frequent High-Value Customers,0
C006334,15,754.0640000000001,11310.960000000001,1.5,3.5555555555555554,6,0,2,Frequent High-Value Customers,0
C006335,6,892.85,5357.1,1.0,3.0,3,1,1,Premium Basket Customers,0
C006336,11,709.97,7809.67,1.5714285714285714,3.8,3,2,2,Frequent High-Value Customers,0
C006337,6,918.3333333333334,5510.0,1.0,3.0,1,0,1,Premium Basket Customers,0
C006338,7,815.9028571428571,5711.32,1.4,4.0,0,1,0,Budget Occasional Customers,0
C006339,14,945.647142857143,13239.060000000001,1.2727272727272727,3.857142857142857,6,3,2,Frequent High-Value Customers,0
C006340,9,871.8788888888889,7846.91,1.125,3.8,4,1,1,Premium Basket Customers,0
C006341,11,830.830909090909,9139.14,1.2222222222222223,3.375,2,2,1,Premium Basket Customers,0
C006342,8,635.7025,5085.62,1.0,3.3333333333333335,2,0,0,Budget Occasional Customers,0
C006343,10,828.74,8287.4,1.25,2.6666666666666665,3,4,2,Frequent High-Value Customers,0
C006344,10,551.6,5516.0,2.0,3.3333333333333335,6,1,2,Frequent High-Value Customers,-1
C006345,8,1085.55,8684.4,1.1428571428571428,3.2,5,1,1,Premium Basket Customers,0
C006346,10,1013.324,10133.24,1.1111111111111112,3.4,3,2,1,Premium Basket Customers,0
C006347,6,785.0999999999999,4710.599999999999,1.0,4.0,3,4,0,Budget Occasional Customers,0
C006348,9,608.1388888888889,5473.25,1.2857142857142858,3.6666666666666665,3,2,0,Budget Occasional Customers,0
C006349,5,947.07,4735.35,1.25,3.5,2,1,1,Premium Basket Customers,0
C006350,7,1012.9871428571429,7090.91,1.1666666666666667,3.6,1,2,1,Premium Basket Customers,0
C006351,8,508.34999999999997,4066.7999999999997,2.0,3.1666666666666665,2,3,2,Frequent High-Value Customers,-1
C006352,8,1003.77875,8030.23,1.1428571428571428,3.2857142857142856,5,2,1,Premium Basket Customers,0
C006353,6,868.0433333333334,5208.26,1.5,3.8,1,1,1,Premium Basket Customers,0
C006354,11,794.6509090909091,8741.16,1.5714285714285714,3.2,3,2,2,Frequent High-Value Customers,0
C006355,7,771.6385714285714,5401.469999999999,1.1666666666666667,3.25,1,1,0,Budget Occasional Customers,0
C006356,5,785.9480000000001,3929.7400000000002,1.6666666666666667,3.0,4,1,0,Budget Occasional Customers,0
C006357,8,851.655,6813.24,2.0,3.8,2,0,2,Frequent High-Value Customers,0
C006358,15,893.4313333333334,13401.470000000001,1.5,3.272727272727273,8,3,2,Frequent High-Value Customers,0
C006359,8,787.52625,6300.21,1.0,3.8,5,2,0,Budget Occasional Customers,0
C006360,5,610.074,3050.37,1.25,5.0,2,2,0,Budget Occasional Customers,0
C006361,9,610.3022222222222,5492.72,1.5,3.375,2,3,2,Frequent High-Value Customers,0
C006362,11,998.3900000000001,10982.29,1.2222222222222223,3.5714285714285716,8,2,2,Frequent High-Value Customers,0
C006363,6,811.09,4866.54,1.2,3.5,2,1,0,Budget Occasional Customers,0
C006364,8,741.42875,5931.43,1.6,3.142857142857143,2,2,0,Budget Occasional Customers,0
C006365,6,886.7316666666667,5320.39,1.2,3.2,3,2,1,Premium Basket Customers,0
C006366,13,740.8653846153846,9631.25,1.3,3.7142857142857144,7,3,2,Frequent High-Value Customers,0
C006367,9,1045.038888888889,9405.35,1.125,3.3333333333333335,3,2,1,Premium Basket Customers,0
C006368,14,993.7192857142857,13912.07,1.4,3.3,3,2,2,Frequent High-Value Customers,0
C006369,13,896.2276923076922,11650.96,1.3,3.5714285714285716,4,3,2,Frequent High-Value Customers,0
C006370,8,750.37125,6002.97,1.3333333333333333,3.1666666666666665,2,0,0,Budget Occasional Customers,0
C006371,9,955.4277777777778,8598.85,1.125,3.857142857142857,2,2,1,Premium Basket Customers,0
C006372,8,575.88625,4607.09,1.1428571428571428,3.6666666666666665,0,1,0,Budget Occasional Customers,0
C006373,13,689.9923076923077,8969.9,1.1818181818181819,3.2,2,3,2,Frequent High-Value Customers,0
C006374,9,905.1333333333333,8146.2,1.2857142857142858,3.2,2,3,1,Premium Basket Customers,0
C006375,10,853.568,8535.68,1.4285714285714286,3.75,1,2,1,Premium Basket Customers,0
C006376,7,1183.4314285714286,8284.02,1.0,4.333333333333333,3,1,1,Premium Basket Customers,0
C006377,12,877.3608333333333,10528.33,1.5,3.625,2,2,2,Frequent High-Value Customers,0
C006378,7,718.5157142857144,5029.610000000001,1.4,5.0,2,1,0,Budget Occasional Customers,0
C006379,7,998.4885714285714,6989.42,1.4,2.0,1,2,1,Premium Basket Customers,0
C006380,8,929.2262499999999,7433.8099999999995,1.3333333333333333,3.5,3,1,1,Premium Basket Customers,0
C006381,7,813.8528571428571,5696.97,1.1666666666666667,3.0,3,1,1,Premium Basket Customers,0
C006382,11,615.8836363636364,6774.72,1.5714285714285714,3.2222222222222223,4,4,2,Frequent High-Value Customers,0
C006383,11,1011.5881818181817,11127.47,1.2222222222222223,3.7142857142857144,2,1,1,Premium Basket Customers,0
C006384,8,715.8625,5726.9,1.6,3.1666666666666665,1,1,0,Budget Occasional Customers,0
C006385,6,1061.2766666666666,6367.66,1.2,3.5,2,1,1,Premium Basket Customers,0
C006386,8,707.8775,5663.02,1.1428571428571428,2.25,4,1,0,Budget Occasional Customers,0
C006387,6,535.6866666666666,3214.12,1.2,4.0,2,1,0,Budget Occasional Customers,0
C006388,6,640.9266666666666,3845.56,1.2,3.5,3,1,0,Budget Occasional Customers,0
C006389,12,852.85,10234.2,1.2,2.75,1,2,1,Premium Basket Customers,0
C006390,9,659.5411111111111,5935.87,1.2857142857142858,2.5,4,4,2,Frequent High-Value Customers,0
C006391,9,957.1766666666667,8614.59,1.2857142857142858,3.4,3,1,1,Premium Basket Customers,0
C006392,11,649.0445454545454,7139.49,1.375,2.6,3,2,2,Frequent High-Value Customers,0
C006393,11,987.4981818181818,10862.48,1.375,4.125,3,1,1,Premium Basket Customers,0
C006394,8,559.3512499999999,4474.8099999999995,1.1428571428571428,3.3333333333333335,3,1,0,Budget Occasional Customers,0
C006395,11,844.3409090909091,9287.75,1.375,3.0,3,1,2,Frequent High-Value Customers,0
C006396,10,638.102,6381.0199999999995,1.6666666666666667,3.0,2,3,2,Frequent High-Value Customers,0
C006397,6,1079.8016666666665,6478.8099999999995,1.2,4.5,0,1,1,Premium Basket Customers,0
C006398,13,865.6023076923077,11252.83,1.4444444444444444,3.0,2,3,2,Frequent High-Value Customers,0
C006399,9,752.8966666666666,6776.07,1.2857142857142858,3.3333333333333335,0,1,0,Budget Occasional Customers,0
C006400,14,734.5671428571428,10283.939999999999,1.4,3.272727272727273,6,4,2,Frequent High-Value Customers,0
C006401,9,1045.4166666666667,9408.75,1.2857142857142858,3.1666666666666665,3,4,2,Frequent High-Value Customers,0
C006402,7,557.7085714285714,3903.96,1.1666666666666667,2.4,1,1,0,Budget Occasional Customers,0
C006403,6,964.6216666666666,5787.73,1.0,3.4196588952056444,2,0,1,Premium Basket Customers,0
C006404,9,681.4311111111111,6132.88,1.8,3.5,4,3,2,Frequent High-Value Customers,0
C006405,5,802.738,4013.69,1.25,4.0,1,0,0,Budget Occasional Customers,0
C006406,5,833.098,4165.49,1.25,4.666666666666667,2,4,0,Budget Occasional Customers,0
C006407,11,1212.21,13334.31,1.2222222222222223,3.125,6,3,2,Frequent High-Value Customers,0
C006408,11,652.5309090909091,7177.839999999999,1.375,2.857142857142857,6,3,2,Frequent High-Value Customers,0
C006409,12,686.9808333333334,8243.77,1.5,3.4,5,2,2,Frequent High-Value Customers,0
C006410,14,831.7021428571428,11643.83,1.2727272727272727,3.625,4,2,2,Frequent High-Value Customers,0
C006411,14,764.0235714285715,10696.33,1.4,4.333333333333333,3,0,2,Frequent High-Value Customers,0
C006412,8,948.16875,7585.35,1.1428571428571428,3.6666666666666665,2,3,1,Premium Basket Customers,0
C006413,5,835.3340000000001,4176.67,1.0,3.8,3,2,0,Budget Occasional Customers,0
C006414,5,1119.674,5598.37,1.0,3.25,1,1,1,Premium Basket Customers,0
C006415,11,989.7763636363635,10887.539999999999,1.1,3.5,3,3,1,Premium Basket Customers,0
C006416,9,596.2433333333333,5366.19,1.2857142857142858,3.875,1,2,0,Budget Occasional Customers,0
C006417,5,417.45,2087.25,1.0,3.0,4,3,0,Budget Occasional Customers,0
C006418,8,1082.88125,8663.05,1.1428571428571428,3.75,4,2,1,Premium Basket Customers,0
C006419,9,888.0088888888889,7992.08,1.2857142857142858,3.142857142857143,1,3,1,Premium Basket Customers,0
C006420,9,1010.9922222222223,9098.93,1.125,3.625,4,1,1,Premium Basket Customers,0
C006421,6,816.5300000000001,4899.18,1.0,3.0,1,0,1,Premium Basket Customers,0
C006422,7,1016.4657142857142,7115.259999999999,1.1666666666666667,3.8333333333333335,2,2,1,Premium Basket Customers,0
C006423,7,863.3014285714287,6043.110000000001,1.0,4.333333333333333,1,1,0,Budget Occasional Customers,0
C006424,6,960.4683333333332,5762.8099999999995,1.2,4.2,3,2,1,Premium Basket Customers,0
C006425,10,930.9889999999999,9309.89,1.6666666666666667,4.333333333333333,4,3,2,Frequent High-Value Customers,0
C006426,10,668.608,6686.08,1.0,3.8,1,0,0,Budget Occasional Customers,0
C006427,9,785.9777777777778,7073.8,1.2857142857142858,2.3333333333333335,1,2,1,Premium Basket Customers,0
C006428,9,756.8855555555556,6811.97,1.125,4.0,2,1,0,Budget Occasional Customers,0
C006429,7,792.7299999999999,5549.11,1.1666666666666667,3.0,3,2,0,Budget Occasional Customers,0
C006430,8,554.09375,4432.75,1.6,4.0,2,0,0,Budget Occasional Customers,0
C006431,9,692.2255555555555,6230.03,1.125,3.3333333333333335,2,3,0,Budget Occasional Customers,0
C006432,7,469.59857142857146,3287.19,1.1666666666666667,4.0,3,3,0,Budget Occasional Customers,0
C006433,5,707.804,3539.02,1.0,4.0,4,0,0,Budget Occasional Customers,0
C006434,11,544.2027272727272,5986.23,1.2222222222222223,4.333333333333333,4,5,2,Frequent High-Value Customers,0
C006435,15,705.2066666666667,10578.1,1.25,3.3333333333333335,8,3,2,Frequent High-Value Customers,0
C006436,8,941.88,7535.04,1.3333333333333333,4.166666666666667,2,1,1,Premium Basket Customers,0
C006437,10,891.6539999999999,8916.539999999999,1.1111111111111112,3.5,1,1,1,Premium Basket Customers,0
C006438,6,642.3033333333334,3853.82,1.5,3.6666666666666665,2,2,0,Budget Occasional Customers,0
C006439,7,810.5185714285715,5673.63,1.0,2.6666666666666665,1,1,1,Premium Basket Customers,0
C006440,10,848.733,8487.33,1.1111111111111112,3.2857142857142856,4,2,2,Frequent High-Value Customers,0
C006441,8,730.01625,5840.13,1.3333333333333333,3.75,3,0,0,Budget Occasional Customers,0
C006442,8,612.385,4899.08,1.1428571428571428,3.0,5,2,0,Budget Occasional Customers,0
C006443,9,828.3844444444444,7455.46,1.2857142857142858,3.0,4,1,1,Premium Basket Customers,0
C006444,10,854.7180000000001,8547.18,1.0,3.4285714285714284,5,1,1,Premium Basket Customers,0
C006445,8,912.1575,7297.26,1.3333333333333333,2.75,3,2,1,Premium Basket Customers,0
C006446,10,873.4959999999999,8734.96,1.1111111111111112,3.75,1,2,1,Premium Basket Customers,0
C006447,11,759.0290909090909,8349.32,1.375,3.111111111111111,7,1,2,Frequent High-Value Customers,0
C006448,7,679.5314285714286,4756.72,1.4,3.0,0,1,0,Budget Occasional Customers,0
C006449,8,797.81,6382.48,1.3333333333333333,3.5,4,2,2,Frequent High-Value Customers,0
C006450,7,716.7971428571428,5017.58,1.4,3.3333333333333335,2,1,0,Budget Occasional Customers,0
C006451,13,748.1246153846155,9725.62,1.625,4.5,4,2,2,Frequent High-Value Customers,0
C006452,9,735.23,6617.07,1.5,2.7142857142857144,5,3,2,Frequent High-Value Customers,0
C006453,10,803.1850000000001,8031.85,1.4285714285714286,4.25,3,3,2,Frequent High-Value Customers,0
C006454,12,648.8133333333334,7785.76,1.3333333333333333,3.625,5,2,2,Frequent High-Value Customers,0
C006455,9,766.5755555555556,6899.18,1.125,4.142857142857143,2,4,0,Budget Occasional Customers,0
C006456,6,702.3333333333334,4214.0,1.2,3.5,3,0,0,Budget Occasional Customers,0
C006457,4,1046.955,4187.82,1.0,3.6666666666666665,2,0,1,Premium Basket Customers,0
C006458,7,891.5971428571429,6241.18,1.1666666666666667,3.5,3,1,1,Premium Basket Customers,0
C006459,19,879.1289473684211,16703.45,1.9,4.133333333333334,7,4,2,Frequent High-Value Customers,-1
C006460,7,963.0471428571428,6741.33,1.0,3.0,3,2,1,Premium Basket Customers,0
C006461,13,761.9553846153847,9905.42,1.625,2.8333333333333335,3,1,2,Frequent High-Value Customers,0
C006462,14,669.1664285714286,9368.33,1.5555555555555556,3.6363636363636362,2,3,2,Frequent High-Value Customers,0
C006463,13,832.4361538461538,10821.67,1.8571428571428572,3.4545454545454546,7,2,2,Frequent High-Value Customers,0
C006464,8,998.14125,7985.13,1.3333333333333333,3.0,3,3,1,Premium Basket Customers,0
C006465,8,821.955,6575.64,1.1428571428571428,3.2,3,2,1,Premium Basket Customers,0
C006466,9,984.5866666666666,8861.279999999999,1.2857142857142858,2.5,4,0,1,Premium Basket Customers,0
C006467,16,800.40375,12806.46,1.3333333333333333,3.2666666666666666,9,2,2,Frequent High-Value Customers,0
C006468,11,765.7736363636363,8423.51,1.2222222222222223,3.25,5,3,2,Frequent High-Value Customers,0
C006469,11,1024.2672727272727,11266.94,1.5714285714285714,3.75,3,3,2,Frequent High-Value Customers,0
C006470,4,412.42,1649.68,1.0,3.5,3,0,0,Budget Occasional Customers,0
C006471,6,854.8016666666667,5128.81,2.0,2.4,0,0,1,Premium Basket Customers,-1
C006472,11,692.2245454545455,7614.47,1.375,3.3333333333333335,3,3,2,Frequent High-Value Customers,0
C006473,14,751.8249999999999,10525.55,1.75,3.3333333333333335,3,1,2,Frequent High-Value Customers,0
C006474,14,804.0407142857142,11256.57,1.2727272727272727,3.888888888888889,4,4,2,Frequent High-Value Customers,0
C006475,7,762.9242857142857,5340.47,1.75,3.75,2,1,0,Budget Occasional Customers,0
C006476,15,922.8973333333332,13843.46,1.3636363636363635,4.1,4,2,2,Frequent High-Value Customers,0
C006477,4,702.4225,2809.69,1.3333333333333333,4.0,0,0,0,Budget Occasional Customers,0
C006478,11,595.4436363636364,6549.88,1.375,3.0,4,1,2,Frequent High-Value Customers,0
C006479,7,872.8071428571428,6109.65,1.75,2.75,3,1,1,Premium Basket Customers,0
C006480,10,857.982,8579.82,1.25,3.8333333333333335,4,2,2,Frequent High-Value Customers,0
C006481,8,1073.6200000000001,8588.960000000001,1.1428571428571428,2.75,3,1,1,Premium Basket Customers,0
C006482,13,911.8192307692308,11853.65,1.3,2.7,4,3,2,Frequent High-Value Customers,0
C006483,13,986.49,12824.37,1.4444444444444444,3.909090909090909,4,5,2,Frequent High-Value Customers,0
C006484,8,774.00625,6192.05,1.1428571428571428,3.6,2,2,0,Budget Occasional Customers,0
C006485,9,776.6333333333333,6989.7,1.125,3.6666666666666665,5,1,0,Budget Occasional Customers,0
C006486,6,994.4283333333333,5966.57,1.5,3.0,3,0,1,Premium Basket Customers,0
C006487,5,863.9979999999999,4319.99,1.6666666666666667,3.3333333333333335,3,2,1,Premium Basket Customers,0
C006488,10,1067.898,10678.98,1.1111111111111112,3.2,2,2,1,Premium Basket Customers,0
C006489,4,664.68,2658.72,1.3333333333333333,4.0,2,0,0,Budget Occasional Customers,0
C006490,5,849.466,4247.33,1.0,2.5,1,1,1,Premium Basket Customers,0
C006491,6,688.16,4128.96,1.0,3.3333333333333335,1,0,0,Budget Occasional Customers,0
C006492,8,814.8275,6518.62,1.0,3.25,2,0,1,Premium Basket Customers,0
C006493,9,781.728888888889,7035.56,1.125,3.7142857142857144,4,1,0,Budget Occasional Customers,0
C006494,11,1112.0863636363638,12232.95,1.375,3.111111111111111,4,5,2,Frequent High-Value Customers,0
C006495,7,853.4499999999999,5974.15,1.0,3.6666666666666665,2,3,1,Premium Basket Customers,0
C006496,10,655.114,6551.14,1.1111111111111112,3.3333333333333335,1,2,0,Budget Occasional Customers,0
C006497,10,663.894,6638.94,1.25,4.0,3,2,0,Budget Occasional Customers,0
C006498,15,869.1033333333332,13036.55,1.6666666666666667,3.0,4,3,2,Frequent High-Value Customers,0
C006499,8,781.0337499999999,6248.2699999999995,1.3333333333333333,3.2857142857142856,4,2,2,Frequent High-Value Customers,0
C006500,7,1014.87,7104.09,1.4,4.0,4,1,1,Premium Basket Customers,0
C006501,7,857.2585714285714,6000.8099999999995,1.0,3.8333333333333335,1,1,1,Premium Basket Customers,0
C006502,11,759.8254545454546,8358.08,1.5714285714285714,2.8333333333333335,4,1,2,Frequent High-Value Customers,0
C006503,9,748.3399999999999,6735.0599999999995,1.2857142857142858,3.375,4,2,2,Frequent High-Value Customers,0
C006504,6,1017.6433333333333,6105.86,1.2,2.5,0,1,1,Premium Basket Customers,0
C006505,6,975.4433333333333,5852.66,1.0,2.5,2,0,1,Premium Basket Customers,0
C006506,6,818.5616666666666,4911.37,1.0,2.75,1,2,1,Premium Basket Customers,0
C006507,11,881.3745454545453,9695.119999999999,1.8333333333333333,3.5,4,1,2,Frequent High-Value Customers,0
C006508,9,653.5866666666666,5882.28,1.125,3.4285714285714284,0,1,0,Budget Occasional Customers,0
C006509,8,750.88625,6007.09,1.1428571428571428,3.6,4,3,0,Budget Occasional Customers,0
C006510,13,861.3484615384616,11197.53,1.4444444444444444,3.7142857142857144,6,2,2,Frequent High-Value Customers,0
C006511,12,776.7558333333333,9321.07,1.3333333333333333,3.0,4,3,2,Frequent High-Value Customers,0
C006512,5,936.896,4684.48,1.0,3.0,3,0,1,Premium Basket Customers,0
C006513,10,771.6949999999999,7716.95,1.25,3.8333333333333335,2,2,0,Budget Occasional Customers,0
C006514,10,817.425,8174.25,1.1111111111111112,3.7142857142857144,4,1,0,Budget Occasional Customers,0
C006515,8,670.2775,5362.22,1.3333333333333333,3.0,3,1,0,Budget Occasional Customers,0
C006516,6,718.6883333333334,4312.13,1.2,3.5,2,2,0,Budget Occasional Customers,0
C006517,9,756.9944444444444,6812.95,1.125,2.6666666666666665,0,0,0,Budget Occasional Customers,0
C006518,4,967.3925,3869.57,1.0,4.5,0,0,1,Premium Basket Customers,0
C006519,13,708.1446153846153,9205.88,1.3,3.0,7,6,2,Frequent High-Value Customers,0
C006520,9,605.6566666666666,5450.91,1.125,3.0,3,0,0,Budget Occasional Customers,0
C006521,4,990.4325,3961.73,1.0,3.0,1,0,1,Premium Basket Customers,0
C006522,9,804.82,7243.38,1.125,4.0,3,1,0,Budget Occasional Customers,0
C006523,11,912.3790909090909,10036.17,1.5714285714285714,3.6666666666666665,2,1,2,Frequent High-Value Customers,0
C006524,5,922.2299999999999,4611.15,1.0,1.5,1,0,1,Premium Basket Customers,0
C006525,13,805.1215384615384,10466.58,1.8571428571428572,3.7,2,1,2,Frequent High-Value Customers,0
C006526,6,796.3000000000001,4777.8,1.5,3.5,3,2,0,Budget Occasional Customers,0
C006527,11,691.8863636363636,7610.75,1.375,3.5555555555555554,4,1,2,Frequent High-Value Customers,0
C006528,11,842.6654545454545,9269.32,1.375,2.4444444444444446,4,3,2,Frequent High-Value Customers,0
C006529,7,682.1628571428571,4775.139999999999,1.1666666666666667,3.6666666666666665,2,0,0,Budget Occasional Customers,0
C006530,5,810.81,4054.0499999999997,1.0,4.0,2,0,0,Budget Occasional Customers,0
C006531,6,1032.5383333333332,6195.23,1.2,3.25,5,0,1,Premium Basket Customers,0
C006532,10,699.461,6994.61,1.25,3.5,5,2,2,Frequent High-Value Customers,0
C006533,9,780.75,7026.75,1.125,3.5714285714285716,2,3,0,Budget Occasional Customers,0
C006534,9,807.1366666666667,7264.23,1.125,2.8,2,2,1,Premium Basket Customers,0
C006535,6,1071.4016666666666,6428.41,1.2,3.75,2,3,1,Premium Basket Customers,0
C006536,7,403.39,2823.73,1.1666666666666667,3.5,2,0,0,Budget Occasional Customers,0
C006537,16,709.580625,11353.29,1.4545454545454546,3.7,6,4,2,Frequent High-Value Customers,0
C006538,5,733.6140000000001,3668.0700000000006,1.0,3.6,0,2,0,Budget Occasional Customers,0
C006539,4,990.29,3961.16,1.3333333333333333,3.0,1,0,1,Premium Basket Customers,0
C006540,11,943.4927272727273,10378.42,1.5714285714285714,3.0,4,3,2,Frequent High-Value Customers,0
C006541,6,795.52,4773.12,1.0,3.3333333333333335,4,3,0,Budget Occasional Customers,0
C006542,10,844.04,8440.4,1.1111111111111112,4.5,3,2,0,Budget Occasional Customers,0
C006543,7,638.2571428571429,4467.8,1.4,2.6666666666666665,3,1,0,Budget Occasional Customers,0
C006544,13,895.1161538461539,11636.51,1.3,3.4545454545454546,3,2,2,Frequent High-Value Customers,0
C006545,11,865.2563636363636,9517.82,1.375,3.625,3,4,2,Frequent High-Value Customers,0
C006546,14,883.6914285714286,12371.68,1.2727272727272727,3.7,1,3,2,Frequent High-Value Customers,0
C006547,6,804.4116666666667,4826.47,1.2,3.0,2,1,1,Premium Basket Customers,0
C006548,13,670.45,8715.85,1.4444444444444444,3.8,5,4,2,Frequent High-Value Customers,0
C006549,6,966.37,5798.22,2.0,4.5,2,0,1,Premium Basket Customers,-1
C006550,17,816.804705882353,13885.68,1.5454545454545454,3.3333333333333335,6,2,2,Frequent High-Value Customers,0
C006551,7,1099.8428571428572,7698.9,1.0,3.0,3,2,1,Premium Basket Customers,0
C006552,6,504.00666666666666,3024.04,1.2,3.3333333333333335,1,0,0,Budget Occasional Customers,0
C006553,5,1217.398,6086.99,1.0,3.6666666666666665,1,0,1,Premium Basket Customers,0
C006554,5,582.434,2912.17,1.0,3.75,0,2,0,Budget Occasional Customers,0
C006555,7,888.0314285714286,6216.22,1.0,2.8333333333333335,3,2,1,Premium Basket Customers,0
C006556,9,960.7144444444444,8646.43,1.2857142857142858,3.857142857142857,1,2,1,Premium Basket Customers,0
C006557,6,758.4866666666667,4550.92,1.0,4.25,2,0,0,Budget Occasional Customers,0
C006558,12,732.09,8785.08,1.0,3.875,2,4,2,Frequent High-Value Customers,0
C006559,5,799.124,3995.62,1.0,3.3333333333333335,3,0,0,Budget Occasional Customers,0
C006560,12,791.1433333333334,9493.720000000001,1.5,4.083333333333333,4,2,2,Frequent High-Value Customers,0
C006561,3,1196.4433333333334,3589.33,1.0,3.5,2,1,1,Premium Basket Customers,0
C006562,11,1172.2827272727272,12895.11,1.1,3.2857142857142856,2,2,1,Premium Basket Customers,0
C006563,5,890.368,4451.84,1.0,2.25,2,0,1,Premium Basket Customers,0
C006564,9,539.2266666666667,4853.04,1.5,4.333333333333333,4,3,2,Frequent High-Value Customers,0
C006565,11,781.8536363636363,8600.39,1.5714285714285714,3.8,3,3,2,Frequent High-Value Customers,0
C006566,6,875.84,5255.04,1.2,2.5,2,1,1,Premium Basket Customers,0
C006567,7,988.1285714285715,6916.900000000001,1.1666666666666667,3.0,3,0,1,Premium Basket Customers,0
C006568,10,737.585,7375.85,1.4285714285714286,3.1666666666666665,2,2,2,Frequent High-Value Customers,0
C006569,12,1056.5008333333333,12678.01,1.2,3.2,5,1,2,Frequent High-Value Customers,0
C006570,8,997.23625,7977.89,1.1428571428571428,4.2,3,0,1,Premium Basket Customers,0
C006571,8,653.0375,5224.3,1.3333333333333333,3.5714285714285716,2,0,0,Budget Occasional Customers,0
C006572,8,922.96875,7383.75,1.0,3.4,2,5,1,Premium Basket Customers,0
C006573,12,701.36,8416.32,1.5,3.5,4,3,2,Frequent High-Value Customers,0
C006574,9,791.9644444444444,7127.68,1.0,3.8,2,2,0,Budget Occasional Customers,0
C006575,8,613.2075,4905.66,1.1428571428571428,3.1666666666666665,6,1,0,Budget Occasional Customers,0
C006576,9,951.1588888888889,8560.43,1.125,4.0,4,4,2,Frequent High-Value Customers,0
C006577,12,935.8299999999999,11229.96,1.5,3.6,5,2,2,Frequent High-Value Customers,0
C006578,12,604.2741666666667,7251.29,1.3333333333333333,3.111111111111111,2,3,2,Frequent High-Value Customers,0
C006579,9,966.6755555555555,8700.08,1.2857142857142858,3.142857142857143,6,1,2,Frequent High-Value Customers,0
C006580,11,860.8281818181819,9469.11,1.2222222222222223,3.25,5,3,2,Frequent High-Value Customers,0
C006581,9,843.8766666666666,7594.889999999999,1.125,4.2,3,0,0,Budget Occasional Customers,0
C006582,5,801.714,4008.57,1.25,3.0,1,0,1,Premium Basket Customers,0
C006583,6,770.3033333333333,4621.82,1.2,3.6,3,1,0,Budget Occasional Customers,0
C006584,10,932.6719999999999,9326.72,1.1111111111111112,3.2,3,2,1,Premium Basket Customers,0
C006585,12,722.7383333333333,8672.86,1.2,2.6666666666666665,2,4,2,Frequent High-Value Customers,0
C006586,5,707.356,3536.7799999999997,1.25,3.5,1,1,0,Budget Occasional Customers,0
C006587,10,787.008,7870.08,1.25,3.857142857142857,2,3,0,Budget Occasional Customers,0
C006588,6,481.82166666666666,2890.93,1.5,3.5,2,0,0,Budget Occasional Customers,0
C006589,9,627.0411111111111,5643.37,1.5,3.4285714285714284,5,0,0,Budget Occasional Customers,0
C006590,11,739.9418181818182,8139.360000000001,1.375,4.0,4,2,2,Frequent High-Value Customers,0
C006591,8,830.42125,6643.37,1.3333333333333333,4.0,2,1,0,Budget Occasional Customers,0
C006592,12,491.84833333333336,5902.18,1.3333333333333333,3.111111111111111,5,1,2,Frequent High-Value Customers,0
C006593,9,872.438888888889,7851.950000000001,1.125,3.1666666666666665,6,2,2,Frequent High-Value Customers,0
C006594,10,674.752,6747.5199999999995,1.1111111111111112,3.857142857142857,4,2,0,Budget Occasional Customers,0
C006595,7,985.3571428571429,6897.5,1.0,3.6666666666666665,3,1,1,Premium Basket Customers,0
C006596,10,529.848,5298.48,1.6666666666666667,3.625,2,1,0,Budget Occasional Customers,0
C006597,5,794.144,3970.72,1.0,4.0,2,0,0,Budget Occasional Customers,0
C006598,8,717.05875,5736.47,1.3333333333333333,3.6666666666666665,3,0,0,Budget Occasional Customers,0
C006599,11,918.0672727272727,10098.74,1.2222222222222223,4.4,4,3,2,Frequent High-Value Customers,0
C006600,10,867.1610000000001,8671.61,1.4285714285714286,3.8,2,1,1,Premium Basket Customers,0
C006601,9,853.2022222222222,7678.82,1.125,3.75,3,1,1,Premium Basket Customers,0
C006602,4,1385.1475,5540.59,1.0,4.0,0,0,1,Premium Basket Customers,0
C006603,7,814.5085714285715,5701.56,1.0,2.3333333333333335,2,2,1,Premium Basket Customers,0
C006604,6,653.8333333333334,3923.0,1.2,2.5,3,0,0,Budget Occasional Customers,0
C006605,19,792.0815789473684,15049.55,1.4615384615384615,3.0625,7,5,2,Frequent High-Value Customers,0
C006606,11,635.5118181818182,6990.63,1.2222222222222223,3.125,5,0,0,Budget Occasional Customers,0
C006607,13,876.6800000000001,11396.84,1.8571428571428572,3.0,6,2,2,Frequent High-Value Customers,0
C006608,5,621.028,3105.14,1.25,3.5,3,0,0,Budget Occasional Customers,0
C006609,13,891.9361538461538,11595.17,1.3,3.7142857142857144,5,6,2,Frequent High-Value Customers,0
C006610,8,995.56875,7964.55,1.0,2.75,3,1,1,Premium Basket Customers,0
C006611,6,893.0583333333334,5358.35,1.0,3.4,2,0,1,Premium Basket Customers,0
C006612,14,920.7142857142857,12890.0,1.4,3.375,4,3,2,Frequent High-Value Customers,0
C006613,8,553.6800000000001,4429.4400000000005,1.3333333333333333,3.6,3,1,0,Budget Occasional Customers,0
C006614,12,808.7475,9704.97,1.2,3.7777777777777777,2,4,2,Frequent High-Value Customers,0
C006615,9,810.9666666666667,7298.7,1.2857142857142858,2.6666666666666665,4,3,2,Frequent High-Value Customers,0
C006616,14,906.5471428571428,12691.66,1.2727272727272727,3.6363636363636362,8,5,2,Frequent High-Value Customers,0
C006617,11,813.7718181818182,8951.49,1.2222222222222223,3.25,4,2,2,Frequent High-Value Customers,0
C006618,7,850.0328571428571,5950.23,1.1666666666666667,4.2,4,1,0,Budget Occasional Customers,0
C006619,5,1136.0459999999998,5680.23,1.25,2.3333333333333335,3,0,1,Premium Basket Customers,0
C006620,14,935.0921428571428,13091.289999999999,1.5555555555555556,4.0,4,1,2,Frequent High-Value Customers,0
C006621,11,758.7354545454546,8346.09,1.375,3.4,2,3,2,Frequent High-Value Customers,0
C006622,4,1531.405,6125.62,1.3333333333333333,2.0,0,0,1,Premium Basket Customers,-1
C006623,12,705.92,8471.039999999999,1.5,2.8,1,5,2,Frequent High-Value Customers,0
C006624,8,998.905,7991.24,1.1428571428571428,3.5,3,1,1,Premium Basket Customers,0
C006625,10,797.235,7972.35,1.4285714285714286,2.8333333333333335,6,0,2,Frequent High-Value Customers,0
C006626,13,920.4407692307692,11965.73,1.3,3.1818181818181817,5,0,2,Frequent High-Value Customers,0
C006627,9,822.4722222222222,7402.25,1.2857142857142858,3.0,3,0,1,Premium Basket Customers,0
C006628,9,680.4466666666666,6124.0199999999995,1.0,4.0,4,5,2,Frequent High-Value Customers,0
C006629,12,908.1558333333332,10897.869999999999,1.2,3.6666666666666665,2,0,1,Premium Basket Customers,0
C006630,9,670.7522222222223,6036.77,1.5,3.5,5,1,2,Frequent High-Value Customers,0
C006631,5,1036.84,5184.2,1.25,4.0,2,3,1,Premium Basket Customers,0
C006632,6,825.725,4954.35,1.0,3.75,3,1,0,Budget Occasional Customers,0
C006633,16,717.935625,11486.97,1.3333333333333333,4.0,5,2,2,Frequent High-Value Customers,0
C006634,8,660.69375,5285.55,1.1428571428571428,3.0,4,0,0,Budget Occasional Customers,0
C006635,7,637.8142857142857,4464.7,1.1666666666666667,3.75,3,3,0,Budget Occasional Customers,0
C006636,14,636.1121428571429,8905.57,1.5555555555555556,4.0,3,4,2,Frequent High-Value Customers,0
C006637,11,829.510909090909,9124.619999999999,1.1,3.7142857142857144,6,3,2,Frequent High-Value Customers,0
C006638,8,865.17875,6921.43,1.3333333333333333,4.333333333333333,4,0,0,Budget Occasional Customers,0
C006639,12,737.1016666666666,8845.22,1.3333333333333333,3.0,5,2,2,Frequent High-Value Customers,0
C006640,14,726.4285714285714,10170.0,1.5555555555555556,4.0,7,2,2,Frequent High-Value Customers,0
C006641,7,683.4757142857143,4784.33,1.1666666666666667,4.333333333333333,2,2,0,Budget Occasional Customers,0
C006642,11,976.110909090909,10737.22,1.2222222222222223,3.2,2,2,1,Premium Basket Customers,0
C006643,9,780.4866666666667,7024.38,1.2857142857142858,3.6666666666666665,3,1,0,Budget Occasional Customers,0
C006644,13,674.983076923077,8774.78,1.4444444444444444,4.0,5,2,2,Frequent High-Value Customers,0
C006645,7,836.0942857142857,5852.66,1.1666666666666667,3.0,5,2,1,Premium Basket Customers,0
C006646,8,841.145,6729.16,1.1428571428571428,4.0,1,3,0,Budget Occasional Customers,0
C006647,5,705.684,3528.42,1.25,3.4,2,1,0,Budget Occasional Customers,0
C006648,11,765.8218181818182,8424.04,1.2222222222222223,3.7142857142857144,3,1,0,Budget Occasional Customers,0
C006649,8,1016.26,8130.08,1.1428571428571428,3.0,1,2,1,Premium Basket Customers,0
C006650,11,908.3590909090909,9991.95,1.2222222222222223,3.6,2,1,1,Premium Basket Customers,0
C006651,8,815.6925,6525.54,1.3333333333333333,2.0,2,2,1,Premium Basket Customers,0
C006652,8,720.01625,5760.13,1.3333333333333333,3.6,7,3,2,Frequent High-Value Customers,0
C006653,6,683.23,4099.38,1.2,3.3333333333333335,3,2,0,Budget Occasional Customers,0
C006654,9,913.9344444444445,8225.41,1.5,3.4,4,3,2,Frequent High-Value Customers,0
C006655,7,387.9971428571429,2715.98,1.4,3.75,4,1,0,Budget Occasional Customers,0
C006656,6,1128.9233333333334,6773.54,1.0,2.6666666666666665,1,0,1,Premium Basket Customers,0
C006657,8,954.1025,7632.82,1.3333333333333333,3.3333333333333335,3,0,1,Premium Basket Customers,0
C006658,8,889.0575,7112.46,1.0,3.1666666666666665,3,1,1,Premium Basket Customers,0
C006659,3,832.2366666666667,2496.71,1.0,3.4196588952056444,2,0,1,Premium Basket Customers,0
C006660,8,671.05375,5368.43,1.3333333333333333,3.2,3,1,0,Budget Occasional Customers,0
C006661,5,687.942,3439.71,1.0,3.5,3,0,0,Budget Occasional Customers,0
C006662,5,665.168,3325.84,1.0,4.0,1,0,0,Budget Occasional Customers,0
C006663,6,845.5233333333332,5073.139999999999,1.0,2.6,1,0,1,Premium Basket Customers,0
C006664,12,873.4250000000001,10481.1,1.2,3.1818181818181817,9,0,2,Frequent High-Value Customers,-1
C006665,6,797.59,4785.54,1.0,3.25,5,0,0,Budget Occasional Customers,0
C006666,8,732.8412500000001,5862.7300000000005,1.1428571428571428,4.0,4,2,0,Budget Occasional Customers,0
C006667,12,1115.11,13381.32,1.5,3.5,7,2,2,Frequent High-Value Customers,0
C006668,8,829.00875,6632.07,1.1428571428571428,3.5,2,4,0,Budget Occasional Customers,0
C006669,14,838.3321428571428,11736.65,1.2727272727272727,3.7142857142857144,2,2,2,Frequent High-Value Customers,0
C006670,6,1105.61,6633.66,1.2,2.6666666666666665,3,1,1,Premium Basket Customers,0
C006671,12,877.9325,10535.19,1.3333333333333333,3.75,3,3,2,Frequent High-Value Customers,0
C006672,1,379.72,379.72,1.0,2.0,0,0,0,Budget Occasional Customers,0
C006673,14,782.2721428571429,10951.81,1.4,2.923076923076923,6,2,2,Frequent High-Value Customers,0
C006674,7,705.6028571428571,4939.22,1.4,3.3333333333333335,1,1,0,Budget Occasional Customers,0
C006675,10,895.981,8959.81,1.4285714285714286,4.0,6,4,2,Frequent High-Value Customers,0
C006676,11,594.8809090909091,6543.6900000000005,1.2222222222222223,3.75,5,3,2,Frequent High-Value Customers,0
C006677,11,682.4427272727272,7506.87,1.2222222222222223,3.111111111111111,4,2,2,Frequent High-Value Customers,0
C006678,6,797.6416666666668,4785.85,1.0,3.5,0,1,0,Budget Occasional Customers,0
C006679,10,597.452,5974.52,1.25,4.4,2,1,0,Budget Occasional Customers,0
C006680,8,615.46,4923.68,1.0,4.25,5,3,0,Budget Occasional Customers,0
C006681,6,602.2516666666667,3613.5099999999998,1.2,3.5,2,2,0,Budget Occasional Customers,0
C006682,2,779.095,1558.19,1.0,2.0,1,1,1,Premium Basket Customers,0
C006683,8,823.33625,6586.69,1.0,2.25,2,2,1,Premium Basket Customers,0
C006684,15,867.81,13017.15,1.25,3.6666666666666665,0,4,2,Frequent High-Value Customers,0
C006685,12,741.52,8898.24,1.0909090909090908,3.5,4,4,2,Frequent High-Value Customers,0
C006686,8,939.5775,7516.62,1.0,3.6,4,2,1,Premium Basket Customers,0
C006687,6,891.77,5350.62,1.2,3.0,3,2,1,Premium Basket Customers,0
C006688,9,765.5644444444445,6890.08,1.2857142857142858,2.5,0,2,1,Premium Basket Customers,0
C006689,13,931.5923076923076,12110.699999999999,1.4444444444444444,3.6666666666666665,4,4,2,Frequent High-Value Customers,0
C006690,6,649.6583333333333,3897.95,1.2,2.8333333333333335,3,1,0,Budget Occasional Customers,0
C006691,16,782.669375,12522.71,1.4545454545454546,3.1666666666666665,5,3,2,Frequent High-Value Customers,0
C006692,11,976.1163636363636,10737.28,1.1,2.8333333333333335,0,1,1,Premium Basket Customers,0
C006693,10,559.106,5591.0599999999995,1.25,3.6666666666666665,1,2,0,Budget Occasional Customers,0
C006694,11,807.0881818181817,8877.97,1.1,3.625,4,1,0,Budget Occasional Customers,0
C006695,5,739.6879999999999,3698.4399999999996,1.25,1.6666666666666667,2,2,1,Premium Basket Customers,0
C006696,8,601.15,4809.2,1.6,3.0,2,3,2,Frequent High-Value Customers,0
C006697,9,1028.1755555555555,9253.58,1.8,3.4,1,1,1,Premium Basket Customers,0
C006698,12,612.8991666666667,7354.79,1.2,3.75,6,2,2,Frequent High-Value Customers,0
C006699,10,957.8430000000001,9578.43,1.1111111111111112,4.0,3,1,1,Premium Basket Customers,0
C006700,10,835.253,8352.53,1.4285714285714286,3.142857142857143,4,0,2,Frequent High-Value Customers,0
C006701,6,438.305,2629.83,1.2,4.5,3,1,0,Budget Occasional Customers,0
C006702,13,891.3661538461539,11587.76,1.625,3.142857142857143,1,2,2,Frequent High-Value Customers,0
C006703,12,727.2599999999999,8727.119999999999,1.3333333333333333,2.7142857142857144,4,1,2,Frequent High-Value Customers,0
C006704,12,905.6466666666666,10867.76,1.5,3.1666666666666665,2,0,1,Premium Basket Customers,0
C006705,13,857.7692307692307,11151.0,1.8571428571428572,3.7142857142857144,2,4,2,Frequent High-Value Customers,0
C006706,10,788.502,7885.0199999999995,1.25,3.8,2,3,0,Budget Occasional Customers,0
C006707,8,686.75125,5494.01,1.3333333333333333,4.5,1,5,0,Budget Occasional Customers,-1
C006708,6,835.5833333333334,5013.5,1.0,3.6666666666666665,3,3,0,Budget Occasional Customers,0
C006709,10,808.25,8082.5,1.4285714285714286,3.5,6,2,2,Frequent High-Value Customers,0
C006710,9,996.1700000000001,8965.53,1.125,4.0,3,2,1,Premium Basket Customers,0
C006711,8,833.13375,6665.07,1.1428571428571428,3.0,1,0,1,Premium Basket Customers,0
C006712,11,550.4627272727273,6055.09,1.0,2.75,4,5,2,Frequent High-Value Customers,-1
C006713,8,823.15375,6585.23,1.3333333333333333,4.25,2,1,0,Budget Occasional Customers,0
C006714,13,764.7592307692307,9941.869999999999,1.625,3.375,5,3,2,Frequent High-Value Customers,0
C006715,8,860.1725,6881.38,1.1428571428571428,3.5,2,2,1,Premium Basket Customers,0
C006716,14,873.6535714285714,12231.15,1.1666666666666667,3.0,2,0,1,Premium Basket Customers,0
C006717,11,915.8709090909091,10074.58,1.375,3.0,4,4,2,Frequent High-Value Customers,0
C006718,13,610.3253846153846,7934.23,1.625,3.4285714285714284,2,3,2,Frequent High-Value Customers,0
C006719,13,680.4323076923077,8845.62,1.4444444444444444,3.1666666666666665,5,1,2,Frequent High-Value Customers,0
C006720,9,844.4855555555555,7600.37,1.2857142857142858,4.428571428571429,4,0,0,Budget Occasional Customers,0
C006721,8,961.05625,7688.45,1.0,3.6666666666666665,3,2,1,Premium Basket Customers,0
C006722,7,628.2828571428571,4397.98,1.1666666666666667,3.5,4,3,0,Budget Occasional Customers,0
C006723,12,697.3358333333334,8368.03,1.5,3.888888888888889,5,4,2,Frequent High-Value Customers,0
C006724,12,672.2716666666666,8067.26,1.2,2.8333333333333335,5,1,2,Frequent High-Value Customers,0
C006725,11,874.6981818181819,9621.68,1.375,3.625,4,1,2,Frequent High-Value Customers,0
C006726,6,863.3166666666666,5179.9,1.2,3.25,0,3,1,Premium Basket Customers,0
C006727,9,989.7888888888889,8908.1,1.125,4.0,4,1,1,Premium Basket Customers,0
C006728,10,842.769,8427.69,1.4285714285714286,3.4285714285714284,1,1,1,Premium Basket Customers,0
C006729,11,863.1445454545454,9494.59,1.375,2.75,8,2,2,Frequent High-Value Customers,0
C006730,8,757.315,6058.52,1.3333333333333333,4.0,2,1,0,Budget Occasional Customers,0
C006731,8,1208.35625,9666.85,1.1428571428571428,3.6666666666666665,4,0,1,Premium Basket Customers,0
C006732,2,1036.065,2072.13,1.0,4.0,1,0,1,Premium Basket Customers,0
C006733,5,901.0360000000001,4505.18,1.0,5.0,1,0,0,Budget Occasional Customers,0
C006734,14,842.7335714285715,11798.27,1.2727272727272727,4.0,3,3,2,Frequent High-Value Customers,0
C006735,8,682.91375,5463.31,1.1428571428571428,3.4,2,0,0,Budget Occasional Customers,0
C006736,10,989.609,9896.09,1.1111111111111112,3.142857142857143,4,2,1,Premium Basket Customers,0
C006737,6,528.725,3172.35,1.2,3.0,2,2,0,Budget Occasional Customers,0
C006738,16,837.3825,13398.12,1.4545454545454546,3.2,3,2,2,Frequent High-Value Customers,0
C006739,6,675.22,4051.32,1.2,3.25,2,1,0,Budget Occasional Customers,0
C006740,11,696.68,7663.48,1.5714285714285714,3.3,3,0,2,Frequent High-Value Customers,0
C006741,10,647.201,6472.01,1.25,3.25,4,1,0,Budget Occasional Customers,0
C006742,4,509.4175,2037.67,1.0,3.0,0,1,0,Budget Occasional Customers,0
C006743,10,797.109,7971.09,1.4285714285714286,3.6666666666666665,2,5,2,Frequent High-Value Customers,0
C006744,13,712.4592307692308,9261.97,1.1818181818181819,3.4285714285714284,3,4,2,Frequent High-Value Customers,0
C006745,8,883.0025,7064.02,1.3333333333333333,2.8,4,3,2,Frequent High-Value Customers,0
C006746,4,534.365,2137.46,1.0,3.75,1,0,0,Budget Occasional Customers,0
C006747,8,880.49375,7043.95,1.0,3.0,3,3,1,Premium Basket Customers,0
C006748,8,1006.70125,8053.61,1.1428571428571428,3.25,0,3,1,Premium Basket Customers,0
C006749,8,884.22875,7073.83,1.0,4.0,1,2,1,Premium Basket Customers,0
C006750,13,544.8638461538461,7083.23,1.4444444444444444,4.25,4,2,2,Frequent High-Value Customers,0
C006751,8,849.6875,6797.5,1.6,3.8,1,0,1,Premium Basket Customers,0
C006752,6,992.1850000000001,5953.110000000001,1.0,3.4,2,1,1,Premium Basket Customers,0
C006753,7,693.4914285714286,4854.4400000000005,1.1666666666666667,3.5,4,0,0,Budget Occasional Customers,0
C006754,7,563.7285714285714,3946.1,1.1666666666666667,4.0,4,1,0,Budget Occasional Customers,0
C006755,6,731.8933333333334,4391.360000000001,1.2,3.6,1,1,0,Budget Occasional Customers,0
C006756,10,1042.135,10421.35,1.4285714285714286,3.125,5,1,2,Frequent High-Value Customers,0
C006757,8,754.5024999999999,6036.0199999999995,1.1428571428571428,3.5,2,2,0,Budget Occasional Customers,0
C006758,5,850.7,4253.5,1.0,2.3333333333333335,0,1,1,Premium Basket Customers,0
C006759,9,724.51,6520.59,1.2857142857142858,3.3333333333333335,2,1,0,Budget Occasional Customers,0
C006760,11,759.6818181818181,8356.5,1.2222222222222223,4.2,3,4,2,Frequent High-Value Customers,0
C006761,11,873.1400000000001,9604.54,1.1,2.8,6,2,2,Frequent High-Value Customers,0
C006762,9,644.5088888888889,5800.58,1.125,3.2,4,2,0,Budget Occasional Customers,0
C006763,14,930.5878571428572,13028.23,1.5555555555555556,3.5555555555555554,5,5,2,Frequent High-Value Customers,0
C006764,10,820.865,8208.65,1.25,2.857142857142857,4,4,2,Frequent High-Value Customers,0
C006765,13,668.72,8693.36,1.4444444444444444,3.3333333333333335,6,2,2,Frequent High-Value Customers,0
C006766,10,1051.819,10518.19,1.25,3.375,4,1,1,Premium Basket Customers,0
C006767,7,687.4800000000001,4812.360000000001,1.4,3.142857142857143,2,2,0,Budget Occasional Customers,0
C006768,13,831.6530769230769,10811.49,1.1818181818181819,3.5,4,1,2,Frequent High-Value Customers,0
C006769,8,905.7774999999999,7246.219999999999,1.3333333333333333,3.6,3,4,2,Frequent High-Value Customers,0
C006770,9,636.1711111111111,5725.54,1.5,3.25,4,0,0,Budget Occasional Customers,0
C006771,5,782.604,3913.02,1.0,3.0,1,1,0,Budget Occasional Customers,0
C006772,14,991.4771428571429,13880.68,1.2727272727272727,4.222222222222222,5,1,2,Frequent High-Value Customers,0
C006773,7,1173.4857142857143,8214.4,1.75,3.5,1,1,1,Premium Basket Customers,0
C006774,10,650.268,6502.68,1.1111111111111112,3.1666666666666665,6,4,2,Frequent High-Value Customers,0
C006775,5,524.0780000000001,2620.3900000000003,1.0,2.4,2,1,0,Budget Occasional Customers,0
C006776,14,806.9742857142857,11297.64,1.4,3.4,3,2,2,Frequent High-Value Customers,0
C006777,11,698.3727272727273,7682.1,1.2222222222222223,3.5,4,2,2,Frequent High-Value Customers,0
C006778,13,899.0261538461539,11687.34,1.1818181818181819,3.3333333333333335,6,0,2,Frequent High-Value Customers,0
C006779,6,714.2116666666667,4285.27,1.2,2.8,3,2,0,Budget Occasional Customers,0
C006780,8,873.99875,6991.99,1.1428571428571428,3.0,0,1,1,Premium Basket Customers,0
C006781,7,649.5742857142858,4547.02,1.1666666666666667,3.6666666666666665,3,1,0,Budget Occasional Customers,0
C006782,7,760.4442857142858,5323.110000000001,1.75,4.75,3,1,0,Budget Occasional Customers,0
C006783,12,725.0283333333333,8700.34,1.7142857142857142,3.888888888888889,4,5,2,Frequent High-Value Customers,0
C006784,5,741.184,3705.92,1.25,5.0,2,1,0,Budget Occasional Customers,0
C006785,7,850.342857142857,5952.4,1.1666666666666667,3.0,1,1,1,Premium Basket Customers,0
C006786,12,1022.2541666666666,12267.05,1.5,3.2857142857142856,4,0,2,Frequent High-Value Customers,0
C006787,8,671.5525,5372.42,1.1428571428571428,4.5,2,1,0,Budget Occasional Customers,0
C006788,13,830.0146153846152,10790.189999999999,1.3,3.1666666666666665,4,6,2,Frequent High-Value Customers,0
C006789,6,793.9716666666667,4763.83,1.0,4.0,2,1,0,Budget Occasional Customers,0
C006790,8,897.32375,7178.59,1.3333333333333333,2.6666666666666665,3,1,1,Premium Basket Customers,0
C006791,14,555.4678571428572,7776.55,1.2727272727272727,4.1,2,0,0,Budget Occasional Customers,0
C006792,8,1125.54375,9004.35,1.3333333333333333,3.8,1,2,1,Premium Basket Customers,0
C006793,14,888.72,12442.08,1.5555555555555556,3.6666666666666665,5,2,2,Frequent High-Value Customers,0
C006794,4,990.6025,3962.41,1.0,4.0,1,1,1,Premium Basket Customers,0
C006795,13,739.9823076923077,9619.77,1.1818181818181819,3.5454545454545454,4,3,2,Frequent High-Value Customers,0
C006796,8,1020.83,8166.64,1.1428571428571428,4.2,1,2,1,Premium Basket Customers,0
C006797,9,784.2111111111111,7057.9,1.5,2.5,3,2,2,Frequent High-Value Customers,0
C006798,13,860.9084615384616,11191.81,1.4444444444444444,3.625,3,0,2,Frequent High-Value Customers,0
C006799,13,990.516923076923,12876.72,1.3,2.5714285714285716,5,4,2,Frequent High-Value Customers,0
C006800,6,486.8016666666667,2920.81,1.2,3.5,1,1,0,Budget Occasional Customers,0
C006801,10,629.232,6292.32,1.25,2.8333333333333335,3,2,0,Budget Occasional Customers,0
C006802,8,1033.41875,8267.35,1.1428571428571428,3.25,3,1,1,Premium Basket Customers,0
C006803,4,1092.355,4369.42,1.0,4.5,0,0,1,Premium Basket Customers,0
C006804,6,980.3766666666667,5882.26,1.0,3.3333333333333335,0,0,1,Premium Basket Customers,0
C006805,10,1111.017,11110.17,1.25,3.7777777777777777,4,2,1,Premium Basket Customers,0
C006806,10,875.394,8753.94,1.1111111111111112,3.7142857142857144,2,2,1,Premium Basket Customers,0
C006807,11,750.9690909090909,8260.66,1.1,3.7142857142857144,3,3,2,Frequent High-Value Customers,0
C006808,4,871.3375000000001,3485.3500000000004,1.0,3.3333333333333335,1,1,1,Premium Basket Customers,0
C006809,6,686.7599999999999,4120.5599999999995,1.2,3.5,1,1,0,Budget Occasional Customers,0
C006810,11,919.6345454545454,10115.98,1.375,4.0,3,2,2,Frequent High-Value Customers,0
C006811,9,862.9655555555556,7766.6900000000005,1.125,3.5714285714285716,4,0,1,Premium Basket Customers,0
C006812,6,528.74,3172.44,1.0,3.0,3,1,0,Budget Occasional Customers,0
C006813,7,620.6428571428571,4344.5,1.1666666666666667,3.3333333333333335,1,1,0,Budget Occasional Customers,0
C006814,8,832.57875,6660.63,1.3333333333333333,5.0,6,1,2,Frequent High-Value Customers,0
C006815,8,896.4275,7171.42,1.3333333333333333,4.5,3,1,0,Budget Occasional Customers,0
C006816,14,907.6107142857143,12706.55,1.5555555555555556,3.9,4,3,2,Frequent High-Value Customers,0
C006817,11,987.7790909090909,10865.57,1.375,2.625,5,1,2,Frequent High-Value Customers,0
C006818,6,1167.3816666666667,7004.29,1.5,3.6666666666666665,0,1,1,Premium Basket Customers,0
C006819,13,893.5915384615384,11616.69,1.3,2.8,7,1,2,Frequent High-Value Customers,0
C006820,12,623.3858333333334,7480.63,1.5,3.4285714285714284,3,2,2,Frequent High-Value Customers,0
C006821,9,618.9244444444444,5570.32,1.5,4.0,4,0,0,Budget Occasional Customers,0
C006822,9,803.5833333333334,7232.25,1.125,3.2857142857142856,3,1,0,Budget Occasional Customers,0
C006823,13,649.1823076923076,8439.369999999999,1.4444444444444444,3.0,2,6,2,Frequent High-Value Customers,0
C006824,9,933.9911111111111,8405.92,1.125,4.0,5,1,1,Premium Basket Customers,0
C006825,9,888.9555555555556,8000.6,1.5,3.0,2,1,1,Premium Basket Customers,0
C006826,6,869.3783333333334,5216.27,1.2,3.3333333333333335,1,1,1,Premium Basket Customers,0
C006827,11,917.3863636363636,10091.25,1.375,3.5,3,1,2,Frequent High-Value Customers,0
C006828,10,758.0029999999999,7580.03,1.25,3.5,4,1,0,Budget Occasional Customers,0
C006829,10,922.649,9226.49,1.4285714285714286,3.0,4,0,1,Premium Basket Customers,0
C006830,12,795.2225,9542.67,1.7142857142857142,3.4285714285714284,6,0,2,Frequent High-Value Customers,0
C006831,10,706.318,7063.18,1.25,2.75,1,0,0,Budget Occasional Customers,0
C006832,10,828.717,8287.17,1.25,3.7777777777777777,5,1,2,Frequent High-Value Customers,0
C006833,8,592.87375,4742.99,1.3333333333333333,3.4,3,1,0,Budget Occasional Customers,0
C006834,13,1096.2523076923078,14251.28,1.625,4.222222222222222,2,4,2,Frequent High-Value Customers,0
C006835,10,906.983,9069.83,1.4285714285714286,3.5,3,1,1,Premium Basket Customers,0
C006836,6,989.13,5934.78,1.2,3.2,1,0,1,Premium Basket Customers,0
C006837,7,767.9714285714286,5375.8,1.4,3.0,2,1,0,Budget Occasional Customers,0
C006838,7,908.2857142857143,6358.0,1.4,3.0,2,2,1,Premium Basket Customers,0
C006839,4,1151.8025,4607.21,1.0,3.3333333333333335,1,2,1,Premium Basket Customers,0
C006840,13,769.95,10009.35,1.4444444444444444,3.3333333333333335,2,3,2,Frequent High-Value Customers,0
C006841,7,1116.1785714285713,7813.25,1.0,2.25,3,1,1,Premium Basket Customers,0
C006842,4,639.7825,2559.13,1.0,3.6666666666666665,1,1,0,Budget Occasional Customers,0
C006843,8,1068.02625,8544.21,1.3333333333333333,2.5,5,0,1,Premium Basket Customers,0
C006844,11,847.0572727272727,9317.63,1.375,3.857142857142857,5,2,2,Frequent High-Value Customers,0
C006845,12,848.2875,10179.45,1.2,3.6666666666666665,2,4,2,Frequent High-Value Customers,0
C006846,9,829.6111111111111,7466.5,1.5,3.4,2,2,2,Frequent High-Value Customers,0
C006847,6,762.1283333333334,4572.77,1.0,3.0,2,3,0,Budget Occasional Customers,0
C006848,8,817.58375,6540.67,1.0,3.4,1,1,0,Budget Occasional Customers,0
C006849,7,1025.2742857142857,7176.92,1.0,4.75,2,1,1,Premium Basket Customers,0
C006850,7,706.4785714285715,4945.35,1.0,3.0,3,0,0,Budget Occasional Customers,0
C006851,15,787.3386666666667,11810.08,1.6666666666666667,3.8,2,2,2,Frequent High-Value Customers,0
C006852,11,884.2927272727272,9727.22,1.2222222222222223,3.6666666666666665,3,0,1,Premium Basket Customers,0
C006853,13,752.6476923076923,9784.42,1.4444444444444444,3.7142857142857144,6,1,2,Frequent High-Value Customers,0
C006854,14,676.6242857142857,9472.74,1.4,2.875,4,5,2,Frequent High-Value Customers,0
C006855,12,896.2183333333332,10754.619999999999,1.3333333333333333,2.75,6,4,2,Frequent High-Value Customers,0
C006856,12,954.9966666666668,11459.960000000001,1.5,4.0,3,2,2,Frequent High-Value Customers,0
C006857,11,899.8681818181817,9898.55,1.2222222222222223,3.8,3,1,1,Premium Basket Customers,0
C006858,7,920.7814285714286,6445.47,1.1666666666666667,4.0,1,1,1,Premium Basket Customers,0
C006859,5,689.646,3448.2299999999996,1.25,2.0,2,2,0,Budget Occasional Customers,0
C006860,5,859.624,4298.12,1.0,2.0,3,1,1,Premium Basket Customers,0
C006861,11,718.5327272727272,7903.86,1.375,2.6,5,1,2,Frequent High-Value Customers,0
C006862,10,704.056,7040.56,1.25,2.857142857142857,4,2,2,Frequent High-Value Customers,0
C006863,9,991.01,8919.09,1.0,3.142857142857143,4,3,1,Premium Basket Customers,0
C006864,11,702.7136363636364,7729.85,1.375,2.8,5,1,2,Frequent High-Value Customers,0
C006865,9,971.4166666666666,8742.75,1.125,3.3333333333333335,4,1,1,Premium Basket Customers,0
C006866,14,778.4378571428571,10898.13,1.75,4.3,7,4,2,Frequent High-Value Customers,0
C006867,17,718.2764705882353,12210.699999999999,1.7,4.166666666666667,10,4,2,Frequent High-Value Customers,-1
C006868,10,841.874,8418.74,1.4285714285714286,3.125,5,0,2,Frequent High-Value Customers,0
C006869,12,796.6625,9559.95,1.2,3.4285714285714284,4,3,2,Frequent High-Value Customers,0
C006870,7,874.4042857142857,6120.83,1.1666666666666667,3.25,4,0,1,Premium Basket Customers,0
C006871,13,710.6623076923078,9238.61,1.8571428571428572,2.5,6,1,2,Frequent High-Value Customers,0
C006872,9,846.1733333333333,7615.5599999999995,1.0,3.6,1,2,1,Premium Basket Customers,0
C006873,8,854.0925,6832.74,1.0,4.5,1,2,0,Budget Occasional Customers,0
C006874,5,809.504,4047.52,1.25,2.75,2,2,1,Premium Basket Customers,0
C006875,8,925.10375,7400.83,1.1428571428571428,2.8,2,0,1,Premium Basket Customers,0
C006876,10,1118.683,11186.83,1.4285714285714286,3.375,1,2,1,Premium Basket Customers,0
C006877,14,942.1914285714286,13190.68,1.4,3.375,6,2,2,Frequent High-Value Customers,0
C006878,5,628.22,3141.1000000000004,1.25,3.0,2,2,0,Budget Occasional Customers,0
C006879,4,586.9225,2347.69,1.0,3.0,1,2,0,Budget Occasional Customers,0
C006880,10,577.358,5773.58,1.1111111111111112,3.142857142857143,5,0,0,Budget Occasional Customers,0
C006881,6,961.8833333333333,5771.3,1.0,2.0,2,0,1,Premium Basket Customers,0
C006882,6,823.8933333333334,4943.360000000001,1.2,2.75,3,2,1,Premium Basket Customers,0
C006883,7,778.8542857142857,5451.98,1.1666666666666667,3.6,5,1,0,Budget Occasional Customers,0
C006884,8,1054.2662500000001,8434.130000000001,1.6,3.0,1,2,1,Premium Basket Customers,0
C006885,9,704.3322222222222,6338.99,1.2857142857142858,3.4285714285714284,2,2,0,Budget Occasional Customers,0
C006886,11,513.9581818181819,5653.54,1.375,2.857142857142857,0,2,0,Budget Occasional Customers,0
C006887,8,993.5,7948.0,1.1428571428571428,4.25,3,2,1,Premium Basket Customers,0
C006888,10,947.4010000000001,9474.01,1.25,4.0,4,3,2,Frequent High-Value Customers,0
C006889,9,612.98,5516.82,1.5,3.6,2,1,0,Budget Occasional Customers,0
C006890,4,761.1675,3044.67,1.0,2.5,2,0,1,Premium Basket Customers,0
C006891,12,833.835,10006.02,1.5,4.5,3,1,2,Frequent High-Value Customers,0
C006892,7,659.9557142857142,4619.69,1.0,3.6,0,1,0,Budget Occasional Customers,0
C006893,8,1210.0725,9680.58,1.0,2.2,2,3,1,Premium Basket Customers,0
C006894,9,791.0188888888889,7119.17,1.2857142857142858,2.7142857142857144,4,1,1,Premium Basket Customers,0
C006895,6,661.3633333333333,3968.1800000000003,1.2,3.0,2,1,0,Budget Occasional Customers,0
C006896,11,910.1536363636365,10011.69,1.1,3.25,2,2,1,Premium Basket Customers,0
C006897,15,864.45,12966.75,1.25,4.222222222222222,4,4,2,Frequent High-Value Customers,0
C006898,7,1012.4257142857143,7086.9800000000005,1.0,2.8,4,4,1,Premium Basket Customers,0
C006899,7,929.3785714285714,6505.65,1.1666666666666667,3.4,1,0,1,Premium Basket Customers,0
C006900,12,831.12,9973.44,1.0909090909090908,3.0,4,1,2,Frequent High-Value Customers,0
C006901,8,728.56875,5828.55,1.3333333333333333,3.6,3,2,0,Budget Occasional Customers,0
C006902,10,970.074,9700.74,1.1111111111111112,3.0,4,2,1,Premium Basket Customers,0
C006903,9,639.5066666666667,5755.5599999999995,1.5,3.6666666666666665,3,3,2,Frequent High-Value Customers,0
C006904,10,754.112,7541.12,1.4285714285714286,3.625,2,3,2,Frequent High-Value Customers,0
C006905,9,823.48,7411.32,1.2857142857142858,4.0,1,2,0,Budget Occasional Customers,0
C006906,12,760.5450000000001,9126.54,1.7142857142857142,3.2857142857142856,1,4,2,Frequent High-Value Customers,0
C006907,6,691.0983333333334,4146.59,1.2,3.5,4,2,0,Budget Occasional Customers,0
C006908,11,810.6190909090909,8916.81,1.375,4.0,0,3,0,Budget Occasional Customers,0
C006909,10,836.193,8361.93,1.6666666666666667,1.8,4,4,2,Frequent High-Value Customers,-1
C006910,11,666.0781818181819,7326.860000000001,1.375,3.3333333333333335,4,3,2,Frequent High-Value Customers,0
C006911,9,874.8055555555555,7873.25,1.8,3.7142857142857144,3,2,2,Frequent High-Value Customers,0
C006912,5,592.932,2964.66,1.0,3.3333333333333335,2,1,0,Budget Occasional Customers,0
C006913,4,590.0875,2360.35,1.0,4.75,1,0,0,Budget Occasional Customers,0
C006914,13,665.9146153846153,8656.89,1.3,3.8,4,4,2,Frequent High-Value Customers,0
C006915,8,829.72,6637.76,1.3333333333333333,4.0,7,2,2,Frequent High-Value Customers,0
C006916,14,896.4235714285714,12549.93,1.5555555555555556,3.888888888888889,8,3,2,Frequent High-Value Customers,0
C006917,11,983.7818181818183,10821.6,1.375,3.2,1,1,1,Premium Basket Customers,0
C006918,8,786.83,6294.64,1.1428571428571428,4.0,4,1,0,Budget Occasional Customers,0
C006919,11,904.3736363636364,9948.11,1.2222222222222223,3.7142857142857144,4,4,2,Frequent High-Value Customers,0
C006920,9,742.7211111111111,6684.49,1.125,3.4285714285714284,1,2,0,Budget Occasional Customers,0
C006921,9,792.8177777777778,7135.36,1.125,3.4285714285714284,3,2,0,Budget Occasional Customers,0
C006922,8,896.52,7172.16,1.3333333333333333,4.4,6,2,2,Frequent High-Value Customers,0
C006923,9,820.4944444444444,7384.45,1.2857142857142858,4.0,3,0,0,Budget Occasional Customers,0
C006924,18,704.5561111111111,12682.01,1.5,3.909090909090909,4,4,2,Frequent High-Value Customers,0
C006925,5,668.908,3344.54,1.0,3.5,1,2,0,Budget Occasional Customers,0
C006926,8,579.7887499999999,4638.3099999999995,1.3333333333333333,3.6,2,3,0,Budget Occasional Customers,0
C006927,7,998.6871428571428,6990.8099999999995,1.1666666666666667,2.7142857142857144,0,2,1,Premium Basket Customers,0
C006928,4,518.005,2072.02,1.0,2.3333333333333335,0,0,0,Budget Occasional Customers,0
C006929,7,934.3814285714286,6540.67,1.75,3.0,0,2,1,Premium Basket Customers,0
C006930,6,588.25,3529.5,1.5,3.75,2,1,0,Budget Occasional Customers,0
C006931,11,733.8027272727272,8071.83,1.2222222222222223,3.3333333333333335,2,1,0,Budget Occasional Customers,0
C006932,9,703.6344444444444,6332.71,1.2857142857142858,3.5,5,2,2,Frequent High-Value Customers,0
C006933,6,864.4916666666668,5186.950000000001,1.0,3.2,2,2,1,Premium Basket Customers,0
C006934,7,883.4142857142857,6183.9,1.1666666666666667,3.6,4,0,1,Premium Basket Customers,0
C006935,10,856.043,8560.43,1.4285714285714286,3.25,2,3,2,Frequent High-Value Customers,0
C006936,6,814.225,4885.35,1.0,2.0,3,1,1,Premium Basket Customers,0
C006937,10,863.6630000000001,8636.630000000001,1.25,3.0,1,3,1,Premium Basket Customers,0
C006938,10,894.7860000000001,8947.86,1.1111111111111112,3.2,5,0,1,Premium Basket Customers,0
C006939,9,884.4033333333333,7959.63,1.2857142857142858,4.0,3,1,1,Premium Basket Customers,0
C006940,4,592.0575,2368.23,1.0,4.0,0,1,0,Budget Occasional Customers,0
C006941,12,733.8733333333333,8806.48,1.2,3.4285714285714284,7,3,2,Frequent High-Value Customers,0
C006942,6,648.1816666666667,3889.09,1.2,3.6666666666666665,4,1,0,Budget Occasional Customers,0
C006943,4,523.5425,2094.17,1.0,2.3333333333333335,2,1,0,Budget Occasional Customers,0
C006944,6,546.4350000000001,3278.61,1.0,4.25,2,1,0,Budget Occasional Customers,0
C006945,13,837.6415384615385,10889.34,1.3,2.625,5,3,2,Frequent High-Value Customers,0
C006946,12,696.585,8359.02,1.2,2.5,5,5,2,Frequent High-Value Customers,0
C006947,7,838.0457142857142,5866.32,1.0,2.5,2,1,1,Premium Basket Customers,0
C006948,7,747.0757142857144,5229.530000000001,1.1666666666666667,4.6,4,2,0,Budget Occasional Customers,0
C006949,9,498.4888888888888,4486.4,1.125,3.6666666666666665,1,0,0,Budget Occasional Customers,0
C006950,13,600.52,7806.76,1.3,3.6666666666666665,3,2,2,Frequent High-Value Customers,0
C006951,6,830.1483333333332,4980.889999999999,1.0,3.6,3,1,0,Budget Occasional Customers,0
C006952,7,583.5642857142857,4084.95,1.1666666666666667,3.2,2,0,0,Budget Occasional Customers,0
C006953,10,611.505,6115.05,1.6666666666666667,3.75,6,1,2,Frequent High-Value Customers,0
C006954,14,788.71,11041.94,1.5555555555555556,3.1666666666666665,3,4,2,Frequent High-Value Customers,0
C006955,10,806.5519999999999,8065.5199999999995,1.25,4.2,4,1,0,Budget Occasional Customers,0
C006956,15,910.1306666666666,13651.96,1.25,3.1,5,0,2,Frequent High-Value Customers,0
C006957,6,792.895,4757.37,1.5,2.6,4,1,1,Premium Basket Customers,0
C006958,12,654.0291666666667,7848.35,1.3333333333333333,3.8,3,4,2,Frequent High-Value Customers,0
C006959,7,710.0971428571429,4970.68,1.1666666666666667,3.5,1,2,0,Budget Occasional Customers,0
C006960,10,1138.469,11384.69,1.25,3.0,3,3,1,Premium Basket Customers,0
C006961,7,657.2671428571429,4600.87,1.0,4.25,1,0,0,Budget Occasional Customers,0
C006962,10,844.4530000000001,8444.53,1.25,3.4285714285714284,3,2,2,Frequent High-Value Customers,0
C006963,6,730.9499999999999,4385.7,1.2,4.0,4,2,0,Budget Occasional Customers,0
C006964,10,845.1020000000001,8451.02,1.1111111111111112,2.857142857142857,4,1,1,Premium Basket Customers,0
C006965,9,910.4044444444444,8193.64,1.8,3.4,0,1,1,Premium Basket Customers,0
C006966,12,665.2483333333333,7982.98,1.0909090909090908,3.5,6,2,2,Frequent High-Value Customers,0
C006967,5,693.978,3469.89,1.25,4.0,3,0,0,Budget Occasional Customers,0
C006968,10,811.7239999999999,8117.24,1.1111111111111112,2.857142857142857,5,4,2,Frequent High-Value Customers,0
C006969,11,664.6472727272727,7311.12,1.5714285714285714,2.875,5,3,2,Frequent High-Value Customers,0
C006970,6,968.3583333333332,5810.15,1.2,3.0,0,1,1,Premium Basket Customers,0
C006971,10,972.7379999999999,9727.38,1.1111111111111112,3.3333333333333335,3,4,2,Frequent High-Value Customers,0
C006972,7,898.0828571428572,6286.58,1.4,3.75,2,1,1,Premium Basket Customers,0
C006973,9,1017.1444444444444,9154.3,1.125,4.0,3,1,1,Premium Basket Customers,0
C006974,4,640.9775,2563.91,1.0,3.3333333333333335,1,1,0,Budget Occasional Customers,0
C006975,7,637.3042857142857,4461.13,1.1666666666666667,2.3333333333333335,1,4,0,Budget Occasional Customers,0
C006976,7,962.4257142857142,6736.98,1.1666666666666667,4.0,2,1,1,Premium Basket Customers,0
C006977,14,830.7642857142857,11630.7,1.5555555555555556,2.5,4,4,2,Frequent High-Value Customers,0
C006978,9,709.0666666666666,6381.599999999999,1.125,3.3333333333333335,2,2,0,Budget Occasional Customers,0
C006979,9,992.4833333333333,8932.35,1.125,2.7142857142857144,4,1,1,Premium Basket Customers,0
C006980,8,730.7524999999999,5846.0199999999995,1.1428571428571428,3.5714285714285716,6,1,0,Budget Occasional Customers,0
C006981,11,630.3163636363636,6933.48,1.2222222222222223,3.125,5,1,2,Frequent High-Value Customers,0
C006982,9,800.9611111111111,7208.65,1.2857142857142858,3.2,2,1,0,Budget Occasional Customers,0
C006983,11,830.5654545454545,9136.22,1.2222222222222223,4.0,2,3,2,Frequent High-Value Customers,0
C006984,6,858.8800000000001,5153.280000000001,1.0,3.2,3,1,1,Premium Basket Customers,0
C006985,7,722.7314285714285,5059.12,1.4,4.0,2,2,0,Budget Occasional Customers,0
C006986,5,466.284,2331.42,1.0,3.5,2,1,0,Budget Occasional Customers,0
C006987,15,774.2713333333334,11614.07,1.5,3.4545454545454546,8,0,2,Frequent High-Value Customers,0
C006988,8,833.1512499999999,6665.209999999999,1.3333333333333333,3.5,1,1,1,Premium Basket Customers,0
C006989,12,691.4341666666666,8297.21,1.0909090909090908,3.5,4,5,2,Frequent High-Value Customers,0
C006990,15,939.056,14085.84,1.5,3.7142857142857144,5,5,2,Frequent High-Value Customers,0
C006991,21,831.2533333333333,17456.32,1.75,3.5,6,1,2,Frequent High-Value Customers,-1
C006992,10,743.66,7436.599999999999,1.25,3.5,3,0,0,Budget Occasional Customers,0
C006993,8,1102.975,8823.8,1.1428571428571428,3.25,3,0,1,Premium Basket Customers,0
C006994,7,1140.8642857142856,7986.05,1.1666666666666667,3.1666666666666665,2,2,1,Premium Basket Customers,0
C006995,10,602.1569999999999,6021.57,1.25,2.75,2,2,0,Budget Occasional Customers,0
C006996,12,666.3791666666667,7996.55,1.2,3.857142857142857,6,4,2,Frequent High-Value Customers,0
C006997,11,899.7772727272727,9897.55,1.0,3.0,2,1,1,Premium Basket Customers,0
C006998,11,1070.3545454545454,11773.9,1.2222222222222223,3.25,5,3,2,Frequent High-Value Customers,0
C006999,7,611.6828571428572,4281.780000000001,1.0,3.0,2,0,0,Budget Occasional Customers,0
C007000,10,800.1400000000001,8001.400000000001,1.25,1.8,6,1,2,Frequent High-Value Customers,0
C007001,9,1020.1188888888888,9181.07,1.125,2.6666666666666665,5,3,1,Premium Basket Customers,0
C007002,11,926.9927272727273,10196.92,1.0,3.6,2,3,1,Premium Basket Customers,0
C007003,8,695.5074999999999,5564.0599999999995,1.0,4.0,5,0,0,Budget Occasional Customers,0
C007004,12,825.3383333333333,9904.06,1.5,3.1666666666666665,3,1,2,Frequent High-Value Customers,0
C007005,13,750.4161538461539,9755.41,1.4444444444444444,3.111111111111111,2,5,2,Frequent High-Value Customers,0
C007006,6,808.5166666666665,4851.099999999999,1.2,3.0,3,1,1,Premium Basket Customers,0
C007007,3,593.71,1781.13,1.0,2.6666666666666665,2,0,0,Budget Occasional Customers,0
C007008,10,684.807,6848.07,1.25,3.25,5,1,2,Frequent High-Value Customers,0
C007009,8,671.3275,5370.62,1.3333333333333333,2.75,2,2,0,Budget Occasional Customers,0
C007010,9,864.51,7780.59,1.0,3.4444444444444446,2,3,1,Premium Basket Customers,0
C007011,9,860.3277777777778,7742.95,1.5,3.375,2,0,1,Premium Basket Customers,0
C007012,7,850.1342857142856,5950.94,1.75,3.75,4,0,2,Frequent High-Value Customers,0
C007013,12,620.4225,7445.07,1.2,3.5,1,4,2,Frequent High-Value Customers,0
C007014,8,684.55,5476.4,1.1428571428571428,3.75,2,3,0,Budget Occasional Customers,0
C007015,11,899.0736363636363,9889.81,1.2222222222222223,2.857142857142857,4,1,1,Premium Basket Customers,0
C007016,12,870.2458333333334,10442.95,2.0,3.4285714285714284,5,1,2,Frequent High-Value Customers,0
C007017,10,1050.239,10502.39,1.25,3.2,3,2,1,Premium Basket Customers,0
C007018,13,555.386923076923,7220.03,1.3,3.7142857142857144,7,6,2,Frequent High-Value Customers,0
C007019,8,706.165,5649.32,1.3333333333333333,3.75,4,0,0,Budget Occasional Customers,0
C007020,9,774.0222222222222,6966.2,1.125,3.1666666666666665,1,1,0,Budget Occasional Customers,0
C007021,9,596.6655555555556,5369.99,1.125,3.0,3,3,0,Budget Occasional Customers,0
C007022,11,897.4027272727272,9871.43,1.375,2.4285714285714284,7,3,2,Frequent High-Value Customers,0
C007023,9,960.2133333333334,8641.92,1.125,3.2857142857142856,2,2,1,Premium Basket Customers,0
C007024,10,780.978,7809.78,1.4285714285714286,3.0,3,1,2,Frequent High-Value Customers,0
C007025,5,732.684,3663.42,1.0,4.5,0,1,0,Budget Occasional Customers,0
C007026,12,1143.0108333333333,13716.13,1.7142857142857142,3.2857142857142856,3,3,2,Frequent High-Value Customers,0
C007027,7,1000.7114285714285,7004.98,1.4,2.8333333333333335,3,1,1,Premium Basket Customers,0
C007028,7,578.3714285714285,4048.6,1.75,3.0,1,1,0,Budget Occasional Customers,0
C007029,10,1065.817,10658.17,1.4285714285714286,4.2,2,2,1,Premium Basket Customers,0
C007030,12,838.775,10065.3,1.5,3.25,6,0,2,Frequent High-Value Customers,0
C007031,10,704.741,7047.41,1.1111111111111112,4.111111111111111,2,1,0,Budget Occasional Customers,0
C007032,7,864.7857142857143,6053.5,1.0,4.5,4,2,0,Budget Occasional Customers,0
C007033,8,905.4925,7243.94,1.1428571428571428,3.75,6,1,1,Premium Basket Customers,0
C007034,8,928.275,7426.2,1.1428571428571428,3.75,3,2,1,Premium Basket Customers,0
C007035,10,764.575,7645.75,1.25,3.2857142857142856,2,0,0,Budget Occasional Customers,0
C007036,5,1076.73,5383.65,1.0,3.0,3,1,1,Premium Basket Customers,0
C007037,10,824.676,8246.76,1.4285714285714286,2.5714285714285716,2,3,2,Frequent High-Value Customers,0
C007038,10,423.45,4234.5,1.4285714285714286,3.5,3,2,0,Budget Occasional Customers,0
C007039,9,831.3944444444444,7482.549999999999,1.0,3.3333333333333335,4,0,1,Premium Basket Customers,0
C007040,11,869.5127272727273,9564.64,1.375,3.0,2,1,1,Premium Basket Customers,0
C007041,9,657.4077777777778,5916.67,1.2857142857142858,3.3333333333333335,4,1,0,Budget Occasional Customers,0
C007042,12,818.4641666666666,9821.57,1.2,3.4285714285714284,3,1,2,Frequent High-Value Customers,0
C007043,6,1011.645,6069.87,1.5,1.0,4,2,1,Premium Basket Customers,-1
C007044,4,467.32,1869.28,1.0,4.0,1,2,0,Budget Occasional Customers,0
C007045,8,871.31875,6970.55,1.3333333333333333,3.6666666666666665,1,2,1,Premium Basket Customers,0
C007046,6,780.1316666666667,4680.79,1.2,3.6666666666666665,2,0,0,Budget Occasional Customers,0
C007047,13,962.9215384615384,12517.98,1.4444444444444444,3.1,4,2,2,Frequent High-Value Customers,0
C007048,4,464.79249999999996,1859.1699999999998,1.0,4.0,3,0,0,Budget Occasional Customers,0
C007049,12,632.4166666666666,7589.0,1.3333333333333333,3.142857142857143,6,3,2,Frequent High-Value Customers,0
C007050,6,1232.6533333333334,7395.92,1.2,3.2,2,2,1,Premium Basket Customers,0
C007051,14,879.5914285714287,12314.28,1.1666666666666667,5.0,2,3,2,Frequent High-Value Customers,-1
C007052,7,1138.5785714285714,7970.049999999999,1.1666666666666667,3.6666666666666665,2,0,1,Premium Basket Customers,0
C007053,13,701.0669230769231,9113.87,1.1818181818181819,3.2857142857142856,4,1,2,Frequent High-Value Customers,0
C007054,7,691.96,4843.72,1.1666666666666667,3.0,3,0,0,Budget Occasional Customers,0
C007055,15,811.5920000000001,12173.880000000001,1.3636363636363635,2.6666666666666665,5,5,2,Frequent High-Value Customers,0
C007056,6,678.6933333333333,4072.16,1.2,3.2,2,0,0,Budget Occasional Customers,0
C007057,6,1075.8433333333335,6455.06,1.0,3.25,2,1,1,Premium Basket Customers,0
C007058,6,1045.3483333333334,6272.09,1.2,2.6666666666666665,1,3,1,Premium Basket Customers,0
C007059,8,920.19625,7361.57,1.1428571428571428,2.6666666666666665,0,2,1,Premium Basket Customers,0
C007060,8,677.02625,5416.21,1.0,2.6666666666666665,3,2,0,Budget Occasional Customers,0
C007061,7,814.5342857142857,5701.74,1.1666666666666667,5.0,1,1,0,Budget Occasional Customers,0
C007062,15,983.7946666666667,14756.92,1.6666666666666667,3.6,4,4,2,Frequent High-Value Customers,0
C007063,10,658.592,6585.92,1.1111111111111112,3.0,6,1,2,Frequent High-Value Customers,0
C007064,5,1082.9740000000002,5414.870000000001,1.0,2.5,1,2,1,Premium Basket Customers,0
C007065,7,623.9942857142858,4367.96,1.0,4.4,3,3,0,Budget Occasional Customers,0
C007066,8,777.02125,6216.17,1.1428571428571428,3.2,3,1,0,Budget Occasional Customers,0
C007067,7,977.907142857143,6845.35,1.1666666666666667,3.8,2,3,1,Premium Basket Customers,0
C007068,10,640.331,6403.31,1.25,2.4,5,4,2,Frequent High-Value Customers,0
C007069,11,978.7736363636363,10766.51,1.2222222222222223,3.0,5,3,2,Frequent High-Value Customers,0
C007070,4,1112.1,4448.4,1.0,2.75,2,1,1,Premium Basket Customers,0
C007071,9,785.3611111111111,7068.25,1.125,3.0,7,2,2,Frequent High-Value Customers,0
C007072,10,832.22,8322.2,1.1111111111111112,2.8333333333333335,4,1,1,Premium Basket Customers,0
C007073,7,679.6757142857142,4757.73,1.4,3.25,2,2,0,Budget Occasional Customers,0
C007074,10,551.922,5519.22,1.6666666666666667,3.4,2,2,2,Frequent High-Value Customers,0
C007075,7,532.3142857142857,3726.2,1.4,3.5,3,2,0,Budget Occasional Customers,0
C007076,6,906.8249999999999,5440.95,1.2,3.75,3,0,1,Premium Basket Customers,0
C007077,10,664.0899999999999,6640.9,1.0,3.5714285714285716,4,4,2,Frequent High-Value Customers,0
C007078,7,870.6271428571428,6094.389999999999,1.4,3.8,1,2,1,Premium Basket Customers,0
C007079,10,823.82,8238.2,1.1111111111111112,3.375,4,4,2,Frequent High-Value Customers,0
C007080,7,965.75,6760.25,1.0,4.0,2,0,1,Premium Basket Customers,0
C007081,11,916.5400000000001,10081.94,1.5714285714285714,4.4,3,3,2,Frequent High-Value Customers,0
C007082,7,924.41,6470.87,1.1666666666666667,3.8,3,0,1,Premium Basket Customers,0
C007083,7,922.72,6459.04,1.1666666666666667,4.166666666666667,2,2,1,Premium Basket Customers,0
C007084,11,863.2518181818182,9495.77,1.375,3.3333333333333335,5,2,2,Frequent High-Value Customers,0
C007085,13,659.1338461538461,8568.74,1.3,3.0,4,3,2,Frequent High-Value Customers,0
C007086,7,826.092857142857,5782.65,1.1666666666666667,3.6666666666666665,2,1,0,Budget Occasional Customers,0
C007087,9,696.7411111111111,6270.67,1.8,3.7142857142857144,2,1,2,Frequent High-Value Customers,0
C007088,5,1022.3459999999999,5111.73,1.0,3.0,1,1,1,Premium Basket Customers,0
C007089,8,911.51,7292.08,1.1428571428571428,3.6,2,0,1,Premium Basket Customers,0
C007090,13,881.3576923076923,11457.65,1.3,3.3333333333333335,5,4,2,Frequent High-Value Customers,0
C007091,11,685.3272727272727,7538.599999999999,1.2222222222222223,3.3333333333333335,5,2,2,Frequent High-Value Customers,0
C007092,4,907.7975,3631.19,1.3333333333333333,3.5,1,0,1,Premium Basket Customers,0
C007093,12,717.2525,8607.03,1.3333333333333333,3.5,4,1,2,Frequent High-Value Customers,0
C007094,9,766.9733333333334,6902.76,1.2857142857142858,2.875,3,0,0,Budget Occasional Customers,0
C007095,8,1099.5475,8796.38,1.6,2.6666666666666665,3,3,1,Premium Basket Customers,0
C007096,12,870.3991666666667,10444.79,1.5,3.3333333333333335,5,4,2,Frequent High-Value Customers,0
C007097,7,598.4499999999999,4189.15,1.4,3.8333333333333335,2,3,0,Budget Occasional Customers,0
C007098,12,850.4608333333334,10205.53,1.5,3.0,4,1,2,Frequent High-Value Customers,0
C007099,11,1031.861818181818,11350.48,1.1,3.3333333333333335,2,2,1,Premium Basket Customers,0
C007100,5,818.244,4091.2200000000003,1.0,3.0,2,0,1,Premium Basket Customers,0
C007101,11,865.0100000000001,9515.11,1.375,3.3333333333333335,5,2,2,Frequent High-Value Customers,0
C007102,6,787.9916666666667,4727.95,1.2,3.1666666666666665,2,2,0,Budget Occasional Customers,0
C007103,11,629.6836363636363,6926.5199999999995,1.375,3.5,1,1,0,Budget Occasional Customers,0
C007104,8,676.0025,5408.02,1.3333333333333333,3.4285714285714284,3,1,0,Budget Occasional Customers,0
C007105,6,753.5633333333334,4521.38,1.2,4.333333333333333,3,3,0,Budget Occasional Customers,0
C007106,9,896.5500000000001,8068.950000000001,1.125,4.4,4,0,0,Budget Occasional Customers,0
C007107,6,975.8133333333334,5854.88,1.2,3.5,1,1,1,Premium Basket Customers,0
C007108,14,811.5628571428572,11361.880000000001,1.1666666666666667,3.6666666666666665,6,3,2,Frequent High-Value Customers,0
C007109,12,816.5324999999999,9798.39,1.3333333333333333,3.7142857142857144,2,0,0,Budget Occasional Customers,0
C007110,12,1172.6375,14071.65,1.3333333333333333,4.0,4,3,2,Frequent High-Value Customers,0
C007111,5,983.548,4917.74,1.25,3.5,2,1,1,Premium Basket Customers,0
C007112,7,473.7357142857142,3316.1499999999996,1.75,2.25,3,1,0,Budget Occasional Customers,0
C007113,12,665.5183333333333,7986.22,1.3333333333333333,3.0,8,3,2,Frequent High-Value Customers,0
C007114,5,782.508,3912.54,1.25,4.0,1,0,0,Budget Occasional Customers,0
C007115,12,933.8708333333334,11206.45,1.3333333333333333,3.0,4,3,2,Frequent High-Value Customers,0
C007116,7,865.13,6055.91,1.4,2.0,3,1,1,Premium Basket Customers,0
C007117,12,680.63,8167.56,1.3333333333333333,3.6666666666666665,5,1,2,Frequent High-Value Customers,0
C007118,5,748.378,3741.8900000000003,1.0,4.666666666666667,0,1,0,Budget Occasional Customers,0
C007119,9,852.4,7671.599999999999,1.125,3.75,4,1,0,Budget Occasional Customers,0
C007120,7,879.2714285714285,6154.9,1.0,3.3333333333333335,2,4,1,Premium Basket Customers,0
C007121,12,731.5833333333334,8779.0,1.3333333333333333,4.4,2,2,2,Frequent High-Value Customers,0
C007122,6,566.3566666666667,3398.1400000000003,1.2,3.5,4,3,0,Budget Occasional Customers,0
C007123,6,1084.0433333333333,6504.26,1.2,2.75,2,0,1,Premium Basket Customers,0
C007124,6,891.0783333333333,5346.469999999999,1.0,4.2,2,1,1,Premium Basket Customers,0
C007125,7,626.0457142857142,4382.32,1.1666666666666667,3.0,1,2,0,Budget Occasional Customers,0
C007126,9,597.3722222222221,5376.349999999999,1.2857142857142858,3.75,5,2,2,Frequent High-Value Customers,0
C007127,11,862.6563636363636,9489.22,1.1,3.75,3,3,2,Frequent High-Value Customers,0
C007128,12,1125.1266666666668,13501.52,1.3333333333333333,3.4285714285714284,5,0,1,Premium Basket Customers,0
C007129,5,805.406,4027.0299999999997,1.0,4.25,3,1,0,Budget Occasional Customers,0
C007130,9,875.3311111111111,7877.9800000000005,1.125,3.25,2,1,1,Premium Basket Customers,0
C007131,5,876.3860000000001,4381.93,1.0,3.3333333333333335,2,1,1,Premium Basket Customers,0
C007132,6,788.6633333333333,4731.98,1.2,2.3333333333333335,4,1,1,Premium Basket Customers,0
C007133,12,888.7325,10664.789999999999,1.2,3.5,4,1,2,Frequent High-Value Customers,0
C007134,6,958.2066666666666,5749.24,1.2,3.8,3,0,1,Premium Basket Customers,0
C007135,8,920.2075,7361.66,1.3333333333333333,2.75,3,2,1,Premium Basket Customers,0
C007136,4,904.3875,3617.55,1.0,3.4196588952056444,1,1,1,Premium Basket Customers,0
C007137,9,1143.35,10290.15,1.0,3.6,4,1,1,Premium Basket Customers,0
C007138,9,785.1688888888889,7066.52,1.125,3.0,5,2,2,Frequent High-Value Customers,0
C007139,12,717.9816666666667,8615.78,1.3333333333333333,3.6666666666666665,3,1,2,Frequent High-Value Customers,0
C007140,7,925.882857142857,6481.179999999999,1.0,3.4,2,2,1,Premium Basket Customers,0
C007141,17,826.0464705882354,14042.79,1.5454545454545454,2.8,6,1,2,Frequent High-Value Customers,0
C007142,9,795.3344444444444,7158.01,1.0,3.6666666666666665,1,2,0,Budget Occasional Customers,0
C007143,10,693.332,6933.32,1.25,4.0,2,3,0,Budget Occasional Customers,0
C007144,8,719.92625,5759.41,1.0,3.0,4,1,0,Budget Occasional Customers,0
C007145,11,799.93,8799.23,1.5714285714285714,3.5555555555555554,4,1,2,Frequent High-Value Customers,0
C007146,10,866.115,8661.15,1.25,4.5,1,1,0,Budget Occasional Customers,0
C007147,4,753.5425,3014.17,1.0,2.0,2,2,1,Premium Basket Customers,0
C007148,13,889.5146153846155,11563.69,1.4444444444444444,3.3333333333333335,7,5,2,Frequent High-Value Customers,0
C007149,5,765.112,3825.56,1.0,4.0,1,0,0,Budget Occasional Customers,0
C007150,13,716.5430769230769,9315.06,1.4444444444444444,4.0,5,1,2,Frequent High-Value Customers,0
C007151,14,913.0028571428572,12782.04,1.4,3.6153846153846154,4,2,2,Frequent High-Value Customers,0
C007152,8,983.6225000000001,7868.9800000000005,1.6,3.5,1,0,1,Premium Basket Customers,0
C007153,8,871.71375,6973.71,1.0,3.8333333333333335,1,2,1,Premium Basket Customers,0
C007154,13,851.146923076923,11064.91,1.3,3.875,6,3,2,Frequent High-Value Customers,0
C007155,10,951.802,9518.02,1.25,3.2,1,2,1,Premium Basket Customers,0
C007156,7,967.8985714285715,6775.29,1.75,3.5,3,1,1,Premium Basket Customers,0
C007157,8,747.2275,5977.82,1.0,3.1666666666666665,1,1,0,Budget Occasional Customers,0
C007158,9,1086.7388888888888,9780.65,1.125,3.2,1,1,1,Premium Basket Customers,0
C007159,6,565.865,3395.19,1.2,4.0,2,1,0,Budget Occasional Customers,0
C007160,12,899.1208333333334,10789.45,1.2,3.4545454545454546,3,3,2,Frequent High-Value Customers,0
C007161,11,577.1545454545454,6348.7,1.2222222222222223,3.4,4,2,2,Frequent High-Value Customers,0
C007162,8,564.245,4513.96,1.3333333333333333,3.5714285714285716,2,1,0,Budget Occasional Customers,0
C007163,9,656.2655555555556,5906.39,1.125,3.1666666666666665,3,2,0,Budget Occasional Customers,0
C007164,7,899.0699999999999,6293.49,1.1666666666666667,3.4,2,1,1,Premium Basket Customers,0
C007165,13,739.8438461538462,9617.970000000001,1.625,3.375,2,3,2,Frequent High-Value Customers,0
C007166,6,918.3716666666666,5510.23,1.2,4.0,1,2,1,Premium Basket Customers,0
C007167,7,667.6628571428572,4673.64,1.75,3.6666666666666665,1,1,0,Budget Occasional Customers,0
C007168,9,596.0033333333333,5364.03,1.125,2.8,5,3,2,Frequent High-Value Customers,0
C007169,8,876.48625,7011.89,1.3333333333333333,3.75,1,1,1,Premium Basket Customers,0
C007170,11,926.670909090909,10193.38,1.375,3.8,3,4,2,Frequent High-Value Customers,0
C007171,6,1041.04,6246.24,1.0,4.666666666666667,1,2,1,Premium Basket Customers,0
C007172,5,578.192,2890.96,1.0,4.0,1,2,0,Budget Occasional Customers,0
C007173,3,976.5066666666667,2929.52,1.0,4.333333333333333,1,0,1,Premium Basket Customers,0
C007174,9,999.9088888888889,8999.18,1.2857142857142858,3.0,1,1,1,Premium Basket Customers,0
C007175,9,668.6033333333334,6017.43,1.2857142857142858,3.6666666666666665,6,3,2,Frequent High-Value Customers,0
C007176,8,743.5575,5948.46,1.1428571428571428,2.3333333333333335,2,2,0,Budget Occasional Customers,0
C007177,5,904.592,4522.96,1.0,2.3333333333333335,4,0,1,Premium Basket Customers,0
C007178,6,882.7449999999999,5296.469999999999,1.2,2.25,2,0,1,Premium Basket Customers,0
C007179,14,705.8392857142857,9881.75,1.75,3.4444444444444446,3,1,2,Frequent High-Value Customers,0
C007180,8,1050.29,8402.32,1.1428571428571428,3.2857142857142856,2,0,1,Premium Basket Customers,0
C007181,9,1013.52,9121.68,1.125,3.2857142857142856,3,2,1,Premium Basket Customers,0
C007182,5,688.756,3443.7799999999997,1.0,4.0,3,0,0,Budget Occasional Customers,0
C007183,6,794.4566666666666,4766.74,1.2,3.75,0,1,0,Budget Occasional Customers,0
C007184,11,597.8281818181817,6576.11,1.375,3.3333333333333335,4,2,2,Frequent High-Value Customers,0
C007185,6,1483.3583333333333,8900.15,1.0,3.8,2,1,1,Premium Basket Customers,0
C007186,13,840.2138461538462,10922.78,1.625,3.2857142857142856,4,2,2,Frequent High-Value Customers,0
C007187,10,1071.6100000000001,10716.1,1.25,3.25,4,1,1,Premium Basket Customers,0
C007188,8,862.05875,6896.47,1.0,3.7142857142857144,4,0,1,Premium Basket Customers,0
C007189,11,883.0863636363637,9713.95,1.2222222222222223,4.2,6,2,2,Frequent High-Value Customers,0
C007190,10,858.616,8586.16,1.25,3.6,1,1,1,Premium Basket Customers,0
C007191,5,525.98,2629.9,1.0,4.25,0,0,0,Budget Occasional Customers,0
C007192,8,740.46875,5923.75,1.3333333333333333,3.25,2,2,0,Budget Occasional Customers,0
C007193,9,599.3811111111112,5394.43,1.125,4.0,4,0,0,Budget Occasional Customers,0
C007194,9,895.0066666666667,8055.06,1.0,3.6,1,2,1,Premium Basket Customers,0
C007195,14,777.0614285714286,10878.86,1.2727272727272727,3.6923076923076925,8,3,2,Frequent High-Value Customers,0
C007196,11,947.9890909090908,10427.88,1.375,4.2,5,0,2,Frequent High-Value Customers,0
C007197,6,1064.675,6388.05,1.0,3.6666666666666665,2,1,1,Premium Basket Customers,0
C007198,13,866.6361538461539,11266.27,1.4444444444444444,3.375,6,2,2,Frequent High-Value Customers,0
C007199,10,950.592,9505.92,1.25,3.6,2,2,1,Premium Basket Customers,0
C007200,9,581.718888888889,5235.47,1.125,3.1666666666666665,5,0,0,Budget Occasional Customers,0
C007201,9,832.4022222222222,7491.62,1.5,3.7142857142857144,3,2,2,Frequent High-Value Customers,0
C007202,8,1032.1975,8257.58,1.1428571428571428,3.5,4,2,1,Premium Basket Customers,0
C007203,10,833.9199999999998,8339.199999999999,1.4285714285714286,3.0,3,2,2,Frequent High-Value Customers,0
C007204,7,875.9914285714286,6131.9400000000005,1.1666666666666667,3.8,3,1,1,Premium Basket Customers,0
C007205,10,969.057,9690.57,1.4285714285714286,2.7142857142857144,5,1,2,Frequent High-Value Customers,0
C007206,2,699.55,1399.1,1.0,3.0,0,0,0,Budget Occasional Customers,0
C007207,12,1080.5483333333334,12966.58,1.3333333333333333,3.3333333333333335,6,3,2,Frequent High-Value Customers,0
C007208,9,620.9377777777777,5588.44,1.5,3.0,5,1,2,Frequent High-Value Customers,0
C007209,6,895.6866666666666,5374.12,1.5,4.2,0,1,1,Premium Basket Customers,0
C007210,13,930.0546153846154,12090.710000000001,1.8571428571428572,3.5555555555555554,5,3,2,Frequent High-Value Customers,0
C007211,9,820.3055555555555,7382.75,1.2857142857142858,3.0,2,3,1,Premium Basket Customers,0
C007212,10,925.202,9252.02,1.4285714285714286,3.1666666666666665,2,1,1,Premium Basket Customers,0
C007213,8,729.6912500000001,5837.530000000001,1.1428571428571428,4.0,3,0,0,Budget Occasional Customers,0
C007214,11,934.0372727272727,10274.41,1.1,3.4285714285714284,4,4,2,Frequent High-Value Customers,0
C007215,15,971.7546666666666,14576.32,1.3636363636363635,3.7142857142857144,4,3,2,Frequent High-Value Customers,0
C007216,6,687.25,4123.5,1.0,4.0,1,0,0,Budget Occasional Customers,0
C007217,8,809.485,6475.88,1.1428571428571428,3.5,2,5,2,Frequent High-Value Customers,0
C007218,11,761.8554545454546,8380.41,1.5714285714285714,3.8,3,2,2,Frequent High-Value Customers,0
C007219,10,832.722,8327.22,1.25,3.8333333333333335,4,2,2,Frequent High-Value Customers,0
C007220,6,1229.6866666666667,7378.12,1.0,4.0,2,2,1,Premium Basket Customers,0
C007221,9,762.2688888888889,6860.42,1.125,3.2,4,0,0,Budget Occasional Customers,0
C007222,6,873.5099999999999,5241.0599999999995,1.5,3.2,3,0,1,Premium Basket Customers,0
C007223,10,807.691,8076.91,1.4285714285714286,3.4285714285714284,3,1,2,Frequent High-Value Customers,0
C007224,16,758.934375,12142.95,1.6,3.2857142857142856,7,4,2,Frequent High-Value Customers,0
C007225,13,635.2192307692308,8257.85,1.3,3.4,4,4,2,Frequent High-Value Customers,0
C007226,5,780.074,3900.37,1.0,3.3333333333333335,3,2,0,Budget Occasional Customers,0
C007227,13,848.0792307692308,11025.03,1.3,3.4,4,4,2,Frequent High-Value Customers,0
C007228,11,852.7972727272728,9380.77,1.2222222222222223,4.428571428571429,4,2,2,Frequent High-Value Customers,0
C007229,8,647.17,5177.36,1.6,3.2,5,3,2,Frequent High-Value Customers,0
C007230,7,802.2528571428572,5615.77,1.1666666666666667,4.0,1,1,0,Budget Occasional Customers,0
C007231,8,716.40375,5731.23,1.0,3.5714285714285716,4,0,0,Budget Occasional Customers,0
C007232,10,857.708,8577.08,1.4285714285714286,3.857142857142857,2,1,1,Premium Basket Customers,0
C007233,10,965.14,9651.4,1.4285714285714286,3.4,4,0,1,Premium Basket Customers,0
C007234,9,889.6255555555555,8006.629999999999,1.2857142857142858,2.6666666666666665,3,3,2,Frequent High-Value Customers,0
C007235,5,841.8779999999999,4209.389999999999,1.0,4.75,2,1,0,Budget Occasional Customers,0
C007236,9,746.598888888889,6719.39,1.5,4.0,1,2,0,Budget Occasional Customers,0
C007237,9,1152.0611111111111,10368.55,1.5,4.0,2,0,1,Premium Basket Customers,0
C007238,9,704.6355555555556,6341.72,1.5,3.6666666666666665,5,2,2,Frequent High-Value Customers,0
C007239,13,743.086923076923,9660.13,1.625,3.727272727272727,5,2,2,Frequent High-Value Customers,0
C007240,9,899.7955555555556,8098.16,1.125,3.6666666666666665,7,1,2,Frequent High-Value Customers,0
C007241,8,1037.655,8301.24,1.3333333333333333,3.0,3,3,1,Premium Basket Customers,0
C007242,6,792.505,4755.03,1.2,4.666666666666667,3,0,0,Budget Occasional Customers,0
C007243,8,933.30625,7466.45,1.6,3.0,5,1,2,Frequent High-Value Customers,0
C007244,10,585.652,5856.52,1.25,3.5,3,2,0,Budget Occasional Customers,0
C007245,9,916.1500000000001,8245.35,1.125,3.4444444444444446,3,3,1,Premium Basket Customers,0
C007246,7,578.65,4050.55,1.4,2.5,2,1,0,Budget Occasional Customers,0
C007247,11,541.9645454545454,5961.61,1.2222222222222223,3.0,8,1,2,Frequent High-Value Customers,0
C007248,6,638.1483333333333,3828.89,1.2,2.25,1,1,0,Budget Occasional Customers,0
C007249,11,966.5345454545455,10631.880000000001,1.2222222222222223,3.625,4,2,2,Frequent High-Value Customers,0
C007250,10,601.125,6011.25,1.25,4.285714285714286,4,2,0,Budget Occasional Customers,0
C007251,8,1088.8875,8711.1,1.1428571428571428,3.0,1,1,1,Premium Basket Customers,0
C007252,4,524.1325,2096.53,1.0,2.0,1,2,0,Budget Occasional Customers,0
C007253,6,596.64,3579.84,1.2,3.0,0,0,0,Budget Occasional Customers,0
C007254,6,728.735,4372.41,1.0,2.6666666666666665,4,1,0,Budget Occasional Customers,0
C007255,9,942.8766666666666,8485.89,1.125,3.3333333333333335,4,3,1,Premium Basket Customers,0
C007256,6,670.6899999999999,4024.14,1.2,3.75,1,1,0,Budget Occasional Customers,0
C007257,7,703.1985714285714,4922.39,1.4,3.8,3,1,0,Budget Occasional Customers,0
C007258,8,930.38125,7443.05,1.1428571428571428,3.2857142857142856,1,0,1,Premium Basket Customers,0
C007259,7,728.8314285714285,5101.82,1.1666666666666667,3.5,3,1,0,Budget Occasional Customers,0
C007260,9,1213.6422222222222,10922.78,1.5,4.5,4,3,2,Frequent High-Value Customers,0
C007261,11,800.9899999999999,8810.89,1.2222222222222223,3.0,5,2,2,Frequent High-Value Customers,0
C007262,10,1096.966,10969.66,2.0,3.2,4,1,2,Frequent High-Value Customers,0
C007263,9,591.38,5322.42,1.2857142857142858,2.3333333333333335,5,1,0,Budget Occasional Customers,0
C007264,10,765.008,7650.08,1.4285714285714286,2.857142857142857,5,1,2,Frequent High-Value Customers,0
C007265,6,1029.5383333333332,6177.23,1.0,3.6666666666666665,1,3,1,Premium Basket Customers,0
C007266,17,871.3576470588235,14813.08,1.4166666666666667,3.9,6,5,2,Frequent High-Value Customers,0
C007267,11,913.5972727272728,10049.57,1.375,3.3333333333333335,5,1,2,Frequent High-Value Customers,0
C007268,6,707.015,4242.09,1.2,3.0,1,0,0,Budget Occasional Customers,0
C007269,10,631.0409999999999,6310.41,1.25,3.8,4,2,0,Budget Occasional Customers,0
C007270,13,810.2153846153846,10532.8,1.625,3.2857142857142856,2,1,2,Frequent High-Value Customers,0
C007271,10,809.92,8099.2,1.6666666666666667,3.5,3,0,2,Frequent High-Value Customers,0
C007272,7,438.7528571428571,3071.27,1.0,4.333333333333333,3,4,0,Budget Occasional Customers,0
C007273,10,833.826,8338.26,1.1111111111111112,3.375,2,0,1,Premium Basket Customers,0
C007274,9,918.8122222222222,8269.31,1.2857142857142858,3.3333333333333335,2,0,1,Premium Basket Customers,0
C007275,6,659.0666666666667,3954.4,1.2,4.666666666666667,3,0,0,Budget Occasional Customers,0
C007276,9,733.5411111111111,6601.87,1.5,3.8,3,2,2,Frequent High-Value Customers,0
C007277,14,682.6450000000001,9557.03,1.4,3.625,4,1,2,Frequent High-Value Customers,0
C007278,6,788.84,4733.04,1.5,3.4,2,2,0,Budget Occasional Customers,0
C007279,6,872.0616666666666,5232.37,1.0,3.6666666666666665,1,3,1,Premium Basket Customers,0
C007280,7,609.1614285714286,4264.13,1.1666666666666667,3.25,2,3,0,Budget Occasional Customers,0
C007281,10,898.445,8984.45,1.25,2.8333333333333335,6,4,2,Frequent High-Value Customers,0
C007282,7,755.2614285714286,5286.83,1.4,3.4,1,1,0,Budget Occasional Customers,0
C007283,10,1120.384,11203.84,1.6666666666666667,3.7142857142857144,3,3,2,Frequent High-Value Customers,0
C007284,6,1042.585,6255.51,1.0,3.3333333333333335,6,0,1,Premium Basket Customers,0
C007285,14,608.1692857142858,8514.37,1.1666666666666667,2.75,6,3,2,Frequent High-Value Customers,0
C007286,6,794.5633333333334,4767.38,1.2,4.0,0,2,0,Budget Occasional Customers,0
C007287,6,633.51,3801.06,1.2,4.166666666666667,1,2,0,Budget Occasional Customers,0
C007288,4,1359.05,5436.2,1.0,2.0,2,1,1,Premium Basket Customers,0
C007289,7,1034.84,7243.88,1.1666666666666667,1.5,0,1,1,Premium Basket Customers,0
C007290,10,691.881,6918.8099999999995,1.25,4.0,7,4,2,Frequent High-Value Customers,0
C007291,5,792.8299999999999,3964.1499999999996,1.0,3.0,2,1,0,Budget Occasional Customers,0
C007292,9,798.6500000000001,7187.85,1.2857142857142858,3.75,4,1,0,Budget Occasional Customers,0
C007293,8,728.77625,5830.21,1.1428571428571428,4.0,3,1,0,Budget Occasional Customers,0
C007294,10,939.518,9395.18,1.6666666666666667,3.857142857142857,2,0,1,Premium Basket Customers,0
C007295,6,922.5066666666667,5535.04,1.0,2.8,5,2,1,Premium Basket Customers,0
C007296,8,923.77,7390.16,1.3333333333333333,3.2857142857142856,4,1,1,Premium Basket Customers,0
C007297,9,869.6333333333333,7826.7,1.5,3.0,4,0,1,Premium Basket Customers,0
C007298,7,843.3942857142857,5903.76,1.0,4.25,1,2,0,Budget Occasional Customers,0
C007299,9,810.5244444444444,7294.719999999999,1.5,4.166666666666667,4,4,2,Frequent High-Value Customers,0
C007300,8,645.24875,5161.99,1.6,3.1666666666666665,3,0,0,Budget Occasional Customers,0
C007301,16,936.875,14990.0,1.4545454545454546,3.2857142857142856,8,3,2,Frequent High-Value Customers,0
C007302,15,742.2906666666667,11134.36,1.3636363636363635,3.8333333333333335,6,3,2,Frequent High-Value Customers,0
C007303,9,754.3366666666666,6789.03,1.0,3.857142857142857,3,2,0,Budget Occasional Customers,0
C007304,13,518.7976923076923,6744.37,1.3,3.7777777777777777,6,4,2,Frequent High-Value Customers,0
C007305,4,1154.45,4617.8,1.3333333333333333,3.0,3,0,1,Premium Basket Customers,0
C007306,10,1020.725,10207.25,1.4285714285714286,3.25,5,1,2,Frequent High-Value Customers,0
C007307,8,523.21,4185.68,1.6,3.7142857142857144,3,1,0,Budget Occasional Customers,0
C007308,10,702.542,7025.42,1.1111111111111112,3.6666666666666665,3,1,0,Budget Occasional Customers,0
C007309,15,747.0273333333333,11205.41,1.6666666666666667,3.3333333333333335,6,3,2,Frequent High-Value Customers,0
C007310,8,836.20875,6689.67,1.1428571428571428,3.6666666666666665,4,1,0,Budget Occasional Customers,0
C007311,9,880.321111111111,7922.889999999999,1.2857142857142858,4.0,6,2,2,Frequent High-Value Customers,0
C007312,9,714.1733333333334,6427.56,1.2857142857142858,4.5,4,2,0,Budget Occasional Customers,0
C007313,7,1040.4971428571428,7283.48,1.75,3.25,1,0,1,Premium Basket Customers,0
C007314,10,794.9350000000001,7949.35,1.25,3.2,5,1,2,Frequent High-Value Customers,0
C007315,14,767.9464285714286,10751.25,1.5555555555555556,3.3333333333333335,3,1,2,Frequent High-Value Customers,0
C007316,7,588.3357142857143,4118.35,1.1666666666666667,3.8,2,0,0,Budget Occasional Customers,0
C007317,6,896.0616666666666,5376.37,1.0,2.5,1,0,1,Premium Basket Customers,0
C007318,7,946.3371428571429,6624.360000000001,1.75,3.8333333333333335,2,2,1,Premium Basket Customers,0
C007319,5,612.374,3061.87,1.25,3.3333333333333335,0,0,0,Budget Occasional Customers,0
C007320,10,859.3979999999999,8593.98,1.25,3.0,2,2,1,Premium Basket Customers,0
C007321,7,748.6514285714286,5240.56,1.4,4.75,1,1,0,Budget Occasional Customers,0
C007322,7,735.2985714285714,5147.09,1.0,1.75,1,3,1,Premium Basket Customers,0
C007323,7,1033.847142857143,7236.93,1.0,2.5,1,0,1,Premium Basket Customers,0
C007324,9,677.3633333333333,6096.27,1.125,4.333333333333333,5,3,2,Frequent High-Value Customers,0
C007325,9,893.0277777777778,8037.25,1.125,3.142857142857143,6,2,2,Frequent High-Value Customers,0
C007326,16,951.493125,15223.89,1.4545454545454546,3.0,7,4,2,Frequent High-Value Customers,0
C007327,10,673.573,6735.73,1.25,4.0,2,1,0,Budget Occasional Customers,0
C007328,10,768.458,7684.58,1.4285714285714286,4.0,2,3,2,Frequent High-Value Customers,0
C007329,8,726.64125,5813.13,1.0,3.4285714285714284,5,3,0,Budget Occasional Customers,0
C007330,14,875.9542857142858,12263.36,1.75,2.9,2,2,2,Frequent High-Value Customers,0
C007331,4,341.7875,1367.15,1.3333333333333333,4.0,1,2,0,Budget Occasional Customers,0
C007332,14,756.4564285714285,10590.39,1.4,3.375,7,1,2,Frequent High-Value Customers,0
C007333,12,820.2966666666666,9843.56,2.0,3.3333333333333335,4,2,2,Frequent High-Value Customers,0
C007334,11,697.0727272727273,7667.8,1.375,3.6666666666666665,8,3,2,Frequent High-Value Customers,0
C007335,10,795.057,7950.570000000001,1.25,3.0,4,1,2,Frequent High-Value Customers,0
C007336,9,1252.6811111111112,11274.130000000001,1.2857142857142858,3.0,4,3,1,Premium Basket Customers,0
C007337,13,609.9946153846154,7929.93,1.1818181818181819,3.3333333333333335,4,2,2,Frequent High-Value Customers,0
C007338,5,901.4959999999999,4507.48,1.0,4.0,3,2,1,Premium Basket Customers,0
C007339,6,738.3233333333333,4429.94,1.0,3.5,2,4,0,Budget Occasional Customers,0
C007340,12,694.4458333333333,8333.35,1.3333333333333333,4.166666666666667,2,1,0,Budget Occasional Customers,0
C007341,5,1016.066,5080.33,1.25,3.6666666666666665,3,1,1,Premium Basket Customers,0
C007342,9,1125.6955555555555,10131.26,1.2857142857142858,3.4285714285714284,2,2,1,Premium Basket Customers,0
C007343,7,953.7657142857144,6676.360000000001,1.1666666666666667,3.5,2,2,1,Premium Basket Customers,0
C007344,6,1000.7366666666667,6004.42,1.0,3.5,2,2,1,Premium Basket Customers,0
C007345,8,768.78125,6150.25,1.3333333333333333,3.1666666666666665,2,1,0,Budget Occasional Customers,0
C007346,11,736.3172727272727,8099.49,1.8333333333333333,3.6666666666666665,6,0,2,Frequent High-Value Customers,0
C007347,10,832.485,8324.85,1.1111111111111112,2.888888888888889,3,1,1,Premium Basket Customers,0
C007348,14,936.4092857142857,13109.73,1.4,3.0,4,6,2,Frequent High-Value Customers,0
C007349,6,893.1366666666667,5358.82,1.5,4.0,2,1,1,Premium Basket Customers,0
C007350,14,855.2242857142857,11973.14,2.0,3.888888888888889,6,5,2,Frequent High-Value Customers,-1
C007351,11,595.8809090909091,6554.6900000000005,1.1,2.5,3,0,0,Budget Occasional Customers,0
C007352,11,734.7563636363636,8082.32,1.2222222222222223,2.857142857142857,7,0,2,Frequent High-Value Customers,0
C007353,10,738.48,7384.8,1.1111111111111112,3.0,3,3,0,Budget Occasional Customers,0
C007354,7,747.7071428571428,5233.95,1.75,3.8333333333333335,3,1,0,Budget Occasional Customers,0
C007355,7,888.5942857142857,6220.16,1.0,3.25,5,2,1,Premium Basket Customers,0
C007356,6,803.0666666666666,4818.4,1.5,3.8,3,1,0,Budget Occasional Customers,0
C007357,14,820.6571428571427,11489.199999999999,1.4,3.7142857142857144,7,1,2,Frequent High-Value Customers,0
C007358,6,874.8516666666666,5249.11,1.0,3.75,1,0,1,Premium Basket Customers,0
C007359,6,644.1416666666667,3864.85,1.0,4.0,1,1,0,Budget Occasional Customers,0
C007360,5,956.3779999999999,4781.889999999999,1.0,2.3333333333333335,2,1,1,Premium Basket Customers,0
C007361,9,553.04,4977.36,1.125,3.3333333333333335,2,0,0,Budget Occasional Customers,0
C007362,7,995.0471428571428,6965.33,1.1666666666666667,3.0,1,1,1,Premium Basket Customers,0
C007363,11,515.2009090909091,5667.21,1.5714285714285714,3.5,4,2,2,Frequent High-Value Customers,0
C007364,8,696.375,5571.0,1.0,3.6666666666666665,4,0,0,Budget Occasional Customers,0
C007365,11,905.8754545454544,9964.63,1.375,3.6,2,1,1,Premium Basket Customers,0
C007366,11,694.2900000000001,7637.1900000000005,1.2222222222222223,4.142857142857143,4,3,2,Frequent High-Value Customers,0
C007367,11,815.2690909090908,8967.96,1.8333333333333333,3.5714285714285716,2,3,2,Frequent High-Value Customers,0
C007368,7,940.37,6582.59,1.1666666666666667,3.6,3,1,1,Premium Basket Customers,0
C007369,5,636.982,3184.91,1.25,4.0,1,1,0,Budget Occasional Customers,0
C007370,7,1121.6100000000001,7851.27,1.0,3.25,4,1,1,Premium Basket Customers,0
C007371,9,1204.2133333333334,10837.92,1.2857142857142858,3.4196588952056444,2,1,1,Premium Basket Customers,0
C007372,9,851.33,7661.97,1.5,4.5,4,2,2,Frequent High-Value Customers,0
C007373,7,1117.34,7821.38,1.0,3.5,1,1,1,Premium Basket Customers,0
C007374,10,1153.6200000000001,11536.2,1.4285714285714286,3.1666666666666665,5,5,2,Frequent High-Value Customers,0
C007375,8,757.8425,6062.74,1.3333333333333333,3.6,4,0,0,Budget Occasional Customers,0
C007376,16,813.51125,13016.18,1.4545454545454546,3.2,9,4,2,Frequent High-Value Customers,0
C007377,12,593.2708333333334,7119.25,1.0909090909090908,2.75,5,1,2,Frequent High-Value Customers,0
C007378,10,958.753,9587.53,1.1111111111111112,4.2,6,3,2,Frequent High-Value Customers,0
C007379,10,881.076,8810.76,1.4285714285714286,2.7142857142857144,3,1,1,Premium Basket Customers,0
C007380,13,824.9246153846154,10724.02,1.3,2.9,7,1,2,Frequent High-Value Customers,0
C007381,11,879.2927272727273,9672.220000000001,1.1,3.2857142857142856,3,1,1,Premium Basket Customers,0
C007382,12,878.3366666666666,10540.039999999999,1.3333333333333333,1.75,5,3,2,Frequent High-Value Customers,0
C007383,6,992.0766666666667,5952.46,1.2,3.0,3,0,1,Premium Basket Customers,0
C007384,16,693.38,11094.08,1.4545454545454546,3.111111111111111,4,2,2,Frequent High-Value Customers,0
C007385,9,650.661111111111,5855.95,1.125,2.6666666666666665,5,0,0,Budget Occasional Customers,0
C007386,9,632.9366666666667,5696.43,1.125,3.4,4,3,0,Budget Occasional Customers,0
C007387,9,750.5155555555556,6754.64,1.5,4.2,1,1,0,Budget Occasional Customers,0
C007388,10,878.1200000000001,8781.2,1.25,3.5,3,3,2,Frequent High-Value Customers,0
C007389,6,1122.7916666666667,6736.75,1.5,2.0,2,2,1,Premium Basket Customers,0
C007390,6,709.3299999999999,4255.98,1.2,2.8,3,3,0,Budget Occasional Customers,0
C007391,8,618.2162500000001,4945.7300000000005,1.1428571428571428,3.0,2,2,0,Budget Occasional Customers,0
C007392,12,1027.4199999999998,12329.039999999999,1.0909090909090908,3.4545454545454546,6,1,2,Frequent High-Value Customers,0
C007393,8,918.28625,7346.29,1.0,3.8333333333333335,2,2,1,Premium Basket Customers,0
C007394,11,960.9409090909091,10570.35,1.5714285714285714,2.857142857142857,4,3,2,Frequent High-Value Customers,0
C007395,5,760.698,3803.49,1.0,3.25,3,0,0,Budget Occasional Customers,0
C007396,15,900.1759999999999,13502.64,1.875,3.2,5,4,2,Frequent High-Value Customers,0
C007397,8,908.305,7266.44,1.3333333333333333,4.0,4,2,2,Frequent High-Value Customers,0
C007398,13,893.1361538461539,11610.77,1.3,3.0,5,2,2,Frequent High-Value Customers,0
C007399,12,854.5925000000001,10255.11,1.5,3.888888888888889,4,1,2,Frequent High-Value Customers,0
C007400,11,721.7781818181819,7939.56,1.5714285714285714,3.7142857142857144,1,2,2,Frequent High-Value Customers,0
C007401,12,700.5183333333333,8406.22,1.3333333333333333,3.4285714285714284,3,3,2,Frequent High-Value Customers,0
C007402,8,786.12,6288.96,1.1428571428571428,3.8,2,0,0,Budget Occasional Customers,0
C007403,8,1211.71,9693.68,1.3333333333333333,3.1666666666666665,5,0,1,Premium Basket Customers,0
C007404,13,855.7199999999999,11124.359999999999,1.1818181818181819,3.5714285714285716,5,4,2,Frequent High-Value Customers,0
C007405,9,656.0111111111112,5904.1,1.125,3.75,3,0,0,Budget Occasional Customers,0
C007406,11,721.8845454545454,7940.73,1.375,3.142857142857143,4,2,2,Frequent High-Value Customers,0
C007407,10,679.635,6796.35,1.1111111111111112,3.1666666666666665,4,2,0,Budget Occasional Customers,0
C007408,7,1134.5428571428572,7941.8,1.1666666666666667,4.333333333333333,2,0,1,Premium Basket Customers,0
C007409,11,687.7009090909091,7564.71,1.8333333333333333,2.8333333333333335,4,3,2,Frequent High-Value Customers,0
C007410,6,680.325,4081.9500000000003,1.0,3.6666666666666665,3,1,0,Budget Occasional Customers,0
C007411,9,667.8344444444444,6010.51,1.2857142857142858,2.875,1,2,0,Budget Occasional Customers,0
C007412,7,739.7057142857144,5177.9400000000005,1.0,3.4,2,4,0,Budget Occasional Customers,0
C007413,13,883.5992307692309,11486.79,1.3,3.0,4,4,2,Frequent High-Value Customers,0
C007414,8,874.4975000000001,6995.9800000000005,1.1428571428571428,3.8,3,3,1,Premium Basket Customers,0
C007415,10,467.532,4675.32,1.4285714285714286,4.0,3,0,0,Budget Occasional Customers,0
C007416,7,547.84,3834.88,1.0,4.333333333333333,4,1,0,Budget Occasional Customers,0
C007417,14,1064.847857142857,14907.869999999999,1.75,3.4444444444444446,4,4,2,Frequent High-Value Customers,0
C007418,6,973.0683333333333,5838.41,1.2,3.6666666666666665,6,0,1,Premium Basket Customers,0
C007419,9,566.68,5100.12,1.2857142857142858,3.857142857142857,4,1,0,Budget Occasional Customers,0
C007420,14,988.265,13835.71,1.4,2.6,5,2,2,Frequent High-Value Customers,0
C007421,10,1037.239,10372.39,1.4285714285714286,3.3333333333333335,5,1,2,Frequent High-Value Customers,0
C007422,11,849.33,9342.630000000001,1.2222222222222223,3.2857142857142856,3,0,1,Premium Basket Customers,0
C007423,7,628.6314285714286,4400.42,1.4,3.75,3,1,0,Budget Occasional Customers,0
C007424,5,894.356,4471.78,1.0,4.666666666666667,1,0,0,Budget Occasional Customers,0
C007425,7,931.2028571428572,6518.42,1.1666666666666667,3.4,3,2,1,Premium Basket Customers,0
C007426,9,711.4666666666667,6403.2,1.2857142857142858,3.5714285714285716,1,2,0,Budget Occasional Customers,0
C007427,9,893.4188888888889,8040.7699999999995,1.5,3.0,4,1,2,Frequent High-Value Customers,0
C007428,9,662.1133333333333,5959.02,1.125,3.7142857142857144,2,1,0,Budget Occasional Customers,0
C007429,6,574.8016666666666,3448.81,1.0,3.2,2,0,0,Budget Occasional Customers,0
C007430,5,662.608,3313.04,2.5,5.0,2,2,2,Frequent High-Value Customers,-1
C007431,11,963.670909090909,10600.38,1.2222222222222223,3.4,2,2,1,Premium Basket Customers,0
C007432,5,626.0440000000001,3130.2200000000003,1.6666666666666667,4.0,1,1,0,Budget Occasional Customers,0
C007433,6,717.535,4305.21,1.0,3.3333333333333335,1,0,0,Budget Occasional Customers,0
C007434,9,612.6477777777777,5513.83,1.125,4.25,6,3,2,Frequent High-Value Customers,0
C007435,12,727.1633333333334,8725.960000000001,1.3333333333333333,3.3333333333333335,2,2,2,Frequent High-Value Customers,0
C007436,11,669.9472727272728,7369.42,1.375,4.428571428571429,2,0,0,Budget Occasional Customers,0
C007437,9,788.2644444444445,7094.38,1.2857142857142858,3.5,4,2,2,Frequent High-Value Customers,0
C007438,11,978.7118181818182,10765.83,1.2222222222222223,3.5,3,4,2,Frequent High-Value Customers,0
C007439,5,589.028,2945.14,1.25,3.0,3,1,0,Budget Occasional Customers,0
C007440,10,878.975,8789.75,1.25,3.2,3,3,2,Frequent High-Value Customers,0
C007441,13,489.49692307692305,6363.46,1.625,2.4,1,2,2,Frequent High-Value Customers,0
C007442,5,604.886,3024.43,1.0,3.0,1,4,0,Budget Occasional Customers,0
C007443,6,620.8616666666667,3725.17,1.5,3.5,2,2,0,Budget Occasional Customers,0
C007444,7,576.7471428571429,4037.23,1.4,3.0,1,1,0,Budget Occasional Customers,0
C007445,11,642.0590909090909,7062.65,1.375,2.6,3,3,2,Frequent High-Value Customers,0
C007446,9,819.6777777777778,7377.1,1.125,2.4285714285714284,3,2,1,Premium Basket Customers,0
C007447,12,971.8058333333333,11661.67,1.5,3.111111111111111,6,1,2,Frequent High-Value Customers,0
C007448,8,872.62625,6981.01,1.3333333333333333,3.2,3,1,1,Premium Basket Customers,0
C007449,11,743.2172727272728,8175.39,1.375,3.5,4,3,2,Frequent High-Value Customers,0
C007450,11,887.0618181818182,9757.68,1.2222222222222223,3.4285714285714284,2,0,1,Premium Basket Customers,0
C007451,11,909.8990909090909,10008.89,1.2222222222222223,4.142857142857143,3,2,2,Frequent High-Value Customers,0
C007452,8,904.9925000000001,7239.9400000000005,1.3333333333333333,3.6666666666666665,2,1,1,Premium Basket Customers,0
C007453,6,591.7516666666667,3550.51,1.5,4.0,3,1,0,Budget Occasional Customers,0
C007454,7,749.9514285714286,5249.66,1.0,3.0,3,0,0,Budget Occasional Customers,0
C007455,8,814.30625,6514.45,1.3333333333333333,3.8,2,1,0,Budget Occasional Customers,0
C007456,7,700.1414285714285,4900.99,1.1666666666666667,3.4,2,1,0,Budget Occasional Customers,0
C007457,11,649.86,7148.46,1.2222222222222223,3.0,5,3,2,Frequent High-Value Customers,0
C007458,10,866.3119999999999,8663.119999999999,1.1111111111111112,3.4,4,1,1,Premium Basket Customers,0
C007459,11,1188.6972727272728,13075.67,1.2222222222222223,3.5,3,3,1,Premium Basket Customers,0
C007460,7,936.7728571428571,6557.41,1.0,2.3333333333333335,2,1,1,Premium Basket Customers,0
C007461,9,802.7044444444444,7224.34,1.125,4.666666666666667,4,3,0,Budget Occasional Customers,0
C007462,10,932.5360000000001,9325.36,1.25,3.5,4,4,2,Frequent High-Value Customers,0
C007463,12,954.0833333333334,11449.0,1.2,2.4,5,0,1,Premium Basket Customers,0
C007464,11,722.2063636363637,7944.27,1.2222222222222223,2.375,6,4,2,Frequent High-Value Customers,0
C007465,10,724.6510000000001,7246.51,1.25,3.0,5,3,2,Frequent High-Value Customers,0
C007466,6,657.2366666666667,3943.42,1.2,4.333333333333333,1,2,0,Budget Occasional Customers,0
C007467,13,687.9884615384616,8943.85,1.8571428571428572,4.0,8,4,2,Frequent High-Value Customers,0
C007468,10,1001.756,10017.56,1.25,3.375,3,4,2,Frequent High-Value Customers,0
C007469,16,970.850625,15533.61,1.1428571428571428,3.1,4,1,2,Frequent High-Value Customers,0
C007470,7,963.3671428571428,6743.57,1.1666666666666667,2.75,3,1,1,Premium Basket Customers,0
C007471,5,865.9560000000001,4329.780000000001,1.0,4.0,0,0,1,Premium Basket Customers,0
C007472,10,862.125,8621.25,1.6666666666666667,4.0,4,2,2,Frequent High-Value Customers,0
C007473,7,911.7114285714287,6381.9800000000005,1.4,4.5,1,1,1,Premium Basket Customers,0
C007474,6,632.4683333333334,3794.81,1.0,3.4,3,1,0,Budget Occasional Customers,0
C007475,13,773.3615384615385,10053.7,1.625,2.0,7,1,2,Frequent High-Value Customers,-1
C007476,13,724.3515384615384,9416.57,1.4444444444444444,3.25,7,2,2,Frequent High-Value Customers,0
C007477,13,625.6538461538462,8133.5,1.3,3.5714285714285716,6,2,2,Frequent High-Value Customers,0
C007478,8,941.5425,7532.34,1.1428571428571428,2.8,1,4,1,Premium Basket Customers,0
C007479,7,596.5285714285714,4175.7,1.1666666666666667,4.333333333333333,1,2,0,Budget Occasional Customers,0
C007480,12,809.3816666666667,9712.58,1.7142857142857142,3.625,3,1,2,Frequent High-Value Customers,0
C007481,8,773.46875,6187.75,1.6,4.0,4,0,0,Budget Occasional Customers,0
C007482,4,498.3725,1993.49,1.0,3.0,1,1,0,Budget Occasional Customers,0
C007483,8,880.3075,7042.46,1.6,3.5,1,0,1,Premium Basket Customers,0
C007484,7,813.0557142857143,5691.39,1.1666666666666667,3.6666666666666665,1,1,0,Budget Occasional Customers,0
C007485,11,819.8745454545453,9018.619999999999,1.5714285714285714,3.2222222222222223,3,1,2,Frequent High-Value Customers,0
C007486,5,775.268,3876.34,1.0,3.0,2,2,0,Budget Occasional Customers,0
C007487,10,1182.493,11824.93,1.6666666666666667,3.1666666666666665,3,3,2,Frequent High-Value Customers,0
C007488,11,967.2272727272727,10639.5,1.5714285714285714,2.4285714285714284,2,0,1,Premium Basket Customers,0
C007489,7,560.9414285714286,3926.59,1.4,3.8333333333333335,5,0,0,Budget Occasional Customers,0
C007490,9,958.0288888888889,8622.26,1.0,4.0,2,0,1,Premium Basket Customers,0
C007491,10,812.8950000000001,8128.950000000001,1.4285714285714286,3.6,2,3,2,Frequent High-Value Customers,0
C007492,7,519.4785714285714,3636.35,1.1666666666666667,3.5,0,1,0,Budget Occasional Customers,0
C007493,12,586.0525,7032.63,1.5,3.3,5,2,2,Frequent High-Value Customers,0
C007494,11,871.039090909091,9581.43,1.8333333333333333,3.5,2,4,2,Frequent High-Value Customers,0
C007495,8,1075.30125,8602.41,1.3333333333333333,3.142857142857143,4,1,1,Premium Basket Customers,0
C007496,11,539.5309090909091,5934.84,1.375,4.0,5,2,2,Frequent High-Value Customers,0
C007497,7,1010.4499999999999,7073.15,1.0,3.5714285714285716,3,2,1,Premium Basket Customers,0
C007498,7,617.8871428571429,4325.21,1.0,2.8,4,2,0,Budget Occasional Customers,0
C007499,15,664.9653333333333,9974.48,1.5,3.6363636363636362,6,4,2,Frequent High-Value Customers,0
C007500,6,635.0366666666667,3810.2200000000003,1.0,3.5,2,0,0,Budget Occasional Customers,0
C007501,14,907.8764285714286,12710.27,1.1666666666666667,3.5833333333333335,6,5,2,Frequent High-Value Customers,0
C007502,7,650.2485714285714,4551.74,1.1666666666666667,2.75,1,0,0,Budget Occasional Customers,0
C007503,10,682.335,6823.35,1.6666666666666667,4.0,2,2,2,Frequent High-Value Customers,0
C007504,8,908.6425,7269.14,1.1428571428571428,3.6666666666666665,3,0,1,Premium Basket Customers,0
C007505,5,513.662,2568.31,1.0,3.4,1,2,0,Budget Occasional Customers,0
C007506,9,942.0500000000001,8478.45,1.0,4.2,5,1,1,Premium Basket Customers,0
C007507,6,967.7916666666666,5806.75,1.0,3.25,3,1,1,Premium Basket Customers,0
C007508,11,709.8327272727273,7808.16,1.2222222222222223,3.1666666666666665,5,1,2,Frequent High-Value Customers,0
C007509,5,459.27200000000005,2296.36,1.0,3.2,5,0,0,Budget Occasional Customers,0
C007510,8,925.9675,7407.74,1.1428571428571428,4.571428571428571,3,1,1,Premium Basket Customers,0
C007511,7,533.5385714285715,3734.77,1.4,3.2,1,4,0,Budget Occasional Customers,0
C007512,10,775.6719999999999,7756.719999999999,1.1111111111111112,3.1666666666666665,3,1,0,Budget Occasional Customers,0
C007513,8,811.1,6488.8,1.0,3.0,4,1,1,Premium Basket Customers,0
C007514,14,589.5792857142858,8254.11,1.4,2.8,4,2,2,Frequent High-Value Customers,0
C007515,11,534.4654545454546,5879.12,1.375,2.8333333333333335,5,2,2,Frequent High-Value Customers,0
C007516,5,829.266,4146.33,1.0,4.333333333333333,1,1,0,Budget Occasional Customers,0
C007517,9,470.2722222222222,4232.45,1.2857142857142858,4.0,2,1,0,Budget Occasional Customers,0
C007518,9,1115.4266666666667,10038.84,1.5,3.0,2,1,1,Premium Basket Customers,0
C007519,12,797.0724999999999,9564.869999999999,1.3333333333333333,2.75,4,0,2,Frequent High-Value Customers,0
C007520,6,826.5783333333334,4959.47,1.0,4.0,2,0,0,Budget Occasional Customers,0
C007521,12,1056.5808333333332,12678.97,1.7142857142857142,3.5,4,2,2,Frequent High-Value Customers,0
C007522,7,1070.1714285714286,7491.200000000001,1.4,4.5,2,3,1,Premium Basket Customers,0
C007523,7,818.01,5726.07,1.75,4.0,4,2,2,Frequent High-Value Customers,0
C007524,10,534.181,5341.81,2.0,2.25,4,1,2,Frequent High-Value Customers,-1
C007525,7,798.3914285714285,5588.74,1.0,3.5,5,2,0,Budget Occasional Customers,0
C007526,10,647.196,6471.96,1.1111111111111112,3.7142857142857144,3,6,2,Frequent High-Value Customers,0
C007527,9,823.4244444444444,7410.82,1.2857142857142858,3.25,4,1,1,Premium Basket Customers,0
C007528,14,750.4799999999999,10506.72,1.2727272727272727,4.0,7,1,2,Frequent High-Value Customers,0
C007529,13,883.0169230769231,11479.220000000001,1.4444444444444444,3.142857142857143,8,2,2,Frequent High-Value Customers,0
C007530,14,907.1914285714286,12700.68,1.1666666666666667,3.875,5,2,2,Frequent High-Value Customers,0
C007531,13,597.1307692307693,7762.7,1.3,3.111111111111111,5,2,2,Frequent High-Value Customers,0
C007532,14,838.2671428571429,11735.74,1.4,3.6363636363636362,3,1,2,Frequent High-Value Customers,0
C007533,7,651.9771428571429,4563.84,1.1666666666666667,3.8,5,1,0,Budget Occasional Customers,0
C007534,10,886.8030000000001,8868.03,1.4285714285714286,3.8,4,2,2,Frequent High-Value Customers,0
C007535,10,777.503,7775.030000000001,1.4285714285714286,4.166666666666667,4,3,2,Frequent High-Value Customers,0
C007536,6,835.2683333333333,5011.61,1.0,3.5,2,1,1,Premium Basket Customers,0
C007537,10,670.1020000000001,6701.02,1.6666666666666667,2.4285714285714284,4,4,2,Frequent High-Value Customers,0
C007538,6,726.1416666666668,4356.85,1.0,2.5,3,2,0,Budget Occasional Customers,0
C007539,9,870.76,7836.84,1.125,4.6,4,2,0,Budget Occasional Customers,0
C007540,8,827.0799999999999,6616.639999999999,1.1428571428571428,4.0,4,1,0,Budget Occasional Customers,0
C007541,8,977.59375,7820.75,1.1428571428571428,3.8,4,3,1,Premium Basket Customers,0
C007542,8,572.82625,4582.61,1.1428571428571428,3.25,5,1,0,Budget Occasional Customers,0
C007543,11,988.2072727272728,10870.28,1.5714285714285714,3.142857142857143,4,0,2,Frequent High-Value Customers,0
C007544,5,612.912,3064.56,1.0,3.6666666666666665,1,0,0,Budget Occasional Customers,0
C007545,7,612.5885714285714,4288.12,1.1666666666666667,3.5,5,1,0,Budget Occasional Customers,0
C007546,9,928.0122222222222,8352.11,1.2857142857142858,4.4,3,2,1,Premium Basket Customers,0
C007547,4,861.5725,3446.29,1.0,3.3333333333333335,1,0,1,Premium Basket Customers,0
C007548,10,1023.7630000000001,10237.630000000001,1.25,3.4285714285714284,3,1,1,Premium Basket Customers,0
C007549,10,756.052,7560.52,1.25,3.0,3,3,2,Frequent High-Value Customers,0
C007550,7,828.2728571428571,5797.91,1.1666666666666667,3.5,2,0,1,Premium Basket Customers,0
C007551,8,1290.9837499999999,10327.869999999999,1.1428571428571428,3.0,3,3,1,Premium Basket Customers,0
C007552,7,886.4528571428572,6205.17,1.4,2.5714285714285716,2,2,1,Premium Basket Customers,0
C007553,13,882.623076923077,11474.1,1.0833333333333333,4.25,4,4,2,Frequent High-Value Customers,0
C007554,8,1016.865,8134.92,1.3333333333333333,2.5,0,1,1,Premium Basket Customers,0
C007555,9,675.8055555555555,6082.25,1.2857142857142858,3.4444444444444446,5,2,2,Frequent High-Value Customers,0
C007556,8,893.5875,7148.7,1.3333333333333333,3.0,2,4,1,Premium Basket Customers,0
C007557,12,857.2591666666667,10287.11,1.7142857142857142,3.4285714285714284,5,4,2,Frequent High-Value Customers,0
C007558,10,1102.6309999999999,11026.31,1.1111111111111112,3.0,3,4,1,Premium Basket Customers,0
C007559,6,1088.09,6528.54,1.2,4.0,2,0,1,Premium Basket Customers,0
C007560,11,748.97,8238.67,1.1,3.4285714285714284,4,2,2,Frequent High-Value Customers,0
C007561,5,503.58000000000004,2517.9,1.0,2.25,1,0,0,Budget Occasional Customers,0
C007562,5,951.3040000000001,4756.52,1.25,3.0,0,0,1,Premium Basket Customers,0
C007563,10,707.245,7072.45,1.4285714285714286,3.0,3,2,2,Frequent High-Value Customers,0
C007564,10,591.01,5910.1,1.6666666666666667,4.0,1,2,0,Budget Occasional Customers,0
C007565,8,739.69125,5917.53,1.3333333333333333,3.1666666666666665,3,1,0,Budget Occasional Customers,0
C007566,6,734.5883333333333,4407.53,1.2,3.5,2,2,0,Budget Occasional Customers,0
C007567,7,809.6800000000001,5667.76,1.1666666666666667,3.3333333333333335,5,1,0,Budget Occasional Customers,0
C007568,12,637.8541666666666,7654.25,1.3333333333333333,4.2,4,4,2,Frequent High-Value Customers,0
C007569,8,767.3362500000001,6138.6900000000005,1.1428571428571428,2.75,3,1,0,Budget Occasional Customers,0
C007570,14,852.4335714285714,11934.07,1.5555555555555556,2.7142857142857144,5,2,2,Frequent High-Value Customers,0
C007571,8,689.375,5515.0,1.3333333333333333,4.0,2,0,0,Budget Occasional Customers,0
C007572,4,926.4275,3705.71,1.0,4.333333333333333,1,1,1,Premium Basket Customers,0
C007573,5,602.436,3012.1800000000003,1.0,3.4,3,0,0,Budget Occasional Customers,0
C007574,11,817.2945454545454,8990.24,1.2222222222222223,3.5,5,3,2,Frequent High-Value Customers,0
C007575,8,670.33125,5362.65,1.3333333333333333,3.3333333333333335,4,1,0,Budget Occasional Customers,0
C007576,6,1054.1583333333333,6324.95,1.0,4.0,3,0,1,Premium Basket Customers,0
C007577,17,984.2041176470589,16731.47,1.2142857142857142,2.923076923076923,3,3,2,Frequent High-Value Customers,0
C007578,12,999.3608333333333,11992.33,1.5,3.6666666666666665,6,2,2,Frequent High-Value Customers,0
C007579,9,965.5500000000001,8689.95,1.125,3.75,2,3,1,Premium Basket Customers,0
C007580,5,1085.22,5426.1,1.25,2.5,2,0,1,Premium Basket Customers,0
C007581,10,640.9860000000001,6409.860000000001,1.4285714285714286,3.7777777777777777,3,2,2,Frequent High-Value Customers,0
C007582,14,722.7935714285715,10119.11,1.5555555555555556,3.0,4,2,2,Frequent High-Value Customers,0
C007583,6,743.4166666666666,4460.5,1.2,4.0,2,2,0,Budget Occasional Customers,0
C007584,2,969.04,1938.08,1.0,4.5,2,1,1,Premium Basket Customers,0
C007585,6,745.8866666666667,4475.32,1.0,3.6,2,0,0,Budget Occasional Customers,0
C007586,14,781.7771428571428,10944.88,1.1666666666666667,3.1,5,4,2,Frequent High-Value Customers,0
C007587,13,752.4646153846154,9782.04,1.1818181818181819,3.142857142857143,3,2,2,Frequent High-Value Customers,0
C007588,8,766.17375,6129.39,1.1428571428571428,3.0,2,0,0,Budget Occasional Customers,0
C007589,11,1076.7463636363636,11844.21,1.5714285714285714,3.0,5,1,2,Frequent High-Value Customers,0
C007590,9,767.2611111111112,6905.35,1.125,2.1666666666666665,3,1,1,Premium Basket Customers,0
C007591,12,729.6033333333334,8755.24,1.5,3.5714285714285716,2,4,2,Frequent High-Value Customers,0
C007592,8,751.0762500000001,6008.610000000001,1.3333333333333333,4.5,5,2,2,Frequent High-Value Customers,0
C007593,12,1009.4275000000001,12113.130000000001,1.2,3.7,4,1,1,Premium Basket Customers,0
C007594,8,1030.16125,8241.29,1.3333333333333333,3.6,4,1,1,Premium Basket Customers,0
C007595,5,1000.0780000000001,5000.39,1.0,3.0,1,2,1,Premium Basket Customers,0
C007596,13,865.8615384615385,11256.2,1.4444444444444444,3.5,6,3,2,Frequent High-Value Customers,0
C007597,17,762.4223529411765,12961.18,1.4166666666666667,3.142857142857143,4,5,2,Frequent High-Value Customers,0
C007598,10,1193.175,11931.75,1.4285714285714286,3.5,2,3,1,Premium Basket Customers,0
C007599,7,441.09714285714284,3087.68,1.4,2.0,3,0,0,Budget Occasional Customers,0
C007600,14,910.4378571428572,12746.130000000001,1.75,3.5,4,2,2,Frequent High-Value Customers,0
C007601,8,904.64125,7237.13,1.1428571428571428,3.8,1,1,1,Premium Basket Customers,0
C007602,7,538.1228571428571,3766.86,1.0,4.333333333333333,3,3,0,Budget Occasional Customers,0
C007603,7,955.5314285714285,6688.719999999999,1.0,3.0,4,1,1,Premium Basket Customers,0
C007604,5,1003.266,5016.33,1.0,5.0,3,2,1,Premium Basket Customers,0
C007605,11,654.8818181818182,7203.7,1.1,3.4285714285714284,4,0,0,Budget Occasional Customers,0
C007606,7,770.1557142857143,5391.09,1.0,4.0,2,1,0,Budget Occasional Customers,0
C007607,12,820.5241666666667,9846.29,1.7142857142857142,3.2857142857142856,6,5,2,Frequent High-Value Customers,0
C007608,13,989.1153846153846,12858.5,1.625,3.6,4,1,2,Frequent High-Value Customers,0
C007609,11,802.8863636363636,8831.75,1.2222222222222223,3.875,4,2,2,Frequent High-Value Customers,0
C007610,11,720.569090909091,7926.26,1.375,3.75,6,1,2,Frequent High-Value Customers,0
C007611,10,819.5219999999999,8195.22,1.4285714285714286,3.0,3,2,2,Frequent High-Value Customers,0
C007612,14,963.3671428571428,13487.14,1.2727272727272727,4.166666666666667,4,1,2,Frequent High-Value Customers,0
C007613,9,989.9144444444444,8909.23,1.2857142857142858,4.6,4,2,2,Frequent High-Value Customers,0
C007614,14,869.7685714285715,12176.76,1.4,3.5833333333333335,7,4,2,Frequent High-Value Customers,0
C007615,4,874.87,3499.48,1.0,2.6666666666666665,1,1,1,Premium Basket Customers,0
C007616,15,853.3966666666668,12800.95,1.5,3.2222222222222223,5,2,2,Frequent High-Value Customers,0
C007617,10,963.223,9632.23,1.6666666666666667,4.285714285714286,1,0,1,Premium Basket Customers,0
C007618,14,698.9350000000001,9785.09,1.75,3.0,5,2,2,Frequent High-Value Customers,0
C007619,13,971.9507692307693,12635.36,1.4444444444444444,3.5,3,3,2,Frequent High-Value Customers,0
C007620,12,752.3499999999999,9028.199999999999,1.3333333333333333,3.5,4,2,2,Frequent High-Value Customers,0
C007621,5,541.034,2705.17,1.6666666666666667,3.0,4,1,0,Budget Occasional Customers,0
C007622,7,664.8442857142857,4653.91,1.1666666666666667,4.333333333333333,4,0,0,Budget Occasional Customers,0
C007623,11,647.8963636363637,7126.860000000001,1.375,3.0,5,2,2,Frequent High-Value Customers,0
C007624,8,628.9562500000001,5031.650000000001,1.3333333333333333,3.6,3,3,0,Budget Occasional Customers,0
C007625,7,880.3000000000001,6162.1,1.1666666666666667,3.2,2,2,1,Premium Basket Customers,0
C007626,12,991.1758333333333,11894.11,1.5,3.625,5,1,2,Frequent High-Value Customers,0
C007627,8,738.46875,5907.75,1.0,4.2,4,3,0,Budget Occasional Customers,0
C007628,7,961.7700000000001,6732.39,1.4,2.75,4,1,1,Premium Basket Customers,0
C007629,7,737.3314285714285,5161.32,1.1666666666666667,4.0,2,3,0,Budget Occasional Customers,0
C007630,6,880.725,5284.35,1.2,3.6,1,0,1,Premium Basket Customers,0
C007631,9,692.3666666666667,6231.3,1.0,2.75,3,2,0,Budget Occasional Customers,0
C007632,10,965.146,9651.46,1.4285714285714286,3.857142857142857,2,0,1,Premium Basket Customers,0
C007633,8,584.3362500000001,4674.6900000000005,1.0,4.0,3,2,0,Budget Occasional Customers,0
C007634,11,902.3536363636363,9925.89,1.375,4.2,2,4,2,Frequent High-Value Customers,0
C007635,5,733.01,3665.05,1.0,4.0,3,2,0,Budget Occasional Customers,0
C007636,6,927.3633333333333,5564.18,1.2,3.6666666666666665,3,0,1,Premium Basket Customers,0
C007637,10,863.525,8635.25,1.25,2.75,3,2,1,Premium Basket Customers,0
C007638,7,677.9242857142856,4745.469999999999,1.4,2.75,3,0,0,Budget Occasional Customers,0
C007639,8,662.37625,5299.01,1.1428571428571428,2.6,1,0,0,Budget Occasional Customers,0
C007640,6,618.145,3708.87,1.2,3.25,1,0,0,Budget Occasional Customers,0
C007641,12,606.7983333333333,7281.58,1.3333333333333333,3.6,4,1,2,Frequent High-Value Customers,0
C007642,11,1000.2372727272727,11002.61,1.2222222222222223,3.0,3,1,1,Premium Basket Customers,0
C007643,8,659.7325000000001,5277.860000000001,1.6,3.2,4,1,2,Frequent High-Value Customers,0
C007644,13,674.6884615384616,8770.95,1.3,4.0,3,3,2,Frequent High-Value Customers,0
C007645,6,900.66,5403.96,1.2,4.5,3,1,1,Premium Basket Customers,0
C007646,7,379.42428571428576,2655.9700000000003,1.1666666666666667,3.4,3,0,0,Budget Occasional Customers,0
C007647,12,813.0283333333333,9756.34,1.3333333333333333,2.7777777777777777,6,3,2,Frequent High-Value Customers,0
C007648,10,693.02,6930.2,1.1111111111111112,3.4,5,3,2,Frequent High-Value Customers,0
C007649,3,483.21999999999997,1449.6599999999999,1.0,3.5,0,0,0,Budget Occasional Customers,0
C007650,8,1151.3274999999999,9210.619999999999,1.6,3.142857142857143,4,1,1,Premium Basket Customers,0
C007651,7,860.2471428571429,6021.7300000000005,1.1666666666666667,3.25,2,3,1,Premium Basket Customers,0
C007652,11,736.92,8106.12,1.375,3.6666666666666665,5,2,2,Frequent High-Value Customers,0
C007653,10,887.701,8877.01,1.25,3.3333333333333335,1,0,1,Premium Basket Customers,0
C007654,13,816.0869230769232,10609.130000000001,1.3,3.375,7,5,2,Frequent High-Value Customers,0
C007655,9,591.0744444444445,5319.67,1.125,3.6,2,0,0,Budget Occasional Customers,0
C007656,9,770.8233333333333,6937.41,1.2857142857142858,4.333333333333333,1,0,0,Budget Occasional Customers,0
C007657,9,781.19,7030.71,1.125,1.6666666666666667,4,4,2,Frequent High-Value Customers,0
C007658,11,642.9536363636363,7072.49,1.2222222222222223,4.333333333333333,4,3,2,Frequent High-Value Customers,0
C007659,7,642.1814285714287,4495.27,1.0,4.333333333333333,1,1,0,Budget Occasional Customers,0
C007660,5,449.246,2246.23,1.0,3.6666666666666665,1,1,0,Budget Occasional Customers,0
C007661,7,666.5342857142857,4665.74,1.0,3.5,1,1,0,Budget Occasional Customers,0
C007662,11,834.7618181818181,9182.38,1.5714285714285714,3.6,4,1,2,Frequent High-Value Customers,0
C007663,10,777.337,7773.37,1.4285714285714286,3.2857142857142856,1,3,2,Frequent High-Value Customers,0
C007664,5,678.74,3393.7000000000003,1.0,4.333333333333333,1,1,0,Budget Occasional Customers,0
C007665,8,781.7,6253.6,1.1428571428571428,4.0,1,2,0,Budget Occasional Customers,0
C007666,8,721.79375,5774.35,1.1428571428571428,3.8333333333333335,3,1,0,Budget Occasional Customers,0
C007667,11,805.5327272727274,8860.86,1.375,3.2,7,3,2,Frequent High-Value Customers,0
C007668,6,1036.0900000000001,6216.540000000001,1.2,1.6666666666666667,2,1,1,Premium Basket Customers,0
C007669,11,651.1654545454545,7162.82,1.2222222222222223,3.4285714285714284,3,3,2,Frequent High-Value Customers,0
C007670,9,870.7466666666667,7836.72,1.2857142857142858,3.0,4,2,2,Frequent High-Value Customers,0
C007671,9,764.0366666666666,6876.33,1.2857142857142858,4.5,1,2,0,Budget Occasional Customers,0
C007672,9,767.58,6908.22,1.125,2.8,2,3,0,Budget Occasional Customers,0
C007673,13,897.7323076923077,11670.52,1.4444444444444444,2.5,3,1,2,Frequent High-Value Customers,0
C007674,3,731.96,2195.88,1.0,4.0,1,0,0,Budget Occasional Customers,0
C007675,5,515.538,2577.69,1.0,2.5,2,1,0,Budget Occasional Customers,0
C007676,8,935.1012499999999,7480.8099999999995,1.3333333333333333,4.333333333333333,3,1,1,Premium Basket Customers,0
C007677,9,998.3633333333333,8985.27,1.2857142857142858,3.25,3,2,1,Premium Basket Customers,0
C007678,8,818.7825,6550.26,1.0,3.75,4,2,0,Budget Occasional Customers,0
C007679,8,799.025,6392.2,1.1428571428571428,4.166666666666667,1,2,0,Budget Occasional Customers,0
C007680,6,787.9283333333333,4727.57,1.0,2.3333333333333335,5,1,1,Premium Basket Customers,0
C007681,14,733.0542857142857,10262.76,2.0,3.625,3,0,2,Frequent High-Value Customers,0
C007682,7,1186.1228571428571,8302.86,1.1666666666666667,3.3333333333333335,1,1,1,Premium Basket Customers,0
C007683,8,682.35,5458.8,1.1428571428571428,3.3333333333333335,3,1,0,Budget Occasional Customers,0
C007684,7,920.1528571428572,6441.070000000001,1.0,4.25,2,1,1,Premium Basket Customers,0
C007685,17,716.0664705882353,12173.130000000001,1.7,3.923076923076923,4,7,2,Frequent High-Value Customers,-1
C007686,10,938.643,9386.43,1.25,2.8,6,1,2,Frequent High-Value Customers,0
C007687,12,752.015,9024.18,1.3333333333333333,3.2857142857142856,3,6,2,Frequent High-Value Customers,0
C007688,6,1351.645,8109.87,1.2,2.5,2,0,1,Premium Basket Customers,0
C007689,6,752.1383333333333,4512.83,1.2,3.5,2,0,0,Budget Occasional Customers,0
C007690,6,742.9416666666666,4457.65,1.0,4.5,2,0,0,Budget Occasional Customers,0
C007691,8,680.45875,5443.67,1.1428571428571428,2.8,0,2,0,Budget Occasional Customers,0
C007692,12,674.7458333333333,8096.95,1.3333333333333333,2.5,4,4,2,Frequent High-Value Customers,0
C007693,9,729.9122222222222,6569.21,1.125,3.4,1,3,0,Budget Occasional Customers,0
C007694,12,686.3225000000001,8235.87,1.7142857142857142,2.857142857142857,6,1,2,Frequent High-Value Customers,0
C007695,6,669.24,4015.44,1.2,4.0,3,1,0,Budget Occasional Customers,0
C007696,10,919.8459999999999,9198.46,1.25,3.75,3,2,1,Premium Basket Customers,0
C007697,7,633.2157142857143,4432.51,1.1666666666666667,2.5,0,1,0,Budget Occasional Customers,0
C007698,5,655.614,3278.07,1.25,3.6666666666666665,2,0,0,Budget Occasional Customers,0
C007699,10,867.3219999999999,8673.22,1.4285714285714286,3.7142857142857144,3,3,2,Frequent High-Value Customers,0
C007700,6,1080.8616666666667,6485.17,1.0,5.0,1,0,1,Premium Basket Customers,0
C007701,10,783.481,7834.8099999999995,1.4285714285714286,3.0,3,0,0,Budget Occasional Customers,0
C007702,5,968.506,4842.53,1.0,4.0,2,0,1,Premium Basket Customers,0
C007703,10,769.863,7698.63,1.25,3.2857142857142856,2,3,2,Frequent High-Value Customers,0
C007704,6,987.9766666666666,5927.86,1.2,3.6,3,2,1,Premium Basket Customers,0
C007705,14,858.1971428571429,12014.76,1.4,3.5,6,0,2,Frequent High-Value Customers,0
C007706,7,690.7342857142856,4835.139999999999,1.4,3.5,4,0,0,Budget Occasional Customers,0
C007707,7,793.2985714285714,5553.09,1.4,3.3333333333333335,1,3,0,Budget Occasional Customers,0
C007708,6,993.2733333333332,5959.639999999999,1.2,2.25,3,2,1,Premium Basket Customers,0
C007709,8,746.51,5972.08,1.3333333333333333,3.6,2,1,0,Budget Occasional Customers,0
C007710,17,884.3394117647059,15033.77,1.3076923076923077,3.5454545454545454,6,3,2,Frequent High-Value Customers,0
C007711,6,836.275,5017.65,1.2,2.5,1,1,1,Premium Basket Customers,0
C007712,5,705.6859999999999,3528.43,1.25,4.0,2,1,0,Budget Occasional Customers,0
C007713,6,776.4466666666667,4658.68,1.2,4.0,1,1,0,Budget Occasional Customers,0
C007714,12,514.5475,6174.57,1.2,3.4285714285714284,4,1,0,Budget Occasional Customers,0
C007715,8,646.5487499999999,5172.389999999999,1.3333333333333333,3.6,3,0,0,Budget Occasional Customers,0
C007716,9,1176.681111111111,10590.13,1.2857142857142858,3.2,2,2,1,Premium Basket Customers,0
C007717,8,973.15625,7785.25,1.3333333333333333,3.8,2,0,1,Premium Basket Customers,0
C007718,10,757.137,7571.37,1.1111111111111112,2.75,6,1,2,Frequent High-Value Customers,0
C007719,11,659.0854545454545,7249.94,1.375,3.2857142857142856,4,1,2,Frequent High-Value Customers,0
C007720,8,905.6525,7245.22,1.1428571428571428,3.5,3,1,1,Premium Basket Customers,0
C007721,15,877.1506666666667,13157.26,1.25,3.125,4,2,2,Frequent High-Value Customers,0
C007722,12,827.6541666666667,9931.85,1.5,3.0,4,2,2,Frequent High-Value Customers,0
C007723,6,813.6883333333334,4882.13,1.2,4.5,1,0,0,Budget Occasional Customers,0
C007724,11,809.6100000000001,8905.710000000001,1.5714285714285714,3.5,3,2,2,Frequent High-Value Customers,0
C007725,11,667.3245454545454,7340.57,1.5714285714285714,3.3333333333333335,1,1,0,Budget Occasional Customers,0
C007726,10,1150.4720000000002,11504.720000000001,1.1111111111111112,3.142857142857143,2,2,1,Premium Basket Customers,0
C007727,10,748.414,7484.139999999999,1.25,4.166666666666667,2,0,0,Budget Occasional Customers,0
C007728,8,675.28,5402.24,1.1428571428571428,3.3333333333333335,3,1,0,Budget Occasional Customers,0
C007729,5,959.124,4795.62,1.25,3.25,1,2,1,Premium Basket Customers,0
C007730,8,609.3375,4874.7,1.6,4.5,3,1,0,Budget Occasional Customers,0
C007731,9,583.5411111111111,5251.87,1.0,3.6,5,5,2,Frequent High-Value Customers,0
C007732,8,1144.93875,9159.51,1.1428571428571428,2.8,3,3,1,Premium Basket Customers,0
C007733,8,909.095,7272.76,1.1428571428571428,3.5,3,2,1,Premium Basket Customers,0
C007734,10,741.772,7417.72,1.25,3.3333333333333335,4,2,2,Frequent High-Value Customers,0
C007735,6,648.8366666666667,3893.02,1.2,3.25,3,2,0,Budget Occasional Customers,0
C007736,13,824.0507692307692,10712.66,1.4444444444444444,3.4285714285714284,4,2,2,Frequent High-Value Customers,0
C007737,8,798.08625,6384.69,1.3333333333333333,3.4,1,1,0,Budget Occasional Customers,0
C007738,9,793.5711111111111,7142.14,1.125,3.0,4,3,2,Frequent High-Value Customers,0
C007739,8,750.73375,6005.87,1.6,4.4,2,2,0,Budget Occasional Customers,0
C007740,7,853.8271428571428,5976.79,1.1666666666666667,3.3333333333333335,3,1,1,Premium Basket Customers,0
C007741,9,802.4988888888888,7222.49,1.125,3.7142857142857144,4,3,2,Frequent High-Value Customers,0
C007742,6,977.5299999999999,5865.179999999999,1.0,3.5,3,1,1,Premium Basket Customers,0
C007743,10,717.214,7172.14,2.0,3.8333333333333335,4,0,2,Frequent High-Value Customers,0
C007744,10,771.2479999999999,7712.48,1.4285714285714286,3.1666666666666665,3,4,2,Frequent High-Value Customers,0
C007745,5,993.126,4965.63,1.25,1.5,2,0,1,Premium Basket Customers,0
C007746,8,784.77,6278.16,1.1428571428571428,3.25,3,1,0,Budget Occasional Customers,0
C007747,15,723.09,10846.35,1.6666666666666667,3.8181818181818183,7,2,2,Frequent High-Value Customers,0
C007748,13,656.803076923077,8538.44,1.3,3.5714285714285716,5,1,2,Frequent High-Value Customers,0
C007749,9,963.3577777777778,8670.22,1.2857142857142858,3.25,3,3,1,Premium Basket Customers,0
C007750,10,708.184,7081.84,1.1111111111111112,3.0,5,3,2,Frequent High-Value Customers,0
C007751,6,1035.6316666666667,6213.79,1.2,3.3333333333333335,0,2,1,Premium Basket Customers,0
C007752,4,887.5375,3550.15,1.0,4.5,0,0,1,Premium Basket Customers,0
C007753,12,741.9825,8903.789999999999,1.2,3.8,5,1,2,Frequent High-Value Customers,0
C007754,8,705.08375,5640.67,1.3333333333333333,3.6,5,1,0,Budget Occasional Customers,0
C007755,16,873.4175,13974.68,1.6,3.8,3,3,2,Frequent High-Value Customers,0
C007756,7,956.2042857142858,6693.43,1.0,4.0,3,1,1,Premium Basket Customers,0
C007757,6,552.2033333333333,3313.22,1.2,3.25,2,1,0,Budget Occasional Customers,0
C007758,13,766.7853846153847,9968.210000000001,1.3,3.25,5,2,2,Frequent High-Value Customers,0
C007759,6,830.0216666666666,4980.13,1.5,4.0,2,0,0,Budget Occasional Customers,0
C007760,6,562.8216666666666,3376.93,1.0,3.6666666666666665,1,1,0,Budget Occasional Customers,0
C007761,11,767.5718181818182,8443.29,1.2222222222222223,3.75,5,4,2,Frequent High-Value Customers,0
C007762,11,763.4881818181819,8398.37,1.1,3.4444444444444446,8,4,2,Frequent High-Value Customers,0
C007763,15,711.5493333333333,10673.24,1.5,3.3636363636363638,5,3,2,Frequent High-Value Customers,0
C007764,9,857.07,7713.63,1.2857142857142858,4.333333333333333,4,3,2,Frequent High-Value Customers,0
C007765,7,990.8785714285714,6936.15,1.1666666666666667,5.0,2,0,1,Premium Basket Customers,0
C007766,9,828.3022222222222,7454.72,1.2857142857142858,4.4,2,2,0,Budget Occasional Customers,0
C007767,6,1000.285,6001.71,1.0,4.333333333333333,2,2,1,Premium Basket Customers,0
C007768,17,877.0994117647059,14910.69,1.5454545454545454,3.5714285714285716,6,6,2,Frequent High-Value Customers,0
C007769,7,903.6471428571429,6325.53,1.1666666666666667,3.6666666666666665,1,0,1,Premium Basket Customers,0
C007770,4,991.865,3967.46,1.0,2.6666666666666665,2,0,1,Premium Basket Customers,0
C007771,7,756.13,5292.91,1.1666666666666667,2.6666666666666665,2,2,0,Budget Occasional Customers,0
C007772,6,868.9066666666666,5213.44,1.0,2.8,1,0,1,Premium Basket Customers,0
C007773,10,658.44,6584.400000000001,1.25,2.857142857142857,5,0,0,Budget Occasional Customers,0
C007774,8,861.63625,6893.09,1.1428571428571428,3.0,3,1,1,Premium Basket Customers,0
C007775,8,667.3025,5338.42,1.1428571428571428,3.5,2,3,0,Budget Occasional Customers,0
C007776,7,1114.8814285714286,7804.17,1.1666666666666667,3.25,1,1,1,Premium Basket Customers,0
C007777,6,1298.7683333333334,7792.610000000001,1.0,4.333333333333333,2,0,1,Premium Basket Customers,0
C007778,8,860.2,6881.6,1.3333333333333333,2.75,3,1,1,Premium Basket Customers,0
C007779,10,663.403,6634.030000000001,1.6666666666666667,3.4285714285714284,3,2,2,Frequent High-Value Customers,0
C007780,9,632.69,5694.21,1.125,4.0,1,0,0,Budget Occasional Customers,0
C007781,7,636.5500000000001,4455.85,1.1666666666666667,3.0,3,0,0,Budget Occasional Customers,0
C007782,10,642.0809999999999,6420.8099999999995,1.25,3.4,6,5,2,Frequent High-Value Customers,0
C007783,10,856.4100000000001,8564.1,1.25,3.8,4,1,2,Frequent High-Value Customers,0
C007784,15,961.4506666666667,14421.76,1.3636363636363635,3.4545454545454546,3,2,2,Frequent High-Value Customers,0
C007785,9,997.6133333333333,8978.52,1.2857142857142858,3.0,2,3,1,Premium Basket Customers,0
C007786,12,807.6633333333333,9691.96,1.5,3.6666666666666665,5,2,2,Frequent High-Value Customers,0
C007787,14,883.9378571428572,12375.130000000001,1.2727272727272727,2.1666666666666665,7,4,2,Frequent High-Value Customers,-1
C007788,9,599.2011111111111,5392.81,1.125,4.333333333333333,2,1,0,Budget Occasional Customers,0
C007789,8,799.13125,6393.05,1.1428571428571428,3.6,4,1,0,Budget Occasional Customers,0
C007790,9,621.3277777777778,5591.95,1.2857142857142858,4.333333333333333,4,2,0,Budget Occasional Customers,0
C007791,14,638.3199999999999,8936.48,1.4,4.285714285714286,6,2,2,Frequent High-Value Customers,0
C007792,14,822.7142857142857,11518.0,1.4,3.3333333333333335,8,3,2,Frequent High-Value Customers,0
C007793,8,1064.70625,8517.65,1.3333333333333333,3.5714285714285716,3,1,1,Premium Basket Customers,0
C007794,10,609.462,6094.62,1.4285714285714286,3.8333333333333335,3,1,0,Budget Occasional Customers,0
C007795,6,891.395,5348.37,1.5,3.2,3,2,1,Premium Basket Customers,0
C007796,10,844.326,8443.26,1.4285714285714286,2.75,2,0,1,Premium Basket Customers,0
C007797,7,833.407142857143,5833.85,1.1666666666666667,3.5,5,1,0,Budget Occasional Customers,0
C007798,13,779.01,10127.13,1.1818181818181819,4.0,3,3,2,Frequent High-Value Customers,0
C007799,9,820.6533333333332,7385.879999999999,1.2857142857142858,3.0,4,2,2,Frequent High-Value Customers,0
C007800,8,895.70625,7165.65,1.1428571428571428,3.4,4,1,1,Premium Basket Customers,0
C007801,8,849.32,6794.56,1.3333333333333333,2.8333333333333335,3,3,2,Frequent High-Value Customers,0
C007802,5,1005.066,5025.33,1.6666666666666667,3.0,1,0,1,Premium Basket Customers,0
C007803,2,824.89,1649.78,1.0,4.0,1,0,0,Budget Occasional Customers,0
C007804,10,634.346,6343.46,1.25,4.5,4,2,0,Budget Occasional Customers,0
C007805,4,1245.605,4982.42,2.0,3.3333333333333335,1,0,1,Premium Basket Customers,-1
C007806,12,741.0958333333333,8893.15,1.2,3.3333333333333335,5,4,2,Frequent High-Value Customers,0
C007807,11,823.4990909090909,9058.49,1.375,3.6,4,4,2,Frequent High-Value Customers,0
C007808,10,966.767,9667.67,1.25,2.8,6,1,2,Frequent High-Value Customers,0
C007809,15,894.2493333333333,13413.74,1.3636363636363635,3.375,9,6,2,Frequent High-Value Customers,0
C007810,7,1001.0214285714285,7007.15,1.1666666666666667,4.0,1,1,1,Premium Basket Customers,0
C007811,10,1062.2559999999999,10622.56,1.4285714285714286,4.4,5,0,1,Premium Basket Customers,0
C007812,8,1022.9525,8183.62,1.1428571428571428,4.0,3,0,1,Premium Basket Customers,0
C007813,9,789.0400000000001,7101.360000000001,1.125,3.0,3,3,0,Budget Occasional Customers,0
C007814,8,1160.8825,9287.06,1.1428571428571428,3.6666666666666665,3,1,1,Premium Basket Customers,0
C007815,4,421.625,1686.5,1.0,2.0,2,2,0,Budget Occasional Customers,0
C007816,8,803.9712499999999,6431.7699999999995,1.0,4.333333333333333,0,0,0,Budget Occasional Customers,0
C007817,11,743.5527272727272,8179.08,1.5714285714285714,4.0,2,2,2,Frequent High-Value Customers,0
C007818,5,483.97799999999995,2419.89,1.6666666666666667,3.0,2,0,0,Budget Occasional Customers,0
C007819,9,622.4077777777778,5601.67,1.5,2.7777777777777777,2,3,2,Frequent High-Value Customers,0
C007820,8,1139.8325,9118.66,1.1428571428571428,3.1666666666666665,2,1,1,Premium Basket Customers,0
C007821,11,836.8963636363637,9205.86,1.375,3.3333333333333335,3,3,2,Frequent High-Value Customers,0
C007822,9,944.7144444444444,8502.43,1.2857142857142858,3.0,2,2,1,Premium Basket Customers,0
C007823,5,911.546,4557.7300000000005,1.25,4.5,2,0,1,Premium Basket Customers,0
C007824,12,875.1533333333333,10501.84,1.3333333333333333,2.625,4,2,2,Frequent High-Value Customers,0
C007825,9,526.661111111111,4739.95,1.0,3.8,2,3,0,Budget Occasional Customers,0
C007826,11,740.2745454545455,8143.02,1.375,2.857142857142857,4,1,2,Frequent High-Value Customers,0
C007827,6,844.9250000000001,5069.55,1.2,4.0,2,0,0,Budget Occasional Customers,0
C007828,14,733.2571428571429,10265.6,2.0,3.7777777777777777,8,3,2,Frequent High-Value Customers,-1
C007829,6,793.8100000000001,4762.860000000001,1.2,3.0,2,2,0,Budget Occasional Customers,0
C007830,8,1021.09,8168.72,1.1428571428571428,3.5,5,1,1,Premium Basket Customers,0
C007831,7,778.9057142857143,5452.34,1.4,2.5,3,0,1,Premium Basket Customers,0
C007832,3,1049.3633333333335,3148.09,1.0,3.0,2,1,1,Premium Basket Customers,0
C007833,11,770.1427272727273,8471.57,1.375,2.8,4,5,2,Frequent High-Value Customers,0
C007834,4,865.3675000000001,3461.4700000000003,1.0,4.0,2,2,1,Premium Basket Customers,0
C007835,17,871.5817647058823,14816.89,1.7,3.75,8,7,2,Frequent High-Value Customers,-1
C007836,10,753.5989999999999,7535.99,1.1111111111111112,3.5555555555555554,4,2,0,Budget Occasional Customers,0
C007837,17,846.1741176470588,14384.96,1.5454545454545454,2.923076923076923,2,1,2,Frequent High-Value Customers,0
C007838,8,885.775,7086.2,1.1428571428571428,3.5,1,1,1,Premium Basket Customers,0
C007839,8,951.66625,7613.33,1.0,4.333333333333333,2,1,1,Premium Basket Customers,0
C007840,6,768.5916666666667,4611.55,1.5,4.0,2,1,0,Budget Occasional Customers,0
C007841,12,676.4499999999999,8117.4,1.3333333333333333,3.4285714285714284,3,1,2,Frequent High-Value Customers,0
C007842,11,731.4536363636363,8045.99,1.1,3.4444444444444446,4,5,2,Frequent High-Value Customers,0
C007843,12,733.5316666666668,8802.380000000001,1.5,2.857142857142857,5,4,2,Frequent High-Value Customers,0
C007844,8,583.48,4667.84,1.1428571428571428,3.3333333333333335,2,0,0,Budget Occasional Customers,0
C007845,12,952.8641666666667,11434.37,1.3333333333333333,3.0,1,0,1,Premium Basket Customers,0
C007846,5,670.068,3350.34,1.25,2.5,2,0,0,Budget Occasional Customers,0
C007847,11,764.0100000000001,8404.11,1.2222222222222223,3.857142857142857,3,3,2,Frequent High-Value Customers,0
C007848,6,796.1216666666668,4776.7300000000005,1.0,3.3333333333333335,1,2,0,Budget Occasional Customers,0
C007849,10,587.278,5872.78,1.4285714285714286,4.428571428571429,3,3,2,Frequent High-Value Customers,0
C007850,12,958.9966666666666,11507.96,1.3333333333333333,3.0,3,0,1,Premium Basket Customers,0
C007851,6,914.93,5489.58,1.0,4.2,3,1,1,Premium Basket Customers,0
C007852,7,1037.2157142857143,7260.51,1.1666666666666667,4.0,1,2,1,Premium Basket Customers,0
C007853,13,936.0984615384616,12169.28,1.625,3.3333333333333335,6,2,2,Frequent High-Value Customers,0
C007854,7,1060.7057142857143,7424.9400000000005,1.1666666666666667,3.75,2,0,1,Premium Basket Customers,0
C007855,11,771.699090909091,8488.69,1.5714285714285714,3.4285714285714284,4,1,2,Frequent High-Value Customers,0
C007856,11,966.2618181818181,10628.88,1.1,3.857142857142857,6,2,2,Frequent High-Value Customers,0
C007857,13,817.2907692307692,10624.78,1.4444444444444444,2.857142857142857,3,0,2,Frequent High-Value Customers,0
C007858,7,500.40714285714284,3502.85,1.1666666666666667,2.6,3,1,0,Budget Occasional Customers,0
C007859,11,801.9072727272727,8820.98,1.2222222222222223,3.142857142857143,5,4,2,Frequent High-Value Customers,0
C007860,6,777.1350000000001,4662.81,1.0,3.3333333333333335,3,2,0,Budget Occasional Customers,0
C007861,12,767.7991666666667,9213.59,1.5,4.125,3,1,2,Frequent High-Value Customers,0
C007862,13,814.9061538461538,10593.779999999999,1.4444444444444444,3.6,5,2,2,Frequent High-Value Customers,0
C007863,10,830.5719999999999,8305.72,1.4285714285714286,2.8,2,3,2,Frequent High-Value Customers,0
C007864,11,695.679090909091,7652.47,1.375,3.4444444444444446,6,4,2,Frequent High-Value Customers,0
C007865,7,972.0685714285713,6804.48,1.1666666666666667,4.0,3,1,1,Premium Basket Customers,0
C007866,8,877.9849999999999,7023.879999999999,1.3333333333333333,3.3333333333333335,3,2,1,Premium Basket Customers,0
C007867,5,739.092,3695.46,1.25,3.25,3,1,0,Budget Occasional Customers,0
C007868,12,816.2783333333333,9795.34,1.5,3.6666666666666665,4,4,2,Frequent High-Value Customers,0
C007869,6,840.1833333333334,5041.1,1.2,3.25,2,1,1,Premium Basket Customers,0
C007870,11,1001.3581818181818,11014.94,1.8333333333333333,2.75,5,2,2,Frequent High-Value Customers,0
C007871,8,1114.34375,8914.75,1.3333333333333333,4.0,3,3,1,Premium Basket Customers,0
C007872,10,831.0690000000001,8310.69,1.25,3.375,3,1,1,Premium Basket Customers,0
C007873,10,918.2,9182.0,1.4285714285714286,4.0,5,1,2,Frequent High-Value Customers,0
C007874,14,872.9221428571428,12220.91,1.5555555555555556,3.3,4,3,2,Frequent High-Value Customers,0
C007875,14,908.2985714285714,12716.18,1.2727272727272727,2.75,6,1,2,Frequent High-Value Customers,0
C007876,6,803.3016666666666,4819.8099999999995,1.0,3.0,1,2,1,Premium Basket Customers,0
C007877,7,999.2700000000001,6994.89,1.0,3.5714285714285716,2,1,1,Premium Basket Customers,0
C007878,6,1100.5083333333334,6603.05,1.0,4.5,2,1,1,Premium Basket Customers,0
C007879,2,1343.575,2687.15,1.0,3.5,1,1,1,Premium Basket Customers,0
C007880,9,737.0933333333334,6633.84,1.2857142857142858,4.0,5,4,2,Frequent High-Value Customers,0
C007881,7,1110.5528571428572,7773.87,1.1666666666666667,3.5,2,0,1,Premium Basket Customers,0
C007882,15,840.2006666666667,12603.01,1.3636363636363635,3.3333333333333335,8,1,2,Frequent High-Value Customers,0
C007883,10,741.6279999999999,7416.28,1.4285714285714286,4.0,3,1,0,Budget Occasional Customers,0
C007884,7,1018.592857142857,7130.15,1.0,3.0,1,1,1,Premium Basket Customers,0
C007885,8,981.83,7854.64,1.3333333333333333,3.2,2,2,1,Premium Basket Customers,0
C007886,11,703.8936363636363,7742.83,1.5714285714285714,3.5555555555555554,2,3,2,Frequent High-Value Customers,0
C007887,6,869.9683333333334,5219.81,1.2,3.8,1,1,1,Premium Basket Customers,0
C007888,5,511.822,2559.11,1.0,3.0,2,0,0,Budget Occasional Customers,0
C007889,6,1242.8416666666667,7457.05,1.0,4.666666666666667,2,1,1,Premium Basket Customers,0
C007890,11,799.3754545454544,8793.13,1.375,3.0,3,2,2,Frequent High-Value Customers,0
C007891,13,910.42,11835.46,1.625,2.0,4,3,2,Frequent High-Value Customers,0
C007892,12,775.2041666666668,9302.45,1.2,2.8333333333333335,5,4,2,Frequent High-Value Customers,0
C007893,12,787.09,9445.08,1.2,3.0,7,0,2,Frequent High-Value Customers,0
C007894,10,780.097,7800.97,1.4285714285714286,3.8,2,0,0,Budget Occasional Customers,0
C007895,3,1097.7433333333333,3293.23,1.5,2.0,1,0,1,Premium Basket Customers,0
C007896,8,813.5799999999999,6508.639999999999,1.1428571428571428,3.0,2,1,1,Premium Basket Customers,0
C007897,10,821.43,8214.3,1.0,3.4,4,1,0,Budget Occasional Customers,0
C007898,8,863.60125,6908.81,1.3333333333333333,3.6,3,3,2,Frequent High-Value Customers,0
C007899,13,708.7184615384615,9213.34,1.4444444444444444,3.6666666666666665,2,1,2,Frequent High-Value Customers,0
C007900,5,752.326,3761.63,1.6666666666666667,2.5,1,2,0,Budget Occasional Customers,0
C007901,12,891.7225,10700.67,1.5,3.8333333333333335,4,3,2,Frequent High-Value Customers,0
C007902,10,787.9689999999999,7879.69,1.1111111111111112,3.5714285714285716,4,6,2,Frequent High-Value Customers,0
C007903,10,819.367,8193.67,2.0,4.333333333333333,6,2,2,Frequent High-Value Customers,0
C007904,7,551.592857142857,3861.1499999999996,1.0,3.6,4,1,0,Budget Occasional Customers,0
C007905,9,736.0844444444444,6624.76,1.5,3.0,3,3,2,Frequent High-Value Customers,0
C007906,13,998.0661538461538,12974.86,1.4444444444444444,3.0,5,3,2,Frequent High-Value Customers,0
C007907,10,891.9789999999999,8919.789999999999,1.25,3.0,4,2,2,Frequent High-Value Customers,0
C007908,10,1250.58,12505.8,1.0,3.6,7,2,1,Premium Basket Customers,0
C007909,11,781.5463636363637,8597.01,1.1,3.0,3,0,0,Budget Occasional Customers,0
C007910,10,812.168,8121.68,1.25,3.5,3,1,0,Budget Occasional Customers,0
C007911,14,542.0871428571429,7589.22,2.0,3.8333333333333335,4,1,2,Frequent High-Value Customers,-1
C007912,5,815.324,4076.62,1.0,3.75,2,1,0,Budget Occasional Customers,0
C007913,14,801.6014285714285,11222.42,1.2727272727272727,2.9,2,3,2,Frequent High-Value Customers,0
C007914,9,992.5533333333333,8932.98,1.0,3.7142857142857144,5,1,1,Premium Basket Customers,0
C007915,9,791.64,7124.76,1.125,3.25,3,2,0,Budget Occasional Customers,0
C007916,13,896.853076923077,11659.09,1.1818181818181819,3.6666666666666665,3,3,2,Frequent High-Value Customers,0
C007917,9,978.1600000000001,8803.44,1.125,3.8333333333333335,1,3,1,Premium Basket Customers,0
C007918,8,938.4325,7507.46,1.3333333333333333,3.5,2,1,1,Premium Basket Customers,0
C007919,6,861.3283333333334,5167.97,1.0,4.5,3,1,0,Budget Occasional Customers,0
C007920,11,763.6118181818182,8399.73,1.2222222222222223,3.7142857142857144,5,0,0,Budget Occasional Customers,0
C007921,9,880.8133333333333,7927.32,1.0,3.0,2,3,1,Premium Basket Customers,0
C007922,9,933.9266666666667,8405.34,1.2857142857142858,3.3333333333333335,1,1,1,Premium Basket Customers,0
C007923,8,836.93375,6695.47,1.3333333333333333,3.5,3,2,1,Premium Basket Customers,0
C007924,11,859.5172727272728,9454.69,1.1,4.375,6,1,2,Frequent High-Value Customers,0
C007925,9,728.5044444444444,6556.54,1.125,3.3333333333333335,1,3,0,Budget Occasional Customers,0
C007926,8,1028.22875,8225.83,1.1428571428571428,3.75,3,0,1,Premium Basket Customers,0
C007927,6,720.5533333333333,4323.32,1.2,3.5,2,1,0,Budget Occasional Customers,0
C007928,5,1009.8100000000001,5049.05,1.0,3.5,2,0,1,Premium Basket Customers,0
C007929,5,364.804,1824.02,1.25,2.6666666666666665,0,3,0,Budget Occasional Customers,-1
C007930,12,907.785,10893.42,1.3333333333333333,3.5,4,5,2,Frequent High-Value Customers,0
C007931,11,689.5818181818181,7585.4,1.1,3.25,3,5,2,Frequent High-Value Customers,0
C007932,12,663.7208333333333,7964.65,1.5,3.3333333333333335,3,2,2,Frequent High-Value Customers,0
C007933,6,631.4350000000001,3788.61,1.2,4.5,1,0,0,Budget Occasional Customers,0
C007934,10,898.5040000000001,8985.04,1.0,3.2,3,1,1,Premium Basket Customers,0
C007935,19,940.8257894736842,17875.69,1.4615384615384615,3.909090909090909,9,4,2,Frequent High-Value Customers,-1
C007936,10,798.028,7980.28,1.1111111111111112,3.0,3,2,0,Budget Occasional Customers,0
C007937,8,708.12875,5665.03,1.0,3.1666666666666665,3,1,0,Budget Occasional Customers,0
C007938,8,989.1962500000001,7913.570000000001,1.6,4.0,3,1,1,Premium Basket Customers,0
C007939,6,743.2916666666666,4459.75,1.0,4.5,3,2,0,Budget Occasional Customers,0
C007940,11,697.5909090909091,7673.5,1.375,3.0,3,0,0,Budget Occasional Customers,0
C007941,7,829.0514285714287,5803.360000000001,1.1666666666666667,2.8,1,2,1,Premium Basket Customers,0
C007942,17,834.6170588235294,14188.49,1.4166666666666667,3.888888888888889,8,3,2,Frequent High-Value Customers,0
C007943,8,1053.46375,8427.71,1.6,2.5714285714285716,5,3,2,Frequent High-Value Customers,0
C007944,13,704.603076923077,9159.84,1.625,3.3333333333333335,3,2,2,Frequent High-Value Customers,0
C007945,8,876.8924999999999,7015.139999999999,1.3333333333333333,2.5,5,2,2,Frequent High-Value Customers,0
C007946,6,510.2583333333334,3061.55,1.0,3.5,3,4,0,Budget Occasional Customers,0
C007947,9,873.6066666666667,7862.46,1.125,4.25,2,2,0,Budget Occasional Customers,0
C007948,7,1067.607142857143,7473.25,1.0,4.4,4,1,1,Premium Basket Customers,0
C007949,10,814.388,8143.88,1.25,3.5,5,1,2,Frequent High-Value Customers,0
C007950,10,984.3889999999999,9843.89,1.4285714285714286,3.0,3,1,1,Premium Basket Customers,0
C007951,9,860.1177777777779,7741.06,1.125,3.3333333333333335,3,2,1,Premium Basket Customers,0
C007952,8,741.26,5930.08,1.3333333333333333,2.6,1,1,0,Budget Occasional Customers,0
C007953,9,616.1522222222222,5545.37,1.2857142857142858,2.5,1,3,0,Budget Occasional Customers,0
C007954,5,671.732,3358.66,1.25,3.5,1,1,0,Budget Occasional Customers,0
C007955,6,759.2466666666666,4555.48,1.2,3.0,4,1,0,Budget Occasional Customers,0
C007956,12,931.0808333333333,11172.97,1.3333333333333333,3.6,4,2,2,Frequent High-Value Customers,0
C007957,16,770.275625,12324.41,1.3333333333333333,2.7142857142857144,5,1,2,Frequent High-Value Customers,0
C007958,7,857.2242857142857,6000.57,1.1666666666666667,3.5,3,3,1,Premium Basket Customers,0
C007959,9,829.9433333333333,7469.49,1.125,4.25,5,2,2,Frequent High-Value Customers,0
C007960,13,766.1307692307693,9959.7,1.1818181818181819,3.5,6,7,2,Frequent High-Value Customers,0
C007961,6,905.6999999999999,5434.2,1.2,3.75,5,0,1,Premium Basket Customers,0
C007962,11,780.8427272727273,8589.27,1.8333333333333333,3.4,4,3,2,Frequent High-Value Customers,0
C007963,9,701.0622222222223,6309.56,1.2857142857142858,3.5714285714285716,3,1,0,Budget Occasional Customers,0
C007964,18,679.2983333333334,12227.37,1.5,3.3333333333333335,8,1,2,Frequent High-Value Customers,0
C007965,11,970.2463636363635,10672.71,1.375,3.8,4,2,2,Frequent High-Value Customers,0
C007966,12,775.4925,9305.91,1.0909090909090908,3.25,0,3,0,Budget Occasional Customers,0
C007967,10,802.568,8025.68,1.25,3.375,2,2,0,Budget Occasional Customers,0
C007968,9,452.0444444444444,4068.3999999999996,1.0,3.25,5,1,0,Budget Occasional Customers,0
C007969,12,771.2308333333334,9254.77,1.3333333333333333,3.142857142857143,7,3,2,Frequent High-Value Customers,0
C007970,13,938.1353846153846,12195.76,1.4444444444444444,4.5,3,4,2,Frequent High-Value Customers,0
C007971,11,821.3381818181817,9034.72,1.375,4.333333333333333,6,3,2,Frequent High-Value Customers,0
C007972,8,725.9225,5807.38,1.3333333333333333,3.6,1,1,0,Budget Occasional Customers,0
C007973,10,833.859,8338.59,1.1111111111111112,3.75,4,1,0,Budget Occasional Customers,0
C007974,5,1034.224,5171.12,1.25,4.0,4,0,1,Premium Basket Customers,0
C007975,6,531.8916666666667,3191.35,1.2,3.0,2,1,0,Budget Occasional Customers,0
C007976,6,764.8566666666666,4589.139999999999,1.0,3.4,2,0,0,Budget Occasional Customers,0
C007977,7,786.3199999999999,5504.24,1.1666666666666667,1.0,2,0,1,Premium Basket Customers,0
C007978,9,872.8499999999999,7855.65,1.2857142857142858,4.2,6,1,2,Frequent High-Value Customers,0
C007979,4,553.9525,2215.81,1.0,3.0,2,0,0,Budget Occasional Customers,0
C007980,8,788.7325000000001,6309.860000000001,1.1428571428571428,3.0,4,0,0,Budget Occasional Customers,0
C007981,16,830.631875,13290.11,1.4545454545454546,2.8333333333333335,7,4,2,Frequent High-Value Customers,0
C007982,11,620.4054545454545,6824.46,1.2222222222222223,3.142857142857143,4,1,0,Budget Occasional Customers,0
C007983,8,1060.52875,8484.23,1.3333333333333333,3.75,1,4,1,Premium Basket Customers,0
C007984,5,703.368,3516.84,1.0,3.0,1,1,0,Budget Occasional Customers,0
C007985,4,1483.6399999999999,5934.5599999999995,1.3333333333333333,3.25,1,2,1,Premium Basket Customers,-1
C007986,9,812.0377777777778,7308.34,1.5,2.3333333333333335,3,2,2,Frequent High-Value Customers,0
C007987,5,1041.69,5208.45,1.25,3.25,1,1,1,Premium Basket Customers,0
C007988,8,799.2887499999999,6394.3099999999995,1.3333333333333333,3.75,2,1,0,Budget Occasional Customers,0
C007989,10,862.683,8626.83,1.25,3.6,4,1,2,Frequent High-Value Customers,0
C007990,4,590.3725,2361.49,1.0,4.0,2,1,0,Budget Occasional Customers,0
C007991,10,500.933,5009.33,1.25,3.875,3,3,0,Budget Occasional Customers,0
C007992,6,651.5166666666667,3909.1,1.0,4.0,2,1,0,Budget Occasional Customers,0
C007993,8,747.19125,5977.53,1.3333333333333333,3.0,4,1,0,Budget Occasional Customers,0
C007994,4,433.255,1733.02,2.0,4.333333333333333,1,2,0,Budget Occasional Customers,-1
C007995,7,899.1257142857143,6293.88,1.1666666666666667,3.5,1,2,1,Premium Basket Customers,0
C007996,9,692.7966666666666,6235.17,1.125,3.5714285714285716,3,2,0,Budget Occasional Customers,0
C007997,14,794.5799999999999,11124.119999999999,1.4,3.6666666666666665,6,1,2,Frequent High-Value Customers,0
C007998,8,823.67125,6589.37,1.3333333333333333,4.0,5,3,2,Frequent High-Value Customers,0
C007999,9,985.3077777777778,8867.77,1.2857142857142858,4.0,2,1,1,Premium Basket Customers,0
C008000,6,1060.4283333333333,6362.57,1.2,4.0,2,1,1,Premium Basket Customers,0
C008001,7,688.6085714285715,4820.26,1.4,3.4,2,1,0,Budget Occasional Customers,0
C008002,10,880.0989999999999,8800.99,1.25,3.7777777777777777,3,2,2,Frequent High-Value Customers,0
C008003,10,718.583,7185.83,1.1111111111111112,3.8333333333333335,3,0,0,Budget Occasional Customers,0
C008004,13,827.2261538461539,10753.94,1.8571428571428572,2.5,4,1,2,Frequent High-Value Customers,0
C008005,11,1035.0636363636365,11385.7,1.375,3.875,4,2,2,Frequent High-Value Customers,0
C008006,8,854.82375,6838.59,1.1428571428571428,4.2,4,0,0,Budget Occasional Customers,0
C008007,7,866.9171428571428,6068.42,1.1666666666666667,3.0,1,0,1,Premium Basket Customers,0
C008008,9,745.5355555555556,6709.82,1.125,4.333333333333333,2,4,0,Budget Occasional Customers,0
C008009,9,533.3088888888889,4799.78,1.125,3.4285714285714284,3,2,0,Budget Occasional Customers,0
C008010,14,707.6307142857142,9906.83,1.4,3.5,5,3,2,Frequent High-Value Customers,0
C008011,7,812.8457142857143,5689.92,1.1666666666666667,3.6666666666666665,3,0,0,Budget Occasional Customers,0
C008012,8,828.9325,6631.46,1.6,3.3333333333333335,2,1,1,Premium Basket Customers,0
C008013,10,746.568,7465.68,1.4285714285714286,2.6666666666666665,3,2,2,Frequent High-Value Customers,0
C008014,9,769.588888888889,6926.3,1.125,3.142857142857143,4,2,0,Budget Occasional Customers,0
C008015,9,835.6933333333333,7521.24,1.5,2.75,3,1,1,Premium Basket Customers,0
C008016,13,934.4730769230769,12148.15,1.3,3.7142857142857144,5,1,2,Frequent High-Value Customers,0
C008017,7,750.3028571428571,5252.12,1.1666666666666667,4.0,2,3,0,Budget Occasional Customers,0
C008018,14,678.4821428571429,9498.75,1.5555555555555556,3.4,3,4,2,Frequent High-Value Customers,0
C008019,12,759.8758333333334,9118.51,1.3333333333333333,2.888888888888889,5,0,2,Frequent High-Value Customers,0
C008020,6,390.08500000000004,2340.51,1.0,2.5,1,1,0,Budget Occasional Customers,0
C008021,10,833.308,8333.08,1.4285714285714286,3.0,4,1,2,Frequent High-Value Customers,0
C008022,11,862.6745454545454,9489.42,1.375,3.375,6,4,2,Frequent High-Value Customers,0
C008023,8,791.635,6333.08,1.3333333333333333,3.6666666666666665,3,2,0,Budget Occasional Customers,0
C008024,5,602.2760000000001,3011.38,1.25,3.0,1,0,0,Budget Occasional Customers,0
C008025,8,1005.2325000000001,8041.860000000001,1.6,4.0,3,1,1,Premium Basket Customers,0
C008026,8,1070.5049999999999,8564.039999999999,1.1428571428571428,2.6,1,1,1,Premium Basket Customers,0
C008027,8,893.0675000000001,7144.540000000001,1.3333333333333333,4.0,3,2,1,Premium Basket Customers,0
C008028,5,660.076,3300.38,1.25,2.5,4,1,0,Budget Occasional Customers,0
C008029,9,884.8022222222222,7963.22,1.125,3.4,2,1,1,Premium Basket Customers,0
C008030,7,971.2985714285714,6799.09,1.1666666666666667,3.4,1,1,1,Premium Basket Customers,0
C008031,6,1019.7516666666667,6118.51,1.2,4.2,3,0,1,Premium Basket Customers,0
C008032,10,796.767,7967.67,1.25,2.888888888888889,5,3,2,Frequent High-Value Customers,0
C008033,4,984.865,3939.46,1.0,3.0,2,0,1,Premium Basket Customers,0
C008034,8,699.26625,5594.13,1.0,3.3333333333333335,3,0,0,Budget Occasional Customers,0
C008035,6,506.9783333333333,3041.87,1.5,3.6666666666666665,4,1,0,Budget Occasional Customers,0
C008036,7,782.5114285714286,5477.58,1.0,3.5,0,1,0,Budget Occasional Customers,0
C008037,6,648.1883333333334,3889.13,1.0,3.6666666666666665,2,2,0,Budget Occasional Customers,0
C008038,9,911.4644444444444,8203.18,1.2857142857142858,3.3333333333333335,1,2,1,Premium Basket Customers,0
C008039,12,835.4200000000001,10025.04,1.3333333333333333,2.8,5,2,2,Frequent High-Value Customers,0
C008040,7,1016.6685714285715,7116.68,1.1666666666666667,3.3333333333333335,2,1,1,Premium Basket Customers,0
C008041,12,768.7325000000001,9224.79,1.5,3.25,6,3,2,Frequent High-Value Customers,0
C008042,12,521.7683333333333,6261.22,1.3333333333333333,3.0,2,6,2,Frequent High-Value Customers,0
C008043,6,803.3033333333333,4819.82,1.2,2.6,1,1,1,Premium Basket Customers,0
C008044,12,906.3249999999999,10875.9,1.7142857142857142,3.5555555555555554,3,3,2,Frequent High-Value Customers,0
C008045,10,779.664,7796.64,1.0,4.0,3,1,0,Budget Occasional Customers,0
C008046,10,741.443,7414.43,1.25,3.0,5,0,0,Budget Occasional Customers,0
C008047,10,734.255,7342.55,1.25,3.6,2,2,0,Budget Occasional Customers,0
C008048,5,1177.118,5885.59,1.25,4.333333333333333,1,1,1,Premium Basket Customers,0
C008049,7,681.4771428571429,4770.34,1.75,3.75,1,0,0,Budget Occasional Customers,0
C008050,6,830.89,4985.34,2.0,4.5,2,1,2,Frequent High-Value Customers,-1
C008051,10,954.57,9545.7,1.1111111111111112,3.111111111111111,5,1,1,Premium Basket Customers,0
C008052,4,1232.0375,4928.15,1.3333333333333333,3.25,2,1,1,Premium Basket Customers,0
C008053,8,610.15,4881.2,1.1428571428571428,3.75,2,1,0,Budget Occasional Customers,0
C008054,6,673.4133333333333,4040.48,1.0,4.0,3,0,0,Budget Occasional Customers,0
C008055,11,880.9736363636365,9690.710000000001,1.375,3.4444444444444446,2,1,1,Premium Basket Customers,0
C008056,7,866.7971428571428,6067.58,1.1666666666666667,4.25,0,0,0,Budget Occasional Customers,0
C008057,9,747.3733333333333,6726.36,1.2857142857142858,4.0,3,0,0,Budget Occasional Customers,0
C008058,10,667.393,6673.93,1.25,3.4,4,1,0,Budget Occasional Customers,0
C008059,6,958.415,5750.49,1.0,3.75,2,1,1,Premium Basket Customers,0
C008060,6,843.255,5059.53,1.2,2.5,1,1,1,Premium Basket Customers,0
C008061,9,842.9577777777778,7586.62,1.5,3.6666666666666665,1,0,1,Premium Basket Customers,0
C008062,12,778.3341666666666,9340.01,1.3333333333333333,3.6666666666666665,4,4,2,Frequent High-Value Customers,0
C008063,6,628.8299999999999,3772.9799999999996,1.2,4.2,2,2,0,Budget Occasional Customers,0
C008064,6,998.2766666666666,5989.66,1.2,5.0,3,0,1,Premium Basket Customers,0
C008065,14,931.63,13042.82,1.4,2.625,4,3,2,Frequent High-Value Customers,0
C008066,11,1009.4618181818182,11104.08,1.8333333333333333,4.0,5,2,2,Frequent High-Value Customers,0
C008067,11,929.5863636363636,10225.449999999999,1.5714285714285714,3.142857142857143,2,1,2,Frequent High-Value Customers,0
C008068,4,617.295,2469.18,1.0,3.0,0,0,0,Budget Occasional Customers,0
C008069,6,697.7049999999999,4186.23,1.2,5.0,2,1,0,Budget Occasional Customers,0
C008070,17,888.685294117647,15107.65,1.4166666666666667,3.272727272727273,4,3,2,Frequent High-Value Customers,0
C008071,7,813.24,5692.68,1.1666666666666667,3.8,1,0,0,Budget Occasional Customers,0
C008072,10,483.683,4836.83,1.1111111111111112,3.6666666666666665,4,2,0,Budget Occasional Customers,0
C008073,12,462.3316666666667,5547.9800000000005,1.5,3.2857142857142856,8,3,2,Frequent High-Value Customers,-1
C008074,11,687.2118181818182,7559.33,1.5714285714285714,3.125,4,1,2,Frequent High-Value Customers,0
C008075,7,745.6,5219.2,1.1666666666666667,4.333333333333333,3,3,0,Budget Occasional Customers,0
C008076,7,694.6728571428572,4862.71,1.1666666666666667,2.6666666666666665,3,1,0,Budget Occasional Customers,0
C008077,9,732.7866666666666,6595.08,1.0,4.5,3,0,0,Budget Occasional Customers,0
C008078,9,883.3,7949.7,1.2857142857142858,3.3333333333333335,0,2,1,Premium Basket Customers,0
C008079,9,840.3888888888889,7563.5,1.2857142857142858,3.6666666666666665,4,2,2,Frequent High-Value Customers,0
C008080,11,818.9181818181819,9008.1,1.375,4.25,5,3,2,Frequent High-Value Customers,0
C008081,13,788.396923076923,10249.16,1.4444444444444444,4.0,3,4,2,Frequent High-Value Customers,0
C008082,7,765.9742857142857,5361.82,1.1666666666666667,3.5,2,0,0,Budget Occasional Customers,0
C008083,13,964.3292307692308,12536.28,1.3,4.0,4,2,2,Frequent High-Value Customers,0
C008084,8,521.5962499999999,4172.7699999999995,1.0,3.8,4,0,0,Budget Occasional Customers,0
C008085,9,705.6588888888888,6350.929999999999,1.5,2.5,4,0,0,Budget Occasional Customers,0
C008086,7,429.5057142857143,3006.54,1.4,2.6666666666666665,4,0,0,Budget Occasional Customers,0
C008087,6,703.8083333333334,4222.85,1.0,4.333333333333333,3,0,0,Budget Occasional Customers,0
C008088,13,764.0930769230769,9933.21,1.4444444444444444,3.125,4,2,2,Frequent High-Value Customers,0
C008089,8,648.36,5186.88,1.3333333333333333,3.6,2,0,0,Budget Occasional Customers,0
C008090,11,706.6536363636363,7773.19,1.2222222222222223,3.888888888888889,2,0,0,Budget Occasional Customers,0
C008091,15,758.728,11380.92,1.25,3.375,4,4,2,Frequent High-Value Customers,0
C008092,14,842.6171428571428,11796.64,1.2727272727272727,4.0,6,2,2,Frequent High-Value Customers,0
C008093,4,814.4525,3257.81,1.0,3.6666666666666665,0,1,0,Budget Occasional Customers,0
C008094,12,775.4283333333333,9305.14,1.5,4.0,3,0,2,Frequent High-Value Customers,0
C008095,14,888.7764285714286,12442.87,1.2727272727272727,3.3,4,3,2,Frequent High-Value Customers,0
C008096,15,766.2453333333334,11493.68,1.6666666666666667,3.8333333333333335,2,5,2,Frequent High-Value Customers,0
C008097,14,780.3264285714286,10924.57,1.1666666666666667,3.4444444444444446,6,4,2,Frequent High-Value Customers,0
C008098,10,659.021,6590.21,1.25,3.4,3,1,0,Budget Occasional Customers,0
C008099,13,975.8446153846154,12685.98,1.3,3.4,6,2,2,Frequent High-Value Customers,0
C008100,10,820.4129999999999,8204.13,1.25,2.3333333333333335,5,0,1,Premium Basket Customers,0
C008101,10,979.156,9791.56,1.1111111111111112,3.8333333333333335,4,2,1,Premium Basket Customers,0
C008102,10,988.8549999999999,9888.55,1.1111111111111112,2.6666666666666665,3,1,1,Premium Basket Customers,0
C008103,8,859.5575,6876.46,1.3333333333333333,3.1666666666666665,2,2,1,Premium Basket Customers,0
C008104,12,975.6975000000001,11708.37,1.5,4.0,3,4,2,Frequent High-Value Customers,0
C008105,5,818.85,4094.25,1.25,4.5,1,1,0,Budget Occasional Customers,0
C008106,11,553.4499999999999,6087.95,1.0,3.0,2,2,0,Budget Occasional Customers,0
C008107,13,862.5230769230768,11212.8,1.4444444444444444,3.0,3,3,2,Frequent High-Value Customers,0
C008108,10,902.8710000000001,9028.710000000001,1.25,4.0,7,3,2,Frequent High-Value Customers,0
C008109,8,575.2325,4601.86,1.6,2.0,4,0,0,Budget Occasional Customers,0
C008110,8,894.9300000000001,7159.4400000000005,1.6,4.0,2,2,2,Frequent High-Value Customers,0
C008111,5,841.642,4208.21,1.25,3.25,2,1,1,Premium Basket Customers,0
C008112,13,888.2238461538461,11546.91,1.4444444444444444,3.3,4,3,2,Frequent High-Value Customers,0
C008113,9,936.9622222222222,8432.66,1.2857142857142858,3.3333333333333335,1,1,1,Premium Basket Customers,0
C008114,9,806.83,7261.47,1.2857142857142858,3.5714285714285716,1,1,0,Budget Occasional Customers,0
C008115,11,872.0536363636364,9592.59,1.1,3.142857142857143,5,1,2,Frequent High-Value Customers,0
C008116,10,880.777,8807.77,1.0,4.0,5,2,2,Frequent High-Value Customers,0
C008117,10,682.738,6827.38,1.1111111111111112,3.4,4,1,0,Budget Occasional Customers,0
C008118,10,701.11,7011.1,1.25,3.6,3,1,0,Budget Occasional Customers,0
C008119,8,946.3575,7570.86,1.1428571428571428,2.6,6,3,2,Frequent High-Value Customers,0
C008120,10,786.021,7860.21,1.25,4.285714285714286,3,2,0,Budget Occasional Customers,0
C008121,5,971.0139999999999,4855.07,1.0,4.333333333333333,0,0,1,Premium Basket Customers,0
C008122,12,915.7925,10989.51,2.0,2.875,5,6,2,Frequent High-Value Customers,-1
C008123,7,817.0014285714286,5719.01,1.4,2.5,3,1,1,Premium Basket Customers,0
C008124,8,677.8725000000001,5422.9800000000005,1.0,3.6,4,1,0,Budget Occasional Customers,0
C008125,7,679.3657142857143,4755.5599999999995,1.0,2.3333333333333335,3,2,0,Budget Occasional Customers,0
C008126,9,1128.5977777777778,10157.38,1.5,3.1666666666666665,4,1,1,Premium Basket Customers,0
C008127,9,926.5766666666667,8339.19,1.125,3.625,2,3,1,Premium Basket Customers,0
C008128,8,1043.36125,8346.89,1.0,2.6,0,1,1,Premium Basket Customers,0
C008129,8,915.3774999999999,7323.0199999999995,1.1428571428571428,3.5,2,0,1,Premium Basket Customers,0
C008130,8,696.59875,5572.79,1.3333333333333333,3.5714285714285716,3,3,0,Budget Occasional Customers,0
C008131,7,1089.3542857142857,7625.48,1.0,4.666666666666667,2,1,1,Premium Basket Customers,0
C008132,6,678.8466666666667,4073.08,1.0,3.0,1,1,0,Budget Occasional Customers,0
C008133,10,918.5840000000001,9185.84,1.1111111111111112,3.125,2,0,1,Premium Basket Customers,0
C008134,3,992.4533333333334,2977.36,1.0,5.0,2,1,1,Premium Basket Customers,0
C008135,8,820.86,6566.88,1.3333333333333333,3.0,2,3,1,Premium Basket Customers,0
C008136,13,923.9738461538461,12011.66,1.8571428571428572,3.7142857142857144,7,2,2,Frequent High-Value Customers,0
C008137,8,892.16625,7137.33,1.1428571428571428,3.6666666666666665,1,4,1,Premium Basket Customers,0
C008138,10,879.6379999999999,8796.38,1.4285714285714286,2.75,2,1,1,Premium Basket Customers,0
C008139,10,938.0390000000001,9380.390000000001,1.25,3.8,4,2,2,Frequent High-Value Customers,0
C008140,4,291.0475,1164.19,1.0,3.0,0,0,0,Budget Occasional Customers,0
C008141,2,785.415,1570.83,1.0,3.4196588952056444,1,0,0,Budget Occasional Customers,0
C008142,8,644.98,5159.84,1.1428571428571428,3.5,3,3,0,Budget Occasional Customers,0
C008143,10,700.317,7003.17,1.1111111111111112,4.666666666666667,3,0,0,Budget Occasional Customers,0
C008144,14,926.6471428571429,12973.06,2.0,3.5,2,2,2,Frequent High-Value Customers,-1
C008145,15,785.9186666666666,11788.779999999999,1.25,3.142857142857143,6,4,2,Frequent High-Value Customers,0
C008146,6,895.3566666666667,5372.14,1.0,3.0,2,0,1,Premium Basket Customers,0
C008147,10,642.021,6420.21,1.25,2.6,3,0,0,Budget Occasional Customers,0
C008148,10,677.17,6771.7,1.1111111111111112,3.6666666666666665,2,4,0,Budget Occasional Customers,0
C008149,8,1064.86875,8518.95,1.1428571428571428,3.6,3,3,1,Premium Basket Customers,0
C008150,10,874.308,8743.08,1.25,3.25,4,0,1,Premium Basket Customers,0
C008151,11,791.5290909090909,8706.82,1.5714285714285714,3.875,5,2,2,Frequent High-Value Customers,0
C008152,5,1175.518,5877.59,1.0,5.0,4,0,1,Premium Basket Customers,0
C008153,11,842.5836363636364,9268.42,1.5714285714285714,3.2857142857142856,3,1,2,Frequent High-Value Customers,0
C008154,6,766.1233333333333,4596.74,1.2,3.3333333333333335,2,1,0,Budget Occasional Customers,0
C008155,9,685.8677777777777,6172.8099999999995,1.2857142857142858,3.1666666666666665,2,1,0,Budget Occasional Customers,0
C008156,8,778.75375,6230.03,1.1428571428571428,3.5,5,3,2,Frequent High-Value Customers,0
C008157,5,1193.018,5965.09,1.25,3.5,2,1,1,Premium Basket Customers,0
C008158,4,1119.8625,4479.45,1.0,2.3333333333333335,0,0,1,Premium Basket Customers,0
C008159,8,913.65375,7309.23,1.3333333333333333,4.0,3,3,2,Frequent High-Value Customers,0
C008160,8,756.055,6048.44,1.1428571428571428,3.3333333333333335,3,2,0,Budget Occasional Customers,0
C008161,8,732.5775,5860.62,1.3333333333333333,3.5,1,2,0,Budget Occasional Customers,0
C008162,8,810.8199999999999,6486.5599999999995,1.1428571428571428,3.6,4,2,0,Budget Occasional Customers,0
C008163,6,627.3583333333333,3764.15,1.2,3.0,1,2,0,Budget Occasional Customers,0
C008164,12,706.3658333333333,8476.39,1.5,3.25,3,1,2,Frequent High-Value Customers,0
C008165,8,842.81375,6742.51,1.1428571428571428,3.0,3,1,1,Premium Basket Customers,0
C008166,7,984.7371428571429,6893.16,1.1666666666666667,3.8,2,1,1,Premium Basket Customers,0
C008167,9,1085.6666666666667,9771.0,1.2857142857142858,3.8,2,3,1,Premium Basket Customers,0
C008168,10,565.347,5653.47,2.0,3.4285714285714284,4,2,2,Frequent High-Value Customers,0
C008169,7,559.2700000000001,3914.8900000000003,1.4,3.3333333333333335,4,1,0,Budget Occasional Customers,0
C008170,11,819.1045454545455,9010.15,1.5714285714285714,4.0,4,1,2,Frequent High-Value Customers,0
C008171,7,949.1757142857142,6644.23,1.1666666666666667,4.333333333333333,2,2,1,Premium Basket Customers,0
C008172,6,800.3983333333334,4802.39,1.2,2.6666666666666665,0,1,1,Premium Basket Customers,0
C008173,6,775.4683333333334,4652.81,1.2,3.75,2,0,0,Budget Occasional Customers,0
C008174,10,755.9,7559.0,1.1111111111111112,3.25,2,1,0,Budget Occasional Customers,0
C008175,13,607.3484615384615,7895.53,1.3,3.4285714285714284,4,3,2,Frequent High-Value Customers,0
C008176,14,889.3207142857143,12450.49,1.4,3.4166666666666665,3,1,2,Frequent High-Value Customers,0
C008177,7,765.4042857142857,5357.83,1.1666666666666667,3.0,2,1,0,Budget Occasional Customers,0
C008178,8,695.4125,5563.3,1.6,3.5,4,2,2,Frequent High-Value Customers,0
C008179,8,638.12125,5104.97,1.3333333333333333,3.25,3,1,0,Budget Occasional Customers,0
C008180,9,814.1422222222222,7327.28,1.2857142857142858,3.125,2,3,1,Premium Basket Customers,0
C008181,9,866.4355555555555,7797.92,1.125,4.4,1,2,0,Budget Occasional Customers,0
C008182,6,840.8966666666666,5045.38,1.0,3.5,3,2,1,Premium Basket Customers,0
C008183,3,904.92,2714.7599999999998,1.0,5.0,2,1,0,Budget Occasional Customers,0
C008184,7,695.0771428571428,4865.54,1.1666666666666667,3.25,4,1,0,Budget Occasional Customers,0
C008185,10,1012.5690000000001,10125.69,1.25,3.6666666666666665,2,4,2,Frequent High-Value Customers,0
C008186,6,887.5766666666667,5325.46,1.0,3.4196588952056444,1,2,1,Premium Basket Customers,0
C008187,8,803.1212499999999,6424.969999999999,1.1428571428571428,4.0,3,3,0,Budget Occasional Customers,0
C008188,5,691.86,3459.3,1.25,2.6666666666666665,2,0,0,Budget Occasional Customers,0
C008189,3,773.84,2321.52,1.0,3.5,0,1,0,Budget Occasional Customers,0
C008190,9,918.77,8268.93,1.125,3.3333333333333335,0,1,1,Premium Basket Customers,0
C008191,5,1175.092,5875.46,1.0,4.25,2,1,1,Premium Basket Customers,0
C008192,10,909.988,9099.880000000001,1.4285714285714286,2.857142857142857,0,0,1,Premium Basket Customers,0
C008193,11,920.15,10121.65,1.5714285714285714,3.25,4,3,2,Frequent High-Value Customers,0
C008194,11,987.2754545454546,10860.03,1.2222222222222223,3.7142857142857144,5,5,2,Frequent High-Value Customers,0
C008195,9,989.6577777777778,8906.92,1.125,3.8,4,2,1,Premium Basket Customers,0
C008196,9,1044.677777777778,9402.1,1.5,3.8333333333333335,3,2,1,Premium Basket Customers,0
C008197,8,629.0975,5032.78,1.0,3.3333333333333335,1,3,0,Budget Occasional Customers,0
C008198,10,698.767,6987.67,1.4285714285714286,3.8,3,1,0,Budget Occasional Customers,0
C008199,4,946.085,3784.34,1.0,2.5,1,1,1,Premium Basket Customers,0
C008200,10,880.231,8802.31,1.25,3.1666666666666665,5,5,2,Frequent High-Value Customers,0
C008201,15,785.304,11779.56,1.5,3.142857142857143,4,3,2,Frequent High-Value Customers,0
C008202,9,945.1444444444444,8506.3,1.2857142857142858,4.166666666666667,2,1,1,Premium Basket Customers,0
C008203,7,713.7428571428571,4996.2,1.1666666666666667,3.5,1,1,0,Budget Occasional Customers,0
C008204,7,908.9585714285714,6362.71,1.1666666666666667,4.0,2,0,1,Premium Basket Customers,0
C008205,10,690.164,6901.64,1.1111111111111112,3.6666666666666665,5,2,2,Frequent High-Value Customers,0
C008206,10,879.6049999999999,8796.05,1.25,3.857142857142857,3,1,1,Premium Basket Customers,0
C008207,8,737.03125,5896.25,1.6,3.25,2,2,0,Budget Occasional Customers,0
C008208,5,831.292,4156.46,1.0,3.6,0,1,1,Premium Basket Customers,0
C008209,7,536.5042857142857,3755.53,1.1666666666666667,3.0,3,2,0,Budget Occasional Customers,0
C008210,9,654.7033333333334,5892.33,1.125,3.2857142857142856,4,3,0,Budget Occasional Customers,0
C008211,9,840.2011111111111,7561.81,1.2857142857142858,3.5714285714285716,2,2,1,Premium Basket Customers,0
C008212,9,960.5422222222223,8644.880000000001,1.2857142857142858,4.0,3,2,1,Premium Basket Customers,0
C008213,10,724.3639999999999,7243.639999999999,1.1111111111111112,3.5714285714285716,5,4,2,Frequent High-Value Customers,0
C008214,7,1019.0528571428571,7133.37,1.0,3.0,2,0,1,Premium Basket Customers,0
C008215,10,870.024,8700.24,1.6666666666666667,3.5,2,1,2,Frequent High-Value Customers,0
C008216,6,1145.4350000000002,6872.610000000001,1.2,2.8,4,2,1,Premium Basket Customers,0
C008217,7,880.4300000000001,6163.01,1.0,3.4,3,1,1,Premium Basket Customers,0
C008218,9,711.09,6399.81,1.5,3.3333333333333335,2,0,0,Budget Occasional Customers,0
C008219,7,672.0985714285715,4704.6900000000005,1.0,3.5,6,2,0,Budget Occasional Customers,0
C008220,9,890.3522222222223,8013.17,1.2857142857142858,3.0,3,3,2,Frequent High-Value Customers,0
C008221,10,647.4390000000001,6474.39,1.0,4.0,4,2,0,Budget Occasional Customers,0
C008222,10,779.421,7794.21,1.25,3.5714285714285716,2,2,0,Budget Occasional Customers,0
C008223,10,924.2279999999998,9242.279999999999,1.25,3.142857142857143,3,1,1,Premium Basket Customers,0
C008224,3,861.65,2584.95,1.0,2.5,1,0,1,Premium Basket Customers,0
C008225,8,889.1725,7113.38,1.1428571428571428,4.0,4,1,1,Premium Basket Customers,0
C008226,11,680.1927272727272,7482.12,1.2222222222222223,4.0,10,1,2,Frequent High-Value Customers,-1
C008227,6,705.0949999999999,4230.57,1.5,4.666666666666667,2,0,0,Budget Occasional Customers,0
C008228,8,748.35625,5986.85,1.1428571428571428,3.4,5,1,0,Budget Occasional Customers,0
C008229,7,920.9471428571429,6446.63,1.1666666666666667,1.0,2,0,1,Premium Basket Customers,0
C008230,8,824.02375,6592.19,1.1428571428571428,4.666666666666667,5,4,2,Frequent High-Value Customers,0
C008231,9,635.6911111111111,5721.22,1.2857142857142858,3.8,0,1,0,Budget Occasional Customers,0
C008232,9,633.8688888888888,5704.82,1.125,2.8333333333333335,4,2,0,Budget Occasional Customers,0
C008233,15,586.5840000000001,8798.76,1.3636363636363635,3.4444444444444446,3,3,2,Frequent High-Value Customers,0
C008234,14,819.4242857142857,11471.94,1.5555555555555556,3.7142857142857144,5,3,2,Frequent High-Value Customers,0
C008235,7,585.6328571428572,4099.43,1.1666666666666667,3.5,2,2,0,Budget Occasional Customers,0
C008236,10,693.437,6934.37,1.25,3.8333333333333335,6,1,2,Frequent High-Value Customers,0
C008237,13,943.1515384615385,12260.970000000001,1.4444444444444444,3.0,7,3,2,Frequent High-Value Customers,0
C008238,8,741.26125,5930.09,1.3333333333333333,3.6666666666666665,3,3,0,Budget Occasional Customers,0
C008239,9,993.4555555555556,8941.1,1.5,2.0,3,1,1,Premium Basket Customers,0
C008240,6,589.4699999999999,3536.8199999999997,1.0,3.8,3,1,0,Budget Occasional Customers,0
C008241,10,596.668,5966.68,1.4285714285714286,3.0,2,1,0,Budget Occasional Customers,0
C008242,8,856.56625,6852.53,1.3333333333333333,4.2,2,0,0,Budget Occasional Customers,0
C008243,11,712.6209090909091,7838.83,1.5714285714285714,3.0,7,2,2,Frequent High-Value Customers,0
C008244,6,978.9316666666667,5873.59,1.0,3.0,2,1,1,Premium Basket Customers,0
C008245,8,908.22875,7265.83,1.1428571428571428,3.6666666666666665,1,1,1,Premium Basket Customers,0
C008246,7,782.0728571428572,5474.51,1.0,3.5,5,0,0,Budget Occasional Customers,0
C008247,14,881.9492857142858,12347.29,1.1666666666666667,3.4444444444444446,5,1,2,Frequent High-Value Customers,0
C008248,11,725.9263636363636,7985.19,1.1,3.2857142857142856,5,2,2,Frequent High-Value Customers,0
C008249,8,1164.45625,9315.65,1.3333333333333333,4.0,2,0,1,Premium Basket Customers,0
C008250,8,926.2475000000001,7409.9800000000005,1.0,3.6,4,2,1,Premium Basket Customers,0
C008251,12,879.2066666666666,10550.48,1.2,3.8,3,4,2,Frequent High-Value Customers,0
C008252,4,267.11,1068.44,1.0,2.5,0,0,0,Budget Occasional Customers,0
C008253,5,640.85,3204.25,1.0,3.5,1,1,0,Budget Occasional Customers,0
C008254,7,667.0657142857143,4669.46,1.1666666666666667,3.6666666666666665,0,1,0,Budget Occasional Customers,0
C008255,7,681.6128571428571,4771.29,1.1666666666666667,4.0,3,1,0,Budget Occasional Customers,0
C008256,8,1090.99875,8727.99,2.0,3.8,3,1,2,Frequent High-Value Customers,0
C008257,12,913.9541666666668,10967.45,1.3333333333333333,3.4285714285714284,4,1,2,Frequent High-Value Customers,0
C008258,12,752.17,9026.039999999999,1.5,3.5,5,1,2,Frequent High-Value Customers,0
C008259,13,627.2492307692307,8154.24,1.625,4.166666666666667,7,4,2,Frequent High-Value Customers,0
C008260,3,410.5166666666667,1231.5500000000002,1.0,3.6666666666666665,1,1,0,Budget Occasional Customers,0
C008261,9,739.3344444444444,6654.01,1.125,4.0,5,3,2,Frequent High-Value Customers,0
C008262,13,587.8230769230769,7641.7,1.4444444444444444,4.285714285714286,3,3,2,Frequent High-Value Customers,0
C008263,4,1018.6525,4074.61,1.3333333333333333,3.5,1,1,1,Premium Basket Customers,0
C008264,6,859.9566666666666,5159.74,1.5,4.4,4,1,0,Budget Occasional Customers,0
C008265,10,817.8299999999999,8178.299999999999,1.4285714285714286,4.0,6,0,2,Frequent High-Value Customers,0
C008266,12,682.1058333333334,8185.27,1.3333333333333333,3.3333333333333335,6,0,2,Frequent High-Value Customers,0
C008267,13,928.2184615384615,12066.84,1.3,3.125,5,3,2,Frequent High-Value Customers,0
C008268,7,1335.0914285714284,9345.64,1.75,2.8333333333333335,2,1,1,Premium Basket Customers,-1
C008269,5,699.8520000000001,3499.26,1.25,3.8,3,1,0,Budget Occasional Customers,0
C008270,12,750.7441666666667,9008.93,1.5,3.0,3,0,2,Frequent High-Value Customers,0
C008271,6,875.9983333333333,5255.99,1.2,3.0,2,2,1,Premium Basket Customers,0
C008272,5,982.256,4911.28,1.25,3.5,0,1,1,Premium Basket Customers,0
C008273,3,824.2166666666667,2472.65,1.5,4.0,3,1,0,Budget Occasional Customers,0
C008274,7,581.4142857142857,4069.9,1.1666666666666667,3.0,1,1,0,Budget Occasional Customers,0
C008275,9,871.5877777777778,7844.29,1.0,4.0,2,1,1,Premium Basket Customers,0
C008276,8,754.73375,6037.87,1.3333333333333333,3.3333333333333335,2,2,0,Budget Occasional Customers,0
C008277,9,788.6388888888889,7097.75,1.125,3.4285714285714284,4,5,2,Frequent High-Value Customers,0
C008278,9,893.0077777777777,8037.07,1.125,4.25,3,1,1,Premium Basket Customers,0
C008279,9,779.8055555555555,7018.25,1.125,2.8333333333333335,2,2,0,Budget Occasional Customers,0
C008280,11,789.2418181818182,8681.66,1.375,3.1666666666666665,3,2,2,Frequent High-Value Customers,0
C008281,12,895.4341666666666,10745.21,1.5,3.0,3,6,2,Frequent High-Value Customers,0
C008282,12,859.2575,10311.09,1.3333333333333333,3.75,3,3,2,Frequent High-Value Customers,0
C008283,9,964.2711111111112,8678.44,1.8,3.8333333333333335,3,0,2,Frequent High-Value Customers,0
C008284,7,939.4685714285714,6576.28,1.1666666666666667,3.2,4,1,1,Premium Basket Customers,0
C008285,7,585.6328571428572,4099.43,1.4,3.8,3,3,0,Budget Occasional Customers,0
C008286,8,946.44,7571.52,1.1428571428571428,3.25,4,2,1,Premium Basket Customers,0
C008287,11,740.6963636363636,8147.66,1.2222222222222223,3.7,1,2,0,Budget Occasional Customers,0
C008288,9,1132.6566666666668,10193.91,1.125,3.8333333333333335,2,1,1,Premium Basket Customers,0
C008289,9,884.4588888888889,7960.13,1.125,3.5,3,3,1,Premium Basket Customers,0
C008290,7,574.6185714285714,4022.33,1.0,3.0,3,3,0,Budget Occasional Customers,0
C008291,11,948.8354545454546,10437.19,1.375,2.8333333333333335,6,3,2,Frequent High-Value Customers,0
C008292,9,1074.3566666666666,9669.21,1.2857142857142858,3.0,5,1,1,Premium Basket Customers,0
C008293,9,848.8055555555555,7639.25,1.2857142857142858,3.6666666666666665,3,1,1,Premium Basket Customers,0
C008294,10,728.697,7286.97,1.4285714285714286,2.857142857142857,4,4,2,Frequent High-Value Customers,0
C008295,8,846.095,6768.76,1.0,3.8,1,2,0,Budget Occasional Customers,0
C008296,7,685.5014285714286,4798.51,1.4,3.7142857142857144,3,2,0,Budget Occasional Customers,0
C008297,2,422.045,844.09,1.0,1.0,0,0,0,Budget Occasional Customers,-1
C008298,7,894.8057142857142,6263.639999999999,1.1666666666666667,3.0,4,0,1,Premium Basket Customers,0
C008299,13,942.7446153846154,12255.68,1.4444444444444444,2.6666666666666665,4,2,2,Frequent High-Value Customers,0
C008300,10,1023.0229999999999,10230.23,1.4285714285714286,3.4,2,1,1,Premium Basket Customers,0
C008301,6,760.0616666666666,4560.37,1.2,3.4,1,1,0,Budget Occasional Customers,0
C008302,11,827.7136363636364,9104.85,1.375,3.125,2,0,1,Premium Basket Customers,0
C008303,13,763.4707692307693,9925.12,1.4444444444444444,2.888888888888889,7,3,2,Frequent High-Value Customers,0
C008304,11,702.6618181818181,7729.28,1.5714285714285714,3.8333333333333335,4,0,2,Frequent High-Value Customers,0
C008305,7,623.9242857142857,4367.47,1.0,3.0,4,0,0,Budget Occasional Customers,0
C008306,8,841.89375,6735.15,1.1428571428571428,4.666666666666667,1,3,0,Budget Occasional Customers,0
C008307,10,956.758,9567.58,1.4285714285714286,4.333333333333333,3,1,1,Premium Basket Customers,0
C008308,6,672.1483333333334,4032.8900000000003,1.5,3.0,4,0,0,Budget Occasional Customers,0
C008309,12,793.7116666666667,9524.54,1.3333333333333333,3.0,5,1,2,Frequent High-Value Customers,0
C008310,7,713.3314285714285,4993.32,1.4,2.2,2,1,0,Budget Occasional Customers,0
C008311,12,821.18,9854.16,1.2,3.375,3,4,2,Frequent High-Value Customers,0
C008312,4,880.25,3521.0,1.3333333333333333,5.0,2,0,0,Budget Occasional Customers,0
C008313,9,875.6377777777777,7880.74,1.2857142857142858,3.0,3,2,1,Premium Basket Customers,0
C008314,6,817.6283333333332,4905.7699999999995,1.2,3.0,2,0,1,Premium Basket Customers,0
C008315,12,640.8466666666667,7690.16,2.0,3.2857142857142856,2,1,2,Frequent High-Value Customers,0
C008316,9,603.5255555555556,5431.7300000000005,1.2857142857142858,4.0,5,2,0,Budget Occasional Customers,0
C008317,9,809.9866666666667,7289.88,1.2857142857142858,2.5,5,1,2,Frequent High-Value Customers,0
C008318,13,1014.67,13190.71,1.1818181818181819,3.7142857142857144,6,2,2,Frequent High-Value Customers,0
C008319,9,998.8000000000001,8989.2,1.5,3.142857142857143,2,1,1,Premium Basket Customers,0
C008320,15,798.568,11978.52,1.5,3.727272727272727,4,2,2,Frequent High-Value Customers,0
C008321,8,1178.025,9424.2,1.3333333333333333,3.4,3,2,1,Premium Basket Customers,0
C008322,11,719.5863636363637,7915.45,1.1,4.0,6,2,2,Frequent High-Value Customers,0
C008323,11,916.6018181818181,10082.619999999999,1.375,3.5714285714285716,4,3,2,Frequent High-Value Customers,0
C008324,4,1443.2575,5773.03,1.0,5.0,1,0,1,Premium Basket Customers,-1
C008325,8,856.6212499999999,6852.969999999999,1.0,3.2,3,1,1,Premium Basket Customers,0
C008326,11,769.1609090909092,8460.77,1.1,3.8,7,1,2,Frequent High-Value Customers,0
C008327,7,767.1857142857143,5370.3,1.4,3.6666666666666665,2,3,0,Budget Occasional Customers,0
C008328,9,685.8166666666667,6172.35,1.125,3.125,2,1,0,Budget Occasional Customers,0
C008329,5,631.626,3158.13,1.0,3.25,1,0,0,Budget Occasional Customers,0
C008330,6,771.6533333333333,4629.92,1.2,3.0,3,1,0,Budget Occasional Customers,0
C008331,10,851.376,8513.76,1.25,3.625,4,0,1,Premium Basket Customers,0
C008332,8,834.3225,6674.58,1.3333333333333333,3.6666666666666665,4,2,2,Frequent High-Value Customers,0
C008333,10,730.076,7300.76,1.1111111111111112,3.4,2,1,0,Budget Occasional Customers,0
C008334,8,665.35375,5322.83,1.3333333333333333,4.2,2,2,0,Budget Occasional Customers,0
C008335,11,816.6336363636364,8982.97,1.375,3.125,2,2,2,Frequent High-Value Customers,0
C008336,6,1110.9033333333334,6665.42,1.2,4.0,0,0,1,Premium Basket Customers,0
C008337,6,716.0533333333333,4296.32,1.0,3.5,2,1,0,Budget Occasional Customers,0
C008338,9,870.7277777777778,7836.55,1.2857142857142858,2.875,4,2,2,Frequent High-Value Customers,0
C008339,8,829.29625,6634.37,1.3333333333333333,4.5,2,0,0,Budget Occasional Customers,0
C008340,11,1120.6527272727274,12327.18,1.2222222222222223,3.6666666666666665,5,2,2,Frequent High-Value Customers,0
C008341,10,555.038,5550.38,1.25,2.25,4,4,2,Frequent High-Value Customers,0
C008342,13,1054.5338461538463,13708.94,1.625,2.625,4,5,2,Frequent High-Value Customers,0
C008343,11,555.6045454545455,6111.65,1.375,2.8333333333333335,2,2,0,Budget Occasional Customers,0
C008344,4,789.1424999999999,3156.5699999999997,1.0,2.75,1,0,1,Premium Basket Customers,0
C008345,9,588.55,5296.95,1.125,3.0,1,1,0,Budget Occasional Customers,0
C008346,7,1026.3071428571427,7184.15,1.1666666666666667,3.0,1,3,1,Premium Basket Customers,0
C008347,8,698.155,5585.24,1.3333333333333333,4.0,1,3,0,Budget Occasional Customers,0
C008348,17,889.3435294117647,15118.84,1.4166666666666667,3.5833333333333335,3,3,2,Frequent High-Value Customers,0
C008349,11,849.9581818181819,9349.54,1.5714285714285714,3.375,4,1,2,Frequent High-Value Customers,0
C008350,12,809.8083333333333,9717.699999999999,1.3333333333333333,3.375,7,4,2,Frequent High-Value Customers,0
C008351,8,1100.3475,8802.78,1.1428571428571428,2.8333333333333335,2,0,1,Premium Basket Customers,0
C008352,10,552.762,5527.62,1.25,3.6666666666666665,3,0,0,Budget Occasional Customers,0
C008353,7,757.0242857142857,5299.17,1.1666666666666667,4.0,2,0,0,Budget Occasional Customers,0
C008354,11,780.7790909090909,8588.57,1.375,3.3333333333333335,1,0,0,Budget Occasional Customers,0
C008355,13,640.9607692307692,8332.49,1.4444444444444444,4.166666666666667,5,2,2,Frequent High-Value Customers,0
C008356,5,1035.536,5177.68,1.6666666666666667,4.25,2,0,1,Premium Basket Customers,0
C008357,11,688.9418181818182,7578.360000000001,1.375,3.0,7,2,2,Frequent High-Value Customers,0
C008358,9,785.4255555555555,7068.83,1.2857142857142858,3.0,3,2,0,Budget Occasional Customers,0
C008359,4,681.99,2727.96,1.0,3.0,2,0,0,Budget Occasional Customers,0
C008360,14,978.1007142857143,13693.41,1.1666666666666667,3.2857142857142856,5,4,2,Frequent High-Value Customers,0
C008361,8,938.9825000000001,7511.860000000001,1.6,3.5,6,1,2,Frequent High-Value Customers,0
C008362,4,1011.7325,4046.93,1.0,2.5,2,1,1,Premium Basket Customers,0
C008363,9,634.4077777777778,5709.67,1.0,3.625,5,0,0,Budget Occasional Customers,0
C008364,14,796.3521428571429,11148.93,1.4,3.5555555555555554,2,2,2,Frequent High-Value Customers,0
C008365,14,706.5857142857142,9892.199999999999,1.4,2.6363636363636362,5,3,2,Frequent High-Value Customers,0
C008366,7,837.9871428571429,5865.91,1.1666666666666667,3.4,3,2,1,Premium Basket Customers,0
C008367,10,950.408,9504.08,1.25,3.8,1,3,1,Premium Basket Customers,0
C008368,10,732.5809999999999,7325.8099999999995,1.25,4.0,3,1,0,Budget Occasional Customers,0
C008369,12,619.755,7437.06,1.2,3.5,4,0,0,Budget Occasional Customers,0
C008370,15,796.7493333333333,11951.24,1.5,3.3333333333333335,8,3,2,Frequent High-Value Customers,0
C008371,3,1309.52,3928.56,1.0,2.5,1,1,1,Premium Basket Customers,0
C008372,8,545.99625,4367.97,1.3333333333333333,3.6,2,1,0,Budget Occasional Customers,0
C008373,9,708.7688888888889,6378.92,1.125,3.5,4,1,0,Budget Occasional Customers,0
C008374,10,948.2,9482.0,1.25,3.6,5,2,2,Frequent High-Value Customers,0
C008375,3,912.3966666666666,2737.19,1.0,2.0,0,3,1,Premium Basket Customers,-1
C008376,5,674.48,3372.4,1.25,4.0,1,1,0,Budget Occasional Customers,0
C008377,8,821.2225,6569.78,1.3333333333333333,3.25,0,1,1,Premium Basket Customers,0
C008378,8,972.6312499999999,7781.049999999999,1.1428571428571428,4.333333333333333,3,0,1,Premium Basket Customers,0
C008379,12,751.7258333333333,9020.71,1.7142857142857142,3.6666666666666665,2,2,2,Frequent High-Value Customers,0
C008380,9,587.53,5287.7699999999995,1.125,3.3333333333333335,4,2,0,Budget Occasional Customers,0
C008381,12,584.6308333333333,7015.57,1.7142857142857142,3.625,4,1,2,Frequent High-Value Customers,0
C008382,5,467.32399999999996,2336.62,1.25,3.2,2,0,0,Budget Occasional Customers,0
C008383,13,874.7538461538461,11371.8,1.3,3.125,3,2,2,Frequent High-Value Customers,0
C008384,7,954.8942857142857,6684.26,1.4,3.6666666666666665,3,1,1,Premium Basket Customers,0
C008385,9,722.5755555555556,6503.18,1.5,4.0,3,3,2,Frequent High-Value Customers,0
C008386,6,751.9499999999999,4511.7,1.2,1.3333333333333333,3,1,1,Premium Basket Customers,0
C008387,9,832.8666666666667,7495.8,1.2857142857142858,3.5,3,1,0,Budget Occasional Customers,0
C008388,9,902.2633333333333,8120.37,1.2857142857142858,3.2857142857142856,4,2,2,Frequent High-Value Customers,0
C008389,7,760.5728571428572,5324.01,1.4,3.4285714285714284,3,2,0,Budget Occasional Customers,0
C008390,5,604.324,3021.62,1.25,4.5,0,2,0,Budget Occasional Customers,0
C008391,8,667.00875,5336.07,1.3333333333333333,3.2,2,0,0,Budget Occasional Customers,0
C008392,9,558.8944444444445,5030.05,1.125,3.0,3,0,0,Budget Occasional Customers,0
C008393,12,829.3033333333333,9951.64,1.3333333333333333,3.5,1,2,2,Frequent High-Value Customers,0
C008394,5,930.256,4651.28,1.0,3.0,0,1,1,Premium Basket Customers,0
C008395,5,586.5600000000001,2932.8,1.0,2.3333333333333335,3,0,0,Budget Occasional Customers,0
C008396,9,821.6188888888889,7394.570000000001,1.2857142857142858,2.8,4,4,2,Frequent High-Value Customers,0
C008397,6,740.5133333333333,4443.08,1.0,3.0,2,0,0,Budget Occasional Customers,0
C008398,13,719.0792307692307,9348.029999999999,1.625,3.625,3,5,2,Frequent High-Value Customers,0
C008399,8,872.79125,6982.33,1.1428571428571428,3.5,4,2,1,Premium Basket Customers,0
C008400,9,933.6333333333334,8402.7,1.2857142857142858,2.3333333333333335,2,1,1,Premium Basket Customers,0
C008401,10,853.1539999999999,8531.539999999999,1.25,3.5,5,2,2,Frequent High-Value Customers,0
C008402,8,688.7574999999999,5510.0599999999995,1.3333333333333333,3.6,1,2,0,Budget Occasional Customers,0
C008403,9,863.1255555555556,7768.13,1.125,4.0,4,1,0,Budget Occasional Customers,0
C008404,17,805.2123529411765,13688.61,1.8888888888888888,3.6,5,4,2,Frequent High-Value Customers,0
C008405,10,770.618,7706.18,1.1111111111111112,3.75,4,3,2,Frequent High-Value Customers,0
C008406,10,740.49,7404.9,1.4285714285714286,3.6666666666666665,3,1,0,Budget Occasional Customers,0
C008407,11,641.6772727272727,7058.45,1.5714285714285714,3.0,3,2,2,Frequent High-Value Customers,0
C008408,7,753.2928571428572,5273.05,1.75,4.0,3,2,2,Frequent High-Value Customers,0
C008409,11,729.7045454545455,8026.75,1.375,3.875,3,3,2,Frequent High-Value Customers,0
C008410,9,878.2077777777778,7903.87,1.2857142857142858,3.4285714285714284,2,0,1,Premium Basket Customers,0
C008411,8,1143.02625,9144.21,1.0,3.8,2,1,1,Premium Basket Customers,0
C008412,8,828.29875,6626.39,1.3333333333333333,3.8,0,1,0,Budget Occasional Customers,0
C008413,6,711.4616666666667,4268.77,1.2,4.0,1,0,0,Budget Occasional Customers,0
C008414,14,906.7378571428571,12694.33,1.4,3.111111111111111,5,5,2,Frequent High-Value Customers,0
C008415,11,884.1309090909091,9725.44,1.375,3.4285714285714284,5,2,2,Frequent High-Value Customers,0
C008416,10,723.5260000000001,7235.26,1.25,3.0,5,1,2,Frequent High-Value Customers,0
C008417,10,974.4469999999999,9744.47,1.1111111111111112,3.5714285714285716,3,3,1,Premium Basket Customers,0
C008418,7,987.4771428571429,6912.34,1.1666666666666667,3.3333333333333335,2,2,1,Premium Basket Customers,0
C008419,10,631.4010000000001,6314.01,1.1111111111111112,2.7142857142857144,3,2,0,Budget Occasional Customers,0
C008420,5,1023.5260000000001,5117.63,1.0,4.0,1,0,1,Premium Basket Customers,0
C008421,8,1182.14125,9457.13,1.1428571428571428,3.5,3,2,1,Premium Basket Customers,0
C008422,14,825.65,11559.1,1.4,3.375,4,1,2,Frequent High-Value Customers,0
C008423,12,720.4816666666667,8645.78,1.5,3.1666666666666665,4,4,2,Frequent High-Value Customers,0
C008424,12,783.015,9396.18,1.2,2.625,6,1,2,Frequent High-Value Customers,0
C008425,9,962.51,8662.59,1.2857142857142858,3.3333333333333335,5,1,1,Premium Basket Customers,0
C008426,12,586.515,7038.18,1.0909090909090908,3.0,4,3,2,Frequent High-Value Customers,0
C008427,8,696.72875,5573.83,1.1428571428571428,3.0,3,2,0,Budget Occasional Customers,0
C008428,10,911.903,9119.03,1.25,3.125,5,0,1,Premium Basket Customers,0
C008429,5,601.988,3009.94,1.0,3.0,2,0,0,Budget Occasional Customers,0
C008430,12,678.6891666666667,8144.2699999999995,1.3333333333333333,3.0,6,1,2,Frequent High-Value Customers,0
C008431,11,663.3790909090909,7297.17,1.2222222222222223,3.375,3,0,0,Budget Occasional Customers,0
C008432,8,638.81375,5110.51,1.3333333333333333,3.6,3,1,0,Budget Occasional Customers,0
C008433,8,790.2049999999999,6321.639999999999,1.6,2.857142857142857,3,0,1,Premium Basket Customers,0
C008434,7,697.4085714285715,4881.860000000001,1.4,4.0,1,3,0,Budget Occasional Customers,0
C008435,4,383.79249999999996,1535.1699999999998,1.0,2.5,0,1,0,Budget Occasional Customers,0
C008436,12,887.895,10654.74,1.3333333333333333,3.1666666666666665,3,2,2,Frequent High-Value Customers,0
C008437,10,727.613,7276.13,1.6666666666666667,4.0,3,2,2,Frequent High-Value Customers,0
C008438,10,875.582,8755.82,1.25,3.1666666666666665,2,1,1,Premium Basket Customers,0
C008439,9,999.7755555555555,8997.98,1.5,2.75,5,3,2,Frequent High-Value Customers,0
C008440,11,878.9636363636364,9668.6,1.2222222222222223,2.7142857142857144,2,1,1,Premium Basket Customers,0
C008441,7,1089.8957142857143,7629.27,1.4,1.8,4,0,1,Premium Basket Customers,0
C008442,7,857.4785714285714,6002.349999999999,1.75,3.3333333333333335,3,2,2,Frequent High-Value Customers,0
C008443,9,804.781111111111,7243.03,1.2857142857142858,3.142857142857143,4,1,0,Budget Occasional Customers,0
C008444,8,1135.02375,9080.19,1.0,3.5,3,3,1,Premium Basket Customers,0
C008445,9,890.4000000000001,8013.6,1.2857142857142858,3.8,2,4,2,Frequent High-Value Customers,0
C008446,12,800.3583333333332,9604.3,1.5,3.0,4,3,2,Frequent High-Value Customers,0
C008447,4,843.47,3373.88,1.0,4.333333333333333,3,1,0,Budget Occasional Customers,0
C008448,8,675.0875,5400.7,1.3333333333333333,4.0,1,1,0,Budget Occasional Customers,0
C008449,7,738.6885714285714,5170.82,1.4,4.5,3,2,0,Budget Occasional Customers,0
C008450,7,580.6171428571428,4064.3199999999997,1.0,3.3333333333333335,2,0,0,Budget Occasional Customers,0
C008451,12,735.6491666666667,8827.79,1.2,3.6666666666666665,2,2,0,Budget Occasional Customers,0
C008452,11,508.53818181818184,5593.92,1.8333333333333333,3.8,6,2,2,Frequent High-Value Customers,-1
C008453,9,881.8833333333333,7936.95,1.2857142857142858,3.7142857142857144,1,2,1,Premium Basket Customers,0
C008454,5,593.488,2967.44,1.25,4.333333333333333,3,0,0,Budget Occasional Customers,0
C008455,8,616.28,4930.24,1.0,2.75,4,1,0,Budget Occasional Customers,0
C008456,12,839.9341666666666,10079.21,1.5,2.8,4,1,2,Frequent High-Value Customers,0
C008457,9,756.69,6810.21,1.2857142857142858,3.857142857142857,2,1,0,Budget Occasional Customers,0
C008458,14,937.2957142857142,13122.14,1.2727272727272727,3.3636363636363638,5,4,2,Frequent High-Value Customers,0
C008459,9,710.5122222222222,6394.610000000001,1.2857142857142858,4.2,4,1,0,Budget Occasional Customers,0
C008460,9,1035.418888888889,9318.77,1.125,2.5,6,1,1,Premium Basket Customers,0
C008461,7,764.5442857142858,5351.81,1.1666666666666667,4.4,5,0,0,Budget Occasional Customers,0
C008462,6,828.1783333333333,4969.07,1.2,2.3333333333333335,3,2,1,Premium Basket Customers,0
C008463,9,740.598888888889,6665.39,1.125,3.6666666666666665,2,1,0,Budget Occasional Customers,0
C008464,12,694.0383333333334,8328.460000000001,1.3333333333333333,3.2,4,2,2,Frequent High-Value Customers,0
C008465,12,819.98,9839.76,1.2,3.4,5,1,2,Frequent High-Value Customers,0
C008466,7,1113.3957142857143,7793.77,1.0,4.0,2,2,1,Premium Basket Customers,0
C008467,9,626.7866666666666,5641.08,1.5,4.5,4,1,0,Budget Occasional Customers,0
C008468,12,844.6883333333334,10136.26,1.5,3.0,6,4,2,Frequent High-Value Customers,0
C008469,6,872.4350000000001,5234.610000000001,1.2,4.25,2,2,0,Budget Occasional Customers,0
C008470,8,951.84625,7614.77,1.1428571428571428,3.8,4,1,1,Premium Basket Customers,0
C008471,7,787.2385714285714,5510.67,1.4,3.6,4,0,0,Budget Occasional Customers,0
C008472,11,734.4345454545454,8078.78,1.2222222222222223,4.0,0,3,0,Budget Occasional Customers,0
C008473,12,906.7666666666668,10881.2,1.3333333333333333,3.25,3,1,2,Frequent High-Value Customers,0
C008474,14,785.4228571428572,10995.92,1.4,3.5555555555555554,4,2,2,Frequent High-Value Customers,0
C008475,13,959.9346153846153,12479.15,1.1818181818181819,3.5454545454545454,6,3,2,Frequent High-Value Customers,0
C008476,7,693.7042857142858,4855.93,1.1666666666666667,3.75,3,2,0,Budget Occasional Customers,0
C008477,7,732.7685714285715,5129.38,1.4,3.4,2,0,0,Budget Occasional Customers,0
C008478,3,446.72333333333336,1340.17,1.5,5.0,0,1,0,Budget Occasional Customers,-1
C008479,6,780.2616666666667,4681.57,1.0,4.0,4,0,0,Budget Occasional Customers,0
C008480,11,1031.7763636363636,11349.54,1.1,3.0,5,1,1,Premium Basket Customers,0
C008481,9,637.588888888889,5738.3,1.125,2.7777777777777777,3,0,0,Budget Occasional Customers,0
C008482,10,706.0260000000001,7060.26,1.1111111111111112,3.5714285714285716,4,0,0,Budget Occasional Customers,0
C008483,8,484.13125,3873.05,1.3333333333333333,4.333333333333333,1,1,0,Budget Occasional Customers,0
C008484,10,728.129,7281.29,1.4285714285714286,3.4,3,2,2,Frequent High-Value Customers,0
C008485,7,846.9742857142857,5928.82,1.4,3.5,1,3,1,Premium Basket Customers,0
C008486,8,818.34125,6546.73,1.1428571428571428,4.0,3,1,0,Budget Occasional Customers,0
C008487,13,1077.1315384615386,14002.710000000001,1.8571428571428572,3.25,4,7,2,Frequent High-Value Customers,-1
C008488,9,947.1222222222223,8524.1,1.125,4.333333333333333,4,2,1,Premium Basket Customers,0
C008489,8,774.23,6193.84,1.3333333333333333,2.6666666666666665,4,3,2,Frequent High-Value Customers,0
C008490,12,936.29,11235.48,1.5,2.2,5,2,2,Frequent High-Value Customers,0
C008491,8,482.94125,3863.53,1.1428571428571428,3.2,4,1,0,Budget Occasional Customers,0
C008492,9,868.2555555555556,7814.3,1.8,3.25,2,0,1,Premium Basket Customers,0
C008493,8,1029.855,8238.84,1.3333333333333333,3.2,4,1,1,Premium Basket Customers,0
C008494,8,900.00625,7200.05,1.1428571428571428,3.0,3,2,1,Premium Basket Customers,0
C008495,8,628.13375,5025.07,1.1428571428571428,4.333333333333333,1,0,0,Budget Occasional Customers,0
C008496,11,878.6736363636363,9665.41,1.375,3.4285714285714284,2,0,1,Premium Basket Customers,0
C008497,15,866.112,12991.68,1.5,3.8,5,1,2,Frequent High-Value Customers,0
C008498,6,883.5233333333334,5301.14,1.2,4.0,1,1,1,Premium Basket Customers,0
C008499,7,662.2385714285714,4635.67,1.4,4.333333333333333,2,0,0,Budget Occasional Customers,0
C008500,8,1118.4475,8947.58,1.0,3.6,3,3,1,Premium Basket Customers,0
C008501,5,873.6600000000001,4368.3,1.0,3.25,1,0,1,Premium Basket Customers,0
C008502,10,667.3480000000001,6673.4800000000005,1.25,3.25,4,1,0,Budget Occasional Customers,0
C008503,9,1078.1455555555556,9703.31,1.2857142857142858,4.2,2,0,1,Premium Basket Customers,0
C008504,5,1102.946,5514.73,1.25,3.3333333333333335,1,0,1,Premium Basket Customers,0
C008505,5,1016.5959999999999,5082.98,1.0,3.0,4,0,1,Premium Basket Customers,0
C008506,10,793.288,7932.88,1.25,4.0,1,1,0,Budget Occasional Customers,0
C008507,13,1007.5684615384615,13098.39,1.1818181818181819,4.428571428571429,4,1,2,Frequent High-Value Customers,0
C008508,10,589.745,5897.45,1.1111111111111112,2.2857142857142856,3,2,0,Budget Occasional Customers,0
C008509,6,600.2283333333334,3601.37,1.0,4.0,2,0,0,Budget Occasional Customers,0
C008510,11,707.4063636363636,7781.469999999999,1.2222222222222223,3.5,3,1,0,Budget Occasional Customers,0
C008511,9,1069.93,9629.37,1.2857142857142858,2.375,4,0,1,Premium Basket Customers,0
C008512,11,746.9836363636364,8216.82,1.5714285714285714,3.1666666666666665,2,3,2,Frequent High-Value Customers,0
C008513,8,620.5325,4964.26,1.6,3.7142857142857144,5,1,2,Frequent High-Value Customers,0
C008514,9,592.5211111111112,5332.6900000000005,1.125,3.0,4,3,0,Budget Occasional Customers,0
C008515,6,550.915,3305.49,1.2,3.0,1,3,0,Budget Occasional Customers,0
C008516,8,669.93375,5359.47,1.1428571428571428,3.3333333333333335,4,1,0,Budget Occasional Customers,0
C008517,9,912.7055555555556,8214.35,1.2857142857142858,2.25,5,2,2,Frequent High-Value Customers,0
C008518,6,990.3816666666667,5942.29,1.0,4.0,5,0,1,Premium Basket Customers,0
C008519,12,622.4916666666667,7469.9,1.3333333333333333,3.3333333333333335,5,5,2,Frequent High-Value Customers,0
C008520,5,1208.72,6043.6,1.0,2.6666666666666665,2,1,1,Premium Basket Customers,0
C008521,9,599.01,5391.09,1.5,3.4,6,1,2,Frequent High-Value Customers,0
C008522,9,880.3044444444445,7922.74,1.0,3.4285714285714284,2,2,1,Premium Basket Customers,0
C008523,6,883.485,5300.91,1.2,4.0,0,1,1,Premium Basket Customers,0
C008524,8,1030.08,8240.64,1.1428571428571428,3.1666666666666665,1,1,1,Premium Basket Customers,0
C008525,8,906.16625,7249.33,1.6,3.0,3,0,1,Premium Basket Customers,0
C008526,8,602.38625,4819.09,1.1428571428571428,3.0,4,2,0,Budget Occasional Customers,0
C008527,4,887.2925,3549.17,1.0,3.6666666666666665,2,0,1,Premium Basket Customers,0
C008528,9,680.9699999999999,6128.73,1.5,3.0,6,1,2,Frequent High-Value Customers,0
C008529,4,948.3425,3793.37,1.0,2.6666666666666665,1,0,1,Premium Basket Customers,0
C008530,10,860.472,8604.72,1.25,3.3333333333333335,4,1,1,Premium Basket Customers,0
C008531,10,951.7270000000001,9517.27,1.25,4.0,4,0,1,Premium Basket Customers,0
C008532,11,975.9554545454546,10735.51,1.2222222222222223,3.25,2,2,1,Premium Basket Customers,0
C008533,8,698.175,5585.4,1.0,3.4,1,3,0,Budget Occasional Customers,0
C008534,9,790.9555555555555,7118.599999999999,1.5,3.0,2,3,2,Frequent High-Value Customers,0
C008535,11,813.13,8944.43,1.5714285714285714,3.25,4,1,2,Frequent High-Value Customers,0
C008536,9,732.8977777777777,6596.08,1.2857142857142858,3.0,4,3,2,Frequent High-Value Customers,0
C008537,7,940.4314285714285,6583.0199999999995,1.1666666666666667,4.4,2,1,1,Premium Basket Customers,0
C008538,12,829.495,9953.94,1.5,3.7,3,5,2,Frequent High-Value Customers,0
C008539,11,850.1790909090909,9351.97,1.2222222222222223,3.0,6,2,2,Frequent High-Value Customers,0
C008540,12,655.8591666666666,7870.3099999999995,1.3333333333333333,3.111111111111111,5,2,2,Frequent High-Value Customers,0
C008541,11,911.9281818181819,10031.210000000001,1.2222222222222223,3.875,4,1,2,Frequent High-Value Customers,0
C008542,10,683.6360000000001,6836.360000000001,1.1111111111111112,2.8333333333333335,4,1,0,Budget Occasional Customers,0
C008543,8,779.9300000000001,6239.4400000000005,1.3333333333333333,3.0,3,0,0,Budget Occasional Customers,0
C008544,10,909.6790000000001,9096.79,1.4285714285714286,3.25,3,2,2,Frequent High-Value Customers,0
C008545,17,966.4964705882352,16430.44,1.5454545454545454,3.5555555555555554,5,2,2,Frequent High-Value Customers,0
C008546,10,873.5899999999999,8735.9,1.4285714285714286,3.4,3,3,2,Frequent High-Value Customers,0
C008547,9,726.4544444444444,6538.09,1.125,3.4285714285714284,2,1,0,Budget Occasional Customers,0
C008548,6,460.1933333333333,2761.16,1.5,3.6666666666666665,3,0,0,Budget Occasional Customers,0
C008549,7,892.4957142857144,6247.47,1.1666666666666667,2.3333333333333335,3,2,1,Premium Basket Customers,0
C008550,13,963.5946153846154,12526.73,1.4444444444444444,3.1,8,2,2,Frequent High-Value Customers,0
C008551,20,842.909,16858.18,1.6666666666666667,3.0,8,5,2,Frequent High-Value Customers,-1
C008552,4,721.835,2887.34,1.3333333333333333,3.0,0,0,0,Budget Occasional Customers,0
C008553,10,672.786,6727.86,1.4285714285714286,3.375,1,5,2,Frequent High-Value Customers,0
C008554,6,839.1266666666667,5034.76,1.0,4.833333333333333,2,1,0,Budget Occasional Customers,0
C008555,10,789.158,7891.58,1.4285714285714286,2.8,3,0,1,Premium Basket Customers,0
C008556,8,1001.8000000000001,8014.400000000001,2.0,3.6666666666666665,1,3,2,Frequent High-Value Customers,0
C008557,4,857.1125,3428.45,1.0,2.6666666666666665,0,0,1,Premium Basket Customers,0
C008558,9,755.6211111111111,6800.59,1.125,3.0,2,3,0,Budget Occasional Customers,0
C008559,9,535.6022222222223,4820.42,1.2857142857142858,3.6666666666666665,3,0,0,Budget Occasional Customers,0
C008560,12,1036.8725000000002,12442.470000000001,1.2,3.625,3,1,1,Premium Basket Customers,0
C008561,8,790.2537500000001,6322.030000000001,1.3333333333333333,3.0,3,4,2,Frequent High-Value Customers,0
C008562,9,893.0233333333333,8037.21,1.125,3.6,5,0,1,Premium Basket Customers,0
C008563,8,663.42125,5307.37,1.1428571428571428,3.8333333333333335,4,0,0,Budget Occasional Customers,0
C008564,12,1004.3433333333332,12052.119999999999,1.2,2.25,4,1,1,Premium Basket Customers,0
C008565,14,722.3128571428571,10112.38,1.5555555555555556,3.8333333333333335,7,3,2,Frequent High-Value Customers,0
C008566,10,819.4680000000001,8194.68,1.4285714285714286,2.8333333333333335,4,2,2,Frequent High-Value Customers,0
C008567,11,737.1136363636364,8108.25,1.8333333333333333,3.125,6,2,2,Frequent High-Value Customers,0
C008568,10,825.153,8251.53,1.25,3.2,3,3,2,Frequent High-Value Customers,0
C008569,7,794.3357142857143,5560.35,1.4,3.6666666666666665,5,2,2,Frequent High-Value Customers,0
C008570,10,994.7629999999999,9947.63,1.25,3.3333333333333335,3,1,1,Premium Basket Customers,0
C008571,12,710.7475,8528.97,1.2,3.2222222222222223,3,1,0,Budget Occasional Customers,0
C008572,7,853.2142857142857,5972.5,1.0,3.3333333333333335,3,0,1,Premium Basket Customers,0
C008573,7,906.5242857142857,6345.67,1.0,3.3333333333333335,3,0,1,Premium Basket Customers,0
C008574,9,933.0922222222222,8397.83,1.0,3.625,5,1,1,Premium Basket Customers,0
C008575,8,707.05,5656.4,1.3333333333333333,3.0,3,3,0,Budget Occasional Customers,0
C008576,9,699.9644444444444,6299.68,1.2857142857142858,2.8,4,0,0,Budget Occasional Customers,0
C008577,13,730.876923076923,9501.4,1.3,3.1666666666666665,4,0,2,Frequent High-Value Customers,0
C008578,2,403.72,807.44,1.0,3.0,2,0,0,Budget Occasional Customers,0
C008579,7,520.67,3644.69,1.1666666666666667,3.0,3,1,0,Budget Occasional Customers,0
C008580,10,775.0409999999999,7750.41,1.25,1.8571428571428572,4,3,2,Frequent High-Value Customers,0
C008581,14,716.1692857142858,10026.37,1.5555555555555556,4.125,2,2,2,Frequent High-Value Customers,0
C008582,9,652.4344444444445,5871.91,1.5,3.0,1,4,2,Frequent High-Value Customers,0
C008583,6,1128.645,6771.87,1.2,3.3333333333333335,2,2,1,Premium Basket Customers,0
C008584,6,1052.1483333333333,6312.89,1.2,3.6,2,0,1,Premium Basket Customers,0
C008585,6,990.3883333333333,5942.33,1.2,4.0,1,0,1,Premium Basket Customers,0
C008586,10,617.1020000000001,6171.02,1.25,2.8333333333333335,3,0,0,Budget Occasional Customers,0
C008587,9,812.8866666666667,7315.98,1.125,4.25,4,2,0,Budget Occasional Customers,0
C008588,7,1141.0914285714287,7987.64,1.1666666666666667,2.6,2,0,1,Premium Basket Customers,0
C008589,5,942.9599999999998,4714.799999999999,1.0,4.0,1,1,1,Premium Basket Customers,0
C008590,7,942.3628571428571,6596.54,1.75,3.0,3,2,2,Frequent High-Value Customers,0
C008591,13,656.3276923076924,8532.26,1.3,2.625,6,2,2,Frequent High-Value Customers,0
C008592,13,552.8669230769231,7187.27,1.4444444444444444,3.75,7,2,2,Frequent High-Value Customers,0
C008593,13,855.72,11124.36,1.1818181818181819,3.0,9,3,2,Frequent High-Value Customers,0
C008594,9,783.7133333333334,7053.42,1.0,3.2857142857142856,2,1,0,Budget Occasional Customers,0
C008595,7,1040.9685714285713,7286.78,1.1666666666666667,3.5,1,2,1,Premium Basket Customers,0
C008596,9,752.1777777777778,6769.6,1.0,3.75,3,3,0,Budget Occasional Customers,0
C008597,7,707.5614285714286,4952.93,1.4,3.6666666666666665,1,1,0,Budget Occasional Customers,0
C008598,11,734.7236363636364,8081.96,1.2222222222222223,3.7142857142857144,5,0,0,Budget Occasional Customers,0
C008599,6,804.3666666666667,4826.2,1.2,4.333333333333333,4,1,0,Budget Occasional Customers,0
C008600,8,715.2262499999999,5721.8099999999995,1.3333333333333333,3.1666666666666665,5,2,2,Frequent High-Value Customers,0
C008601,7,585.2157142857143,4096.51,1.4,4.0,1,0,0,Budget Occasional Customers,0
C008602,3,507.5833333333333,1522.75,1.0,3.0,2,0,0,Budget Occasional Customers,0
C008603,7,675.8714285714286,4731.1,1.1666666666666667,4.2,4,3,0,Budget Occasional Customers,0
C008604,11,886.82,9755.02,1.2222222222222223,3.3333333333333335,6,3,2,Frequent High-Value Customers,0
C008605,11,937.4045454545455,10311.45,1.2222222222222223,3.5714285714285716,6,4,2,Frequent High-Value Customers,0
C008606,10,875.5540000000001,8755.54,1.4285714285714286,2.3333333333333335,6,3,2,Frequent High-Value Customers,0
C008607,3,743.0533333333333,2229.16,1.0,3.5,1,1,0,Budget Occasional Customers,0
C008608,10,1112.272,11122.72,1.25,3.0,5,3,2,Frequent High-Value Customers,0
C008609,11,849.5554545454546,9345.11,1.2222222222222223,3.125,4,2,2,Frequent High-Value Customers,0
C008610,9,825.6377777777777,7430.74,1.2857142857142858,3.6,6,1,2,Frequent High-Value Customers,0
C008611,6,876.8216666666667,5260.93,1.2,4.0,1,1,1,Premium Basket Customers,0
C008612,10,776.1569999999999,7761.57,1.6666666666666667,3.6666666666666665,5,1,2,Frequent High-Value Customers,0
C008613,8,940.8062500000001,7526.450000000001,1.1428571428571428,4.5,5,3,2,Frequent High-Value Customers,0
C008614,9,856.4422222222223,7707.9800000000005,1.0,3.0,3,1,1,Premium Basket Customers,0
C008615,10,796.535,7965.349999999999,1.25,3.7142857142857144,4,0,0,Budget Occasional Customers,0
C008616,12,857.9125,10294.95,1.2,3.4545454545454546,3,4,2,Frequent High-Value Customers,0
C008617,11,925.6254545454547,10181.880000000001,1.2222222222222223,2.625,2,1,1,Premium Basket Customers,0
C008618,13,714.9023076923077,9293.73,1.3,3.3333333333333335,4,3,2,Frequent High-Value Customers,0
C008619,9,825.548888888889,7429.9400000000005,1.5,2.8333333333333335,1,2,1,Premium Basket Customers,0
C008620,8,663.41875,5307.35,1.3333333333333333,2.5,4,1,0,Budget Occasional Customers,0
C008621,7,966.0357142857143,6762.25,1.1666666666666667,2.8333333333333335,2,2,1,Premium Basket Customers,0
C008622,8,699.51,5596.08,1.6,3.6666666666666665,3,4,2,Frequent High-Value Customers,0
C008623,11,827.1681818181819,9098.85,1.5714285714285714,3.5,5,1,2,Frequent High-Value Customers,0
C008624,8,950.8375000000001,7606.700000000001,1.3333333333333333,4.0,1,1,1,Premium Basket Customers,0
C008625,7,1107.4657142857143,7752.26,1.4,3.1666666666666665,3,1,1,Premium Basket Customers,0
C008626,9,736.73,6630.57,1.5,3.5,3,1,0,Budget Occasional Customers,0
C008627,7,822.9928571428571,5760.95,1.75,4.5,1,1,0,Budget Occasional Customers,0
C008628,9,570.6488888888889,5135.84,1.0,3.75,3,4,0,Budget Occasional Customers,0
C008629,11,734.7709090909092,8082.4800000000005,1.2222222222222223,3.6666666666666665,3,2,0,Budget Occasional Customers,0
C008630,9,675.4255555555555,6078.83,1.2857142857142858,4.0,6,2,2,Frequent High-Value Customers,0
C008631,8,658.69875,5269.59,1.3333333333333333,3.4285714285714284,1,3,0,Budget Occasional Customers,0
C008632,11,1008.7172727272726,11095.89,1.2222222222222223,2.3333333333333335,6,1,2,Frequent High-Value Customers,0
C008633,7,724.4399999999999,5071.08,1.4,3.6666666666666665,4,0,0,Budget Occasional Customers,0
C008634,13,800.2415384615384,10403.14,1.4444444444444444,3.75,2,0,2,Frequent High-Value Customers,0
C008635,7,1170.1542857142856,8191.08,1.4,2.5,3,0,1,Premium Basket Customers,0
C008636,11,885.9954545454547,9745.95,1.1,3.5,6,1,2,Frequent High-Value Customers,0
C008637,9,1022.5888888888888,9203.3,1.125,3.3333333333333335,2,4,1,Premium Basket Customers,0
C008638,6,776.9416666666666,4661.65,1.2,4.2,2,1,0,Budget Occasional Customers,0
C008639,8,786.7625,6294.1,1.6,2.4,3,2,2,Frequent High-Value Customers,0
C008640,9,805.8555555555555,7252.7,1.125,3.5714285714285716,2,2,0,Budget Occasional Customers,0
C008641,14,751.3128571428571,10518.38,1.4,3.0,4,3,2,Frequent High-Value Customers,0
C008642,13,826.8523076923077,10749.08,1.4444444444444444,4.25,5,5,2,Frequent High-Value Customers,0
C008643,8,735.3375,5882.7,1.1428571428571428,5.0,1,4,0,Budget Occasional Customers,0
C008644,6,897.2966666666667,5383.780000000001,1.0,3.0,1,2,1,Premium Basket Customers,0
C008645,7,704.5271428571428,4931.69,1.75,4.0,1,0,0,Budget Occasional Customers,0
C008646,7,965.2871428571428,6757.01,1.0,3.5,2,2,1,Premium Basket Customers,0
C008647,11,844.5181818181819,9289.7,1.2222222222222223,2.4,2,1,1,Premium Basket Customers,0
C008648,8,622.0225,4976.18,1.3333333333333333,3.7142857142857144,5,2,0,Budget Occasional Customers,0
C008649,10,503.121,5031.21,1.25,3.0,3,2,0,Budget Occasional Customers,0
C008650,5,946.9879999999999,4734.94,1.0,4.0,2,1,1,Premium Basket Customers,0
C008651,8,790.5475,6324.38,1.0,3.5,2,1,0,Budget Occasional Customers,0
C008652,3,1349.66,4048.98,1.5,4.333333333333333,1,1,1,Premium Basket Customers,-1
C008653,11,884.2609090909092,9726.87,1.1,4.5,6,3,2,Frequent High-Value Customers,0
C008654,7,619.2357142857143,4334.65,1.4,4.0,2,0,0,Budget Occasional Customers,0
C008655,15,548.7386666666666,8231.08,1.25,3.6,5,2,2,Frequent High-Value Customers,0
C008656,10,898.6299999999999,8986.3,1.25,2.857142857142857,4,4,2,Frequent High-Value Customers,0
C008657,18,828.7283333333334,14917.11,1.6363636363636365,3.25,10,3,2,Frequent High-Value Customers,0
C008658,11,780.5763636363637,8586.34,1.5714285714285714,2.857142857142857,5,2,2,Frequent High-Value Customers,0
C008659,9,944.6366666666667,8501.73,1.0,3.4285714285714284,3,0,1,Premium Basket Customers,0
C008660,10,790.0899999999999,7900.9,1.0,3.7142857142857144,5,4,2,Frequent High-Value Customers,0
C008661,9,1076.65,9689.85,1.125,3.3333333333333335,3,2,1,Premium Basket Customers,0
C008662,8,820.74125,6565.93,1.1428571428571428,3.25,5,1,0,Budget Occasional Customers,0
C008663,13,805.5915384615383,10472.689999999999,1.4444444444444444,2.875,4,3,2,Frequent High-Value Customers,0
C008664,13,816.156923076923,10610.039999999999,1.3,3.5555555555555554,5,0,2,Frequent High-Value Customers,0
C008665,7,719.3085714285714,5035.16,1.0,3.5,1,1,0,Budget Occasional Customers,0
C008666,9,610.0411111111111,5490.37,1.2857142857142858,3.5,3,4,2,Frequent High-Value Customers,0
C008667,14,809.3914285714285,11331.48,1.4,3.75,6,1,2,Frequent High-Value Customers,0
C008668,21,675.1142857142856,14177.4,1.5,3.588235294117647,6,4,2,Frequent High-Value Customers,-1
C008669,13,854.3453846153845,11106.49,1.4444444444444444,3.8333333333333335,2,6,2,Frequent High-Value Customers,0
C008670,5,689.3199999999999,3446.6,1.0,3.75,2,0,0,Budget Occasional Customers,0
C008671,9,678.2755555555556,6104.4800000000005,1.125,3.8333333333333335,2,3,0,Budget Occasional Customers,0
C008672,11,817.8390909090908,8996.23,1.2222222222222223,3.0,3,2,2,Frequent High-Value Customers,0
C008673,8,819.8225,6558.58,1.1428571428571428,3.8,3,1,0,Budget Occasional Customers,0
C008674,6,652.24,3913.44,1.2,5.0,4,1,0,Budget Occasional Customers,0
C008675,11,887.1845454545455,9759.03,1.2222222222222223,3.375,6,1,2,Frequent High-Value Customers,0
C008676,8,1230.28375,9842.27,1.0,3.25,3,2,1,Premium Basket Customers,0
C008677,10,757.6,7576.0,1.25,4.0,4,0,0,Budget Occasional Customers,0
C008678,12,948.8541666666666,11386.25,1.3333333333333333,3.125,3,1,2,Frequent High-Value Customers,0
C008679,13,873.5484615384617,11356.130000000001,1.4444444444444444,3.5454545454545454,3,0,2,Frequent High-Value Customers,0
C008680,8,790.9125,6327.3,1.3333333333333333,3.3333333333333335,3,1,0,Budget Occasional Customers,0
C008681,11,926.1727272727272,10187.9,1.375,3.6666666666666665,3,0,1,Premium Basket Customers,0
C008682,9,649.0944444444444,5841.85,1.5,3.3333333333333335,2,3,2,Frequent High-Value Customers,0
C008683,9,633.4477777777778,5701.03,1.125,4.6,3,2,0,Budget Occasional Customers,0
C008684,10,948.2049999999999,9482.05,1.4285714285714286,3.6666666666666665,4,2,2,Frequent High-Value Customers,0
C008685,12,925.6941666666667,11108.33,1.2,2.3333333333333335,5,2,2,Frequent High-Value Customers,0
C008686,11,939.7090909090911,10336.800000000001,1.8333333333333333,4.111111111111111,2,5,2,Frequent High-Value Customers,0
C008687,8,1004.1999999999999,8033.599999999999,2.0,3.857142857142857,3,1,2,Frequent High-Value Customers,0
C008688,8,971.5475,7772.38,1.3333333333333333,2.7142857142857144,3,3,1,Premium Basket Customers,0
C008689,11,688.6218181818182,7574.84,1.5714285714285714,3.5,3,2,2,Frequent High-Value Customers,0
C008690,5,983.9379999999999,4919.69,1.25,4.4,2,1,1,Premium Basket Customers,0
C008691,8,744.94875,5959.59,1.3333333333333333,3.1666666666666665,3,1,0,Budget Occasional Customers,0
C008692,15,494.04,7410.6,1.3636363636363635,3.5384615384615383,4,2,2,Frequent High-Value Customers,0
C008693,8,577.5875,4620.7,1.3333333333333333,3.8333333333333335,4,0,0,Budget Occasional Customers,0
C008694,10,809.183,8091.83,1.4285714285714286,3.857142857142857,3,4,2,Frequent High-Value Customers,0
C008695,3,723.2666666666668,2169.8,1.0,3.5,1,0,0,Budget Occasional Customers,0
C008696,4,723.0024999999999,2892.0099999999998,1.0,2.5,3,2,0,Budget Occasional Customers,0
C008697,6,612.855,3677.13,1.2,3.6666666666666665,2,1,0,Budget Occasional Customers,0
C008698,10,827.2270000000001,8272.27,1.6666666666666667,3.5,3,1,2,Frequent High-Value Customers,0
C008699,3,1009.39,3028.17,1.0,3.6666666666666665,1,0,1,Premium Basket Customers,0
C008700,7,839.1657142857142,5874.16,1.0,3.0,1,0,1,Premium Basket Customers,0
C008701,12,633.5291666666667,7602.35,1.5,3.3333333333333335,1,2,2,Frequent High-Value Customers,0
C008702,5,813.572,4067.86,1.25,4.666666666666667,2,0,0,Budget Occasional Customers,0
C008703,4,630.705,2522.82,1.0,3.0,3,1,0,Budget Occasional Customers,0
C008704,9,715.5544444444445,6439.99,1.2857142857142858,3.0,3,2,0,Budget Occasional Customers,0
C008705,8,853.1875,6825.5,1.6,3.6666666666666665,3,1,2,Frequent High-Value Customers,0
C008706,13,556.0723076923076,7228.94,1.3,3.3333333333333335,6,2,2,Frequent High-Value Customers,0
C008707,9,896.6255555555556,8069.63,1.0,3.3333333333333335,4,3,1,Premium Basket Customers,0
C008708,8,579.45,4635.6,1.1428571428571428,3.25,2,2,0,Budget Occasional Customers,0
C008709,7,892.0171428571429,6244.12,1.0,3.4,2,3,1,Premium Basket Customers,0
C008710,9,850.9100000000001,7658.1900000000005,1.8,3.375,5,3,2,Frequent High-Value Customers,0
C008711,8,762.0775,6096.62,1.3333333333333333,2.25,3,2,1,Premium Basket Customers,0
C008712,12,716.9958333333334,8603.95,1.3333333333333333,3.375,3,3,2,Frequent High-Value Customers,0
C008713,5,951.4540000000001,4757.27,1.25,3.2,2,1,1,Premium Basket Customers,0
C008714,8,710.595,5684.76,1.0,4.6,3,2,0,Budget Occasional Customers,0
C008715,13,774.7884615384615,10072.25,1.4444444444444444,3.25,6,0,2,Frequent High-Value Customers,0
C008716,11,880.2363636363636,9682.6,1.375,3.142857142857143,2,1,1,Premium Basket Customers,0
C008717,14,833.5364285714286,11669.51,1.4,3.4285714285714284,3,2,2,Frequent High-Value Customers,0
C008718,11,884.5418181818181,9729.96,1.375,3.0,3,0,1,Premium Basket Customers,0
C008719,13,652.6323076923077,8484.22,1.3,3.6666666666666665,2,1,0,Budget Occasional Customers,0
C008720,7,783.0142857142856,5481.099999999999,1.1666666666666667,3.5,2,0,0,Budget Occasional Customers,0
C008721,10,1043.008,10430.08,1.25,3.857142857142857,2,2,1,Premium Basket Customers,0
C008722,14,932.9207142857142,13060.89,1.4,3.8,3,3,2,Frequent High-Value Customers,0
C008723,8,1131.4962500000001,9051.970000000001,1.3333333333333333,2.6666666666666665,4,0,1,Premium Basket Customers,0
C008724,10,991.3399999999999,9913.4,1.25,3.2857142857142856,3,2,1,Premium Basket Customers,0
C008725,7,711.7957142857142,4982.57,1.1666666666666667,3.2,3,1,0,Budget Occasional Customers,0
C008726,5,1238.2040000000002,6191.02,1.6666666666666667,3.0,1,2,1,Premium Basket Customers,-1
C008727,6,420.84499999999997,2525.0699999999997,1.2,3.0,1,1,0,Budget Occasional Customers,0
C008728,11,913.9145454545454,10053.06,1.2222222222222223,3.6666666666666665,4,3,2,Frequent High-Value Customers,0
C008729,14,853.1771428571428,11944.48,1.5555555555555556,3.5454545454545454,5,3,2,Frequent High-Value Customers,0
C008730,7,690.3857142857142,4832.7,1.1666666666666667,3.25,3,1,0,Budget Occasional Customers,0
C008731,9,673.7855555555556,6064.07,1.125,4.0,0,1,0,Budget Occasional Customers,0
C008732,12,938.2466666666666,11258.96,1.0909090909090908,3.2,4,1,1,Premium Basket Customers,0
C008733,5,701.9680000000001,3509.84,1.25,3.4,1,1,0,Budget Occasional Customers,0
C008734,10,712.472,7124.72,1.4285714285714286,3.0,6,5,2,Frequent High-Value Customers,0
C008735,7,740.1371428571429,5180.96,1.1666666666666667,4.333333333333333,0,3,0,Budget Occasional Customers,0
C008736,13,883.9053846153846,11490.77,1.4444444444444444,3.1666666666666665,3,2,2,Frequent High-Value Customers,0
C008737,14,695.1807142857143,9732.53,1.1666666666666667,2.6,4,2,2,Frequent High-Value Customers,0
C008738,7,1299.047142857143,9093.33,1.0,4.25,1,1,1,Premium Basket Customers,0
C008739,13,932.1707692307692,12118.22,1.4444444444444444,3.75,10,1,2,Frequent High-Value Customers,0
C008740,6,1095.7666666666667,6574.6,1.2,3.6666666666666665,1,0,1,Premium Basket Customers,0
C008741,8,948.77,7590.16,1.1428571428571428,3.8,2,2,1,Premium Basket Customers,0
C008742,13,848.9353846153846,11036.16,1.4444444444444444,2.8333333333333335,5,1,2,Frequent High-Value Customers,0
C008743,14,661.1800000000001,9256.52,1.1666666666666667,3.8,6,2,2,Frequent High-Value Customers,0
C008744,7,602.0457142857142,4214.32,1.0,3.2,2,3,0,Budget Occasional Customers,0
C008745,10,621.958,6219.58,1.6666666666666667,3.125,5,1,2,Frequent High-Value Customers,0
C008746,4,826.6075000000001,3306.4300000000003,1.0,3.5,2,0,1,Premium Basket Customers,0
C008747,5,1190.4360000000001,5952.18,1.0,4.0,2,0,1,Premium Basket Customers,0
C008748,10,602.6719999999999,6026.719999999999,1.25,3.4,3,2,0,Budget Occasional Customers,0
C008749,9,542.1622222222222,4879.46,1.125,2.8,3,3,0,Budget Occasional Customers,0
C008750,5,754.566,3772.83,1.25,2.0,2,1,1,Premium Basket Customers,0
C008751,9,980.9088888888889,8828.18,1.2857142857142858,2.6666666666666665,5,0,1,Premium Basket Customers,0
C008752,12,735.4474999999999,8825.369999999999,1.3333333333333333,3.2857142857142856,7,3,2,Frequent High-Value Customers,0
C008753,5,330.18600000000004,1650.93,1.0,3.3333333333333335,3,1,0,Budget Occasional Customers,0
C008754,8,707.44875,5659.59,1.0,3.0,4,3,0,Budget Occasional Customers,0
C008755,11,589.7354545454546,6487.09,1.375,4.0,2,1,0,Budget Occasional Customers,0
C008756,5,858.808,4294.04,1.25,3.0,1,1,1,Premium Basket Customers,0
C008757,12,751.0875,9013.05,1.2,2.857142857142857,6,5,2,Frequent High-Value Customers,0
C008758,7,1107.1857142857143,7750.3,1.0,3.0,2,0,1,Premium Basket Customers,0
C008759,14,1033.5614285714287,14469.86,1.2727272727272727,3.0,5,1,2,Frequent High-Value Customers,0
C008760,16,666.355,10661.68,1.6,2.625,4,4,2,Frequent High-Value Customers,0
C008761,8,750.15625,6001.25,1.3333333333333333,3.6,2,1,0,Budget Occasional Customers,0
C008762,8,1376.63875,11013.11,1.0,4.25,2,1,1,Premium Basket Customers,0
C008763,13,671.5484615384614,8730.13,1.625,2.857142857142857,4,2,2,Frequent High-Value Customers,0
C008764,14,659.782142857143,9236.95,1.1666666666666667,4.166666666666667,4,3,2,Frequent High-Value Customers,0
C008765,14,579.4407142857143,8112.17,2.0,3.6666666666666665,3,3,2,Frequent High-Value Customers,-1
C008766,12,868.1583333333333,10417.9,1.0909090909090908,2.8333333333333335,2,2,1,Premium Basket Customers,0
C008767,6,693.2333333333332,4159.4,1.5,3.0,1,0,0,Budget Occasional Customers,0
C008768,8,746.8675000000001,5974.9400000000005,1.3333333333333333,3.5,5,2,2,Frequent High-Value Customers,0
C008769,3,1186.6566666666665,3559.97,1.0,4.0,1,0,1,Premium Basket Customers,0
C008770,10,769.408,7694.08,1.25,4.2,6,2,2,Frequent High-Value Customers,0
C008771,5,923.784,4618.92,1.0,4.0,3,0,1,Premium Basket Customers,0
C008772,2,1152.0500000000002,2304.1000000000004,1.0,3.4196588952056444,1,0,1,Premium Basket Customers,0
C008773,12,808.9158333333334,9706.99,1.2,3.0,6,2,2,Frequent High-Value Customers,0
C008774,7,567.7971428571428,3974.58,1.0,3.5,2,3,0,Budget Occasional Customers,0
C008775,11,681.3681818181817,7495.049999999999,1.375,3.6666666666666665,5,2,2,Frequent High-Value Customers,0
C008776,13,817.1800000000001,10623.34,1.1818181818181819,3.0,2,3,2,Frequent High-Value Customers,0
C008777,8,640.87375,5126.99,1.0,3.8,1,4,0,Budget Occasional Customers,0
C008778,14,1037.8035714285713,14529.25,1.4,2.75,4,1,2,Frequent High-Value Customers,0
C008779,9,958.5088888888889,8626.58,1.2857142857142858,3.6,5,3,2,Frequent High-Value Customers,0
C008780,8,728.375,5827.0,2.0,3.75,4,1,2,Frequent High-Value Customers,0
C008781,3,1043.4133333333332,3130.24,1.0,4.0,2,1,1,Premium Basket Customers,0
C008782,7,769.01,5383.07,1.1666666666666667,2.25,1,2,1,Premium Basket Customers,0
C008783,15,866.136,12992.039999999999,1.3636363636363635,3.7,3,1,2,Frequent High-Value Customers,0
C008784,8,642.22,5137.76,1.1428571428571428,3.5,3,1,0,Budget Occasional Customers,0
C008785,7,848.8214285714286,5941.75,1.4,2.5,2,0,1,Premium Basket Customers,0
C008786,8,462.98249999999996,3703.8599999999997,1.3333333333333333,3.5714285714285716,1,1,0,Budget Occasional Customers,0
C008787,8,775.1825,6201.46,1.1428571428571428,3.6666666666666665,1,2,0,Budget Occasional Customers,0
C008788,8,606.81875,4854.55,1.1428571428571428,3.0,1,0,0,Budget Occasional Customers,0
C008789,14,921.4799999999999,12900.72,1.4,3.375,5,3,2,Frequent High-Value Customers,0
C008790,6,506.57666666666665,3039.46,1.5,4.0,4,0,0,Budget Occasional Customers,0
C008791,8,942.6475,7541.18,1.3333333333333333,3.1666666666666665,1,3,1,Premium Basket Customers,0
C008792,8,888.505,7108.04,1.0,3.0,0,0,1,Premium Basket Customers,0
C008793,9,733.1433333333333,6598.29,1.125,3.3333333333333335,1,1,0,Budget Occasional Customers,0
C008794,4,582.2875,2329.15,1.0,3.3333333333333335,2,1,0,Budget Occasional Customers,0
C008795,9,649.4988888888888,5845.49,1.125,3.75,3,2,0,Budget Occasional Customers,0
C008796,9,584.8155555555555,5263.34,1.0,2.7142857142857144,3,1,0,Budget Occasional Customers,0
C008797,8,768.2737500000001,6146.1900000000005,1.3333333333333333,3.3333333333333335,2,1,0,Budget Occasional Customers,0
C008798,7,820.6914285714286,5744.84,1.4,3.6666666666666665,2,2,0,Budget Occasional Customers,0
C008799,8,904.7475,7237.98,1.1428571428571428,4.0,5,1,1,Premium Basket Customers,0
C008800,17,705.5658823529412,11994.62,1.5454545454545454,3.3333333333333335,5,5,2,Frequent High-Value Customers,0
C008801,3,1160.9166666666667,3482.75,1.0,3.6666666666666665,1,0,1,Premium Basket Customers,0
C008802,7,892.1157142857143,6244.8099999999995,1.0,4.285714285714286,2,1,1,Premium Basket Customers,0
C008803,7,738.0500000000001,5166.35,1.0,3.4,0,2,0,Budget Occasional Customers,0
C008804,10,961.308,9613.08,1.4285714285714286,3.25,3,3,2,Frequent High-Value Customers,0
C008805,9,668.9133333333334,6020.22,1.0,4.0,4,0,0,Budget Occasional Customers,0
C008806,15,648.4453333333333,9726.68,1.1538461538461537,3.0,2,3,2,Frequent High-Value Customers,0
C008807,10,839.235,8392.35,1.25,2.875,2,5,2,Frequent High-Value Customers,0
C008808,3,961.06,2883.18,1.5,4.0,1,0,1,Premium Basket Customers,0
C008809,12,686.3491666666667,8236.19,1.2,2.875,3,6,2,Frequent High-Value Customers,0
C008810,5,359.496,1797.48,1.25,3.5,4,1,0,Budget Occasional Customers,0
C008811,6,947.5166666666668,5685.1,1.2,3.3333333333333335,1,2,1,Premium Basket Customers,0
C008812,12,794.465,9533.58,1.5,3.5714285714285716,6,2,2,Frequent High-Value Customers,0
C008813,9,713.8411111111111,6424.57,1.2857142857142858,3.8,4,2,0,Budget Occasional Customers,0
C008814,7,983.6114285714285,6885.28,1.1666666666666667,3.75,2,2,1,Premium Basket Customers,0
C008815,8,895.5387499999999,7164.3099999999995,1.3333333333333333,3.0,2,2,1,Premium Basket Customers,0
C008816,2,621.695,1243.39,1.0,3.4196588952056444,1,0,0,Budget Occasional Customers,0
C008817,14,815.8414285714287,11421.78,1.2727272727272727,3.5,9,1,2,Frequent High-Value Customers,0
C008818,7,706.04,4942.28,1.0,4.5,1,1,0,Budget Occasional Customers,0
C008819,8,936.86875,7494.95,1.3333333333333333,2.0,1,2,1,Premium Basket Customers,0
C008820,13,668.6538461538462,8692.5,1.625,3.75,5,1,2,Frequent High-Value Customers,0
C008821,11,909.8409090909091,10008.25,1.2222222222222223,3.2222222222222223,4,1,1,Premium Basket Customers,0
C008822,8,712.2075,5697.66,1.3333333333333333,3.6666666666666665,1,0,0,Budget Occasional Customers,0
C008823,7,680.4157142857142,4762.91,1.0,3.5,4,2,0,Budget Occasional Customers,0
C008824,12,738.1391666666667,8857.67,1.5,2.625,3,0,2,Frequent High-Value Customers,0
C008825,7,667.2971428571428,4671.08,1.75,4.428571428571429,1,1,0,Budget Occasional Customers,0
C008826,8,1066.58375,8532.67,1.3333333333333333,3.25,4,1,1,Premium Basket Customers,0
C008827,10,635.701,6357.01,1.25,3.3333333333333335,4,3,2,Frequent High-Value Customers,0
C008828,7,917.6385714285715,6423.47,1.0,3.5,5,0,1,Premium Basket Customers,0
C008829,8,972.66625,7781.33,2.0,2.6666666666666665,1,0,1,Premium Basket Customers,-1
C008830,10,977.4770000000001,9774.77,1.25,3.2857142857142856,5,2,2,Frequent High-Value Customers,0
C008831,12,776.0308333333332,9312.369999999999,1.2,3.4444444444444446,2,4,2,Frequent High-Value Customers,0
C008832,6,986.2199999999999,5917.32,1.0,3.0,1,1,1,Premium Basket Customers,0
C008833,10,801.501,8015.01,1.4285714285714286,3.125,1,2,0,Budget Occasional Customers,0
C008834,11,725.0436363636363,7975.48,1.2222222222222223,3.6,2,1,0,Budget Occasional Customers,0
C008835,8,901.7049999999999,7213.639999999999,1.1428571428571428,3.0,3,1,1,Premium Basket Customers,0
C008836,5,1214.752,6073.76,1.0,3.25,0,1,1,Premium Basket Customers,0
C008837,8,898.27125,7186.17,1.3333333333333333,3.7142857142857144,1,3,1,Premium Basket Customers,0
C008838,5,711.348,3556.74,1.6666666666666667,3.0,3,3,2,Frequent High-Value Customers,0
C008839,6,806.4166666666666,4838.5,1.0,3.5,2,0,0,Budget Occasional Customers,0
C008840,8,976.13375,7809.07,1.3333333333333333,3.0,1,1,1,Premium Basket Customers,0
C008841,3,908.3266666666667,2724.98,1.0,3.5,1,1,1,Premium Basket Customers,0
C008842,5,480.36800000000005,2401.84,1.6666666666666667,3.5,3,0,0,Budget Occasional Customers,0
C008843,8,902.51875,7220.15,1.3333333333333333,2.1666666666666665,3,2,1,Premium Basket Customers,0
C008844,6,825.1416666666668,4950.85,1.2,4.0,0,2,0,Budget Occasional Customers,0
C008845,7,1067.5714285714287,7473.0,1.1666666666666667,4.4,1,1,1,Premium Basket Customers,0
C008846,6,755.585,4533.51,1.0,3.4196588952056444,1,0,0,Budget Occasional Customers,0
C008847,14,685.21,9592.94,1.4,3.75,7,2,2,Frequent High-Value Customers,0
C008848,7,1060.1514285714286,7421.0599999999995,1.4,3.6666666666666665,2,2,1,Premium Basket Customers,0
C008849,7,717.8157142857143,5024.71,1.1666666666666667,4.0,2,1,0,Budget Occasional Customers,0
C008850,6,901.8683333333333,5411.21,1.0,4.0,3,0,1,Premium Basket Customers,0
C008851,14,500.53499999999997,7007.49,1.5555555555555556,3.2,5,5,2,Frequent High-Value Customers,0
C008852,10,1011.691,10116.91,1.25,3.25,6,3,2,Frequent High-Value Customers,0
C008853,11,825.8227272727272,9084.05,1.5714285714285714,3.375,1,3,2,Frequent High-Value Customers,0
C008854,11,912.5500000000001,10038.050000000001,1.375,4.571428571428571,3,3,2,Frequent High-Value Customers,0
C008855,12,904.9825000000001,10859.79,1.7142857142857142,3.5,3,2,2,Frequent High-Value Customers,0
C008856,7,605.4185714285715,4237.93,1.1666666666666667,3.0,1,1,0,Budget Occasional Customers,0
C008857,7,839.2871428571428,5875.01,1.1666666666666667,4.0,4,1,0,Budget Occasional Customers,0
C008858,9,652.9677777777778,5876.71,1.125,3.8,2,2,0,Budget Occasional Customers,0
C008859,9,604.1055555555555,5436.95,1.125,3.8,3,2,0,Budget Occasional Customers,0
C008860,8,512.95,4103.6,1.3333333333333333,4.4,3,1,0,Budget Occasional Customers,0
C008861,9,813.6033333333334,7322.43,1.125,1.8,5,3,2,Frequent High-Value Customers,0
C008862,7,896.3828571428572,6274.68,1.75,3.5,4,0,1,Premium Basket Customers,0
C008863,7,583.2771428571428,4082.94,1.1666666666666667,4.0,1,2,0,Budget Occasional Customers,0
C008864,8,904.43375,7235.47,1.1428571428571428,3.2857142857142856,3,3,1,Premium Basket Customers,0
C008865,10,882.484,8824.84,1.4285714285714286,3.111111111111111,7,2,2,Frequent High-Value Customers,0
C008866,9,961.1411111111112,8650.27,1.125,3.2,2,0,1,Premium Basket Customers,0
C008867,5,1061.6100000000001,5308.05,1.0,3.6666666666666665,3,2,1,Premium Basket Customers,0
C008868,6,1049.9766666666667,6299.86,1.0,3.5,1,0,1,Premium Basket Customers,0
C008869,11,872.0518181818181,9592.57,1.375,3.0,4,1,2,Frequent High-Value Customers,0
C008870,8,984.89625,7879.17,1.1428571428571428,4.25,2,1,1,Premium Basket Customers,0
C008871,10,707.016,7070.16,1.4285714285714286,4.0,4,0,0,Budget Occasional Customers,0
C008872,7,605.0657142857143,4235.46,1.1666666666666667,3.6666666666666665,4,1,0,Budget Occasional Customers,0
C008873,9,992.8588888888888,8935.73,1.2857142857142858,2.875,1,2,1,Premium Basket Customers,0
C008874,12,885.8499999999999,10630.199999999999,1.2,3.0,2,3,2,Frequent High-Value Customers,0
C008875,5,778.192,3890.96,1.0,4.25,3,3,0,Budget Occasional Customers,0
C008876,7,842.3542857142857,5896.48,1.1666666666666667,2.3333333333333335,5,2,1,Premium Basket Customers,0
C008877,13,659.0376923076923,8567.49,1.3,3.6666666666666665,5,7,2,Frequent High-Value Customers,0
C008878,9,770.468888888889,6934.22,1.0,3.8,2,1,0,Budget Occasional Customers,0
C008879,18,902.4983333333333,16244.97,1.6363636363636365,3.111111111111111,2,3,2,Frequent High-Value Customers,0
C008880,15,692.276,10384.14,1.3636363636363635,4.125,7,8,2,Frequent High-Value Customers,-1
C008881,9,859.5466666666666,7735.92,1.125,3.25,3,2,1,Premium Basket Customers,0
C008882,4,839.605,3358.42,1.3333333333333333,3.3333333333333335,2,1,1,Premium Basket Customers,0
C008883,12,689.7533333333334,8277.04,1.7142857142857142,2.8,7,2,2,Frequent High-Value Customers,0
C008884,9,777.5633333333333,6998.07,1.5,2.8,2,3,2,Frequent High-Value Customers,0
C008885,10,1030.4029999999998,10304.029999999999,1.1111111111111112,4.285714285714286,3,2,1,Premium Basket Customers,0
C008886,11,765.5972727272728,8421.57,1.2222222222222223,2.5,5,3,2,Frequent High-Value Customers,0
C008887,9,641.9055555555556,5777.15,1.5,3.4,3,1,0,Budget Occasional Customers,0
C008888,13,591.1946153846154,7685.53,1.4444444444444444,3.875,7,6,2,Frequent High-Value Customers,-1
C008889,11,621.4936363636364,6836.43,1.375,3.6666666666666665,4,1,2,Frequent High-Value Customers,0
C008890,8,956.5125,7652.1,1.1428571428571428,4.0,6,1,1,Premium Basket Customers,0
C008891,11,876.700909090909,9643.71,1.5714285714285714,4.2,5,1,2,Frequent High-Value Customers,0
C008892,12,703.7441666666667,8444.93,1.3333333333333333,3.375,5,3,2,Frequent High-Value Customers,0
C008893,11,910.7581818181818,10018.34,1.375,3.857142857142857,3,5,2,Frequent High-Value Customers,0
C008894,12,844.2458333333333,10130.949999999999,1.3333333333333333,3.2222222222222223,6,2,2,Frequent High-Value Customers,0
C008895,9,685.7566666666667,6171.8099999999995,1.0,2.4,4,1,0,Budget Occasional Customers,0
C008896,6,672.1866666666666,4033.12,1.0,4.5,0,2,0,Budget Occasional Customers,0
C008897,13,764.4753846153847,9938.18,1.4444444444444444,3.5,5,3,2,Frequent High-Value Customers,0
C008898,6,1122.915,6737.49,1.5,2.5,3,0,1,Premium Basket Customers,0
C008899,5,685.5,3427.5,1.25,3.5,2,1,0,Budget Occasional Customers,0
C008900,13,706.3146153846154,9182.09,1.3,3.625,5,6,2,Frequent High-Value Customers,0
C008901,12,917.1683333333334,11006.02,1.3333333333333333,3.5454545454545454,6,3,2,Frequent High-Value Customers,0
C008902,7,868.9685714285714,6082.78,1.4,3.0,4,1,1,Premium Basket Customers,0
C008903,5,344.168,1720.84,1.25,3.8,3,0,0,Budget Occasional Customers,0
C008904,15,738.284,11074.26,1.6666666666666667,3.2,5,2,2,Frequent High-Value Customers,0
C008905,7,690.7357142857144,4835.150000000001,1.0,3.5,2,2,0,Budget Occasional Customers,0
C008906,6,861.62,5169.72,1.0,2.0,0,1,1,Premium Basket Customers,0
C008907,9,684.8333333333334,6163.5,1.125,4.166666666666667,2,2,0,Budget Occasional Customers,0
C008908,9,790.7033333333334,7116.33,1.5,3.6,2,1,0,Budget Occasional Customers,0
C008909,7,841.0699999999999,5887.49,1.1666666666666667,2.5,1,0,1,Premium Basket Customers,0
C008910,8,784.42125,6275.37,1.6,3.8333333333333335,3,2,2,Frequent High-Value Customers,0
C008911,13,711.896923076923,9254.66,1.8571428571428572,2.888888888888889,3,5,2,Frequent High-Value Customers,0
C008912,11,935.980909090909,10295.789999999999,1.2222222222222223,3.4285714285714284,5,3,2,Frequent High-Value Customers,0
C008913,8,825.84625,6606.77,1.1428571428571428,3.1666666666666665,5,1,1,Premium Basket Customers,0
C008914,7,793.7528571428572,5556.27,1.4,4.4,2,1,0,Budget Occasional Customers,0
C008915,6,962.9250000000001,5777.55,1.5,3.6,3,0,1,Premium Basket Customers,0
C008916,8,955.8399999999999,7646.719999999999,1.1428571428571428,3.4,4,3,1,Premium Basket Customers,0
C008917,9,716.7966666666666,6451.17,1.2857142857142858,4.0,4,1,0,Budget Occasional Customers,0
C008918,5,754.9019999999999,3774.5099999999998,1.0,5.0,3,0,0,Budget Occasional Customers,0
C008919,13,948.6946153846154,12333.03,1.4444444444444444,3.625,6,1,2,Frequent High-Value Customers,0
C008920,10,720.105,7201.05,1.25,3.875,0,0,0,Budget Occasional Customers,0
C008921,10,953.001,9530.01,1.4285714285714286,2.857142857142857,6,4,2,Frequent High-Value Customers,0
C008922,6,1008.7266666666666,6052.36,1.2,3.3333333333333335,1,2,1,Premium Basket Customers,0
C008923,6,808.7083333333334,4852.25,1.0,4.0,1,3,0,Budget Occasional Customers,0
C008924,10,707.985,7079.85,1.1111111111111112,3.2857142857142856,6,3,2,Frequent High-Value Customers,0
C008925,9,650.218888888889,5851.97,1.125,3.75,5,2,0,Budget Occasional Customers,0
C008926,5,1209.47,6047.35,1.0,2.75,2,1,1,Premium Basket Customers,0
C008927,5,1238.752,6193.76,1.0,2.6666666666666665,1,2,1,Premium Basket Customers,0
C008928,10,585.21,5852.1,1.4285714285714286,3.625,5,4,2,Frequent High-Value Customers,0
C008929,10,719.246,7192.46,1.1111111111111112,2.6666666666666665,5,3,2,Frequent High-Value Customers,0
C008930,14,836.4471428571429,11710.26,1.2727272727272727,2.75,5,1,2,Frequent High-Value Customers,0
C008931,6,612.4150000000001,3674.4900000000002,1.2,4.0,2,1,0,Budget Occasional Customers,0
C008932,20,713.7864999999999,14275.73,1.6666666666666667,3.6923076923076925,8,4,2,Frequent High-Value Customers,0
C008933,9,877.3411111111111,7896.07,1.125,3.4,3,2,1,Premium Basket Customers,0
C008934,10,612.0360000000001,6120.360000000001,1.0,3.6666666666666665,5,2,0,Budget Occasional Customers,0
C008935,7,648.3414285714287,4538.39,1.1666666666666667,3.3333333333333335,1,1,0,Budget Occasional Customers,0
C008936,8,817.9475,6543.58,1.0,3.8,4,1,0,Budget Occasional Customers,0
C008937,6,890.3983333333334,5342.39,1.0,1.0,1,1,1,Premium Basket Customers,0
C008938,14,646.7421428571428,9054.39,1.2727272727272727,3.7142857142857144,3,3,2,Frequent High-Value Customers,0
C008939,8,782.16125,6257.29,1.0,3.6666666666666665,2,1,0,Budget Occasional Customers,0
C008940,7,605.4171428571428,4237.92,1.0,3.5714285714285716,1,1,0,Budget Occasional Customers,0
C008941,7,832.3285714285714,5826.3,1.0,3.5,2,1,1,Premium Basket Customers,0
C008942,6,745.3933333333333,4472.36,1.2,2.5,2,0,0,Budget Occasional Customers,0
C008943,8,1012.3375,8098.7,1.1428571428571428,3.5,0,1,1,Premium Basket Customers,0
C008944,7,771.7171428571428,5402.0199999999995,1.1666666666666667,3.2,2,1,0,Budget Occasional Customers,0
C008945,9,808.2122222222222,7273.91,1.2857142857142858,1.0,3,1,1,Premium Basket Customers,-1
C008946,10,819.992,8199.92,1.1111111111111112,2.75,2,1,1,Premium Basket Customers,0
C008947,5,682.3140000000001,3411.57,2.5,4.0,1,0,2,Frequent High-Value Customers,-1
C008948,15,857.3873333333333,12860.81,1.5,3.1666666666666665,7,3,2,Frequent High-Value Customers,0
C008949,10,1039.785,10397.85,1.1111111111111112,3.4,4,2,1,Premium Basket Customers,0
C008950,7,1014.0871428571428,7098.61,1.1666666666666667,3.5,1,1,1,Premium Basket Customers,0
C008951,8,1068.07375,8544.59,1.1428571428571428,2.6,3,3,1,Premium Basket Customers,0
C008952,8,735.7175,5885.74,1.6,3.0,5,2,2,Frequent High-Value Customers,0
C008953,11,642.3890909090909,7066.28,1.2222222222222223,4.0,2,3,0,Budget Occasional Customers,0
C008954,13,682.9176923076923,8877.93,1.0833333333333333,4.0,7,2,2,Frequent High-Value Customers,0
C008955,7,930.5200000000001,6513.64,1.1666666666666667,3.6,3,0,1,Premium Basket Customers,0
C008956,11,883.55,9719.05,1.2222222222222223,3.0,6,0,2,Frequent High-Value Customers,0
C008957,11,685.0554545454545,7535.61,1.1,3.25,2,3,0,Budget Occasional Customers,0
C008958,9,870.4933333333333,7834.4400000000005,1.8,2.6,1,2,2,Frequent High-Value Customers,0
C008959,13,817.0507692307692,10621.66,1.1818181818181819,3.111111111111111,7,1,2,Frequent High-Value Customers,0
C008960,11,957.960909090909,10537.57,1.1,4.0,4,3,2,Frequent High-Value Customers,0
C008961,8,704.58,5636.64,1.0,3.7142857142857144,2,1,0,Budget Occasional Customers,0
C008962,5,594.964,2974.82,1.0,3.3333333333333335,2,0,0,Budget Occasional Customers,0
C008963,9,774.6766666666667,6972.09,1.2857142857142858,3.6666666666666665,4,2,2,Frequent High-Value Customers,0
C008964,7,856.8842857142857,5998.1900000000005,1.4,3.25,3,2,1,Premium Basket Customers,0
C008965,7,827.6728571428572,5793.71,1.0,3.6,2,0,0,Budget Occasional Customers,0
C008966,9,727.2466666666667,6545.22,1.125,3.6,3,0,0,Budget Occasional Customers,0
C008967,11,894.37,9838.07,1.5714285714285714,3.9,5,2,2,Frequent High-Value Customers,0
C008968,10,1017.326,10173.26,1.25,4.2,1,2,1,Premium Basket Customers,0
C008969,6,560.3783333333333,3362.27,1.2,3.75,1,2,0,Budget Occasional Customers,0
C008970,9,910.7511111111112,8196.76,1.2857142857142858,4.333333333333333,2,3,1,Premium Basket Customers,0
C008971,10,809.429,8094.29,1.6666666666666667,4.0,3,0,2,Frequent High-Value Customers,0
C008972,11,785.0927272727273,8636.02,1.1,2.5,6,2,2,Frequent High-Value Customers,0
C008973,8,651.055,5208.44,1.1428571428571428,3.0,4,1,0,Budget Occasional Customers,0
C008974,5,865.972,4329.86,1.0,3.8,2,1,1,Premium Basket Customers,0
C008975,12,616.2308333333334,7394.77,1.3333333333333333,3.75,3,4,2,Frequent High-Value Customers,0
C008976,12,671.1058333333334,8053.27,1.3333333333333333,3.5555555555555554,6,1,2,Frequent High-Value Customers,0
C008977,11,816.2181818181817,8978.4,1.1,4.0,3,2,0,Budget Occasional Customers,0
C008978,11,1047.4927272727273,11522.42,1.8333333333333333,3.75,5,0,2,Frequent High-Value Customers,-1
C008979,10,648.499,6484.99,1.1111111111111112,2.6,5,1,0,Budget Occasional Customers,0
C008980,13,817.0446153846153,10621.58,1.4444444444444444,3.0,7,4,2,Frequent High-Value Customers,0
C008981,10,795.771,7957.71,1.0,2.5,3,2,1,Premium Basket Customers,0
C008982,6,856.48,5138.88,1.2,4.0,1,0,1,Premium Basket Customers,0
C008983,6,964.1016666666668,5784.610000000001,1.2,3.75,1,0,1,Premium Basket Customers,0
C008984,4,610.665,2442.66,1.0,4.0,3,0,0,Budget Occasional Customers,0
C008985,7,946.4142857142857,6624.9,1.4,4.0,2,0,1,Premium Basket Customers,0
C008986,13,1001.6800000000001,13021.84,1.3,3.5,6,3,2,Frequent High-Value Customers,0
C008987,8,751.745,6013.96,1.1428571428571428,3.3333333333333335,4,1,0,Budget Occasional Customers,0
C008988,10,746.1189999999999,7461.19,1.25,3.7142857142857144,3,1,0,Budget Occasional Customers,0
C008989,8,634.05625,5072.45,1.1428571428571428,3.0,3,0,0,Budget Occasional Customers,0
C008990,9,799.1966666666666,7192.7699999999995,1.5,2.75,4,1,2,Frequent High-Value Customers,0
C008991,13,804.6446153846153,10460.38,1.3,3.6,2,5,2,Frequent High-Value Customers,0
C008992,11,792.8336363636364,8721.17,1.375,3.0,5,4,2,Frequent High-Value Customers,0
C008993,10,1037.48,10374.8,1.6666666666666667,3.8333333333333335,5,3,2,Frequent High-Value Customers,0
C008994,10,485.51300000000003,4855.13,1.25,3.0,4,2,0,Budget Occasional Customers,0
C008995,16,824.35,13189.6,1.4545454545454546,3.4,3,5,2,Frequent High-Value Customers,0
C008996,5,955.2239999999999,4776.12,1.0,2.5,0,1,1,Premium Basket Customers,0
C008997,15,675.8773333333334,10138.16,1.6666666666666667,3.888888888888889,5,4,2,Frequent High-Value Customers,0
C008998,9,763.9200000000001,6875.280000000001,1.2857142857142858,2.7142857142857144,3,2,0,Budget Occasional Customers,0
C008999,11,744.8336363636364,8193.17,1.5714285714285714,3.1666666666666665,4,3,2,Frequent High-Value Customers,0
C009000,9,614.3499999999999,5529.15,1.2857142857142858,3.6,1,2,0,Budget Occasional Customers,0
C009001,7,901.6214285714286,6311.35,1.4,3.2,0,0,1,Premium Basket Customers,0
C009002,8,498.14625,3985.17,1.3333333333333333,4.0,2,3,0,Budget Occasional Customers,0
C009003,7,559.8671428571429,3919.07,1.4,4.75,4,2,0,Budget Occasional Customers,0
C009004,12,818.9258333333333,9827.11,1.2,3.5,4,2,2,Frequent High-Value Customers,0
C009005,10,922.18,9221.8,1.4285714285714286,4.0,2,5,2,Frequent High-Value Customers,0
C009006,6,788.9866666666667,4733.92,1.2,3.4,3,1,0,Budget Occasional Customers,0
C009007,8,976.94875,7815.59,1.1428571428571428,4.0,3,2,1,Premium Basket Customers,0
C009008,9,795.5622222222222,7160.0599999999995,1.2857142857142858,3.0,2,1,0,Budget Occasional Customers,0
C009009,6,677.6116666666667,4065.67,1.5,3.5,3,0,0,Budget Occasional Customers,0
C009010,4,1175.0325,4700.13,1.0,3.0,1,0,1,Premium Basket Customers,0
C009011,8,752.78,6022.24,1.3333333333333333,3.6666666666666665,2,3,0,Budget Occasional Customers,0
C009012,9,835.0611111111111,7515.55,1.0,3.857142857142857,4,1,0,Budget Occasional Customers,0
C009013,11,683.5772727272727,7519.349999999999,1.375,2.25,3,2,2,Frequent High-Value Customers,0
C009014,9,749.0666666666667,6741.6,1.5,4.0,4,0,0,Budget Occasional Customers,0
C009015,13,769.5423076923078,10004.050000000001,1.625,4.222222222222222,4,3,2,Frequent High-Value Customers,0
C009016,8,1004.62625,8037.01,1.3333333333333333,3.5,1,2,1,Premium Basket Customers,0
C009017,8,787.46125,6299.69,1.1428571428571428,3.5,1,2,0,Budget Occasional Customers,0
C009018,4,651.3075,2605.23,1.3333333333333333,5.0,2,1,0,Budget Occasional Customers,0
C009019,17,864.2464705882353,14692.19,1.4166666666666667,3.7,6,1,2,Frequent High-Value Customers,0
C009020,6,815.235,4891.41,1.0,3.25,2,1,1,Premium Basket Customers,0
C009021,10,673.595,6735.95,1.1111111111111112,2.625,1,1,0,Budget Occasional Customers,0
C009022,12,792.5283333333333,9510.34,1.5,3.125,4,2,2,Frequent High-Value Customers,0
C009023,10,854.086,8540.86,1.4285714285714286,4.0,4,2,2,Frequent High-Value Customers,0
C009024,13,659.3346153846154,8571.35,1.1818181818181819,3.625,5,3,2,Frequent High-Value Customers,0
C009025,7,482.7714285714286,3379.4,1.1666666666666667,3.5,5,0,0,Budget Occasional Customers,0
C009026,11,613.14,6744.54,1.1,3.5,5,4,2,Frequent High-Value Customers,0
C009027,12,671.9583333333334,8063.5,1.2,3.0,7,1,2,Frequent High-Value Customers,0
C009028,14,899.3328571428572,12590.66,1.5555555555555556,3.857142857142857,6,2,2,Frequent High-Value Customers,0
C009029,8,904.35875,7234.87,1.3333333333333333,2.8,2,1,1,Premium Basket Customers,0
C009030,11,843.9672727272726,9283.64,1.2222222222222223,3.6666666666666665,6,4,2,Frequent High-Value Customers,0
C009031,8,991.38125,7931.05,1.3333333333333333,4.25,4,2,1,Premium Basket Customers,0
C009032,6,881.245,5287.47,1.2,2.6666666666666665,1,2,1,Premium Basket Customers,0
C009033,6,838.2183333333334,5029.31,1.2,3.0,2,0,1,Premium Basket Customers,0
C009034,7,626.9871428571429,4388.91,1.1666666666666667,2.6666666666666665,1,1,0,Budget Occasional Customers,0
C009035,11,996.7009090909091,10963.710000000001,1.375,4.0,3,2,2,Frequent High-Value Customers,0
C009036,7,893.51,6254.57,1.0,3.6,0,0,1,Premium Basket Customers,0
C009037,7,842.62,5898.34,1.1666666666666667,3.25,4,1,1,Premium Basket Customers,0
C009038,5,709.204,3546.02,1.0,3.0,2,1,0,Budget Occasional Customers,0
C009039,11,921.5163636363636,10136.68,1.375,3.8333333333333335,6,0,2,Frequent High-Value Customers,0
C009040,12,759.14,9109.68,1.2,3.1666666666666665,5,3,2,Frequent High-Value Customers,0
C009041,12,802.1033333333334,9625.24,1.5,3.6666666666666665,4,5,2,Frequent High-Value Customers,0
C009042,10,980.7639999999999,9807.64,1.4285714285714286,4.0,4,3,2,Frequent High-Value Customers,0
C009043,6,794.18,4765.08,1.0,4.0,3,3,0,Budget Occasional Customers,0
C009044,13,927.5338461538462,12057.94,1.4444444444444444,3.25,5,1,2,Frequent High-Value Customers,0
C009045,14,634.3642857142858,8881.1,1.2727272727272727,3.3,7,1,2,Frequent High-Value Customers,0
C009046,8,730.26375,5842.11,1.1428571428571428,4.0,3,2,0,Budget Occasional Customers,0
C009047,14,650.3842857142856,9105.38,1.4,3.142857142857143,4,1,2,Frequent High-Value Customers,0
C009048,5,689.0699999999999,3445.35,1.0,3.0,3,2,0,Budget Occasional Customers,0
C009049,8,813.6800000000001,6509.4400000000005,1.1428571428571428,3.142857142857143,4,1,0,Budget Occasional Customers,0
C009050,7,746.5585714285714,5225.91,1.4,4.0,1,1,0,Budget Occasional Customers,0
C009051,10,844.2370000000001,8442.37,1.1111111111111112,3.4,2,3,1,Premium Basket Customers,0
C009052,7,633.9428571428571,4437.599999999999,1.4,3.0,0,2,0,Budget Occasional Customers,0
C009053,4,579.85,2319.4,1.0,2.0,0,0,0,Budget Occasional Customers,0
C009054,6,713.8666666666667,4283.2,1.0,3.75,1,1,0,Budget Occasional Customers,0
C009055,6,965.1216666666666,5790.73,1.0,3.0,2,0,1,Premium Basket Customers,0
C009056,12,935.94,11231.28,1.5,3.4285714285714284,5,2,2,Frequent High-Value Customers,0
C009057,13,813.9561538461538,10581.43,1.4444444444444444,3.25,2,5,2,Frequent High-Value Customers,0
C009058,5,757.85,3789.25,1.0,3.75,2,0,0,Budget Occasional Customers,0
C009059,9,931.9377777777777,8387.439999999999,1.125,4.5,1,3,1,Premium Basket Customers,0
C009060,10,1144.545,11445.45,1.25,2.5714285714285716,2,3,1,Premium Basket Customers,0
C009061,5,687.172,3435.86,1.0,4.0,2,3,0,Budget Occasional Customers,0
C009062,6,977.2800000000001,5863.68,1.2,3.5,3,3,1,Premium Basket Customers,0
C009063,10,895.403,8954.03,1.25,3.125,2,2,1,Premium Basket Customers,0
C009064,5,961.418,4807.09,1.0,4.0,0,1,1,Premium Basket Customers,0
C009065,6,816.14,4896.84,1.2,5.0,4,0,0,Budget Occasional Customers,0
C009066,10,936.118,9361.18,1.4285714285714286,2.5,4,1,2,Frequent High-Value Customers,0
C009067,9,1101.7133333333334,9915.42,1.0,3.3333333333333335,5,2,1,Premium Basket Customers,0
C009068,10,732.254,7322.54,1.4285714285714286,3.142857142857143,4,0,0,Budget Occasional Customers,0
C009069,6,870.6833333333334,5224.1,1.2,3.4,2,2,1,Premium Basket Customers,0
C009070,9,1158.8455555555556,10429.61,1.0,3.7142857142857144,4,2,1,Premium Basket Customers,0
C009071,11,938.7636363636364,10326.4,1.5714285714285714,3.125,3,0,1,Premium Basket Customers,0
C009072,14,634.7057142857144,8885.880000000001,1.2727272727272727,3.6153846153846154,5,3,2,Frequent High-Value Customers,0
C009073,10,770.989,7709.89,1.25,3.0,3,0,0,Budget Occasional Customers,0
C009074,13,904.926153846154,11764.04,1.4444444444444444,2.375,6,3,2,Frequent High-Value Customers,0
C009075,10,522.28,5222.8,1.25,3.4,3,1,0,Budget Occasional Customers,0
C009076,9,551.3355555555555,4962.0199999999995,1.125,3.25,5,2,0,Budget Occasional Customers,0
C009077,7,758.4471428571429,5309.13,1.1666666666666667,2.6666666666666665,2,1,0,Budget Occasional Customers,0
C009078,10,612.278,6122.78,1.4285714285714286,2.7142857142857144,3,2,2,Frequent High-Value Customers,0
C009079,9,865.2433333333333,7787.19,1.2857142857142858,3.7142857142857144,2,2,1,Premium Basket Customers,0
C009080,6,545.5216666666666,3273.13,1.0,4.0,3,1,0,Budget Occasional Customers,0
C009081,10,1043.163,10431.630000000001,1.4285714285714286,3.0,5,1,2,Frequent High-Value Customers,0
C009082,10,832.4770000000001,8324.77,1.1111111111111112,3.5555555555555554,6,1,2,Frequent High-Value Customers,0
C009083,7,898.2857142857143,6288.0,1.0,4.0,1,1,1,Premium Basket Customers,0
C009084,9,745.2877777777778,6707.59,1.0,3.3333333333333335,3,1,0,Budget Occasional Customers,0
C009085,8,896.0450000000001,7168.360000000001,1.1428571428571428,3.75,0,3,1,Premium Basket Customers,0
C009086,6,765.3083333333334,4591.85,1.2,2.6666666666666665,4,1,0,Budget Occasional Customers,0
C009087,3,833.8800000000001,2501.6400000000003,1.0,3.0,0,0,1,Premium Basket Customers,0
C009088,8,1125.32375,9002.59,1.6,3.25,2,1,1,Premium Basket Customers,0
C009089,10,657.501,6575.009999999999,1.6666666666666667,3.5555555555555554,1,2,2,Frequent High-Value Customers,0
C009090,8,1033.2825,8266.26,1.6,2.5,0,3,1,Premium Basket Customers,-1
C009091,10,602.993,6029.93,1.25,3.111111111111111,2,2,0,Budget Occasional Customers,0
C009092,7,948.1785714285714,6637.25,1.4,3.0,1,1,1,Premium Basket Customers,0
C009093,9,1154.5444444444445,10390.9,1.2857142857142858,3.8333333333333335,3,1,1,Premium Basket Customers,0
C009094,5,956.274,4781.37,1.0,2.5,1,2,1,Premium Basket Customers,0
C009095,5,640.884,3204.42,1.0,3.0,2,2,0,Budget Occasional Customers,0
C009096,6,806.6066666666667,4839.64,1.2,3.25,2,0,0,Budget Occasional Customers,0
C009097,9,865.5177777777777,7789.66,1.5,3.4,3,3,2,Frequent High-Value Customers,0
C009098,9,739.4033333333333,6654.63,1.0,4.0,2,1,0,Budget Occasional Customers,0
C009099,4,977.095,3908.38,1.3333333333333333,2.5,2,1,1,Premium Basket Customers,0
C009100,12,871.535,10458.42,1.3333333333333333,3.25,4,2,2,Frequent High-Value Customers,0
C009101,7,672.8485714285714,4709.94,1.1666666666666667,2.6666666666666665,1,1,0,Budget Occasional Customers,0
C009102,9,959.0799999999999,8631.72,1.125,3.25,3,2,1,Premium Basket Customers,0
C009103,8,713.3475,5706.78,1.0,4.25,3,2,0,Budget Occasional Customers,0
C009104,9,656.7,5910.3,1.125,3.0,2,0,0,Budget Occasional Customers,0
C009105,10,673.074,6730.74,1.4285714285714286,3.125,1,3,0,Budget Occasional Customers,0
C009106,8,672.6,5380.8,1.0,2.6666666666666665,3,1,0,Budget Occasional Customers,0
C009107,7,726.1742857142857,5083.22,1.4,3.8,3,0,0,Budget Occasional Customers,0
C009108,15,562.5946666666666,8438.92,1.5,3.3,2,1,2,Frequent High-Value Customers,0
C009109,9,924.8344444444444,8323.51,2.25,3.2,2,1,2,Frequent High-Value Customers,-1
C009110,6,475.3216666666667,2851.9300000000003,1.0,4.333333333333333,4,1,0,Budget Occasional Customers,0
C009111,8,747.81875,5982.55,1.1428571428571428,1.0,4,0,1,Premium Basket Customers,0
C009112,12,775.2391666666666,9302.869999999999,2.0,3.4285714285714284,4,3,2,Frequent High-Value Customers,0
C009113,5,751.76,3758.7999999999997,1.25,4.333333333333333,2,1,0,Budget Occasional Customers,0
C009114,9,669.5444444444444,6025.9,1.125,3.8,1,1,0,Budget Occasional Customers,0
C009115,11,1140.980909090909,12550.79,1.2222222222222223,4.25,3,3,1,Premium Basket Customers,0
C009116,14,811.17,11356.38,1.4,3.5,4,4,2,Frequent High-Value Customers,0
C009117,10,906.9200000000001,9069.2,1.25,3.6,4,3,2,Frequent High-Value Customers,0
C009118,9,1052.2177777777777,9469.96,1.2857142857142858,2.75,2,0,1,Premium Basket Customers,0
C009119,7,891.9771428571429,6243.84,1.1666666666666667,3.0,3,3,1,Premium Basket Customers,0
C009120,11,1037.8827272727272,11416.71,1.375,3.5555555555555554,4,1,2,Frequent High-Value Customers,0
C009121,8,654.2175,5233.74,1.6,3.4285714285714284,2,0,0,Budget Occasional Customers,0
C009122,6,458.35166666666663,2750.1099999999997,1.5,2.8,1,2,0,Budget Occasional Customers,0
C009123,7,687.9757142857143,4815.83,1.1666666666666667,3.75,4,1,0,Budget Occasional Customers,0
C009124,5,913.316,4566.58,1.25,4.5,2,2,1,Premium Basket Customers,0
C009125,11,954.3718181818182,10498.09,1.1,3.6666666666666665,5,5,2,Frequent High-Value Customers,0
C009126,11,721.7181818181817,7938.9,1.2222222222222223,3.4285714285714284,4,3,2,Frequent High-Value Customers,0
C009127,11,765.6172727272726,8421.789999999999,1.375,3.125,4,2,2,Frequent High-Value Customers,0
C009128,9,835.9922222222223,7523.93,1.2857142857142858,4.0,6,1,2,Frequent High-Value Customers,0
C009129,12,806.3383333333333,9676.06,1.2,3.3333333333333335,4,2,2,Frequent High-Value Customers,0
C009130,6,738.7616666666667,4432.57,1.2,3.5,3,3,0,Budget Occasional Customers,0
C009131,9,1065.161111111111,9586.449999999999,1.125,3.2,1,3,1,Premium Basket Customers,0
C009132,5,531.7059999999999,2658.5299999999997,1.0,4.0,1,1,0,Budget Occasional Customers,0
C009133,10,680.0020000000001,6800.02,1.4285714285714286,2.75,6,0,2,Frequent High-Value Customers,0
C009134,10,919.9889999999999,9199.89,1.25,3.2222222222222223,4,0,1,Premium Basket Customers,0
C009135,11,857.3363636363637,9430.7,1.375,3.2857142857142856,6,2,2,Frequent High-Value Customers,0
C009136,6,1013.5916666666667,6081.55,1.0,3.0,2,0,1,Premium Basket Customers,0
C009137,13,1051.5615384615385,13670.3,1.8571428571428572,3.1666666666666665,2,4,2,Frequent High-Value Customers,-1
C009138,13,525.4853846153845,6831.3099999999995,1.1818181818181819,4.0,8,2,2,Frequent High-Value Customers,0
C009139,10,935.189,9351.89,1.25,3.9,3,2,1,Premium Basket Customers,0
C009140,8,672.9725,5383.78,1.3333333333333333,3.0,4,0,0,Budget Occasional Customers,0
C009141,10,878.726,8787.26,1.25,3.75,2,3,2,Frequent High-Value Customers,0
C009142,7,782.8457142857143,5479.92,1.0,3.8,3,2,0,Budget Occasional Customers,0
C009143,8,800.425,6403.4,1.6,2.5,1,1,1,Premium Basket Customers,0
C009144,8,744.7875,5958.3,1.1428571428571428,3.6666666666666665,4,1,0,Budget Occasional Customers,0
C009145,10,897.0889999999999,8970.89,1.0,3.142857142857143,1,1,1,Premium Basket Customers,0
C009146,10,765.301,7653.01,1.25,4.0,3,1,0,Budget Occasional Customers,0
C009147,1,1454.99,1454.99,1.0,1.0,0,0,1,Premium Basket Customers,-1
C009148,13,895.9307692307692,11647.1,1.625,3.5,4,2,2,Frequent High-Value Customers,0
C009149,10,824.903,8249.03,1.4285714285714286,3.0,2,1,1,Premium Basket Customers,0
C009150,6,850.445,5102.67,1.2,3.0,0,3,1,Premium Basket Customers,0
C009151,20,847.358,16947.16,1.8181818181818181,3.3076923076923075,8,3,2,Frequent High-Value Customers,-1
C009152,9,930.1999999999999,8371.8,1.125,3.2857142857142856,5,1,1,Premium Basket Customers,0
C009153,8,907.49125,7259.93,1.3333333333333333,3.4,3,0,1,Premium Basket Customers,0
C009154,13,843.2207692307693,10961.87,1.3,4.0,5,4,2,Frequent High-Value Customers,0
C009155,11,824.2763636363635,9067.039999999999,1.2222222222222223,3.6666666666666665,4,3,2,Frequent High-Value Customers,0
C009156,8,792.6725,6341.38,1.1428571428571428,4.0,5,1,0,Budget Occasional Customers,0
C009157,16,811.616875,12985.87,1.7777777777777777,3.5833333333333335,5,1,2,Frequent High-Value Customers,0
C009158,10,979.632,9796.32,1.25,4.0,5,1,2,Frequent High-Value Customers,0
C009159,11,1078.3654545454547,11862.02,1.1,3.2222222222222223,4,0,1,Premium Basket Customers,0
C009160,10,695.862,6958.62,1.4285714285714286,3.1666666666666665,2,3,2,Frequent High-Value Customers,0
C009161,9,911.3688888888888,8202.32,1.5,3.2,3,1,1,Premium Basket Customers,0
C009162,12,757.8650000000001,9094.380000000001,1.3333333333333333,4.5,3,2,2,Frequent High-Value Customers,0
C009163,2,795.7049999999999,1591.4099999999999,1.0,1.0,0,1,1,Premium Basket Customers,1
C009164,11,835.1463636363637,9186.61,1.2222222222222223,3.8,4,1,2,Frequent High-Value Customers,0
C009165,7,857.5085714285714,6002.5599999999995,1.1666666666666667,3.142857142857143,3,1,1,Premium Basket Customers,0
C009166,8,727.05,5816.4,1.6,3.75,3,0,0,Budget Occasional Customers,0
C009167,6,937.4666666666667,5624.8,1.2,4.0,2,2,1,Premium Basket Customers,0
C009168,6,417.16499999999996,2502.99,1.0,4.333333333333333,2,0,0,Budget Occasional Customers,0
C009169,5,1019.4280000000001,5097.14,1.25,5.0,1,1,1,Premium Basket Customers,0
C009170,6,669.9433333333333,4019.66,1.2,4.0,1,3,0,Budget Occasional Customers,0
C009171,5,874.3199999999999,4371.599999999999,1.6666666666666667,2.5,0,1,1,Premium Basket Customers,0
C009172,10,1106.554,11065.54,1.6666666666666667,3.75,0,2,1,Premium Basket Customers,0
C009173,5,1014.0040000000001,5070.02,1.25,3.6,2,1,1,Premium Basket Customers,0
C009174,12,1088.5816666666667,13062.98,1.3333333333333333,2.888888888888889,4,4,2,Frequent High-Value Customers,0
C009175,10,987.14,9871.4,1.4285714285714286,3.0,5,2,2,Frequent High-Value Customers,0
C009176,12,679.5316666666666,8154.38,1.3333333333333333,2.6666666666666665,3,2,2,Frequent High-Value Customers,0
C009177,9,834.4455555555555,7510.01,1.5,4.0,4,0,0,Budget Occasional Customers,0
C009178,6,796.6383333333333,4779.83,1.5,4.333333333333333,3,0,0,Budget Occasional Customers,0
C009179,10,754.3779999999999,7543.78,1.25,3.5,2,0,0,Budget Occasional Customers,0
C009180,7,913.4014285714285,6393.8099999999995,2.3333333333333335,3.0,1,2,2,Frequent High-Value Customers,-1
C009181,6,693.5466666666666,4161.28,1.2,3.5,2,0,0,Budget Occasional Customers,0
C009182,10,660.689,6606.889999999999,1.25,2.5,3,2,0,Budget Occasional Customers,0
C009183,14,512.5371428571428,7175.5199999999995,1.2727272727272727,3.2,5,5,2,Frequent High-Value Customers,0
C009184,11,829.4563636363637,9124.02,1.8333333333333333,3.8333333333333335,2,2,2,Frequent High-Value Customers,0
C009185,9,739.3588888888889,6654.2300000000005,1.2857142857142858,2.875,4,2,2,Frequent High-Value Customers,0
C009186,6,525.6066666666667,3153.64,1.2,2.8,4,3,0,Budget Occasional Customers,0
C009187,7,816.8214285714286,5717.75,1.1666666666666667,3.4,0,1,1,Premium Basket Customers,0
C009188,4,675.135,2700.54,1.0,4.0,1,1,0,Budget Occasional Customers,0
C009189,10,1266.426,12664.26,1.25,3.4285714285714284,4,0,1,Premium Basket Customers,0
C009190,5,637.0419999999999,3185.2099999999996,1.0,2.0,0,0,0,Budget Occasional Customers,0
C009191,11,632.9627272727273,6962.59,1.375,3.5,4,1,2,Frequent High-Value Customers,0
C009192,9,834.1877777777777,7507.69,1.125,3.25,4,1,1,Premium Basket Customers,0
C009193,8,907.90875,7263.27,1.3333333333333333,3.1666666666666665,2,0,1,Premium Basket Customers,0
C009194,9,965.75,8691.75,1.2857142857142858,3.5,2,2,1,Premium Basket Customers,0
C009195,6,1306.1666666666667,7837.0,1.0,3.4,2,2,1,Premium Basket Customers,0
C009196,12,1045.3983333333333,12544.779999999999,1.2,3.375,3,1,1,Premium Basket Customers,0
C009197,14,746.4992857142857,10450.99,1.5555555555555556,3.7142857142857144,1,1,2,Frequent High-Value Customers,0
C009198,11,627.4981818181818,6902.48,1.375,3.4285714285714284,4,2,2,Frequent High-Value Customers,0
C009199,2,963.035,1926.07,1.0,5.0,0,0,1,Premium Basket Customers,0
C009200,8,759.5437499999999,6076.349999999999,1.1428571428571428,3.0,2,0,0,Budget Occasional Customers,0
C009201,6,539.6616666666667,3237.9700000000003,1.2,2.6,2,1,0,Budget Occasional Customers,0
C009202,9,888.2944444444444,7994.65,1.5,3.4,1,3,1,Premium Basket Customers,0
C009203,9,1147.5166666666667,10327.65,1.2857142857142858,3.6,4,0,1,Premium Basket Customers,0
C009204,7,821.5442857142858,5750.81,1.4,4.0,3,1,0,Budget Occasional Customers,0
C009205,9,1123.1788888888889,10108.61,1.125,3.8,3,1,1,Premium Basket Customers,0
C009206,11,977.039090909091,10747.43,1.375,2.8333333333333335,6,5,2,Frequent High-Value Customers,0
C009207,7,834.5414285714286,5841.79,1.4,3.75,1,0,0,Budget Occasional Customers,0
C009208,6,945.495,5672.97,1.2,3.3333333333333335,3,2,1,Premium Basket Customers,0
C009209,10,794.76,7947.6,1.25,3.9,5,0,0,Budget Occasional Customers,0
C009210,9,912.5822222222222,8213.24,1.2857142857142858,3.5555555555555554,1,1,1,Premium Basket Customers,0
C009211,10,694.839,6948.39,1.1111111111111112,2.75,4,1,0,Budget Occasional Customers,0
C009212,8,996.3100000000001,7970.4800000000005,1.3333333333333333,3.4,3,1,1,Premium Basket Customers,0
C009213,10,921.439,9214.39,1.4285714285714286,2.875,2,3,2,Frequent High-Value Customers,0
C009214,7,795.6614285714286,5569.63,1.1666666666666667,3.3333333333333335,3,2,0,Budget Occasional Customers,0
C009215,11,731.3354545454546,8044.6900000000005,1.375,4.0,4,3,2,Frequent High-Value Customers,0
C009216,12,1069.8425,12838.11,1.5,3.2,3,1,2,Frequent High-Value Customers,0
C009217,7,912.4185714285715,6386.93,1.1666666666666667,3.6,2,0,1,Premium Basket Customers,0
C009218,2,954.515,1909.03,1.0,3.4196588952056444,2,1,1,Premium Basket Customers,0
C009219,13,877.6061538461538,11408.88,1.3,3.6666666666666665,7,1,2,Frequent High-Value Customers,0
C009220,4,583.8825,2335.53,1.3333333333333333,4.0,1,2,0,Budget Occasional Customers,0
C009221,13,768.4892307692309,9990.36,1.4444444444444444,3.8333333333333335,6,2,2,Frequent High-Value Customers,0
C009222,14,831.3557142857143,11638.98,1.2727272727272727,2.75,5,3,2,Frequent High-Value Customers,0
C009223,9,773.2800000000001,6959.52,1.5,3.2,4,1,2,Frequent High-Value Customers,0
C009224,5,882.384,4411.92,1.0,3.5,2,2,1,Premium Basket Customers,0
C009225,11,771.0663636363636,8481.73,1.375,4.0,3,1,2,Frequent High-Value Customers,0
C009226,9,679.1022222222223,6111.92,1.2857142857142858,3.4,3,2,0,Budget Occasional Customers,0
C009227,9,845.1666666666666,7606.5,1.2857142857142858,3.857142857142857,3,0,0,Budget Occasional Customers,0
C009228,6,917.3849999999999,5504.3099999999995,1.2,3.8,1,1,1,Premium Basket Customers,0
C009229,10,656.393,6563.93,1.25,3.5,2,2,0,Budget Occasional Customers,0
C009230,10,866.7879999999999,8667.88,1.4285714285714286,4.0,2,1,1,Premium Basket Customers,0
C009231,12,833.2716666666666,9999.26,1.5,3.4,3,1,2,Frequent High-Value Customers,0
C009232,10,797.289,7972.89,1.25,3.3333333333333335,3,2,2,Frequent High-Value Customers,0
C009233,6,928.6583333333333,5571.95,1.2,3.75,2,2,1,Premium Basket Customers,0
C009234,8,1153.90375,9231.23,1.3333333333333333,2.8,2,4,1,Premium Basket Customers,0
C009235,7,706.4957142857144,4945.47,1.0,3.75,2,0,0,Budget Occasional Customers,0
C009236,2,671.685,1343.37,1.0,4.0,1,0,0,Budget Occasional Customers,0
C009237,6,1166.1316666666667,6996.79,1.0,3.75,2,1,1,Premium Basket Customers,0
C009238,5,508.02,2540.1,1.25,4.0,3,2,0,Budget Occasional Customers,0
C009239,10,523.088,5230.88,1.25,2.8,4,3,2,Frequent High-Value Customers,0
C009240,9,742.2311111111111,6680.08,1.125,3.2,4,2,0,Budget Occasional Customers,0
C009241,10,759.8520000000001,7598.52,1.25,3.0,3,1,0,Budget Occasional Customers,0
C009242,10,821.9010000000001,8219.01,1.1111111111111112,3.6,6,0,0,Budget Occasional Customers,0
C009243,12,909.6491666666667,10915.79,1.7142857142857142,2.6666666666666665,5,1,2,Frequent High-Value Customers,0
C009244,6,819.0116666666667,4914.07,1.0,3.6,3,1,0,Budget Occasional Customers,0
C009245,11,822.0118181818183,9042.130000000001,1.375,3.8333333333333335,6,3,2,Frequent High-Value Customers,0
C009246,7,1018.2542857142859,7127.780000000001,1.0,3.0,3,1,1,Premium Basket Customers,0
C009247,10,852.609,8526.09,1.1111111111111112,4.0,3,2,0,Budget Occasional Customers,0
C009248,15,1019.7753333333334,15296.630000000001,1.3636363636363635,3.888888888888889,4,2,2,Frequent High-Value Customers,0
C009249,9,643.8833333333333,5794.95,1.125,2.5714285714285716,3,1,0,Budget Occasional Customers,0
C009250,8,783.87,6270.96,1.6,3.4,3,0,0,Budget Occasional Customers,0
C009251,13,616.2646153846154,8011.44,1.625,2.125,5,1,2,Frequent High-Value Customers,-1
C009252,7,1066.6385714285714,7466.47,1.0,3.6666666666666665,4,2,1,Premium Basket Customers,0
C009253,5,780.298,3901.4900000000002,1.0,4.0,4,0,0,Budget Occasional Customers,0
C009254,10,685.4649999999999,6854.65,1.6666666666666667,3.6666666666666665,3,3,2,Frequent High-Value Customers,0
C009255,7,676.5285714285714,4735.7,1.1666666666666667,3.75,4,2,0,Budget Occasional Customers,0
C009256,8,847.1600000000001,6777.280000000001,1.6,3.5,3,0,1,Premium Basket Customers,0
C009257,11,737.3081818181819,8110.39,1.2222222222222223,3.2,4,2,2,Frequent High-Value Customers,0
C009258,12,849.4891666666666,10193.869999999999,1.5,3.25,3,1,2,Frequent High-Value Customers,0
C009259,9,632.3266666666666,5690.94,1.5,3.375,5,1,2,Frequent High-Value Customers,0
C009260,5,599.814,2999.0699999999997,1.25,2.5,2,0,0,Budget Occasional Customers,0
C009261,9,905.9555555555556,8153.6,1.0,3.1666666666666665,6,2,2,Frequent High-Value Customers,0
C009262,7,609.4785714285715,4266.35,1.1666666666666667,4.2,3,1,0,Budget Occasional Customers,0
C009263,7,1186.6685714285716,8306.68,1.4,3.3333333333333335,1,0,1,Premium Basket Customers,0
C009264,11,743.6618181818181,8180.28,1.375,3.4444444444444446,3,0,0,Budget Occasional Customers,0
C009265,10,763.627,7636.2699999999995,1.25,3.5,2,1,0,Budget Occasional Customers,0
C009266,10,615.321,6153.21,1.4285714285714286,3.4285714285714284,4,1,0,Budget Occasional Customers,0
C009267,9,774.7577777777777,6972.82,1.125,3.6666666666666665,3,1,0,Budget Occasional Customers,0
C009268,11,741.5472727272728,8157.02,1.1,3.0,1,1,0,Budget Occasional Customers,0
C009269,7,881.9128571428572,6173.39,1.1666666666666667,4.0,6,3,2,Frequent High-Value Customers,0
C009270,9,923.2055555555556,8308.85,1.2857142857142858,2.6666666666666665,1,3,1,Premium Basket Customers,0
C009271,7,927.4871428571429,6492.41,1.0,3.5,3,2,1,Premium Basket Customers,0
C009272,16,705.198125,11283.17,1.2307692307692308,3.6666666666666665,3,5,2,Frequent High-Value Customers,0
C009273,8,756.3887500000001,6051.110000000001,1.6,3.4,4,1,2,Frequent High-Value Customers,0
C009274,6,793.2333333333332,4759.4,1.5,2.5,3,1,1,Premium Basket Customers,0
C009275,11,618.2245454545455,6800.47,1.2222222222222223,4.0,2,3,0,Budget Occasional Customers,0
C009276,7,784.3914285714285,5490.74,1.1666666666666667,4.166666666666667,2,2,0,Budget Occasional Customers,0
C009277,12,654.77,7857.24,1.5,3.75,3,1,2,Frequent High-Value Customers,0
C009278,7,1024.6928571428573,7172.85,1.1666666666666667,3.6666666666666665,1,3,1,Premium Basket Customers,0
C009279,8,787.2737500000001,6298.1900000000005,1.0,2.25,3,2,1,Premium Basket Customers,0
C009280,7,938.6114285714285,6570.28,1.4,3.4,2,3,1,Premium Basket Customers,0
C009281,7,689.8642857142858,4829.05,1.1666666666666667,3.3333333333333335,3,0,0,Budget Occasional Customers,0
C009282,13,824.0469230769231,10712.61,1.4444444444444444,3.75,7,2,2,Frequent High-Value Customers,0
C009283,14,995.6092857142856,13938.529999999999,1.75,3.0,8,3,2,Frequent High-Value Customers,0
C009284,10,838.7030000000001,8387.03,1.25,2.8333333333333335,3,0,1,Premium Basket Customers,0
C009285,11,977.4536363636363,10751.99,1.375,3.875,5,2,2,Frequent High-Value Customers,0
C009286,9,706.8555555555555,6361.7,1.125,3.6,4,3,0,Budget Occasional Customers,0
C009287,7,938.09,6566.63,1.0,3.3333333333333335,4,2,1,Premium Basket Customers,0
C009288,6,1062.295,6373.77,1.2,4.0,2,1,1,Premium Basket Customers,0
C009289,5,1114.318,5571.59,1.25,4.0,2,0,1,Premium Basket Customers,0
C009290,12,924.395,11092.74,1.3333333333333333,3.3333333333333335,3,3,2,Frequent High-Value Customers,0
C009291,21,699.3252380952381,14685.83,1.75,3.0,9,3,2,Frequent High-Value Customers,-1
C009292,8,730.6675,5845.34,1.3333333333333333,4.0,2,1,0,Budget Occasional Customers,0
C009293,7,709.6771428571428,4967.74,1.1666666666666667,3.0,3,2,0,Budget Occasional Customers,0
C009294,14,919.8721428571429,12878.210000000001,1.2727272727272727,3.4,5,3,2,Frequent High-Value Customers,0
C009295,11,778.1009090909091,8559.11,1.375,3.4285714285714284,3,1,2,Frequent High-Value Customers,0
C009296,6,744.3683333333333,4466.21,1.5,4.4,1,4,0,Budget Occasional Customers,0
C009297,7,1015.7871428571428,7110.51,1.4,3.5,1,1,1,Premium Basket Customers,0
C009298,12,984.3475,11812.17,1.3333333333333333,3.5,4,3,2,Frequent High-Value Customers,0
C009299,6,928.2216666666667,5569.33,1.2,3.0,4,0,1,Premium Basket Customers,0
C009300,10,766.904,7669.04,1.1111111111111112,3.75,4,1,0,Budget Occasional Customers,0
C009301,8,590.8825,4727.06,1.1428571428571428,3.2857142857142856,5,1,0,Budget Occasional Customers,0
C009302,12,786.6275,9439.53,1.3333333333333333,3.375,3,4,2,Frequent High-Value Customers,0
C009303,8,809.38375,6475.07,1.3333333333333333,3.3333333333333335,2,0,0,Budget Occasional Customers,0
C009304,11,1016.82,11185.02,1.0,3.25,3,3,1,Premium Basket Customers,0
C009305,11,831.3545454545455,9144.9,1.375,3.75,2,1,0,Budget Occasional Customers,0
C009306,13,965.6307692307693,12553.2,1.1818181818181819,2.5714285714285716,6,1,2,Frequent High-Value Customers,0
C009307,7,1014.6628571428571,7102.639999999999,1.0,4.5,1,2,1,Premium Basket Customers,0
C009308,5,747.624,3738.12,1.0,4.0,1,1,0,Budget Occasional Customers,0
C009309,7,706.2357142857143,4943.65,1.4,3.2,5,1,0,Budget Occasional Customers,0
C009310,13,743.1984615384615,9661.58,1.0833333333333333,3.5,3,3,2,Frequent High-Value Customers,0
C009311,8,1199.2925,9594.34,1.1428571428571428,3.25,2,0,1,Premium Basket Customers,0
C009312,7,649.5871428571428,4547.11,1.4,4.0,5,3,2,Frequent High-Value Customers,0
C009313,6,635.1833333333333,3811.1,1.0,3.3333333333333335,3,2,0,Budget Occasional Customers,0
C009314,9,761.9888888888888,6857.9,1.125,3.6666666666666665,0,2,0,Budget Occasional Customers,0
C009315,11,819.4781818181818,9014.26,1.2222222222222223,3.7142857142857144,5,3,2,Frequent High-Value Customers,0
C009316,14,777.5928571428573,10886.300000000001,1.1666666666666667,3.0,4,3,2,Frequent High-Value Customers,0
C009317,5,610.524,3052.62,1.0,3.25,1,1,0,Budget Occasional Customers,0
C009318,12,873.9050000000001,10486.86,1.2,3.625,5,1,2,Frequent High-Value Customers,0
C009319,11,984.4118181818183,10828.53,1.1,3.4,1,1,1,Premium Basket Customers,0
C009320,13,986.2353846153845,12821.06,1.3,3.5,5,2,2,Frequent High-Value Customers,0
C009321,6,1075.9716666666666,6455.83,1.0,3.6666666666666665,1,1,1,Premium Basket Customers,0
C009322,3,884.18,2652.54,1.0,3.4196588952056444,2,1,1,Premium Basket Customers,0
C009323,2,827.6949999999999,1655.3899999999999,1.0,4.5,1,0,0,Budget Occasional Customers,0
C009324,6,805.8850000000001,4835.31,1.2,4.0,2,1,0,Budget Occasional Customers,0
C009325,12,1156.0241666666668,13872.29,1.5,3.5,4,2,2,Frequent High-Value Customers,0
C009326,10,772.835,7728.35,1.25,4.166666666666667,4,1,0,Budget Occasional Customers,0
C009327,8,1164.835,9318.68,1.3333333333333333,3.3333333333333335,3,1,1,Premium Basket Customers,0
C009328,11,706.6309090909091,7772.94,1.1,3.125,5,0,0,Budget Occasional Customers,0
C009329,12,869.7741666666667,10437.29,1.3333333333333333,3.6,3,4,2,Frequent High-Value Customers,0
C009330,8,991.97375,7935.79,1.1428571428571428,3.142857142857143,2,1,1,Premium Basket Customers,0
C009331,6,949.9716666666667,5699.83,1.2,3.8,1,2,1,Premium Basket Customers,0
C009332,7,609.9885714285714,4269.92,1.1666666666666667,4.0,3,3,0,Budget Occasional Customers,0
C009333,10,887.635,8876.35,1.4285714285714286,3.4444444444444446,0,3,1,Premium Basket Customers,0
C009334,8,762.24625,6097.97,1.3333333333333333,3.6666666666666665,4,1,0,Budget Occasional Customers,0
C009335,8,637.05625,5096.45,1.0,2.6666666666666665,1,0,0,Budget Occasional Customers,0
C009336,9,905.7988888888889,8152.19,1.125,3.142857142857143,2,1,1,Premium Basket Customers,0
C009337,11,907.3327272727273,9980.66,1.2222222222222223,3.375,3,1,1,Premium Basket Customers,0
C009338,16,869.87875,13918.06,1.6,3.6666666666666665,6,5,2,Frequent High-Value Customers,0
C009339,13,695.3307692307692,9039.3,1.4444444444444444,3.6,5,3,2,Frequent High-Value Customers,0
C009340,9,1055.881111111111,9502.93,1.2857142857142858,3.5,2,2,1,Premium Basket Customers,0
C009341,4,974.655,3898.62,1.0,3.5,2,0,1,Premium Basket Customers,0
C009342,11,780.1463636363637,8581.61,1.375,2.6666666666666665,4,2,2,Frequent High-Value Customers,0
C009343,12,935.8341666666666,11230.01,1.2,3.3333333333333335,5,3,2,Frequent High-Value Customers,0
C009344,10,935.698,9356.98,1.25,2.3333333333333335,3,2,1,Premium Basket Customers,0
C009345,8,724.3,5794.4,1.0,2.8,5,2,0,Budget Occasional Customers,0
C009346,8,791.35875,6330.87,1.3333333333333333,3.3333333333333335,4,2,2,Frequent High-Value Customers,0
C009347,8,850.52625,6804.21,1.3333333333333333,3.5,2,3,1,Premium Basket Customers,0
C009348,7,695.5471428571428,4868.83,1.0,2.8333333333333335,1,0,0,Budget Occasional Customers,0
C009349,6,768.3716666666666,4610.23,1.5,4.333333333333333,4,2,0,Budget Occasional Customers,0
C009350,7,828.0314285714285,5796.219999999999,1.1666666666666667,3.0,3,2,1,Premium Basket Customers,0
C009351,13,844.0453846153846,10972.59,2.1666666666666665,3.25,6,3,2,Frequent High-Value Customers,0
C009352,7,675.6257142857143,4729.38,1.4,2.3333333333333335,4,2,0,Budget Occasional Customers,0
C009353,8,876.77625,7014.21,1.3333333333333333,3.25,4,1,1,Premium Basket Customers,0
C009354,9,800.0466666666666,7200.42,1.2857142857142858,3.5,4,1,0,Budget Occasional Customers,0
C009355,8,626.815,5014.52,1.6,3.2,3,1,0,Budget Occasional Customers,0
C009356,3,569.5233333333333,1708.57,1.5,3.5,2,0,0,Budget Occasional Customers,0
C009357,4,1366.3075,5465.23,1.0,5.0,2,0,1,Premium Basket Customers,0
C009358,13,779.2646153846155,10130.44,1.4444444444444444,3.5833333333333335,1,1,2,Frequent High-Value Customers,0
C009359,8,679.11375,5432.91,1.6,3.0,3,2,2,Frequent High-Value Customers,0
C009360,13,847.7192307692308,11020.35,1.4444444444444444,3.888888888888889,6,1,2,Frequent High-Value Customers,0
C009361,4,974.6099999999999,3898.4399999999996,1.3333333333333333,3.0,0,1,1,Premium Basket Customers,0
C009362,10,580.417,5804.17,1.1111111111111112,3.1666666666666665,4,3,0,Budget Occasional Customers,0
C009363,8,1033.90375,8271.23,1.6,4.0,3,0,1,Premium Basket Customers,0
C009364,6,449.03833333333336,2694.23,1.5,3.4196588952056444,3,0,0,Budget Occasional Customers,0
C009365,9,620.4855555555555,5584.37,1.2857142857142858,3.1666666666666665,2,4,0,Budget Occasional Customers,0
C009366,4,1173.89,4695.56,1.0,4.0,1,0,1,Premium Basket Customers,0
C009367,12,669.2333333333333,8030.8,1.7142857142857142,3.0,3,1,2,Frequent High-Value Customers,0
C009368,16,772.995,12367.92,1.4545454545454546,2.8461538461538463,6,2,2,Frequent High-Value Customers,0
C009369,10,948.528,9485.28,1.25,4.166666666666667,3,0,1,Premium Basket Customers,0
C009370,7,968.4585714285714,6779.21,1.4,3.75,1,1,1,Premium Basket Customers,0
C009371,7,1179.76,8258.32,1.1666666666666667,3.0,2,1,1,Premium Basket Customers,0
C009372,11,739.7781818181819,8137.56,1.5714285714285714,3.5555555555555554,2,4,2,Frequent High-Value Customers,0
C009373,9,679.8966666666666,6119.07,1.125,3.25,1,2,0,Budget Occasional Customers,0
C009374,12,668.5808333333333,8022.97,1.2,3.5,3,1,0,Budget Occasional Customers,0
C009375,6,526.36,3158.16,1.0,2.8,1,1,0,Budget Occasional Customers,0
C009376,9,627.9077777777778,5651.17,1.8,4.5,5,2,2,Frequent High-Value Customers,0
C009377,9,804.3511111111111,7239.16,1.125,4.166666666666667,3,2,0,Budget Occasional Customers,0
C009378,6,1126.9266666666667,6761.56,1.2,4.0,0,1,1,Premium Basket Customers,0
C009379,9,762.4055555555556,6861.65,1.125,3.0,5,1,0,Budget Occasional Customers,0
C009380,14,560.0778571428572,7841.09,1.5555555555555556,3.875,6,2,2,Frequent High-Value Customers,0
C009381,11,736.9954545454545,8106.95,1.375,3.2,4,3,2,Frequent High-Value Customers,0
C009382,10,640.934,6409.34,1.25,3.142857142857143,4,2,2,Frequent High-Value Customers,0
C009383,9,861.8833333333333,7756.95,1.2857142857142858,3.2,4,1,1,Premium Basket Customers,0
C009384,5,910.4359999999999,4552.179999999999,1.25,4.0,2,1,1,Premium Basket Customers,0
C009385,9,615.9733333333334,5543.76,1.2857142857142858,4.166666666666667,3,3,0,Budget Occasional Customers,0
C009386,11,623.4990909090909,6858.49,1.2222222222222223,3.0,3,4,2,Frequent High-Value Customers,0
C009387,7,831.6514285714286,5821.56,1.1666666666666667,3.0,1,1,1,Premium Basket Customers,0
C009388,7,871.8728571428571,6103.11,1.4,2.6666666666666665,1,1,1,Premium Basket Customers,0
C009389,16,585.186875,9362.99,1.6,3.25,6,0,2,Frequent High-Value Customers,0
C009390,8,655.6949999999999,5245.5599999999995,1.3333333333333333,3.0,1,1,0,Budget Occasional Customers,0
C009391,18,779.6016666666667,14032.83,1.8,3.4,7,1,2,Frequent High-Value Customers,0
C009392,5,652.3140000000001,3261.57,1.25,3.6666666666666665,0,2,0,Budget Occasional Customers,0
C009393,13,822.1692307692308,10688.2,1.1818181818181819,3.0,2,0,1,Premium Basket Customers,0
C009394,12,882.4250000000001,10589.1,1.3333333333333333,3.4,4,1,2,Frequent High-Value Customers,0
C009395,4,653.385,2613.54,1.0,2.6666666666666665,0,3,0,Budget Occasional Customers,0
C009396,12,704.4775,8453.73,1.5,3.375,6,2,2,Frequent High-Value Customers,0
C009397,16,701.451875,11223.23,1.4545454545454546,3.5454545454545454,2,4,2,Frequent High-Value Customers,0
C009398,7,789.62,5527.34,1.1666666666666667,2.75,6,0,0,Budget Occasional Customers,0
C009399,14,761.6050000000001,10662.470000000001,1.75,3.25,8,5,2,Frequent High-Value Customers,0
C009400,14,902.6392857142857,12636.95,1.4,3.090909090909091,6,3,2,Frequent High-Value Customers,0
C009401,8,922.8425,7382.74,1.3333333333333333,4.6,2,2,1,Premium Basket Customers,0
C009402,5,1097.97,5489.85,1.25,1.0,1,2,1,Premium Basket Customers,-1
C009403,20,926.2295,18524.59,2.0,3.727272727272727,3,0,2,Frequent High-Value Customers,-1
C009404,6,771.9566666666666,4631.74,1.2,3.0,3,0,0,Budget Occasional Customers,0
C009405,10,968.232,9682.32,1.6666666666666667,4.4,3,1,2,Frequent High-Value Customers,0
C009406,10,896.441,8964.41,1.4285714285714286,2.5714285714285716,4,1,2,Frequent High-Value Customers,0
C009407,10,739.114,7391.14,1.4285714285714286,3.6666666666666665,2,0,0,Budget Occasional Customers,0
C009408,6,683.5783333333334,4101.47,1.0,3.3333333333333335,3,3,0,Budget Occasional Customers,0
C009409,16,943.9968749999999,15103.949999999999,1.2307692307692308,3.7,7,2,2,Frequent High-Value Customers,0
C009410,6,854.2466666666666,5125.48,1.5,3.3333333333333335,2,1,1,Premium Basket Customers,0
C009411,13,621.8446153846154,8083.98,1.625,3.6,1,3,2,Frequent High-Value Customers,0
C009412,11,781.6536363636365,8598.19,1.2222222222222223,3.75,4,1,2,Frequent High-Value Customers,0
C009413,9,1039.9288888888889,9359.36,1.2857142857142858,3.1666666666666665,4,2,1,Premium Basket Customers,0
C009414,7,874.1485714285715,6119.04,1.1666666666666667,4.0,4,3,0,Budget Occasional Customers,0
C009415,7,832.4257142857142,5826.98,1.0,2.75,3,1,1,Premium Basket Customers,0
C009416,7,928.3428571428573,6498.400000000001,1.0,3.6,1,1,1,Premium Basket Customers,0
C009417,6,816.7683333333334,4900.610000000001,1.2,4.0,0,1,0,Budget Occasional Customers,0
C009418,6,754.1683333333334,4525.01,1.0,3.25,3,2,0,Budget Occasional Customers,0
C009419,14,773.6707142857142,10831.39,1.4,3.6666666666666665,6,2,2,Frequent High-Value Customers,0
C009420,7,705.2314285714285,4936.62,1.0,2.0,4,1,0,Budget Occasional Customers,0
C009421,12,931.7908333333334,11181.49,1.3333333333333333,3.375,4,2,2,Frequent High-Value Customers,0
C009422,8,776.5275,6212.22,1.3333333333333333,3.0,1,1,0,Budget Occasional Customers,0
C009423,13,862.0953846153845,11207.24,1.1818181818181819,3.125,3,2,2,Frequent High-Value Customers,0
C009424,10,533.77,5337.7,1.1111111111111112,3.4,4,1,0,Budget Occasional Customers,0
C009425,12,662.8341666666666,7954.01,1.7142857142857142,3.8,5,4,2,Frequent High-Value Customers,0
C009426,8,1248.88,9991.04,1.3333333333333333,2.5,3,2,1,Premium Basket Customers,0
C009427,8,808.9875,6471.9,1.3333333333333333,4.0,2,1,0,Budget Occasional Customers,0
C009428,9,1008.4677777777777,9076.21,1.5,4.25,4,0,1,Premium Basket Customers,0
C009429,12,853.4458333333333,10241.35,1.5,3.2222222222222223,2,2,2,Frequent High-Value Customers,0
C009430,10,840.043,8400.43,1.4285714285714286,4.5,5,2,2,Frequent High-Value Customers,0
C009431,12,809.3216666666667,9711.86,1.3333333333333333,4.0,5,3,2,Frequent High-Value Customers,0
C009432,11,831.4154545454545,9145.57,1.375,3.4285714285714284,3,2,2,Frequent High-Value Customers,0
C009433,9,690.8811111111112,6217.93,1.125,3.25,1,2,0,Budget Occasional Customers,0
C009434,4,681.1725,2724.69,1.0,3.6666666666666665,3,1,0,Budget Occasional Customers,0
C009435,15,968.0446666666667,14520.67,1.5,3.5833333333333335,4,2,2,Frequent High-Value Customers,0
C009436,11,825.0272727272727,9075.3,1.375,3.5714285714285716,5,3,2,Frequent High-Value Customers,0
C009437,5,1063.128,5315.639999999999,1.25,2.3333333333333335,2,1,1,Premium Basket Customers,0
C009438,16,956.65125,15306.42,1.4545454545454546,3.5555555555555554,9,2,2,Frequent High-Value Customers,0
C009439,6,599.0716666666667,3594.4300000000003,1.5,3.5,2,4,0,Budget Occasional Customers,0
C009440,9,958.24,8624.16,1.5,3.0,4,1,1,Premium Basket Customers,0
C009441,15,925.702,13885.53,1.6666666666666667,3.0,5,2,2,Frequent High-Value Customers,0
C009442,12,661.7433333333333,7940.92,1.2,3.6666666666666665,3,1,0,Budget Occasional Customers,0
C009443,12,749.8275,8997.93,1.3333333333333333,3.25,3,2,2,Frequent High-Value Customers,0
C009444,12,1091.3741666666667,13096.49,1.3333333333333333,3.2857142857142856,5,3,2,Frequent High-Value Customers,0
C009445,13,862.9761538461539,11218.69,1.625,3.7777777777777777,3,2,2,Frequent High-Value Customers,0
C009446,4,814.225,3256.9,1.0,3.3333333333333335,2,1,0,Budget Occasional Customers,0
C009447,14,828.722857142857,11602.119999999999,1.5555555555555556,3.272727272727273,4,1,2,Frequent High-Value Customers,0
C009448,8,665.8199999999999,5326.5599999999995,1.0,4.333333333333333,3,2,0,Budget Occasional Customers,0
C009449,9,668.4566666666666,6016.11,1.2857142857142858,2.5,3,0,0,Budget Occasional Customers,0
C009450,11,621.3427272727272,6834.7699999999995,1.2222222222222223,3.4285714285714284,5,3,2,Frequent High-Value Customers,0
C009451,12,714.6866666666666,8576.24,1.5,3.3333333333333335,8,1,2,Frequent High-Value Customers,0
C009452,8,891.5725,7132.58,1.1428571428571428,2.8333333333333335,2,1,1,Premium Basket Customers,0
C009453,11,810.1118181818182,8911.23,1.2222222222222223,4.2,1,3,0,Budget Occasional Customers,0
C009454,14,812.4492857142858,11374.29,1.75,4.0,2,7,2,Frequent High-Value Customers,-1
C009455,8,819.2875,6554.3,1.1428571428571428,3.4,2,2,0,Budget Occasional Customers,0
C009456,5,958.1940000000001,4790.97,1.0,4.0,2,1,1,Premium Basket Customers,0
C009457,10,474.43,4744.3,1.4285714285714286,3.25,4,1,0,Budget Occasional Customers,0
C009458,8,1124.935,8999.48,1.1428571428571428,3.3333333333333335,3,2,1,Premium Basket Customers,0
C009459,10,865.969,8659.69,1.25,4.6,4,1,0,Budget Occasional Customers,0
C009460,7,903.4171428571428,6323.92,1.1666666666666667,2.75,2,1,1,Premium Basket Customers,0
C009461,5,783.758,3918.79,1.0,3.5,0,0,0,Budget Occasional Customers,0
C009462,13,1000.0423076923076,13000.55,1.3,3.6666666666666665,6,1,2,Frequent High-Value Customers,0
C009463,13,1012.5469230769231,13163.11,1.8571428571428572,2.2857142857142856,2,1,2,Frequent High-Value Customers,-1
C009464,13,739.3146153846154,9611.09,1.625,3.3333333333333335,5,3,2,Frequent High-Value Customers,0
C009465,6,1257.5983333333334,7545.59,1.0,4.5,3,1,1,Premium Basket Customers,0
C009466,10,969.8309999999999,9698.31,1.4285714285714286,3.6666666666666665,3,2,2,Frequent High-Value Customers,0
C009467,12,818.4208333333332,9821.05,1.3333333333333333,3.6666666666666665,4,3,2,Frequent High-Value Customers,0
C009468,8,1051.38375,8411.07,1.3333333333333333,3.8333333333333335,2,0,1,Premium Basket Customers,0
C009469,6,507.84666666666664,3047.08,1.5,4.0,4,2,0,Budget Occasional Customers,0
C009470,3,465.7266666666667,1397.18,1.0,2.0,1,0,0,Budget Occasional Customers,0
C009471,11,791.3072727272728,8704.380000000001,1.2222222222222223,3.625,8,4,2,Frequent High-Value Customers,0
C009472,8,947.97125,7583.77,1.1428571428571428,4.2,2,2,1,Premium Basket Customers,0
C009473,10,652.976,6529.76,1.25,3.0,5,1,2,Frequent High-Value Customers,0
C009474,6,973.0766666666667,5838.46,1.2,2.75,1,1,1,Premium Basket Customers,0
C009475,9,619.94,5579.46,1.2857142857142858,3.6666666666666665,3,2,0,Budget Occasional Customers,0
C009476,8,785.2725,6282.18,1.0,3.0,2,4,0,Budget Occasional Customers,0
C009477,8,827.595,6620.76,1.3333333333333333,3.0,1,2,1,Premium Basket Customers,0
C009478,10,651.986,6519.86,1.4285714285714286,3.125,5,3,2,Frequent High-Value Customers,0
C009479,12,669.1258333333334,8029.51,1.2,3.375,2,2,0,Budget Occasional Customers,0
C009480,9,937.5911111111111,8438.32,1.125,4.333333333333333,3,1,1,Premium Basket Customers,0
C009481,14,726.2371428571429,10167.32,1.4,3.7142857142857144,4,3,2,Frequent High-Value Customers,0
C009482,7,909.4871428571429,6366.41,1.1666666666666667,4.333333333333333,2,3,1,Premium Basket Customers,0
C009483,9,937.3877777777777,8436.49,1.2857142857142858,2.3333333333333335,2,2,1,Premium Basket Customers,0
C009484,11,960.4727272727273,10565.2,1.2222222222222223,3.0,4,2,2,Frequent High-Value Customers,0
C009485,7,873.9857142857143,6117.9,1.1666666666666667,3.0,2,2,1,Premium Basket Customers,0
C009486,7,769.4899999999999,5386.429999999999,1.4,3.0,2,4,2,Frequent High-Value Customers,0
C009487,6,740.5516666666666,4443.3099999999995,1.2,2.4,2,0,0,Budget Occasional Customers,0
C009488,11,772.9090909090909,8502.0,1.375,3.8333333333333335,7,1,2,Frequent High-Value Customers,0
C009489,10,912.925,9129.25,1.4285714285714286,3.75,0,1,1,Premium Basket Customers,0
C009490,4,972.1925,3888.77,1.0,2.5,2,0,1,Premium Basket Customers,0
C009491,11,749.4827272727272,8244.31,1.2222222222222223,3.0,2,2,0,Budget Occasional Customers,0
C009492,5,752.308,3761.54,1.0,3.5,2,2,0,Budget Occasional Customers,0
C009493,10,473.91099999999994,4739.11,1.4285714285714286,2.8,5,2,2,Frequent High-Value Customers,0
C009494,6,625.0416666666666,3750.25,2.0,3.75,4,0,2,Frequent High-Value Customers,0
C009495,10,845.6510000000001,8456.51,1.1111111111111112,3.0,1,3,1,Premium Basket Customers,0
C009496,6,748.5683333333333,4491.41,1.2,4.333333333333333,2,2,0,Budget Occasional Customers,0
C009497,15,868.7,13030.5,1.25,4.0,4,4,2,Frequent High-Value Customers,0
C009498,7,427.26000000000005,2990.82,1.1666666666666667,3.0,4,0,0,Budget Occasional Customers,0
C009499,7,612.1314285714286,4284.92,1.1666666666666667,2.3333333333333335,3,3,0,Budget Occasional Customers,0
C009500,10,769.0530000000001,7690.530000000001,1.25,3.8333333333333335,2,0,0,Budget Occasional Customers,0
C009501,12,859.7016666666667,10316.42,1.3333333333333333,3.5714285714285716,5,1,2,Frequent High-Value Customers,0
C009502,8,688.6525,5509.22,1.1428571428571428,3.5714285714285716,1,1,0,Budget Occasional Customers,0
C009503,9,991.791111111111,8926.119999999999,1.2857142857142858,3.6666666666666665,4,4,2,Frequent High-Value Customers,0
C009504,7,879.3871428571429,6155.71,1.0,3.0,2,4,1,Premium Basket Customers,0
C009505,7,644.4142857142857,4510.9,1.1666666666666667,3.2,2,0,0,Budget Occasional Customers,0
C009506,9,790.4444444444445,7114.0,1.5,3.6666666666666665,4,2,2,Frequent High-Value Customers,0
C009507,10,856.72,8567.2,1.25,3.7142857142857144,4,2,2,Frequent High-Value Customers,0
C009508,11,791.0218181818182,8701.24,1.8333333333333333,3.4285714285714284,4,3,2,Frequent High-Value Customers,0
C009509,10,575.98,5759.8,1.1111111111111112,3.6666666666666665,5,4,2,Frequent High-Value Customers,0
C009510,10,550.443,5504.429999999999,1.25,3.4,5,0,0,Budget Occasional Customers,0
C009511,7,859.3514285714285,6015.46,1.0,4.666666666666667,4,1,0,Budget Occasional Customers,0
C009512,8,1233.52125,9868.17,1.6,3.2,3,3,1,Premium Basket Customers,0
C009513,4,655.4499999999999,2621.7999999999997,1.3333333333333333,3.6666666666666665,2,0,0,Budget Occasional Customers,0
C009514,11,914.59,10060.49,1.375,3.5714285714285716,2,1,1,Premium Basket Customers,0
C009515,6,798.665,4791.99,1.2,3.0,1,2,1,Premium Basket Customers,0
C009516,6,515.6683333333333,3094.0099999999998,1.2,3.3333333333333335,1,1,0,Budget Occasional Customers,0
C009517,4,947.5725,3790.29,1.3333333333333333,3.5,2,0,1,Premium Basket Customers,0
C009518,8,814.14625,6513.17,1.0,3.0,2,2,1,Premium Basket Customers,0
C009519,13,885.5961538461538,11512.75,1.625,4.0,6,2,2,Frequent High-Value Customers,0
C009520,10,626.3720000000001,6263.72,1.0,3.8333333333333335,6,2,0,Budget Occasional Customers,0
C009521,9,920.6477777777777,8285.83,1.0,3.3333333333333335,2,2,1,Premium Basket Customers,0
C009522,8,1131.055,9048.44,1.3333333333333333,3.0,2,0,1,Premium Basket Customers,0
C009523,7,585.08,4095.56,1.1666666666666667,3.5,4,0,0,Budget Occasional Customers,0
C009524,6,709.79,4258.74,1.2,3.3333333333333335,4,0,0,Budget Occasional Customers,0
C009525,6,794.1516666666666,4764.91,1.2,3.0,4,2,0,Budget Occasional Customers,0
C009526,14,750.9092857142857,10512.73,1.75,3.6666666666666665,3,3,2,Frequent High-Value Customers,0
C009527,12,1008.86,12106.32,1.2,3.0,4,4,2,Frequent High-Value Customers,0
C009528,9,752.5622222222222,6773.0599999999995,1.2857142857142858,3.8,3,4,2,Frequent High-Value Customers,0
C009529,9,727.218888888889,6544.97,1.125,3.4285714285714284,5,1,0,Budget Occasional Customers,0
C009530,10,556.432,5564.32,1.25,3.8333333333333335,3,3,0,Budget Occasional Customers,0
C009531,4,1114.165,4456.66,1.0,3.6666666666666665,2,1,1,Premium Basket Customers,0
C009532,10,928.631,9286.31,1.25,3.8,4,0,1,Premium Basket Customers,0
C009533,11,1049.979090909091,11549.77,1.375,4.0,2,2,1,Premium Basket Customers,0
C009534,10,838.0110000000001,8380.11,1.4285714285714286,3.5714285714285716,4,1,2,Frequent High-Value Customers,0
C009535,12,1065.9091666666666,12790.91,1.3333333333333333,3.2857142857142856,5,4,2,Frequent High-Value Customers,0
C009536,10,935.0840000000001,9350.84,1.4285714285714286,3.625,2,1,1,Premium Basket Customers,0
C009537,12,606.57,7278.84,1.2,3.5555555555555554,5,4,2,Frequent High-Value Customers,0
C009538,15,660.8553333333333,9912.83,1.3636363636363635,2.727272727272727,6,3,2,Frequent High-Value Customers,0
C009539,12,992.7216666666667,11912.66,1.3333333333333333,4.0,4,3,2,Frequent High-Value Customers,0
C009540,15,919.272,13789.08,1.3636363636363635,3.0,5,4,2,Frequent High-Value Customers,0
C009541,13,784.0638461538462,10192.83,1.3,2.875,5,1,2,Frequent High-Value Customers,0
C009542,11,1042.1563636363635,11463.72,1.8333333333333333,3.5714285714285716,1,2,2,Frequent High-Value Customers,0
C009543,7,1083.6357142857144,7585.450000000001,1.1666666666666667,4.0,1,0,1,Premium Basket Customers,0
C009544,11,879.4709090909091,9674.18,1.2222222222222223,3.7142857142857144,5,4,2,Frequent High-Value Customers,0
C009545,9,455.0866666666667,4095.78,1.125,4.0,1,3,0,Budget Occasional Customers,0
C009546,7,977.6999999999999,6843.9,1.1666666666666667,4.0,1,1,1,Premium Basket Customers,0
C009547,8,740.5125,5924.1,1.3333333333333333,3.2,3,1,0,Budget Occasional Customers,0
C009548,7,823.0,5761.0,1.1666666666666667,3.0,1,3,1,Premium Basket Customers,0
C009549,4,521.2,2084.8,1.3333333333333333,4.333333333333333,1,1,0,Budget Occasional Customers,0
C009550,7,921.4885714285714,6450.42,1.1666666666666667,3.5714285714285716,2,2,1,Premium Basket Customers,0
C009551,4,825.1524999999999,3300.6099999999997,1.0,3.0,2,2,1,Premium Basket Customers,0
C009552,14,923.7685714285715,12932.76,1.75,3.875,8,4,2,Frequent High-Value Customers,0
C009553,10,866.604,8666.04,1.25,3.5,4,3,2,Frequent High-Value Customers,0
C009554,6,963.3633333333333,5780.18,3.0,2.8333333333333335,5,2,2,Frequent High-Value Customers,-1
C009555,12,758.3458333333333,9100.15,1.2,3.8,7,2,2,Frequent High-Value Customers,0
C009556,11,662.6327272727273,7288.96,1.2222222222222223,2.75,6,0,2,Frequent High-Value Customers,0
C009557,8,844.9825,6759.86,1.1428571428571428,3.6666666666666665,2,1,1,Premium Basket Customers,0
C009558,8,831.73375,6653.87,1.0,4.2,1,2,0,Budget Occasional Customers,0
C009559,3,830.0466666666666,2490.14,1.0,3.0,1,0,1,Premium Basket Customers,0
C009560,8,904.46,7235.68,1.3333333333333333,2.0,2,3,1,Premium Basket Customers,0
C009561,10,966.347,9663.47,1.6666666666666667,3.2,2,2,2,Frequent High-Value Customers,0
C009562,8,839.32875,6714.63,1.3333333333333333,4.0,1,1,0,Budget Occasional Customers,0
C009563,7,705.3985714285715,4937.79,1.1666666666666667,4.25,2,0,0,Budget Occasional Customers,0
C009564,13,742.9061538461539,9657.78,1.4444444444444444,3.9,5,2,2,Frequent High-Value Customers,0
C009565,11,637.7918181818181,7015.71,1.5714285714285714,3.3333333333333335,3,3,2,Frequent High-Value Customers,0
C009566,11,916.7063636363637,10083.77,1.2222222222222223,3.8333333333333335,8,1,2,Frequent High-Value Customers,0
C009567,12,788.0466666666666,9456.56,1.3333333333333333,2.7142857142857144,3,1,2,Frequent High-Value Customers,0
C009568,12,692.1991666666667,8306.39,1.5,3.1666666666666665,3,0,2,Frequent High-Value Customers,0
C009569,9,864.72,7782.4800000000005,1.2857142857142858,3.8333333333333335,2,0,1,Premium Basket Customers,0
C009570,4,977.835,3911.34,1.0,3.0,0,1,1,Premium Basket Customers,0
C009571,15,816.3126666666667,12244.69,1.3636363636363635,3.25,2,3,2,Frequent High-Value Customers,0
C009572,11,655.6472727272727,7212.12,1.375,2.8333333333333335,6,2,2,Frequent High-Value Customers,0
C009573,7,857.4700000000001,6002.290000000001,1.1666666666666667,3.8333333333333335,3,2,0,Budget Occasional Customers,0
C009574,10,758.144,7581.44,1.25,3.75,1,4,0,Budget Occasional Customers,0
C009575,8,728.35375,5826.83,1.3333333333333333,3.6,2,1,0,Budget Occasional Customers,0
C009576,10,562.0060000000001,5620.06,1.1111111111111112,4.25,4,2,0,Budget Occasional Customers,0
C009577,16,792.03625,12672.58,2.0,2.6666666666666665,5,4,2,Frequent High-Value Customers,0
C009578,11,973.2718181818182,10705.99,1.2222222222222223,3.0,2,2,1,Premium Basket Customers,0
C009579,6,781.0949999999999,4686.57,1.0,3.4,3,0,0,Budget Occasional Customers,0
C009580,13,935.4476923076923,12160.82,1.1818181818181819,2.5714285714285716,4,1,2,Frequent High-Value Customers,0
C009581,6,1181.7316666666668,7090.39,1.2,3.6666666666666665,3,2,1,Premium Basket Customers,0
C009582,13,874.2784615384616,11365.62,1.3,2.5,9,3,2,Frequent High-Value Customers,0
C009583,6,892.8283333333333,5356.969999999999,1.2,3.0,1,1,1,Premium Basket Customers,0
C009584,14,788.2828571428571,11035.96,1.2727272727272727,4.666666666666667,5,6,2,Frequent High-Value Customers,-1
C009585,7,1076.0142857142857,7532.099999999999,1.4,2.8,3,0,1,Premium Basket Customers,0
C009586,9,839.7366666666667,7557.63,1.125,3.3333333333333335,3,3,1,Premium Basket Customers,0
C009587,13,754.2546153846154,9805.31,1.4444444444444444,2.7777777777777777,6,3,2,Frequent High-Value Customers,0
C009588,9,1083.2166666666667,9748.95,1.125,4.25,3,4,1,Premium Basket Customers,0
C009589,8,932.1737499999999,7457.389999999999,1.3333333333333333,3.5,4,0,1,Premium Basket Customers,0
C009590,16,670.500625,10728.01,1.6,3.090909090909091,6,5,2,Frequent High-Value Customers,0
C009591,12,854.785,10257.42,1.3333333333333333,3.0,8,3,2,Frequent High-Value Customers,0
C009592,7,805.66,5639.62,1.0,4.0,3,2,0,Budget Occasional Customers,0
C009593,6,947.2033333333334,5683.22,1.0,3.0,1,2,1,Premium Basket Customers,0
C009594,9,822.5777777777778,7403.2,1.5,2.6666666666666665,6,2,2,Frequent High-Value Customers,0
C009595,10,967.1659999999999,9671.66,1.0,3.0,5,1,1,Premium Basket Customers,0
C009596,16,609.99625,9759.94,1.4545454545454546,3.1666666666666665,7,3,2,Frequent High-Value Customers,0
C009597,7,852.2314285714285,5965.62,1.0,3.3333333333333335,2,0,1,Premium Basket Customers,0
C009598,8,923.47875,7387.83,1.3333333333333333,4.666666666666667,3,2,1,Premium Basket Customers,0
C009599,7,874.4499999999999,6121.15,1.4,4.0,3,1,1,Premium Basket Customers,0
C009600,11,952.5972727272728,10478.57,1.1,2.7777777777777777,4,2,1,Premium Basket Customers,0
C009601,14,897.2328571428571,12561.26,1.4,4.0,4,2,2,Frequent High-Value Customers,0
C009602,13,998.1292307692308,12975.68,1.3,3.0,4,2,2,Frequent High-Value Customers,0
C009603,13,622.4438461538462,8091.77,1.3,3.6666666666666665,5,3,2,Frequent High-Value Customers,0
C009604,6,871.18,5227.08,1.0,3.0,1,2,1,Premium Basket Customers,0
C009605,9,759.6655555555556,6836.99,1.5,5.0,4,3,2,Frequent High-Value Customers,0
C009606,4,483.21500000000003,1932.8600000000001,1.0,4.0,0,2,0,Budget Occasional Customers,0
C009607,8,784.47875,6275.83,1.1428571428571428,3.8,2,3,0,Budget Occasional Customers,0
C009608,9,842.0944444444444,7578.85,2.25,3.5714285714285716,2,1,2,Frequent High-Value Customers,-1
C009609,9,1147.8333333333333,10330.5,1.2857142857142858,3.25,5,1,1,Premium Basket Customers,0
C009610,13,814.2376923076923,10585.09,1.1818181818181819,3.2857142857142856,3,2,2,Frequent High-Value Customers,0
C009611,8,870.09375,6960.75,1.3333333333333333,1.5,2,4,1,Premium Basket Customers,0
C009612,16,697.20875,11155.34,1.4545454545454546,3.75,5,1,2,Frequent High-Value Customers,0
C009613,6,701.5883333333335,4209.530000000001,1.2,4.25,1,2,0,Budget Occasional Customers,0
C009614,6,978.39,5870.34,1.0,2.0,5,0,1,Premium Basket Customers,0
C009615,11,842.3790909090909,9266.17,1.2222222222222223,2.6666666666666665,1,3,1,Premium Basket Customers,0
C009616,10,658.351,6583.51,1.4285714285714286,3.1666666666666665,4,1,2,Frequent High-Value Customers,0
C009617,10,855.524,8555.24,1.1111111111111112,3.625,6,2,2,Frequent High-Value Customers,0
C009618,15,643.2180000000001,9648.27,1.3636363636363635,4.142857142857143,4,5,2,Frequent High-Value Customers,0
C009619,9,1093.1766666666667,9838.59,1.2857142857142858,3.875,2,2,1,Premium Basket Customers,0
C009620,10,634.354,6343.54,1.1111111111111112,3.6,5,1,0,Budget Occasional Customers,0
C009621,6,730.2216666666667,4381.33,1.2,3.0,2,1,0,Budget Occasional Customers,0
C009622,3,505.23333333333335,1515.7,1.0,4.333333333333333,1,2,0,Budget Occasional Customers,0
C009623,7,1013.91,7097.37,1.0,4.25,5,0,1,Premium Basket Customers,0
C009624,7,846.2685714285715,5923.88,1.4,2.3333333333333335,0,1,1,Premium Basket Customers,0
C009625,9,751.3133333333333,6761.82,1.2857142857142858,3.0,4,2,2,Frequent High-Value Customers,0
C009626,13,1077.9023076923077,14012.73,1.4444444444444444,3.75,5,2,2,Frequent High-Value Customers,0
C009627,10,720.571,7205.71,1.0,3.375,4,1,0,Budget Occasional Customers,0
C009628,8,1015.0,8120.0,1.3333333333333333,3.0,2,0,1,Premium Basket Customers,0
C009629,4,1133.0425,4532.17,1.0,1.0,2,0,1,Premium Basket Customers,-1
C009630,7,712.2942857142856,4986.0599999999995,1.1666666666666667,3.3333333333333335,3,1,0,Budget Occasional Customers,0
C009631,10,951.939,9519.39,1.25,3.5,6,2,2,Frequent High-Value Customers,0
C009632,11,916.8490909090909,10085.34,1.375,2.8333333333333335,4,1,2,Frequent High-Value Customers,0
C009633,8,606.87625,4855.01,1.3333333333333333,4.2,2,0,0,Budget Occasional Customers,0
C009634,5,541.754,2708.77,1.25,3.6666666666666665,3,2,0,Budget Occasional Customers,0
C009635,8,1021.0775,8168.62,1.1428571428571428,3.0,4,1,1,Premium Basket Customers,0
C009636,6,645.7883333333333,3874.73,1.0,3.25,4,2,0,Budget Occasional Customers,0
C009637,7,991.2971428571428,6939.08,1.1666666666666667,3.5,2,2,1,Premium Basket Customers,0
C009638,10,1072.3960000000002,10723.960000000001,1.6666666666666667,4.428571428571429,6,3,2,Frequent High-Value Customers,0
C009639,8,818.58875,6548.71,1.1428571428571428,3.8333333333333335,1,3,0,Budget Occasional Customers,0
C009640,9,865.1544444444445,7786.39,1.2857142857142858,3.6666666666666665,3,2,1,Premium Basket Customers,0
C009641,15,634.8926666666666,9523.39,1.5,3.3333333333333335,3,1,2,Frequent High-Value Customers,0
C009642,9,763.2688888888889,6869.42,1.125,2.857142857142857,5,0,0,Budget Occasional Customers,0
C009643,13,670.0607692307692,8710.789999999999,1.625,3.272727272727273,2,4,2,Frequent High-Value Customers,0
C009644,13,584.67,7600.71,1.3,3.4,4,2,2,Frequent High-Value Customers,0
C009645,7,665.5114285714286,4658.58,1.1666666666666667,3.8,3,3,0,Budget Occasional Customers,0
C009646,4,836.4975,3345.99,1.0,3.0,1,1,1,Premium Basket Customers,0
C009647,10,1025.223,10252.23,1.25,3.3333333333333335,6,3,2,Frequent High-Value Customers,0
C009648,11,1006.5709090909091,11072.28,1.375,3.25,2,3,2,Frequent High-Value Customers,0
C009649,11,988.2554545454545,10870.81,1.2222222222222223,3.857142857142857,4,1,1,Premium Basket Customers,0
C009650,15,759.2593333333333,11388.89,1.25,3.272727272727273,8,1,2,Frequent High-Value Customers,0
C009651,5,1226.408,6132.04,1.0,3.6666666666666665,1,0,1,Premium Basket Customers,0
C009652,11,734.2645454545454,8076.91,1.5714285714285714,3.6666666666666665,3,3,2,Frequent High-Value Customers,0
C009653,7,787.29,5511.03,1.4,4.0,3,2,0,Budget Occasional Customers,0
C009654,11,756.75,8324.25,1.2222222222222223,3.7142857142857144,5,1,2,Frequent High-Value Customers,0
C009655,10,749.433,7494.33,1.4285714285714286,3.2,2,2,2,Frequent High-Value Customers,0
C009656,7,860.8657142857143,6026.0599999999995,1.0,3.6,2,0,1,Premium Basket Customers,0
C009657,12,823.3325,9879.99,1.7142857142857142,1.8571428571428572,3,0,2,Frequent High-Value Customers,-1
C009658,5,1090.4,5452.0,1.25,3.6666666666666665,2,0,1,Premium Basket Customers,0
C009659,8,583.11625,4664.93,1.3333333333333333,3.3333333333333335,5,3,2,Frequent High-Value Customers,0
C009660,9,1053.5744444444445,9482.17,1.2857142857142858,3.8333333333333335,1,3,1,Premium Basket Customers,0
C009661,15,869.704,13045.56,1.5,3.1666666666666665,4,0,2,Frequent High-Value Customers,0
C009662,8,857.6212499999999,6860.969999999999,1.0,3.1666666666666665,1,2,1,Premium Basket Customers,0
C009663,4,724.58,2898.32,1.3333333333333333,3.3333333333333335,3,1,0,Budget Occasional Customers,0
C009664,8,926.0675,7408.54,1.1428571428571428,3.4285714285714284,2,1,1,Premium Basket Customers,0
C009665,11,642.0263636363636,7062.29,1.375,2.625,3,3,2,Frequent High-Value Customers,0
C009666,8,949.6375,7597.1,1.3333333333333333,4.25,2,1,1,Premium Basket Customers,0
C009667,8,671.245,5369.96,1.1428571428571428,3.8,2,3,0,Budget Occasional Customers,0
C009668,6,1193.3133333333333,7159.879999999999,1.2,2.75,0,2,1,Premium Basket Customers,0
C009669,10,871.0630000000001,8710.630000000001,1.25,4.0,3,4,2,Frequent High-Value Customers,0
C009670,11,768.5909090909091,8454.5,1.5714285714285714,3.857142857142857,3,0,2,Frequent High-Value Customers,0
C009671,14,970.4507142857143,13586.31,1.75,3.4444444444444446,5,5,2,Frequent High-Value Customers,0
C009672,7,938.8985714285715,6572.29,1.4,4.0,6,2,2,Frequent High-Value Customers,0
C009673,12,669.8616666666667,8038.34,1.3333333333333333,3.4444444444444446,4,2,2,Frequent High-Value Customers,0
C009674,5,1212.358,6061.79,1.0,4.0,1,0,1,Premium Basket Customers,0
C009675,7,883.9071428571427,6187.349999999999,1.0,3.5,4,1,1,Premium Basket Customers,0
C009676,9,835.7844444444445,7522.06,1.2857142857142858,3.5,4,0,1,Premium Basket Customers,0
C009677,12,1141.5025,13698.03,1.5,3.0,6,3,2,Frequent High-Value Customers,0
C009678,10,848.53,8485.3,1.4285714285714286,3.0,7,0,2,Frequent High-Value Customers,0
C009679,11,748.4972727272726,8233.47,1.375,3.7142857142857144,5,0,2,Frequent High-Value Customers,0
C009680,10,847.508,8475.08,2.0,3.6666666666666665,3,1,2,Frequent High-Value Customers,0
C009681,10,499.96400000000006,4999.64,1.25,3.5,2,3,0,Budget Occasional Customers,0
C009682,11,872.3881818181818,9596.27,1.1,3.0,4,2,2,Frequent High-Value Customers,0
C009683,10,970.296,9702.960000000001,1.4285714285714286,3.125,2,4,2,Frequent High-Value Customers,0
C009684,7,654.3199999999999,4580.24,1.4,3.75,2,2,0,Budget Occasional Customers,0
C009685,6,776.6033333333334,4659.62,1.5,2.0,1,1,1,Premium Basket Customers,0
C009686,5,652.324,3261.62,1.0,4.333333333333333,4,1,0,Budget Occasional Customers,0
C009687,11,1126.0590909090909,12386.65,1.5714285714285714,3.3333333333333335,5,1,2,Frequent High-Value Customers,0
C009688,7,844.6014285714285,5912.21,1.1666666666666667,4.333333333333333,1,2,0,Budget Occasional Customers,0
C009689,5,754.142,3770.71,1.25,2.0,1,1,1,Premium Basket Customers,0
C009690,8,1016.3475000000001,8130.780000000001,1.1428571428571428,4.25,4,2,1,Premium Basket Customers,0
C009691,11,851.7818181818183,9369.6,1.2222222222222223,4.333333333333333,4,1,2,Frequent High-Value Customers,0
C009692,3,857.3233333333334,2571.9700000000003,1.5,3.4196588952056444,0,0,1,Premium Basket Customers,0
C009693,5,515.132,2575.66,1.0,3.8,2,1,0,Budget Occasional Customers,0
C009694,3,1252.5600000000002,3757.6800000000003,1.5,3.6666666666666665,1,0,1,Premium Basket Customers,0
C009695,5,649.846,3249.23,1.0,4.0,1,0,0,Budget Occasional Customers,0
C009696,11,546.9281818181818,6016.21,1.0,3.75,5,3,2,Frequent High-Value Customers,0
C009697,7,894.8828571428572,6264.18,1.0,2.8333333333333335,3,2,1,Premium Basket Customers,0
C009698,6,1032.215,6193.29,1.2,3.0,0,0,1,Premium Basket Customers,0
C009699,13,746.376923076923,9702.9,1.3,3.4,3,2,2,Frequent High-Value Customers,0
C009700,5,1167.336,5836.68,1.25,2.3333333333333335,2,2,1,Premium Basket Customers,0
C009701,17,543.4511764705883,9238.67,1.5454545454545454,3.2222222222222223,3,6,2,Frequent High-Value Customers,-1
C009702,11,841.8709090909091,9260.58,1.1,2.375,6,2,2,Frequent High-Value Customers,0
C009703,7,742.6514285714286,5198.56,1.0,3.6,4,3,0,Budget Occasional Customers,0
C009704,6,1212.6583333333333,7275.95,1.0,3.8,3,1,1,Premium Basket Customers,0
C009705,10,1094.355,10943.55,1.25,3.5,4,4,2,Frequent High-Value Customers,0
C009706,9,564.4822222222223,5080.34,1.0,3.25,6,0,0,Budget Occasional Customers,0
C009707,10,614.045,6140.45,1.25,2.6,3,2,0,Budget Occasional Customers,0
C009708,6,727.5,4365.0,1.0,3.3333333333333335,3,0,0,Budget Occasional Customers,0
C009709,11,988.7718181818182,10876.49,1.375,3.8333333333333335,4,2,2,Frequent High-Value Customers,0
C009710,3,672.7633333333333,2018.29,1.0,2.5,0,0,0,Budget Occasional Customers,0
C009711,13,939.4492307692308,12212.84,1.625,4.0,3,3,2,Frequent High-Value Customers,0
C009712,9,623.56,5612.04,1.125,2.4285714285714284,4,4,2,Frequent High-Value Customers,0
C009713,9,545.4555555555556,4909.1,1.125,3.1666666666666665,1,2,0,Budget Occasional Customers,0
C009714,9,836.968888888889,7532.72,1.2857142857142858,4.0,5,1,2,Frequent High-Value Customers,0
C009715,10,555.471,5554.71,1.25,3.142857142857143,2,3,0,Budget Occasional Customers,0
C009716,7,740.3257142857144,5182.280000000001,1.1666666666666667,2.0,4,0,1,Premium Basket Customers,0
C009717,10,835.2210000000001,8352.210000000001,1.4285714285714286,4.0,4,2,2,Frequent High-Value Customers,0
C009718,7,1016.6157142857143,7116.3099999999995,1.1666666666666667,4.0,2,2,1,Premium Basket Customers,0
C009719,13,794.0076923076923,10322.1,1.4444444444444444,3.5,4,1,2,Frequent High-Value Customers,0
C009720,9,727.2833333333333,6545.55,1.2857142857142858,3.8333333333333335,3,2,0,Budget Occasional Customers,0
C009721,3,946.8066666666667,2840.42,1.0,3.0,1,0,1,Premium Basket Customers,0
C009722,9,1039.9955555555555,9359.96,1.5,3.6666666666666665,4,0,1,Premium Basket Customers,0
C009723,12,691.0275,8292.33,1.3333333333333333,2.2857142857142856,4,1,2,Frequent High-Value Customers,0
C009724,6,732.025,4392.15,1.2,3.75,1,0,0,Budget Occasional Customers,0
C009725,9,903.5811111111111,8132.23,1.125,4.0,4,1,1,Premium Basket Customers,0
C009726,8,767.04875,6136.39,1.3333333333333333,2.6666666666666665,3,1,0,Budget Occasional Customers,0
C009727,8,787.91875,6303.35,1.1428571428571428,3.4,2,2,0,Budget Occasional Customers,0
C009728,9,736.8666666666667,6631.8,1.2857142857142858,3.3333333333333335,3,2,0,Budget Occasional Customers,0
C009729,10,823.344,8233.44,1.25,4.2,4,0,0,Budget Occasional Customers,0
C009730,8,812.02,6496.16,1.1428571428571428,4.0,4,1,0,Budget Occasional Customers,0
C009731,10,879.796,8797.960000000001,1.0,3.0,7,4,2,Frequent High-Value Customers,0
C009732,14,885.9464285714286,12403.25,1.4,3.1,5,5,2,Frequent High-Value Customers,0
C009733,10,776.806,7768.06,1.25,3.0,5,0,0,Budget Occasional Customers,0
C009734,8,1029.31125,8234.49,1.3333333333333333,2.8,5,1,1,Premium Basket Customers,0
C009735,9,772.1666666666666,6949.5,1.2857142857142858,4.0,2,2,0,Budget Occasional Customers,0
C009736,15,971.3666666666667,14570.5,1.6666666666666667,3.7777777777777777,6,4,2,Frequent High-Value Customers,0
C009737,3,636.7933333333334,1910.38,1.0,2.0,1,1,0,Budget Occasional Customers,0
C009738,9,1033.8333333333333,9304.5,1.0,4.0,3,2,1,Premium Basket Customers,0
C009739,5,999.2940000000001,4996.47,1.0,4.25,4,0,1,Premium Basket Customers,0
C009740,8,775.4325,6203.46,1.1428571428571428,4.0,2,2,0,Budget Occasional Customers,0
C009741,10,1102.549,11025.49,1.25,4.0,2,2,1,Premium Basket Customers,0
C009742,13,959.636923076923,12475.279999999999,1.4444444444444444,3.125,6,2,2,Frequent High-Value Customers,0
C009743,10,727.384,7273.84,1.1111111111111112,3.5,4,2,0,Budget Occasional Customers,0
C009744,5,510.884,2554.42,1.0,3.6666666666666665,2,0,0,Budget Occasional Customers,0
C009745,8,867.5,6940.0,1.1428571428571428,3.6666666666666665,1,2,1,Premium Basket Customers,0
C009746,5,755.312,3776.56,1.0,2.5,1,1,0,Budget Occasional Customers,0
C009747,8,927.89625,7423.17,1.3333333333333333,2.75,1,1,1,Premium Basket Customers,0
C009748,18,535.9066666666666,9646.32,1.6363636363636365,3.3333333333333335,8,1,2,Frequent High-Value Customers,-1
C009749,15,1079.802,16197.029999999999,1.6666666666666667,3.75,9,3,2,Frequent High-Value Customers,-1
C009750,10,965.283,9652.83,1.1111111111111112,3.0,5,3,2,Frequent High-Value Customers,0
C009751,8,626.35125,5010.81,1.6,3.6,2,2,0,Budget Occasional Customers,0
C009752,13,875.7415384615384,11384.64,1.3,3.8,2,3,2,Frequent High-Value Customers,0
C009753,6,512.7933333333334,3076.76,1.5,3.4,2,2,0,Budget Occasional Customers,0
C009754,9,901.4622222222222,8113.16,1.0,3.6666666666666665,5,1,1,Premium Basket Customers,0
C009755,9,752.9466666666667,6776.52,1.2857142857142858,3.2,2,1,0,Budget Occasional Customers,0
C009756,3,1167.63,3502.8900000000003,1.0,4.0,0,1,1,Premium Basket Customers,0
C009757,2,1216.645,2433.29,1.0,5.0,1,0,1,Premium Basket Customers,-1
C009758,7,893.9742857142857,6257.82,1.0,3.5,3,2,1,Premium Basket Customers,0
C009759,7,700.8257142857144,4905.780000000001,1.1666666666666667,3.2,1,2,0,Budget Occasional Customers,0
C009760,5,687.086,3435.43,1.0,4.25,3,0,0,Budget Occasional Customers,0
C009761,13,856.6723076923076,11136.74,1.3,2.875,6,3,2,Frequent High-Value Customers,0
C009762,11,690.1254545454545,7591.38,1.2222222222222223,3.6666666666666665,3,2,0,Budget Occasional Customers,0
C009763,10,699.9069999999999,6999.07,1.25,3.5714285714285716,2,1,0,Budget Occasional Customers,0
C009764,11,907.070909090909,9977.779999999999,1.1,3.0,3,5,2,Frequent High-Value Customers,0
C009765,10,764.056,7640.56,1.25,3.75,3,2,0,Budget Occasional Customers,0
C009766,7,984.7842857142857,6893.49,1.1666666666666667,3.6,3,0,1,Premium Basket Customers,0
C009767,9,786.3455555555556,7077.110000000001,1.2857142857142858,3.0,2,1,0,Budget Occasional Customers,0
C009768,14,711.5935714285714,9962.31,1.2727272727272727,3.6666666666666665,2,1,2,Frequent High-Value Customers,0
C009769,8,747.3612499999999,5978.889999999999,1.1428571428571428,3.0,0,1,0,Budget Occasional Customers,0
C009770,12,763.0183333333333,9156.22,1.5,3.5555555555555554,2,2,2,Frequent High-Value Customers,0
C009771,9,602.8111111111111,5425.3,1.125,3.4285714285714284,2,4,0,Budget Occasional Customers,0
C009772,10,697.99,6979.9,1.25,3.5714285714285716,2,2,0,Budget Occasional Customers,0
C009773,7,1099.1142857142856,7693.8,1.1666666666666667,3.25,2,4,1,Premium Basket Customers,0
C009774,5,932.448,4662.24,1.25,3.5,1,1,1,Premium Basket Customers,0
C009775,6,921.5633333333334,5529.38,1.2,3.0,1,1,1,Premium Basket Customers,0
C009776,7,920.6242857142857,6444.37,1.0,3.0,2,2,1,Premium Basket Customers,0
C009777,19,825.0268421052632,15675.51,1.5833333333333333,3.1538461538461537,5,2,2,Frequent High-Value Customers,0
C009778,10,916.9739999999999,9169.74,1.4285714285714286,3.0,5,2,2,Frequent High-Value Customers,0
C009779,10,1085.3809999999999,10853.81,1.25,2.857142857142857,3,0,1,Premium Basket Customers,0
C009780,9,991.6877777777778,8925.19,1.2857142857142858,3.4,4,1,1,Premium Basket Customers,0
C009781,10,627.202,6272.0199999999995,1.4285714285714286,2.8333333333333335,5,1,2,Frequent High-Value Customers,0
C009782,9,501.9111111111111,4517.2,1.2857142857142858,3.6,4,3,0,Budget Occasional Customers,0
C009783,8,1121.07625,8968.61,1.3333333333333333,3.8333333333333335,3,0,1,Premium Basket Customers,0
C009784,13,644.9623076923077,8384.51,1.4444444444444444,2.75,3,3,2,Frequent High-Value Customers,0
C009785,7,792.5585714285714,5547.91,1.1666666666666667,2.6666666666666665,4,0,1,Premium Basket Customers,0
C009786,6,822.6133333333333,4935.68,1.2,3.3333333333333335,4,1,0,Budget Occasional Customers,0
C009787,14,814.6792857142857,11405.51,1.5555555555555556,2.8,8,3,2,Frequent High-Value Customers,0
C009788,9,955.2711111111112,8597.44,1.5,3.2,3,3,2,Frequent High-Value Customers,0
C009789,8,1017.335,8138.68,1.6,3.6,3,1,1,Premium Basket Customers,0
C009790,3,788.6933333333333,2366.08,1.0,3.0,0,0,1,Premium Basket Customers,0
C009791,8,898.77,7190.16,1.6,3.75,2,1,1,Premium Basket Customers,0
C009792,11,943.4,10377.4,1.5714285714285714,3.0,3,1,2,Frequent High-Value Customers,0
C009793,17,808.0011764705882,13736.02,1.7,3.4,6,3,2,Frequent High-Value Customers,0
C009794,6,847.4666666666666,5084.799999999999,1.0,3.0,1,0,1,Premium Basket Customers,0
C009795,15,848.2446666666667,12723.67,1.6666666666666667,3.727272727272727,4,2,2,Frequent High-Value Customers,0
C009796,6,861.2883333333333,5167.73,1.2,2.6666666666666665,3,0,1,Premium Basket Customers,0
C009797,16,880.4525,14087.24,2.0,3.3846153846153846,8,4,2,Frequent High-Value Customers,-1
C009798,6,865.1283333333334,5190.77,1.0,3.3333333333333335,2,2,1,Premium Basket Customers,0
C009799,11,906.03,9966.33,1.1,3.6,1,3,1,Premium Basket Customers,0
C009800,7,911.7099999999999,6381.969999999999,1.0,2.5,3,3,1,Premium Basket Customers,0
C009801,14,624.1492857142857,8738.09,1.1666666666666667,3.875,7,3,2,Frequent High-Value Customers,0
C009802,13,866.4484615384615,11263.83,1.1818181818181819,3.7777777777777777,5,1,2,Frequent High-Value Customers,0
C009803,4,563.3925,2253.57,1.0,2.0,1,1,0,Budget Occasional Customers,0
C009804,13,932.8084615384615,12126.51,1.3,2.75,4,0,2,Frequent High-Value Customers,0
C009805,11,754.4090909090909,8298.5,1.2222222222222223,2.2,5,4,2,Frequent High-Value Customers,0
C009806,5,840.668,4203.34,1.0,3.5,1,2,1,Premium Basket Customers,0
C009807,5,848.0540000000001,4240.27,1.6666666666666667,3.0,3,0,1,Premium Basket Customers,0
C009808,6,652.045,3912.27,1.2,2.0,0,1,0,Budget Occasional Customers,0
C009809,8,866.4525,6931.62,1.0,4.0,2,0,1,Premium Basket Customers,0
C009810,10,775.9190000000001,7759.1900000000005,1.25,3.25,3,1,0,Budget Occasional Customers,0
C009811,10,684.118,6841.18,1.4285714285714286,4.0,3,2,2,Frequent High-Value Customers,0
C009812,9,617.8466666666667,5560.62,1.5,3.8333333333333335,6,1,2,Frequent High-Value Customers,0
C009813,9,715.4122222222222,6438.71,1.2857142857142858,3.2,2,3,0,Budget Occasional Customers,0
C009814,7,627.1585714285713,4390.11,1.1666666666666667,2.5,2,4,0,Budget Occasional Customers,0
C009815,6,705.8516666666666,4235.11,1.0,4.0,4,1,0,Budget Occasional Customers,0
C009816,7,687.3185714285713,4811.23,1.0,4.0,1,2,0,Budget Occasional Customers,0
C009817,9,695.7255555555555,6261.53,1.0,3.875,3,0,0,Budget Occasional Customers,0
C009818,10,547.87,5478.7,1.4285714285714286,3.0,3,2,0,Budget Occasional Customers,0
C009819,4,1156.4825,4625.93,1.3333333333333333,4.0,1,0,1,Premium Basket Customers,0
C009820,8,949.85,7598.8,1.3333333333333333,3.8333333333333335,3,2,1,Premium Basket Customers,0
C009821,11,877.7181818181817,9654.9,1.5714285714285714,3.125,3,1,2,Frequent High-Value Customers,0
C009822,10,663.755,6637.55,1.1111111111111112,2.8333333333333335,3,1,0,Budget Occasional Customers,0
C009823,11,1034.2136363636364,11376.35,1.2222222222222223,3.7142857142857144,4,1,1,Premium Basket Customers,0
C009824,6,827.3216666666667,4963.93,1.0,2.6666666666666665,3,0,1,Premium Basket Customers,0
C009825,11,755.6818181818181,8312.5,1.375,3.875,5,3,2,Frequent High-Value Customers,0
C009826,17,696.1517647058823,11834.58,1.4166666666666667,3.5833333333333335,7,4,2,Frequent High-Value Customers,0
C009827,4,877.71,3510.84,1.3333333333333333,5.0,3,0,0,Budget Occasional Customers,0
C009828,10,620.725,6207.25,1.4285714285714286,3.0,4,1,2,Frequent High-Value Customers,0
C009829,8,785.7975,6286.38,1.1428571428571428,3.3333333333333335,1,1,0,Budget Occasional Customers,0
C009830,5,1328.3,6641.5,1.0,4.0,3,1,1,Premium Basket Customers,0
C009831,8,719.81875,5758.55,1.1428571428571428,3.2,5,5,2,Frequent High-Value Customers,0
C009832,9,756.4077777777778,6807.67,1.125,4.333333333333333,3,3,0,Budget Occasional Customers,0
C009833,2,786.775,1573.55,1.0,3.5,0,1,0,Budget Occasional Customers,0
C009834,5,1000.7719999999999,5003.86,1.0,4.0,2,1,1,Premium Basket Customers,0
C009835,7,775.5200000000001,5428.64,1.0,4.0,3,0,0,Budget Occasional Customers,0
C009836,14,777.4735714285714,10884.63,1.4,4.0,10,5,2,Frequent High-Value Customers,-1
C009837,12,485.19416666666666,5822.33,1.3333333333333333,3.6,3,2,0,Budget Occasional Customers,0
C009838,9,484.9433333333333,4364.49,1.125,3.4,0,0,0,Budget Occasional Customers,0
C009839,15,807.936,12119.04,1.875,3.7,6,1,2,Frequent High-Value Customers,0
C009840,10,758.5029999999999,7585.03,1.4285714285714286,3.8333333333333335,4,2,2,Frequent High-Value Customers,0
C009841,12,855.2866666666667,10263.44,1.5,4.142857142857143,4,2,2,Frequent High-Value Customers,0
C009842,11,791.2754545454546,8704.03,1.2222222222222223,3.4,2,1,0,Budget Occasional Customers,0
C009843,4,619.25,2477.0,1.0,3.5,1,1,0,Budget Occasional Customers,0
C009844,8,859.99375,6879.95,1.1428571428571428,4.0,3,2,0,Budget Occasional Customers,0
C009845,8,726.9825000000001,5815.860000000001,1.1428571428571428,3.7142857142857144,2,0,0,Budget Occasional Customers,0
C009846,4,830.425,3321.7,1.0,3.0,2,0,1,Premium Basket Customers,0
C009847,19,630.9642105263158,11988.32,1.4615384615384615,3.272727272727273,3,5,2,Frequent High-Value Customers,0
C009848,9,964.1922222222222,8677.73,1.125,3.5714285714285716,2,1,1,Premium Basket Customers,0
C009849,15,713.4066666666666,10701.1,1.3636363636363635,3.25,7,4,2,Frequent High-Value Customers,0
C009850,8,1028.26125,8226.09,1.1428571428571428,2.8333333333333335,2,1,1,Premium Basket Customers,0
C009851,10,745.6220000000001,7456.22,1.25,3.5714285714285716,6,2,2,Frequent High-Value Customers,0
C009852,7,799.0971428571429,5593.68,1.4,3.75,3,2,0,Budget Occasional Customers,0
C009853,9,641.42,5772.78,1.2857142857142858,3.1666666666666665,2,2,0,Budget Occasional Customers,0
C009854,7,864.1657142857142,6049.16,1.1666666666666667,3.3333333333333335,1,0,1,Premium Basket Customers,0
C009855,7,1079.4571428571428,7556.2,1.4,3.0,1,2,1,Premium Basket Customers,0
C009856,6,832.8333333333334,4997.0,1.0,4.333333333333333,1,1,0,Budget Occasional Customers,0
C009857,11,805.7536363636365,8863.29,1.375,4.111111111111111,3,5,2,Frequent High-Value Customers,0
C009858,9,925.52,8329.68,1.125,5.0,2,3,0,Budget Occasional Customers,0
C009859,7,728.9842857142858,5102.89,1.1666666666666667,3.0,3,0,0,Budget Occasional Customers,0
C009860,14,813.4035714285714,11387.65,1.4,3.5454545454545454,2,1,2,Frequent High-Value Customers,0
C009861,9,698.1500000000001,6283.35,1.125,3.6666666666666665,4,1,0,Budget Occasional Customers,0
C009862,12,767.7166666666667,9212.6,1.3333333333333333,3.2222222222222223,3,2,2,Frequent High-Value Customers,0
C009863,5,978.266,4891.33,1.25,3.6666666666666665,4,0,1,Premium Basket Customers,0
C009864,5,992.708,4963.54,1.25,3.5,3,3,1,Premium Basket Customers,0
C009865,3,602.8166666666666,1808.4499999999998,1.0,3.0,3,0,0,Budget Occasional Customers,0
C009866,9,852.4411111111111,7671.97,1.2857142857142858,3.5,5,1,2,Frequent High-Value Customers,0
C009867,6,952.0383333333333,5712.23,1.5,2.6666666666666665,4,0,1,Premium Basket Customers,0
C009868,6,842.98,5057.88,1.0,3.0,0,0,1,Premium Basket Customers,0
C009869,9,978.0300000000001,8802.27,1.125,3.0,4,2,1,Premium Basket Customers,0
C009870,11,949.9927272727273,10449.92,1.1,3.875,3,0,1,Premium Basket Customers,0
C009871,5,654.972,3274.8599999999997,1.0,4.5,3,1,0,Budget Occasional Customers,0
C009872,17,923.8082352941176,15704.74,1.3076923076923077,3.4,5,3,2,Frequent High-Value Customers,0
C009873,11,944.84,10393.24,1.2222222222222223,2.6666666666666665,3,2,1,Premium Basket Customers,0
C009874,9,720.6855555555555,6486.17,1.2857142857142858,4.166666666666667,3,1,0,Budget Occasional Customers,0
C009875,15,658.7346666666667,9881.02,1.6666666666666667,3.6666666666666665,3,2,2,Frequent High-Value Customers,0
C009876,18,607.8588888888888,10941.46,1.3846153846153846,3.0,7,2,2,Frequent High-Value Customers,0
C009877,7,757.35,5301.45,1.4,3.5,1,0,0,Budget Occasional Customers,0
C009878,7,701.5057142857142,4910.54,1.1666666666666667,3.3333333333333335,0,1,0,Budget Occasional Customers,0
C009879,6,967.5233333333332,5805.139999999999,1.5,3.2,3,0,1,Premium Basket Customers,0
C009880,10,1052.727,10527.27,1.25,3.142857142857143,6,1,2,Frequent High-Value Customers,0
C009881,6,992.71,5956.26,1.0,3.5,4,2,1,Premium Basket Customers,0
C009882,8,591.1525,4729.22,1.3333333333333333,3.6,3,2,0,Budget Occasional Customers,0
C009883,9,750.6611111111112,6755.950000000001,1.2857142857142858,4.166666666666667,3,2,0,Budget Occasional Customers,0
C009884,12,744.4975000000001,8933.970000000001,1.3333333333333333,3.5714285714285716,9,4,2,Frequent High-Value Customers,0
C009885,15,793.8933333333333,11908.4,1.25,3.4444444444444446,5,4,2,Frequent High-Value Customers,0
C009886,14,879.115,12307.61,1.4,3.6666666666666665,3,4,2,Frequent High-Value Customers,0
C009887,6,597.745,3586.4700000000003,1.2,4.333333333333333,3,2,0,Budget Occasional Customers,0
C009888,13,715.61,9302.93,1.3,4.0,6,4,2,Frequent High-Value Customers,0
C009889,7,552.3071428571428,3866.15,1.4,2.8,2,1,0,Budget Occasional Customers,0
C009890,8,572.095,4576.76,1.3333333333333333,3.75,3,1,0,Budget Occasional Customers,0
C009891,8,902.62875,7221.03,1.1428571428571428,3.5,3,1,1,Premium Basket Customers,0
C009892,5,633.574,3167.87,1.0,2.3333333333333335,0,1,0,Budget Occasional Customers,0
C009893,7,1029.757142857143,7208.3,1.1666666666666667,3.3333333333333335,5,2,1,Premium Basket Customers,0
C009894,13,767.1638461538461,9973.13,1.3,3.5,4,1,2,Frequent High-Value Customers,0
C009895,9,906.3311111111111,8156.98,1.2857142857142858,3.4,3,2,1,Premium Basket Customers,0
C009896,7,857.7971428571428,6004.58,1.4,2.5,2,2,1,Premium Basket Customers,0
C009897,13,1047.5800000000002,13618.54,1.4444444444444444,2.4285714285714284,3,1,2,Frequent High-Value Customers,0
C009898,10,1051.988,10519.880000000001,1.4285714285714286,4.0,4,1,1,Premium Basket Customers,0
C009899,9,624.9466666666666,5624.5199999999995,1.2857142857142858,2.7142857142857144,4,2,0,Budget Occasional Customers,0
C009900,6,757.5616666666666,4545.37,1.2,3.6666666666666665,3,2,0,Budget Occasional Customers,0
C009901,6,903.5716666666667,5421.43,1.2,3.25,1,0,1,Premium Basket Customers,0
C009902,13,615.7761538461539,8005.09,1.625,3.4,3,3,2,Frequent High-Value Customers,0
C009903,9,763.3155555555555,6869.84,1.2857142857142858,3.875,4,2,2,Frequent High-Value Customers,0
C009904,12,642.5975,7711.17,1.2,3.857142857142857,1,5,2,Frequent High-Value Customers,0
C009905,8,1120.1475,8961.18,1.3333333333333333,3.5,1,1,1,Premium Basket Customers,0
C009906,2,1142.805,2285.61,2.0,2.0,2,0,1,Premium Basket Customers,-1
C009907,8,665.995,5327.96,1.6,3.4285714285714284,1,2,0,Budget Occasional Customers,0
C009908,8,745.9975,5967.98,1.3333333333333333,3.4,4,2,0,Budget Occasional Customers,0
C009909,11,866.1218181818182,9527.34,1.0,3.0,4,1,1,Premium Basket Customers,0
C009910,9,633.6777777777778,5703.1,1.125,4.0,2,2,0,Budget Occasional Customers,0
C009911,10,860.883,8608.83,1.1111111111111112,4.333333333333333,4,1,0,Budget Occasional Customers,0
C009912,14,1000.7985714285714,14011.18,1.5555555555555556,3.142857142857143,2,2,2,Frequent High-Value Customers,0
C009913,7,733.0342857142857,5131.24,1.1666666666666667,4.0,2,2,0,Budget Occasional Customers,0
C009914,10,658.892,6588.92,1.25,3.8,3,1,0,Budget Occasional Customers,0
C009915,11,716.1745454545454,7877.92,1.2222222222222223,3.857142857142857,3,1,0,Budget Occasional Customers,0
C009916,6,561.6716666666666,3370.0299999999997,1.2,3.1666666666666665,3,2,0,Budget Occasional Customers,0
C009917,9,947.1111111111111,8524.0,1.125,4.0,3,3,1,Premium Basket Customers,0
C009918,7,906.342857142857,6344.4,1.1666666666666667,2.75,0,1,1,Premium Basket Customers,0
C009919,13,721.5330769230769,9379.93,1.625,4.0,4,3,2,Frequent High-Value Customers,0
C009920,9,759.4822222222223,6835.34,1.5,2.8,0,0,0,Budget Occasional Customers,0
C009921,8,1016.09875,8128.79,1.3333333333333333,4.0,3,0,1,Premium Basket Customers,0
C009922,7,939.2014285714286,6574.41,1.1666666666666667,3.6,4,1,1,Premium Basket Customers,0
C009923,5,583.886,2919.43,1.0,2.8,2,1,0,Budget Occasional Customers,0
C009924,4,1063.7575000000002,4255.030000000001,1.0,4.0,2,0,1,Premium Basket Customers,0
C009925,7,844.2428571428571,5909.7,1.1666666666666667,3.25,4,0,1,Premium Basket Customers,0
C009926,13,845.2907692307692,10988.78,1.0833333333333333,3.25,5,2,2,Frequent High-Value Customers,0
C009927,7,637.3614285714285,4461.53,1.4,2.6666666666666665,2,2,0,Budget Occasional Customers,0
C009928,13,909.27,11820.51,1.3,3.2857142857142856,4,0,2,Frequent High-Value Customers,0
C009929,7,503.7757142857143,3526.43,1.4,3.0,5,3,2,Frequent High-Value Customers,0
C009930,3,404.83666666666664,1214.51,1.0,2.0,1,0,0,Budget Occasional Customers,0
C009931,4,524.8075,2099.23,1.0,3.5,1,1,0,Budget Occasional Customers,0
C009932,10,725.798,7257.9800000000005,2.0,3.2857142857142856,4,2,2,Frequent High-Value Customers,0
C009933,15,912.3353333333333,13685.03,1.1538461538461537,3.0,6,2,2,Frequent High-Value Customers,0
C009934,8,827.91625,6623.33,1.1428571428571428,3.4,3,3,0,Budget Occasional Customers,0
C009935,13,707.0569230769231,9191.74,1.3,3.5,5,1,2,Frequent High-Value Customers,0
C009936,8,688.4449999999999,5507.5599999999995,1.1428571428571428,3.0,2,3,0,Budget Occasional Customers,0
C009937,9,791.7199999999999,7125.48,1.2857142857142858,4.333333333333333,4,1,0,Budget Occasional Customers,0
C009938,11,899.53,9894.83,1.1,2.8,2,3,1,Premium Basket Customers,0
C009939,7,843.9428571428572,5907.6,1.1666666666666667,3.0,2,1,1,Premium Basket Customers,0
C009940,10,919.059,9190.59,1.4285714285714286,4.0,5,1,2,Frequent High-Value Customers,0
C009941,16,691.2125,11059.4,1.7777777777777777,3.5,5,3,2,Frequent High-Value Customers,0
C009942,14,837.8364285714285,11729.71,1.1666666666666667,3.857142857142857,6,2,2,Frequent High-Value Customers,0
C009943,12,744.5208333333334,8934.25,1.3333333333333333,3.25,3,2,2,Frequent High-Value Customers,0
C009944,7,698.25,4887.75,1.0,3.5,0,3,0,Budget Occasional Customers,0
C009945,6,934.15,5604.9,1.2,3.75,5,2,1,Premium Basket Customers,0
C009946,13,998.9453846153847,12986.29,1.625,3.5714285714285716,4,2,2,Frequent High-Value Customers,0
C009947,11,495.68636363636364,5452.55,1.375,3.5714285714285716,3,3,2,Frequent High-Value Customers,0
C009948,8,678.37375,5426.99,1.1428571428571428,2.6666666666666665,2,0,0,Budget Occasional Customers,0
C009949,14,584.49,8182.860000000001,1.2727272727272727,2.75,1,5,2,Frequent High-Value Customers,-1
C009950,5,885.7860000000001,4428.93,1.25,3.6,1,2,1,Premium Basket Customers,0
C009951,5,1251.78,6258.9,1.0,3.0,2,1,1,Premium Basket Customers,0
C009952,20,775.115,15502.3,1.8181818181818181,3.3333333333333335,10,5,2,Frequent High-Value Customers,-1
C009953,8,1157.80875,9262.47,1.0,3.3333333333333335,1,2,1,Premium Basket Customers,0
C009954,13,887.0461538461539,11531.6,1.625,3.2222222222222223,8,3,2,Frequent High-Value Customers,0
C009955,10,902.659,9026.59,1.25,3.6666666666666665,3,3,2,Frequent High-Value Customers,0
C009956,9,860.3933333333333,7743.54,1.2857142857142858,3.142857142857143,2,2,1,Premium Basket Customers,0
C009957,12,1062.94,12755.28,1.3333333333333333,2.625,4,2,2,Frequent High-Value Customers,0
C009958,10,657.225,6572.25,1.25,4.0,5,4,2,Frequent High-Value Customers,0
C009959,5,553.676,2768.38,1.25,4.0,3,2,0,Budget Occasional Customers,0
C009960,5,1152.03,5760.15,1.0,2.6666666666666665,2,1,1,Premium Basket Customers,0
C009961,8,732.5387499999999,5860.3099999999995,1.3333333333333333,3.0,3,2,0,Budget Occasional Customers,0
C009962,15,598.7046666666666,8980.57,1.3636363636363635,2.888888888888889,5,1,2,Frequent High-Value Customers,0
C009963,7,943.8557142857143,6606.99,1.0,4.0,3,1,1,Premium Basket Customers,0
C009964,4,1344.265,5377.06,1.0,2.0,2,0,1,Premium Basket Customers,-1
C009965,10,783.016,7830.16,1.1111111111111112,3.4285714285714284,4,2,0,Budget Occasional Customers,0
C009966,9,944.3000000000001,8498.7,1.2857142857142858,3.142857142857143,4,1,1,Premium Basket Customers,0
C009967,6,857.3433333333332,5144.0599999999995,1.0,3.6666666666666665,4,0,1,Premium Basket Customers,0
C009968,8,1067.9537500000001,8543.630000000001,1.0,3.0,3,3,1,Premium Basket Customers,0
C009969,9,729.7488888888888,6567.74,1.5,3.5,4,0,0,Budget Occasional Customers,0
C009970,9,753.9933333333333,6785.94,1.125,3.8333333333333335,3,4,2,Frequent High-Value Customers,0
C009971,9,946.541111111111,8518.869999999999,1.125,3.75,2,1,1,Premium Basket Customers,0
C009972,8,806.7575,6454.06,1.6,3.0,3,1,2,Frequent High-Value Customers,0
C009973,12,780.1691666666667,9362.03,1.3333333333333333,3.5555555555555554,2,2,2,Frequent High-Value Customers,0
C009974,9,418.5177777777778,3766.66,1.2857142857142858,2.8,1,2,0,Budget Occasional Customers,0
C009975,8,1044.9625,8359.7,1.3333333333333333,3.142857142857143,2,1,1,Premium Basket Customers,0
C009976,7,520.0028571428571,3640.02,1.0,2.2,3,1,0,Budget Occasional Customers,0
C009977,11,834.2418181818182,9176.66,1.5714285714285714,2.75,5,2,2,Frequent High-Value Customers,0
C009978,10,908.037,9080.37,1.25,3.7142857142857144,4,2,2,Frequent High-Value Customers,0
C009979,5,1014.926,5074.63,1.0,3.6666666666666665,1,1,1,Premium Basket Customers,0
C009980,12,733.3033333333333,8799.64,1.3333333333333333,2.8333333333333335,7,3,2,Frequent High-Value Customers,0
C009981,9,735.161111111111,6616.45,1.2857142857142858,3.375,2,2,0,Budget Occasional Customers,0
C009982,12,592.0391666666667,7104.47,1.2,3.3333333333333335,2,3,0,Budget Occasional Customers,0
C009983,6,889.025,5334.15,1.2,2.3333333333333335,3,1,1,Premium Basket Customers,0
C009984,12,751.5033333333334,9018.04,1.5,3.3333333333333335,5,0,2,Frequent High-Value Customers,0
C009985,8,858.1012499999999,6864.8099999999995,1.6,2.8,6,4,2,Frequent High-Value Customers,0
C009986,9,598.3577777777778,5385.22,1.2857142857142858,2.6666666666666665,2,2,0,Budget Occasional Customers,0
C009987,7,699.9271428571428,4899.49,1.1666666666666667,3.25,2,1,0,Budget Occasional Customers,0
C009988,14,836.9242857142857,11716.94,1.5555555555555556,3.857142857142857,4,4,2,Frequent High-Value Customers,0
C009989,16,772.0025,12352.04,1.6,3.6153846153846154,8,1,2,Frequent High-Value Customers,0
C009990,7,831.8442857142857,5822.91,1.75,2.6,2,1,1,Premium Basket Customers,0
C009991,13,796.493076923077,10354.41,1.3,3.5,4,1,2,Frequent High-Value Customers,0
C009992,11,510.5318181818182,5615.85,1.2222222222222223,3.25,3,3,0,Budget Occasional Customers,0
C009993,10,716.703,7167.03,1.4285714285714286,3.5,2,1,0,Budget Occasional Customers,0
C009994,9,1126.9222222222222,10142.3,1.2857142857142858,3.75,3,3,1,Premium Basket Customers,0
C009995,6,973.2916666666666,5839.75,1.2,4.0,0,1,1,Premium Basket Customers,0
C009996,8,992.7012500000001,7941.610000000001,1.3333333333333333,2.5,2,1,1,Premium Basket Customers,0
C009997,8,824.36875,6594.95,1.3333333333333333,3.0,5,4,2,Frequent High-Value Customers,0
C009998,10,766.956,7669.56,1.1111111111111112,3.3333333333333335,2,1,0,Budget Occasional Customers,0
C009999,10,808.037,8080.37,1.25,3.75,4,3,2,Frequent High-Value Customers,0
C010000,10,1059.1299999999999,10591.3,1.6666666666666667,3.5,6,2,2,Frequent High-Value Customers,0
