customer_id,age,gender,city,signup_date,membership_type
C000001,56,Female,Chennai,2025-05-07,Premium
C000002,69,Male,Pune,2026-06-25,Gold
C000003,46,Female,Delhi,2025-07-17,Standard
C000004,32,Male,Chennai,2026-04-27,Gold
C000005,60,Female,Kochi,2025-06-28,Gold
C000006,25,Male,Ahmedabad,2026-06-07,Standard
C000007,38,Female,Pune,2026-03-13,Standard
C000008,56,Female,Kochi,2025-11-10,Standard
C000009,36,Female,Hyderabad,2025-01-19,Premium
C000010,40,Female,Jaipur,2025-06-09,Standard
C000011,28,Male,Mumbai,2025-05-02,Standard
C000012,28,Female,Hyderabad,2025-03-13,Gold
C000013,41,Female,Kolkata,2025-02-24,Gold
C000014,70,Male,Ahmedabad,2026-04-05,Premium
C000015,53,Female,Kolkata,2025-06-18,Standard
C000016,57,Male,Bangalore,2025-05-29,Gold
C000017,41,Male,Bangalore,2025-01-26,Standard
C000018,20,Male,Delhi,2025-09-05,Standard
C000019,39,Male,Ahmedabad,2025-08-15,Standard
C000020,70,Female,Kochi,2026-04-29,Gold
C000021,19,Male,Hyderabad,2025-01-10,Gold
C000022,41,Male,Ahmedabad,2025-04-05,Standard
C000023,61,Male,Hyderabad,2025-05-01,Standard
C000024,47,Female,Mumbai,2025-05-06,Gold
C000025,55,Female,Kochi,2025-03-10,Standard
C000026,19,Male,Kolkata,2025-10-24,Standard
C000027,38,Male,Hyderabad,2026-05-16,Standard
C000028,50,Male,Mumbai,2025-02-14,Standard
C000029,29,Female,Ahmedabad,2026-01-17,Standard
C000030,39,Female,Mumbai,2025-01-27,Gold
C000031,61,Male,Jaipur,2026-05-12,Standard
C000032,42,Male,Mumbai,2025-05-16,Gold
C000033,66,Female,Mumbai,2025-02-18,Standard
C000034,44,Female,Delhi,2026-05-22,Standard
C000035,59,Male,Bangalore,2025-05-01,Gold
C000036,45,Male,Kolkata,2025-08-05,Standard
C000037,33,Male,Jaipur,2026-06-10,Gold
C000038,32,Female,Jaipur,2025-02-12,Gold
C000039,64,Female,Bangalore,2025-04-06,Premium
C000040,68,Female,Pune,2025-01-27,Premium
C000041,61,Female,Hyderabad,2025-08-30,Standard
C000042,69,Male,Mumbai,2026-05-02,Standard
C000043,20,Female,Ahmedabad,2025-08-28,Standard
C000044,54,Female,Mumbai,2025-10-31,Gold
C000045,68,Male,Ahmedabad,2025-03-08,Standard
C000046,24,Female,Mumbai,2025-10-08,Gold
C000047,38,Male,Jaipur,2025-07-11,Standard
C000048,26,Male,Pune,2025-04-29,Standard
C000049,56,Female,Bangalore,2025-06-01,Standard
C000050,35,Female,Kochi,2026-01-27,Standard
C000051,21,Female,Chennai,2025-08-19,Standard
C000052,42,Male,Kolkata,2025-12-17,Standard
C000053,31,Female,Kochi,2026-06-13,Standard
C000054,67,Female,Kolkata,2025-06-20,Standard
C000055,26,Male,Hyderabad,2025-05-12,Standard
C000056,43,Other,Bangalore,2025-12-23,Standard
C000057,70,Female,Ahmedabad,2025-02-11,Gold
C000058,19,Male,Kochi,2025-11-01,Gold
C000059,37,Female,Kochi,2025-01-06,Standard
C000060,45,Male,Kolkata,2025-11-25,Standard
C000061,64,Male,Kochi,2025-06-19,Standard
C000062,24,Male,Ahmedabad,2025-12-04,Premium
C000063,61,Other,Bangalore,2025-03-10,Standard
C000064,25,Male,Hyderabad,2026-06-23,Gold
C000065,64,Female,Chennai,2026-05-22,Standard
C000066,52,Male,Bangalore,2026-05-01,Standard
C000067,31,Female,Delhi,2026-03-19,Gold
C000068,34,Female,Hyderabad,2025-02-20,Standard
C000069,53,Female,Kochi,2025-05-29,Standard
C000070,67,Male,Ahmedabad,2025-04-02,Premium
C000071,57,Female,Pune,2026-01-03,Standard
C000072,21,Other,Kochi,2025-03-17,Standard
C000073,19,Female,Jaipur,2025-03-27,Standard
C000074,23,Female,Jaipur,2025-08-15,Premium
C000075,59,Female,Pune,2025-12-29,Gold
C000076,21,Male,Chennai,2025-01-24,Standard
C000077,46,Female,Jaipur,2025-01-28,Premium
C000078,35,Female,Chennai,2025-05-01,Standard
C000079,43,Male,Hyderabad,2026-05-05,Standard
C000080,61,Male,Pune,2025-12-11,Standard
C000081,51,Male,Chennai,2025-01-31,Gold
C000082,27,Female,Delhi,2025-08-15,Gold
C000083,53,Female,Chennai,2025-09-07,Standard
C000084,31,Male,Mumbai,2025-02-19,Standard
C000085,48,Male,Hyderabad,2026-01-24,Premium
C000086,65,Male,Delhi,2025-10-15,Gold
C000087,32,Male,Pune,2026-04-20,Gold
C000088,25,Male,Kolkata,2025-01-06,Standard
C000089,31,Female,Kochi,2026-02-16,Gold
C000090,40,Male,Ahmedabad,2025-11-20,Gold
C000091,57,Female,Jaipur,2026-02-03,Premium
C000092,38,Female,Mumbai,2025-10-09,Standard
C000093,33,Male,Mumbai,2025-07-10,Gold
C000094,62,Female,Kolkata,2026-05-15,Premium
C000095,35,Female,Kochi,2026-03-10,Standard
C000096,64,Female,Kochi,2025-03-04,Gold
C000097,70,Male,Jaipur,2026-03-29,Premium
C000098,41,Male,Chennai,2026-05-08,Standard
C000099,43,Male,Pune,2026-03-18,Gold
C000100,42,Male,Kochi,2025-11-03,Standard
C000101,62,Male,Kochi,2025-05-06,Standard
C000102,58,Male,Ahmedabad,2025-09-22,Standard
C000103,46,Male,Delhi,2025-01-07,Standard
C000104,32,Male,Delhi,2026-02-17,Gold
C000105,62,Male,Ahmedabad,2025-07-25,Standard
C000106,18,Male,Bangalore,2025-06-28,Premium
C000107,42,Other,Pune,2026-04-13,Standard
C000108,24,Male,Kochi,2026-05-11,Gold
C000109,26,Female,Jaipur,2026-03-19,Standard
C000110,41,Male,Pune,2025-08-16,Standard
C000111,18,Female,Kolkata,2025-05-26,Standard
C000112,61,Male,Mumbai,2025-10-23,Standard
C000113,25,Female,Kochi,2025-08-29,Gold
C000114,41,Female,Bangalore,2025-10-14,Gold
C000115,28,Male,Jaipur,2025-01-26,Gold
C000116,68,Female,Pune,2026-03-28,Gold
C000117,34,Female,Hyderabad,2025-04-16,Gold
C000118,25,Male,Mumbai,2025-08-28,Standard
C000119,52,Female,Kochi,2026-02-22,Standard
C000120,52,Female,Pune,2025-11-28,Gold
C000121,50,Female,Pune,2025-02-11,Standard
C000122,22,Male,Jaipur,2025-02-04,Standard
C000123,59,Female,Mumbai,2025-12-13,Standard
C000124,56,Female,Delhi,2026-01-19,Standard
C000125,58,Female,Delhi,2026-05-28,Standard
C000126,45,Female,Hyderabad,2025-10-15,Standard
C000127,24,Male,Chennai,2025-02-02,Standard
C000128,26,Female,Ahmedabad,2025-04-05,Standard
C000129,25,Male,Kochi,2025-07-24,Standard
C000130,29,Male,Jaipur,2025-01-30,Standard
C000131,51,Female,Kochi,2025-09-23,Standard
C000132,50,Female,Jaipur,2025-01-23,Gold
C000133,65,Male,Delhi,2025-02-08,Standard
C000134,40,Female,Jaipur,2025-06-22,Gold
C000135,41,Male,Mumbai,2026-02-17,Standard
C000136,54,Male,Chennai,2026-02-18,Standard
C000137,52,Female,Hyderabad,2025-07-28,Standard
C000138,61,Male,Bangalore,2025-01-22,Standard
C000139,57,Male,Delhi,2025-01-05,Standard
C000140,39,Male,Bangalore,2025-08-02,Gold
C000141,44,Female,Bangalore,2025-05-19,Gold
C000142,52,Male,Kolkata,2025-11-13,Standard
C000143,18,Male,Chennai,2025-06-05,Standard
C000144,52,Female,Ahmedabad,2026-02-28,Gold
C000145,54,Female,Pune,2026-05-15,Standard
C000146,64,Male,Mumbai,2025-04-01,Premium
C000147,31,Female,Jaipur,2025-02-11,Premium
C000148,20,Male,Kochi,2025-10-22,Gold
C000149,18,Other,Ahmedabad,2025-12-03,Standard
C000150,22,Male,Kochi,2025-01-01,Standard
C000151,43,Male,Hyderabad,2025-04-19,Premium
C000152,31,Male,Hyderabad,2025-05-05,Standard
C000153,56,Male,Mumbai,2025-03-05,Standard
C000154,44,Female,Jaipur,2025-07-25,Standard
C000155,26,Male,Jaipur,2026-02-19,Standard
C000156,32,Male,Delhi,2025-09-01,Gold
C000157,32,Female,Jaipur,2025-08-04,Premium
C000158,43,Female,Pune,2026-06-12,Gold
C000159,59,Male,Ahmedabad,2026-01-15,Gold
C000160,30,Male,Ahmedabad,2025-03-20,Standard
C000161,68,Male,Kochi,2026-02-19,Standard
C000162,49,Male,Kolkata,2026-03-29,Standard
C000163,56,Male,Mumbai,2025-05-29,Standard
C000164,66,Female,Mumbai,2025-02-07,Standard
C000165,69,Female,Pune,2025-06-06,Gold
C000166,49,Male,Jaipur,2025-11-29,Standard
C000167,21,Male,Kolkata,2025-10-15,Premium
C000168,47,Male,Delhi,2025-04-22,Premium
C000169,54,Male,Delhi,2025-04-01,Standard
C000170,40,Male,Ahmedabad,2025-02-18,Standard
C000171,56,Female,Pune,2025-06-10,Gold
C000172,62,Female,Bangalore,2026-05-31,Premium
C000173,32,Other,Bangalore,2026-02-06,Gold
C000174,60,Female,Jaipur,2025-11-16,Standard
C000175,46,Male,Ahmedabad,2025-12-30,Standard
C000176,53,Female,Pune,2026-03-18,Standard
C000177,30,Male,Bangalore,2026-04-20,Standard
C000178,49,Male,Chennai,2025-11-08,Standard
C000179,24,Female,Kochi,2026-06-16,Gold
C000180,68,Male,Hyderabad,2025-08-08,Standard
C000181,39,Female,Kochi,2026-05-12,Gold
C000182,45,Male,Hyderabad,2025-12-09,Standard
C000183,19,Female,Chennai,2025-04-04,Standard
C000184,59,Female,Chennai,2025-05-13,Standard
C000185,62,Female,Pune,2026-05-16,Standard
C000186,70,Female,Kolkata,2025-06-21,Gold
C000187,23,Male,Mumbai,2025-01-09,Standard
C000188,45,Female,Bangalore,2025-11-17,Gold
C000189,45,Other,Pune,2025-04-08,Premium
C000190,61,Female,Kolkata,2025-06-18,Gold
C000191,61,Female,Mumbai,2025-11-07,Standard
C000192,37,Female,Pune,2025-12-09,Standard
C000193,47,Female,Jaipur,2026-03-06,Standard
C000194,28,Female,Mumbai,2026-05-15,Standard
C000195,45,Female,Kochi,2025-10-12,Premium
C000196,42,Female,Mumbai,2025-09-17,Standard
C000197,56,Male,Kochi,2026-05-10,Gold
C000198,50,Male,Delhi,2025-12-21,Gold
C000199,18,Male,Hyderabad,2025-08-02,Premium
C000200,44,Male,Kochi,2025-07-19,Standard
C000201,69,Male,Chennai,2025-08-24,Standard
C000202,30,Female,Jaipur,2025-05-16,Standard
C000203,58,Male,Bangalore,2026-02-26,Gold
C000204,20,Male,Delhi,2025-12-07,Standard
C000205,56,Female,Delhi,2025-12-08,Standard
C000206,23,Other,Ahmedabad,2026-06-14,Standard
C000207,25,Female,Pune,2026-01-23,Standard
C000208,44,Other,Pune,2025-01-04,Standard
C000209,26,Female,Pune,2026-02-03,Standard
C000210,54,Male,Mumbai,2026-02-26,Premium
C000211,50,Female,Bangalore,2026-02-15,Standard
C000212,68,Female,Hyderabad,2025-08-01,Gold
C000213,59,Male,Kochi,2025-02-17,Gold
C000214,61,Male,Pune,2025-07-06,Standard
C000215,41,Female,Delhi,2026-05-17,Gold
C000216,32,Male,Kochi,2026-06-15,Standard
C000217,49,Female,Bangalore,2026-04-20,Gold
C000218,49,Male,Delhi,2025-02-11,Gold
C000219,41,Female,Chennai,2025-09-18,Gold
C000220,58,Female,Bangalore,2025-02-17,Standard
C000221,69,Male,Mumbai,2026-03-22,Standard
C000222,66,Male,Pune,2025-08-09,Gold
C000223,66,Female,Kolkata,2025-12-09,Gold
C000224,69,Female,Jaipur,2025-08-26,Gold
C000225,29,Female,Delhi,2025-06-04,Gold
C000226,56,Female,Ahmedabad,2025-02-25,Standard
C000227,19,Female,Ahmedabad,2026-01-22,Standard
C000228,20,Male,Jaipur,2025-11-11,Gold
C000229,66,Male,Hyderabad,2025-02-07,Gold
C000230,54,Male,Hyderabad,2025-12-07,Standard
C000231,66,Female,Jaipur,2025-08-19,Standard
C000232,34,Male,Kolkata,2026-03-28,Standard
C000233,66,Male,Mumbai,2025-12-08,Standard
C000234,19,Female,Bangalore,2026-03-29,Standard
C000235,19,Female,Kolkata,2025-09-14,Standard
C000236,45,Male,Kochi,2026-03-10,Standard
C000237,40,Male,Pune,2025-07-28,Standard
C000238,54,Male,Hyderabad,2025-07-20,Gold
C000239,49,Male,Delhi,2025-05-17,Standard
C000240,50,Female,Hyderabad,2026-01-29,Standard
C000241,18,Male,Ahmedabad,2025-02-05,Gold
C000242,36,Female,Delhi,2025-08-03,Gold
C000243,19,Female,Kochi,2025-01-27,Standard
C000244,70,Male,Kochi,2025-01-18,Premium
C000245,61,Other,Pune,2025-05-17,Standard
C000246,43,Male,Chennai,2025-01-30,Standard
C000247,49,Male,Ahmedabad,2025-03-14,Standard
C000248,23,Male,Jaipur,2025-05-03,Gold
C000249,49,Male,Hyderabad,2025-08-16,Standard
C000250,21,Male,Pune,2025-12-04,Standard
C000251,28,Male,Pune,2025-09-30,Standard
C000252,34,Female,Chennai,2026-03-13,Standard
C000253,55,Female,Kochi,2025-02-08,Standard
C000254,41,Female,Ahmedabad,2026-03-02,Standard
C000255,22,Male,Delhi,2025-11-11,Standard
C000256,69,Female,Ahmedabad,2026-05-24,Gold
C000257,51,Female,Ahmedabad,2025-06-06,Standard
C000258,23,Female,Hyderabad,2025-09-14,Gold
C000259,39,Female,Delhi,2026-04-01,Standard
C000260,28,Female,Kolkata,2025-02-16,Premium
C000261,65,Male,Delhi,2025-11-28,Gold
C000262,33,Female,Pune,2025-01-10,Gold
C000263,50,Male,Chennai,2025-05-24,Gold
C000264,26,Other,Ahmedabad,2026-03-07,Standard
C000265,23,Male,Delhi,2025-06-01,Standard
C000266,33,Male,Pune,2026-05-02,Gold
C000267,46,Male,Bangalore,2025-05-16,Standard
C000268,20,Female,Kochi,2025-01-26,Standard
C000269,37,Male,Chennai,2025-01-07,Gold
C000270,53,Male,Mumbai,2025-01-15,Standard
C000271,36,Female,Jaipur,2026-03-08,Premium
C000272,43,Female,Pune,2026-02-04,Gold
C000273,20,Male,Ahmedabad,2025-07-26,Gold
C000274,36,Male,Chennai,2025-08-04,Standard
C000275,37,Female,Kochi,2026-05-17,Gold
C000276,49,Female,Delhi,2026-04-04,Standard
C000277,24,Female,Bangalore,2025-09-16,Standard
C000278,69,Female,Mumbai,2025-11-25,Premium
C000279,58,Male,Kochi,2026-03-30,Standard
C000280,50,Female,Bangalore,2026-01-10,Gold
C000281,57,Female,Jaipur,2026-04-09,Gold
C000282,56,Female,Chennai,2025-03-16,Premium
C000283,35,Male,Kolkata,2025-08-30,Standard
C000284,57,Female,Hyderabad,2025-01-17,Standard
C000285,18,Female,Chennai,2025-09-16,Premium
C000286,28,Male,Mumbai,2025-05-03,Gold
C000287,45,Female,Kolkata,2025-11-07,Gold
C000288,42,Female,Kolkata,2025-04-21,Gold
C000289,67,Female,Jaipur,2025-09-13,Standard
C000290,40,Female,Hyderabad,2025-08-22,Standard
C000291,48,Female,Kolkata,2026-05-12,Standard
C000292,47,Female,Pune,2025-02-09,Gold
C000293,59,Male,Kochi,2025-05-02,Standard
C000294,52,Male,Kolkata,2026-03-26,Gold
C000295,24,Male,Kolkata,2026-06-03,Standard
C000296,33,Female,Kochi,2025-04-02,Standard
C000297,43,Female,Delhi,2025-12-27,Standard
C000298,65,Female,Jaipur,2025-05-03,Gold
C000299,69,Female,Kolkata,2025-12-03,Premium
C000300,66,Female,Kolkata,2026-05-28,Gold
C000301,19,Other,Hyderabad,2026-03-04,Standard
C000302,18,Male,Bangalore,2026-03-09,Standard
C000303,65,Female,Delhi,2025-01-07,Gold
C000304,29,Male,Ahmedabad,2025-04-30,Standard
C000305,22,Female,Delhi,2026-01-22,Standard
C000306,54,Female,Kochi,2025-12-16,Standard
C000307,49,Female,Hyderabad,2025-04-08,Standard
C000308,26,Male,Jaipur,2025-02-12,Standard
C000309,58,Male,Chennai,2025-07-02,Standard
C000310,52,Female,Hyderabad,2025-08-23,Standard
C000311,36,Female,Mumbai,2026-03-22,Standard
C000312,65,Male,Kochi,2025-07-19,Gold
C000313,33,Female,Bangalore,2026-05-28,Standard
C000314,20,Male,Mumbai,2026-06-10,Standard
C000315,37,Female,Mumbai,2025-08-01,Gold
C000316,41,Female,Jaipur,2026-01-13,Premium
C000317,50,Female,Ahmedabad,2026-06-30,Standard
C000318,41,Other,Chennai,2026-05-01,Standard
C000319,69,Female,Kolkata,2025-12-27,Standard
C000320,28,Female,Pune,2025-06-17,Gold
C000321,66,Male,Kolkata,2026-02-08,Premium
C000322,25,Male,Mumbai,2025-05-17,Standard
C000323,53,Male,Delhi,2025-08-21,Gold
C000324,55,Female,Pune,2025-04-25,Standard
C000325,57,Male,Jaipur,2025-09-09,Standard
C000326,37,Male,Chennai,2026-05-08,Gold
C000327,52,Male,Jaipur,2025-10-16,Standard
C000328,65,Male,Kochi,2025-02-18,Standard
C000329,42,Male,Bangalore,2026-03-28,Premium
C000330,52,Female,Mumbai,2026-05-31,Standard
C000331,42,Female,Delhi,2025-09-29,Standard
C000332,46,Female,Jaipur,2026-03-07,Standard
C000333,35,Female,Pune,2025-01-26,Standard
C000334,63,Male,Mumbai,2025-03-11,Standard
C000335,35,Female,Chennai,2025-10-20,Standard
C000336,19,Male,Delhi,2026-02-10,Gold
C000337,52,Male,Ahmedabad,2025-08-22,Premium
C000338,33,Female,Ahmedabad,2025-08-19,Standard
C000339,58,Male,Pune,2025-09-20,Standard
C000340,53,Female,Bangalore,2025-05-01,Gold
C000341,50,Male,Ahmedabad,2026-04-08,Standard
C000342,21,Female,Mumbai,2026-06-02,Standard
C000343,50,Female,Chennai,2025-01-24,Gold
C000344,31,Male,Bangalore,2026-01-12,Gold
C000345,38,Female,Kolkata,2026-05-15,Standard
C000346,65,Male,Chennai,2026-03-13,Standard
C000347,37,Female,Mumbai,2026-05-14,Standard
C000348,25,Male,Mumbai,2025-06-23,Standard
C000349,24,Female,Kochi,2026-05-24,Standard
C000350,20,Female,Bangalore,2025-11-06,Standard
C000351,34,Male,Chennai,2025-03-11,Gold
C000352,50,Female,Bangalore,2025-07-24,Premium
C000353,65,Female,Pune,2025-12-07,Premium
C000354,29,Female,Hyderabad,2025-02-01,Gold
C000355,68,Female,Bangalore,2025-02-12,Standard
C000356,39,Male,Ahmedabad,2025-04-28,Standard
C000357,39,Female,Mumbai,2025-01-15,Standard
C000358,63,Male,Kochi,2025-11-18,Standard
C000359,47,Male,Kolkata,2025-12-03,Premium
C000360,55,Other,Kochi,2026-06-16,Standard
C000361,55,Female,Chennai,2026-01-16,Gold
C000362,62,Male,Pune,2026-05-26,Premium
C000363,68,Male,Pune,2025-04-30,Gold
C000364,25,Female,Kolkata,2025-01-26,Gold
C000365,44,Male,Bangalore,2026-06-18,Standard
C000366,44,Male,Bangalore,2025-03-05,Standard
C000367,51,Male,Chennai,2026-04-05,Standard
C000368,38,Female,Chennai,2025-11-10,Gold
C000369,47,Female,Delhi,2025-08-04,Standard
C000370,50,Male,Bangalore,2026-04-01,Standard
C000371,45,Female,Chennai,2026-06-24,Standard
C000372,64,Male,Pune,2026-04-18,Standard
C000373,50,Female,Hyderabad,2025-12-25,Standard
C000374,22,Other,Mumbai,2025-05-06,Premium
C000375,65,Female,Bangalore,2025-03-28,Standard
C000376,36,Female,Delhi,2025-12-09,Standard
C000377,21,Female,Mumbai,2026-01-30,Standard
C000378,52,Female,Ahmedabad,2026-04-29,Standard
C000379,66,Female,Hyderabad,2026-04-01,Standard
C000380,34,Female,Kochi,2026-04-21,Gold
C000381,61,Male,Bangalore,2025-07-29,Gold
C000382,45,Male,Kochi,2026-06-09,Standard
C000383,47,Female,Delhi,2025-11-03,Gold
C000384,46,Female,Bangalore,2025-03-17,Premium
C000385,63,Male,Delhi,2025-01-22,Standard
C000386,70,Male,Jaipur,2025-03-01,Standard
C000387,23,Female,Delhi,2026-01-21,Standard
C000388,52,Female,Chennai,2025-02-25,Standard
C000389,58,Female,Chennai,2025-06-17,Standard
C000390,54,Female,Kochi,2026-02-16,Standard
C000391,41,Female,Jaipur,2025-07-10,Premium
C000392,46,Female,Delhi,2026-04-27,Standard
C000393,66,Female,Ahmedabad,2026-02-20,Premium
C000394,63,Female,Kochi,2025-12-06,Standard
C000395,70,Female,Mumbai,2025-09-16,Standard
C000396,48,Male,Chennai,2025-12-16,Standard
C000397,52,Male,Mumbai,2026-03-13,Gold
C000398,50,Other,Mumbai,2025-08-10,Standard
C000399,69,Male,Jaipur,2026-02-17,Gold
C000400,38,Male,Kochi,2025-12-16,Standard
C000401,49,Female,Pune,2026-04-27,Standard
C000402,40,Female,Kochi,2025-02-28,Gold
C000403,50,Male,Pune,2025-06-01,Gold
C000404,20,Male,Delhi,2026-06-24,Standard
C000405,35,Male,Pune,2025-08-13,Standard
C000406,42,Female,Bangalore,2025-11-14,Standard
C000407,59,Male,Delhi,2025-10-06,Standard
C000408,48,Male,Pune,2026-04-19,Gold
C000409,20,Male,Ahmedabad,2025-01-24,Standard
C000410,57,Female,Mumbai,2026-06-03,Gold
C000411,63,Male,Delhi,2026-01-03,Gold
C000412,41,Male,Mumbai,2025-12-01,Gold
C000413,67,Female,Kolkata,2026-03-09,Standard
C000414,49,Other,Kochi,2025-01-03,Gold
C000415,64,Female,Pune,2025-09-15,Gold
C000416,39,Other,Mumbai,2025-09-20,Gold
C000417,40,Female,Pune,2025-05-01,Gold
C000418,19,Male,Mumbai,2025-01-21,Standard
C000419,44,Female,Ahmedabad,2025-05-20,Standard
C000420,59,Male,Hyderabad,2026-04-22,Standard
C000421,19,Female,Ahmedabad,2025-10-16,Standard
C000422,43,Male,Chennai,2025-07-25,Gold
C000423,34,Male,Pune,2025-02-12,Standard
C000424,57,Female,Ahmedabad,2025-04-28,Standard
C000425,50,Male,Bangalore,2025-01-05,Standard
C000426,26,Female,Pune,2025-07-26,Standard
C000427,60,Male,Jaipur,2025-12-11,Standard
C000428,65,Male,Kochi,2025-05-22,Standard
C000429,56,Female,Kochi,2026-01-07,Gold
C000430,46,Female,Chennai,2025-08-20,Standard
C000431,59,Female,Bangalore,2025-06-13,Standard
C000432,43,Male,Chennai,2025-12-30,Standard
C000433,52,Female,Delhi,2025-12-01,Standard
C000434,67,Female,Pune,2025-01-11,Standard
C000435,42,Female,Bangalore,2026-02-12,Standard
C000436,41,Male,Kolkata,2025-03-16,Standard
C000437,30,Female,Mumbai,2025-10-27,Standard
C000438,24,Female,Jaipur,2026-01-16,Gold
C000439,53,Female,Pune,2025-01-28,Standard
C000440,62,Female,Jaipur,2026-04-08,Standard
C000441,37,Female,Bangalore,2026-01-31,Standard
C000442,18,Male,Mumbai,2026-01-11,Premium
C000443,25,Male,Chennai,2026-02-25,Gold
C000444,63,Female,Pune,2025-12-30,Standard
C000445,33,Male,Mumbai,2025-08-04,Standard
C000446,31,Male,Jaipur,2025-04-11,Standard
C000447,29,Male,Hyderabad,2025-04-03,Gold
C000448,68,Male,Bangalore,2025-09-23,Standard
C000449,40,Female,Bangalore,2025-07-25,Standard
C000450,32,Female,Jaipur,2025-03-21,Premium
C000451,45,Female,Jaipur,2025-02-06,Standard
C000452,51,Male,Delhi,2025-01-11,Standard
C000453,19,Female,Chennai,2025-03-31,Gold
C000454,49,Female,Jaipur,2025-01-19,Gold
C000455,40,Other,Ahmedabad,2026-01-09,Gold
C000456,39,Female,Kochi,2025-04-04,Gold
C000457,68,Male,Kochi,2025-02-01,Premium
C000458,42,Female,Pune,2025-05-20,Premium
C000459,39,Other,Kolkata,2025-01-21,Standard
C000460,39,Female,Pune,2025-05-29,Standard
C000461,66,Female,Delhi,2025-08-09,Standard
C000462,69,Male,Mumbai,2025-08-07,Gold
C000463,59,Female,Kolkata,2026-06-25,Standard
C000464,23,Female,Mumbai,2025-02-27,Standard
C000465,32,Male,Kochi,2026-03-01,Standard
C000466,60,Female,Kochi,2025-10-02,Standard
C000467,54,Male,Kochi,2025-05-20,Gold
C000468,50,Male,Jaipur,2025-01-23,Standard
C000469,25,Male,Delhi,2026-01-13,Gold
C000470,70,Male,Ahmedabad,2026-01-08,Standard
C000471,61,Female,Pune,2025-03-04,Standard
C000472,61,Male,Mumbai,2025-12-08,Premium
C000473,22,Male,Hyderabad,2025-06-16,Standard
C000474,56,Female,Pune,2025-05-31,Standard
C000475,21,Female,Bangalore,2026-06-07,Premium
C000476,23,Female,Chennai,2026-05-16,Standard
C000477,62,Male,Kolkata,2025-12-14,Gold
C000478,49,Female,Mumbai,2025-09-29,Gold
C000479,69,Male,Delhi,2026-03-06,Standard
C000480,47,Female,Kochi,2025-08-21,Standard
C000481,64,Male,Bangalore,2025-07-27,Standard
C000482,52,Female,Chennai,2026-03-29,Standard
C000483,57,Male,Mumbai,2026-05-16,Standard
C000484,69,Female,Ahmedabad,2025-08-07,Standard
C000485,33,Female,Kochi,2025-03-22,Gold
C000486,30,Male,Mumbai,2026-06-25,Gold
C000487,67,Male,Hyderabad,2025-09-08,Gold
C000488,59,Female,Hyderabad,2026-02-19,Standard
C000489,47,Other,Delhi,2025-03-27,Standard
C000490,36,Female,Hyderabad,2025-08-05,Standard
C000491,34,Male,Ahmedabad,2025-07-15,Premium
C000492,36,Male,Delhi,2025-10-24,Gold
C000493,45,Female,Kolkata,2025-02-13,Premium
C000494,43,Female,Ahmedabad,2026-01-28,Standard
C000495,54,Female,Delhi,2026-03-19,Standard
C000496,43,Female,Ahmedabad,2025-03-31,Standard
C000497,70,Female,Hyderabad,2025-06-04,Standard
C000498,40,Female,Kolkata,2026-04-23,Gold
C000499,26,Male,Ahmedabad,2025-02-28,Standard
C000500,29,Male,Kolkata,2025-04-20,Gold
C000501,70,Female,Chennai,2026-04-24,Gold
C000502,18,Male,Ahmedabad,2025-02-18,Standard
C000503,18,Male,Pune,2026-01-12,Premium
C000504,64,Male,Kochi,2025-02-01,Standard
C000505,51,Male,Hyderabad,2026-05-01,Gold
C000506,49,Female,Mumbai,2026-06-15,Gold
C000507,65,Female,Kolkata,2025-01-03,Standard
C000508,42,Female,Hyderabad,2026-01-13,Standard
C000509,57,Male,Bangalore,2025-08-30,Gold
C000510,62,Female,Pune,2026-06-25,Standard
C000511,70,Male,Hyderabad,2025-12-23,Premium
C000512,18,Female,Kochi,2025-07-16,Standard
C000513,33,Female,Pune,2026-02-23,Standard
C000514,56,Male,Kochi,2025-09-30,Premium
C000515,22,Female,Hyderabad,2026-05-17,Standard
C000516,39,Female,Pune,2025-02-04,Standard
C000517,46,Male,Mumbai,2026-04-06,Gold
C000518,20,Female,Mumbai,2025-09-10,Standard
C000519,29,Male,Kochi,2026-05-27,Standard
C000520,43,Male,Kochi,2025-02-17,Standard
C000521,33,Female,Chennai,2025-07-04,Gold
C000522,68,Female,Mumbai,2026-05-06,Standard
C000523,54,Female,Mumbai,2025-09-30,Gold
C000524,39,Male,Kolkata,2026-06-11,Standard
C000525,46,Male,Delhi,2025-05-08,Standard
C000526,31,Female,Ahmedabad,2025-07-29,Standard
C000527,45,Male,Kolkata,2025-05-22,Premium
C000528,22,Female,Kochi,2025-06-22,Standard
C000529,64,Female,Jaipur,2026-03-23,Standard
C000530,66,Female,Ahmedabad,2025-04-29,Standard
C000531,47,Female,Jaipur,2025-01-11,Standard
C000532,63,Male,Bangalore,2025-10-31,Standard
C000533,69,Male,Kochi,2025-06-03,Standard
C000534,22,Male,Hyderabad,2025-11-19,Standard
C000535,29,Female,Delhi,2026-06-21,Gold
C000536,33,Female,Jaipur,2026-03-21,Standard
C000537,43,Female,Ahmedabad,2025-12-08,Standard
C000538,43,Female,Kochi,2025-08-09,Standard
C000539,65,Other,Kolkata,2025-04-20,Standard
C000540,38,Male,Chennai,2026-02-14,Standard
C000541,56,Male,Pune,2026-02-22,Standard
C000542,53,Male,Mumbai,2026-05-20,Gold
C000543,50,Female,Delhi,2025-02-09,Standard
C000544,47,Male,Delhi,2026-05-24,Standard
C000545,54,Female,Mumbai,2026-04-04,Standard
C000546,40,Female,Mumbai,2025-09-20,Gold
C000547,27,Female,Mumbai,2025-04-28,Standard
C000548,22,Female,Chennai,2026-03-26,Standard
C000549,53,Male,Bangalore,2026-02-18,Standard
C000550,51,Male,Chennai,2026-06-10,Premium
C000551,69,Female,Kolkata,2026-04-06,Standard
C000552,48,Male,Bangalore,2025-04-28,Standard
C000553,27,Male,Pune,2025-08-05,Standard
C000554,36,Female,Mumbai,2025-03-18,Gold
C000555,49,Male,Chennai,2026-02-25,Standard
C000556,18,Female,Hyderabad,2025-06-21,Gold
C000557,22,Female,Kolkata,2026-01-25,Premium
C000558,62,Male,Pune,2025-01-26,Standard
C000559,21,Female,Pune,2025-05-08,Standard
C000560,33,Male,Ahmedabad,2026-01-09,Standard
C000561,41,Female,Ahmedabad,2025-01-24,Standard
C000562,33,Male,Pune,2026-04-15,Gold
C000563,19,Female,Bangalore,2026-02-27,Standard
C000564,66,Male,Kochi,2025-06-26,Standard
C000565,45,Male,Kolkata,2026-06-22,Standard
C000566,49,Male,Ahmedabad,2025-09-23,Premium
C000567,44,Male,Delhi,2025-09-27,Standard
C000568,37,Male,Mumbai,2025-11-25,Standard
C000569,41,Female,Kolkata,2026-03-31,Standard
C000570,29,Female,Pune,2025-10-22,Gold
C000571,67,Male,Pune,2025-05-02,Standard
C000572,52,Male,Hyderabad,2025-06-08,Standard
C000573,50,Female,Kochi,2025-06-27,Premium
C000574,50,Female,Mumbai,2025-11-24,Standard
C000575,68,Male,Delhi,2025-11-03,Standard
C000576,60,Female,Jaipur,2025-03-30,Gold
C000577,54,Male,Ahmedabad,2025-02-07,Standard
C000578,29,Female,Hyderabad,2025-12-12,Standard
C000579,20,Male,Pune,2025-09-09,Standard
C000580,18,Male,Kochi,2025-05-29,Gold
C000581,50,Female,Bangalore,2025-01-16,Premium
C000582,57,Male,Hyderabad,2026-01-02,Standard
C000583,27,Female,Kochi,2025-04-28,Standard
C000584,60,Male,Kolkata,2025-11-13,Standard
C000585,61,Female,Kolkata,2025-10-15,Standard
C000586,46,Female,Chennai,2025-12-17,Gold
C000587,30,Male,Hyderabad,2025-10-24,Gold
C000588,29,Female,Kolkata,2025-07-13,Standard
C000589,48,Female,Pune,2026-01-27,Premium
C000590,63,Female,Kolkata,2026-03-19,Standard
C000591,19,Female,Kochi,2025-10-08,Standard
C000592,68,Female,Jaipur,2025-10-28,Gold
C000593,67,Male,Ahmedabad,2026-03-02,Standard
C000594,52,Male,Pune,2025-09-07,Standard
C000595,40,Female,Mumbai,2026-05-30,Standard
C000596,34,Female,Kochi,2026-02-10,Standard
C000597,43,Male,Jaipur,2025-09-01,Standard
C000598,25,Female,Kolkata,2026-01-02,Premium
C000599,46,Female,Delhi,2025-04-30,Standard
C000600,43,Male,Chennai,2026-03-16,Standard
C000601,27,Male,Jaipur,2026-05-19,Standard
C000602,43,Female,Kolkata,2026-03-09,Gold
C000603,51,Male,Jaipur,2025-07-02,Standard
C000604,68,Female,Jaipur,2026-04-06,Gold
C000605,58,Female,Kochi,2025-04-28,Standard
C000606,24,Male,Delhi,2025-01-31,Standard
C000607,21,Male,Kolkata,2025-05-29,Gold
C000608,70,Male,Delhi,2026-06-12,Standard
C000609,67,Female,Hyderabad,2025-09-30,Standard
C000610,62,Female,Kochi,2026-01-20,Gold
C000611,28,Male,Ahmedabad,2025-04-12,Standard
C000612,46,Female,Ahmedabad,2025-03-13,Premium
C000613,53,Male,Jaipur,2026-02-12,Standard
C000614,42,Male,Pune,2025-12-13,Gold
C000615,38,Male,Chennai,2026-01-02,Gold
C000616,53,Male,Hyderabad,2025-10-18,Standard
C000617,27,Male,Kochi,2026-02-26,Standard
C000618,54,Male,Pune,2025-06-30,Standard
C000619,26,Female,Bangalore,2025-04-24,Premium
C000620,41,Female,Chennai,2025-08-26,Gold
C000621,52,Male,Ahmedabad,2025-04-04,Standard
C000622,66,Male,Ahmedabad,2025-09-17,Standard
C000623,52,Male,Pune,2025-04-17,Standard
C000624,65,Male,Hyderabad,2025-09-01,Gold
C000625,53,Female,Chennai,2026-02-27,Premium
C000626,35,Male,Pune,2025-12-01,Standard
C000627,66,Male,Bangalore,2025-01-23,Gold
C000628,56,Male,Kochi,2025-09-28,Standard
C000629,49,Male,Pune,2025-05-20,Gold
C000630,41,Male,Jaipur,2026-04-11,Standard
C000631,40,Female,Kolkata,2026-03-30,Gold
C000632,49,Male,Jaipur,2026-01-19,Premium
C000633,54,Male,Chennai,2026-01-12,Gold
C000634,29,Female,Delhi,2026-03-14,Premium
C000635,66,Female,Jaipur,2026-02-26,Standard
C000636,30,Female,Kolkata,2025-06-05,Premium
C000637,40,Female,Jaipur,2025-12-01,Gold
C000638,42,Male,Pune,2026-06-15,Standard
C000639,52,Female,Kolkata,2025-05-12,Standard
C000640,58,Female,Kochi,2026-05-16,Premium
C000641,47,Male,Delhi,2026-06-06,Standard
C000642,34,Female,Pune,2025-05-20,Standard
C000643,66,Female,Bangalore,2025-05-15,Gold
C000644,37,Male,Bangalore,2026-02-11,Standard
C000645,65,Male,Chennai,2025-04-04,Gold
C000646,42,Male,Mumbai,2025-08-29,Standard
C000647,39,Male,Jaipur,2025-06-14,Standard
C000648,30,Male,Kolkata,2025-11-21,Standard
C000649,36,Female,Pune,2025-08-06,Standard
C000650,66,Female,Bangalore,2025-08-19,Gold
C000651,53,Male,Delhi,2025-06-28,Gold
C000652,29,Female,Mumbai,2025-03-21,Standard
C000653,58,Male,Delhi,2025-12-20,Gold
C000654,36,Male,Jaipur,2025-06-10,Gold
C000655,29,Female,Hyderabad,2026-03-03,Premium
C000656,26,Female,Mumbai,2026-02-07,Gold
C000657,24,Female,Ahmedabad,2025-02-01,Standard
C000658,45,Female,Hyderabad,2025-05-01,Standard
C000659,31,Female,Hyderabad,2026-05-30,Gold
C000660,48,Female,Jaipur,2026-01-20,Gold
C000661,69,Male,Delhi,2026-03-01,Standard
C000662,36,Female,Kochi,2026-04-21,Gold
C000663,64,Other,Bangalore,2025-06-16,Standard
C000664,33,Female,Kolkata,2026-01-24,Standard
C000665,70,Male,Kolkata,2025-11-29,Standard
C000666,22,Female,Pune,2026-06-07,Standard
C000667,52,Female,Pune,2026-04-16,Gold
C000668,29,Male,Hyderabad,2026-06-08,Standard
C000669,42,Other,Hyderabad,2025-02-22,Standard
C000670,69,Male,Kochi,2025-01-21,Standard
C000671,38,Male,Jaipur,2025-01-19,Standard
C000672,53,Female,Bangalore,2026-04-01,Standard
C000673,70,Male,Kolkata,2025-11-18,Gold
C000674,40,Male,Kochi,2026-03-09,Standard
C000675,33,Female,Kolkata,2025-02-28,Gold
C000676,56,Female,Ahmedabad,2025-05-31,Standard
C000677,62,Male,Pune,2026-03-16,Premium
C000678,70,Other,Ahmedabad,2025-02-27,Standard
C000679,59,Female,Bangalore,2025-10-20,Standard
C000680,56,Female,Bangalore,2025-07-01,Gold
C000681,31,Female,Jaipur,2025-03-19,Gold
C000682,48,Female,Mumbai,2025-04-15,Standard
C000683,22,Male,Hyderabad,2025-09-18,Standard
C000684,52,Male,Pune,2025-08-11,Standard
C000685,40,Female,Kochi,2026-04-29,Standard
C000686,46,Female,Jaipur,2025-05-09,Standard
C000687,60,Male,Kochi,2025-11-15,Standard
C000688,28,Female,Mumbai,2026-05-24,Gold
C000689,35,Female,Jaipur,2025-01-20,Premium
C000690,64,Male,Delhi,2025-08-23,Standard
C000691,29,Male,Kolkata,2025-12-16,Gold
C000692,26,Male,Hyderabad,2026-03-29,Standard
C000693,27,Female,Hyderabad,2026-05-24,Standard
C000694,61,Male,Hyderabad,2026-02-27,Gold
C000695,34,Male,Ahmedabad,2025-07-09,Gold
C000696,55,Female,Pune,2025-05-05,Premium
C000697,24,Female,Jaipur,2025-01-06,Gold
C000698,63,Male,Jaipur,2026-04-03,Standard
C000699,30,Male,Ahmedabad,2026-06-06,Standard
C000700,57,Female,Bangalore,2025-03-30,Gold
C000701,59,Female,Pune,2025-04-21,Standard
C000702,26,Female,Mumbai,2026-02-01,Standard
C000703,67,Female,Mumbai,2025-01-11,Standard
C000704,44,Male,Hyderabad,2026-05-12,Premium
C000705,19,Male,Jaipur,2025-01-16,Gold
C000706,22,Male,Chennai,2025-02-02,Standard
C000707,46,Male,Bangalore,2026-05-04,Premium
C000708,54,Female,Kochi,2025-07-07,Gold
C000709,55,Male,Hyderabad,2026-04-03,Standard
C000710,36,Male,Mumbai,2025-02-20,Standard
C000711,25,Other,Mumbai,2025-09-28,Standard
C000712,65,Male,Pune,2026-04-09,Standard
C000713,62,Male,Bangalore,2025-02-12,Gold
C000714,18,Male,Bangalore,2026-06-23,Gold
C000715,39,Female,Chennai,2025-05-01,Standard
C000716,69,Female,Mumbai,2025-11-12,Gold
C000717,34,Male,Kolkata,2025-04-25,Standard
C000718,24,Female,Pune,2026-03-30,Standard
C000719,42,Female,Jaipur,2026-06-04,Gold
C000720,62,Female,Kolkata,2025-12-03,Standard
C000721,21,Female,Delhi,2025-08-28,Gold
C000722,53,Female,Pune,2026-01-21,Standard
C000723,23,Female,Kochi,2025-05-25,Standard
C000724,48,Male,Jaipur,2026-01-12,Standard
C000725,36,Male,Bangalore,2025-01-04,Standard
C000726,61,Male,Jaipur,2025-11-24,Standard
C000727,56,Female,Pune,2025-07-16,Gold
C000728,44,Female,Mumbai,2026-01-24,Standard
C000729,27,Female,Delhi,2025-09-18,Standard
C000730,43,Male,Bangalore,2025-04-04,Standard
C000731,36,Female,Kolkata,2025-09-14,Gold
C000732,56,Female,Ahmedabad,2025-05-16,Standard
C000733,20,Female,Delhi,2026-06-09,Gold
C000734,62,Female,Chennai,2026-05-13,Standard
C000735,30,Female,Ahmedabad,2025-06-27,Standard
C000736,67,Female,Kochi,2025-04-22,Gold
C000737,45,Female,Kolkata,2025-09-21,Standard
C000738,37,Female,Kochi,2026-02-18,Standard
C000739,45,Male,Jaipur,2026-01-04,Standard
C000740,25,Male,Mumbai,2026-01-13,Gold
C000741,58,Female,Jaipur,2026-01-18,Standard
C000742,56,Male,Mumbai,2026-05-26,Standard
C000743,18,Other,Hyderabad,2026-01-12,Standard
C000744,20,Male,Hyderabad,2026-06-29,Standard
C000745,30,Female,Kochi,2025-03-14,Gold
C000746,45,Male,Chennai,2026-05-19,Standard
C000747,66,Male,Kochi,2025-12-18,Gold
C000748,42,Female,Hyderabad,2025-11-21,Premium
C000749,50,Male,Ahmedabad,2026-01-23,Standard
C000750,55,Male,Ahmedabad,2025-08-28,Gold
C000751,70,Male,Chennai,2025-03-15,Standard
C000752,23,Female,Chennai,2025-01-31,Gold
C000753,61,Male,Chennai,2026-04-24,Standard
C000754,62,Female,Kochi,2025-01-14,Gold
C000755,49,Female,Kolkata,2025-11-12,Standard
C000756,62,Female,Pune,2025-03-09,Gold
C000757,64,Female,Bangalore,2026-06-22,Gold
C000758,38,Female,Chennai,2025-10-18,Standard
C000759,33,Male,Bangalore,2025-01-24,Standard
C000760,38,Female,Kolkata,2026-02-19,Gold
C000761,28,Male,Pune,2025-02-05,Standard
C000762,54,Female,Chennai,2025-04-11,Premium
C000763,53,Male,Chennai,2026-06-30,Premium
C000764,52,Female,Chennai,2025-02-08,Gold
C000765,36,Male,Ahmedabad,2025-07-30,Standard
C000766,37,Male,Kolkata,2025-06-21,Standard
C000767,35,Female,Bangalore,2026-03-18,Gold
C000768,64,Female,Mumbai,2025-02-28,Standard
C000769,58,Male,Mumbai,2026-02-14,Standard
C000770,66,Female,Kolkata,2026-06-18,Standard
C000771,31,Female,Chennai,2025-12-31,Premium
C000772,32,Other,Mumbai,2026-01-02,Standard
C000773,48,Female,Bangalore,2025-12-10,Gold
C000774,18,Male,Mumbai,2025-10-23,Standard
C000775,70,Male,Bangalore,2025-12-07,Standard
C000776,20,Female,Chennai,2026-06-07,Gold
C000777,33,Female,Chennai,2025-09-22,Standard
C000778,40,Male,Kochi,2026-06-08,Standard
C000779,28,Male,Hyderabad,2025-02-07,Gold
C000780,29,Female,Ahmedabad,2025-05-11,Standard
C000781,27,Male,Pune,2026-01-17,Standard
C000782,49,Male,Pune,2025-08-13,Standard
C000783,33,Male,Jaipur,2025-05-23,Standard
C000784,25,Male,Ahmedabad,2026-03-07,Gold
C000785,55,Male,Chennai,2026-01-24,Standard
C000786,29,Female,Pune,2025-02-23,Standard
C000787,41,Male,Bangalore,2025-01-24,Standard
C000788,45,Male,Jaipur,2026-01-30,Standard
C000789,70,Male,Mumbai,2025-04-29,Standard
C000790,25,Male,Mumbai,2025-07-04,Standard
C000791,45,Male,Jaipur,2025-07-11,Gold
C000792,53,Female,Hyderabad,2026-05-02,Premium
C000793,43,Female,Delhi,2026-01-19,Gold
C000794,25,Male,Bangalore,2025-12-12,Standard
C000795,67,Male,Pune,2026-04-18,Standard
C000796,45,Male,Hyderabad,2025-01-03,Gold
C000797,45,Female,Bangalore,2025-02-19,Standard
C000798,54,Female,Kochi,2026-05-19,Gold
C000799,58,Male,Pune,2025-07-30,Gold
C000800,53,Female,Kochi,2026-06-12,Standard
C000801,44,Male,Chennai,2025-10-10,Standard
C000802,34,Female,Ahmedabad,2026-01-14,Standard
C000803,26,Female,Chennai,2025-11-22,Standard
C000804,50,Female,Mumbai,2025-10-25,Gold
C000805,70,Female,Hyderabad,2025-05-18,Premium
C000806,37,Male,Jaipur,2025-05-05,Premium
C000807,30,Female,Chennai,2026-01-27,Standard
C000808,45,Female,Hyderabad,2026-02-06,Premium
C000809,65,Female,Kolkata,2026-04-25,Gold
C000810,46,Male,Mumbai,2026-02-05,Gold
C000811,30,Male,Pune,2025-12-28,Premium
C000812,63,Female,Hyderabad,2025-03-07,Standard
C000813,52,Female,Bangalore,2026-03-04,Standard
C000814,23,Female,Pune,2026-06-05,Standard
C000815,35,Female,Mumbai,2026-03-08,Standard
C000816,68,Female,Chennai,2025-04-15,Gold
C000817,22,Female,Kolkata,2025-03-30,Standard
C000818,64,Female,Kochi,2025-01-06,Standard
C000819,42,Female,Delhi,2025-06-07,Standard
C000820,19,Male,Pune,2026-01-14,Premium
C000821,27,Male,Pune,2025-11-26,Standard
C000822,47,Female,Jaipur,2025-04-13,Standard
C000823,67,Male,Chennai,2025-08-11,Standard
C000824,62,Female,Pune,2026-02-06,Standard
C000825,22,Male,Jaipur,2026-06-29,Gold
C000826,50,Male,Mumbai,2026-05-24,Standard
C000827,18,Female,Pune,2025-07-03,Standard
C000828,35,Female,Kolkata,2025-03-28,Gold
C000829,49,Male,Bangalore,2026-01-15,Standard
C000830,64,Female,Delhi,2026-06-22,Gold
C000831,66,Female,Mumbai,2026-02-17,Gold
C000832,28,Female,Kochi,2026-06-02,Gold
C000833,38,Male,Chennai,2025-10-22,Standard
C000834,43,Female,Chennai,2025-09-17,Standard
C000835,42,Female,Chennai,2026-01-19,Standard
C000836,39,Male,Kolkata,2025-10-31,Standard
C000837,44,Female,Mumbai,2025-11-12,Standard
C000838,66,Female,Pune,2025-03-18,Standard
C000839,30,Female,Kolkata,2026-01-14,Standard
C000840,50,Female,Jaipur,2026-04-06,Standard
C000841,51,Male,Chennai,2025-02-25,Premium
C000842,58,Male,Kochi,2025-03-22,Gold
C000843,52,Female,Jaipur,2025-06-25,Standard
C000844,18,Female,Delhi,2026-01-18,Gold
C000845,38,Female,Pune,2025-05-29,Premium
C000846,65,Female,Pune,2025-10-08,Standard
C000847,23,Male,Hyderabad,2025-12-11,Standard
C000848,45,Male,Kochi,2026-02-13,Standard
C000849,34,Male,Kolkata,2025-01-30,Gold
C000850,22,Male,Kolkata,2026-02-26,Standard
C000851,48,Female,Ahmedabad,2025-08-19,Gold
C000852,22,Male,Delhi,2025-12-25,Gold
C000853,55,Female,Chennai,2025-06-11,Gold
C000854,20,Male,Hyderabad,2025-08-16,Standard
C000855,70,Female,Jaipur,2025-08-09,Standard
C000856,40,Female,Pune,2025-03-14,Standard
C000857,54,Male,Ahmedabad,2026-02-03,Standard
C000858,70,Male,Ahmedabad,2025-04-05,Gold
C000859,54,Male,Delhi,2026-04-20,Gold
C000860,27,Female,Bangalore,2025-04-05,Gold
C000861,27,Male,Pune,2025-05-04,Standard
C000862,36,Female,Kolkata,2026-05-15,Standard
C000863,34,Other,Jaipur,2025-02-17,Gold
C000864,38,Female,Chennai,2025-04-05,Premium
C000865,31,Male,Chennai,2026-04-22,Standard
C000866,26,Female,Kochi,2025-02-02,Gold
C000867,63,Male,Bangalore,2025-04-28,Standard
C000868,18,Male,Delhi,2025-09-08,Standard
C000869,68,Female,Chennai,2025-10-30,Gold
C000870,62,Female,Hyderabad,2025-05-02,Gold
C000871,30,Male,Chennai,2025-08-06,Standard
C000872,21,Male,Mumbai,2025-02-22,Gold
C000873,18,Male,Hyderabad,2025-05-06,Gold
C000874,66,Female,Jaipur,2025-06-08,Standard
C000875,57,Male,Kochi,2025-06-25,Gold
C000876,49,Other,Chennai,2025-10-19,Standard
C000877,51,Female,Kolkata,2025-06-08,Standard
C000878,45,Female,Hyderabad,2026-05-06,Standard
C000879,48,Male,Kochi,2025-12-23,Standard
C000880,25,Female,Ahmedabad,2025-08-25,Standard
C000881,56,Female,Mumbai,2026-03-04,Standard
C000882,43,Female,Mumbai,2025-05-05,Gold
C000883,51,Male,Jaipur,2025-11-11,Standard
C000884,20,Male,Hyderabad,2025-10-06,Standard
C000885,67,Male,Kolkata,2025-04-15,Gold
C000886,29,Female,Bangalore,2025-02-11,Standard
C000887,18,Female,Kolkata,2026-02-01,Standard
C000888,61,Female,Kochi,2026-04-05,Standard
C000889,22,Male,Chennai,2026-05-06,Standard
C000890,47,Male,Pune,2025-06-17,Standard
C000891,47,Male,Jaipur,2025-06-23,Standard
C000892,34,Male,Pune,2026-01-07,Standard
C000893,65,Male,Hyderabad,2025-05-30,Standard
C000894,64,Female,Bangalore,2025-09-06,Standard
C000895,40,Female,Mumbai,2025-06-29,Standard
C000896,32,Female,Mumbai,2025-04-30,Standard
C000897,54,Male,Ahmedabad,2025-01-28,Gold
C000898,38,Male,Kochi,2025-04-27,Standard
C000899,31,Male,Kochi,2025-09-19,Standard
C000900,19,Female,Kolkata,2025-02-07,Premium
C000901,28,Male,Kochi,2025-07-16,Gold
C000902,68,Female,Kolkata,2026-06-09,Standard
C000903,56,Male,Kolkata,2026-03-13,Standard
C000904,55,Female,Chennai,2026-02-14,Gold
C000905,51,Female,Jaipur,2025-11-29,Premium
C000906,55,Male,Pune,2026-06-15,Standard
C000907,67,Female,Chennai,2026-04-10,Standard
C000908,51,Male,Bangalore,2025-06-07,Gold
C000909,35,Female,Bangalore,2025-06-09,Standard
C000910,47,Male,Bangalore,2025-11-30,Gold
C000911,32,Male,Mumbai,2026-01-11,Standard
C000912,44,Female,Mumbai,2025-03-20,Premium
C000913,68,Female,Jaipur,2025-07-16,Premium
C000914,51,Male,Bangalore,2025-04-30,Standard
C000915,69,Female,Hyderabad,2025-08-14,Standard
C000916,55,Male,Hyderabad,2026-02-14,Standard
C000917,50,Male,Ahmedabad,2026-06-22,Standard
C000918,41,Female,Chennai,2025-12-05,Standard
C000919,32,Male,Pune,2026-06-21,Standard
C000920,47,Male,Mumbai,2025-08-08,Standard
C000921,59,Female,Kochi,2025-10-20,Gold
C000922,68,Male,Pune,2025-07-23,Standard
C000923,34,Female,Delhi,2026-05-29,Gold
C000924,22,Male,Jaipur,2025-07-21,Premium
C000925,46,Male,Jaipur,2025-02-01,Standard
C000926,21,Male,Bangalore,2025-03-30,Standard
C000927,27,Female,Hyderabad,2025-07-21,Standard
C000928,34,Female,Bangalore,2025-10-20,Standard
C000929,27,Male,Pune,2025-04-25,Gold
C000930,34,Male,Hyderabad,2025-08-10,Standard
C000931,37,Female,Bangalore,2025-07-01,Gold
C000932,41,Male,Pune,2026-04-14,Gold
C000933,22,Female,Delhi,2026-03-02,Standard
C000934,51,Male,Ahmedabad,2025-03-01,Standard
C000935,23,Female,Chennai,2026-04-30,Standard
C000936,70,Male,Ahmedabad,2025-01-11,Gold
C000937,19,Female,Delhi,2026-01-20,Standard
C000938,30,Female,Ahmedabad,2026-02-14,Premium
C000939,60,Male,Kochi,2025-02-11,Gold
C000940,60,Male,Mumbai,2025-05-03,Standard
C000941,65,Female,Mumbai,2025-09-09,Standard
C000942,28,Female,Kochi,2026-04-29,Standard
C000943,68,Male,Mumbai,2025-08-01,Standard
C000944,64,Male,Pune,2025-09-25,Standard
C000945,40,Female,Mumbai,2026-06-24,Standard
C000946,33,Male,Jaipur,2025-05-15,Standard
C000947,48,Female,Jaipur,2026-05-13,Standard
C000948,28,Male,Hyderabad,2025-05-06,Standard
C000949,33,Female,Kolkata,2025-12-25,Standard
C000950,25,Female,Delhi,2026-05-18,Gold
C000951,21,Other,Jaipur,2025-11-14,Standard
C000952,57,Male,Chennai,2025-01-12,Standard
C000953,21,Female,Hyderabad,2026-04-22,Standard
C000954,42,Male,Kochi,2025-10-21,Standard
C000955,20,Female,Delhi,2026-03-16,Standard
C000956,49,Female,Delhi,2026-05-31,Gold
C000957,20,Male,Kochi,2026-01-26,Gold
C000958,44,Female,Kolkata,2025-11-12,Premium
C000959,46,Male,Ahmedabad,2025-01-08,Standard
C000960,49,Female,Ahmedabad,2026-05-23,Gold
C000961,67,Female,Bangalore,2025-05-04,Gold
C000962,68,Female,Bangalore,2026-01-07,Gold
C000963,36,Male,Hyderabad,2025-11-10,Standard
C000964,38,Male,Bangalore,2025-07-04,Standard
C000965,22,Female,Bangalore,2026-06-09,Gold
C000966,35,Male,Kochi,2025-02-08,Gold
C000967,45,Male,Ahmedabad,2025-03-25,Gold
C000968,59,Male,Bangalore,2025-01-21,Standard
C000969,39,Male,Jaipur,2025-09-10,Standard
C000970,38,Female,Chennai,2025-10-30,Premium
C000971,23,Male,Jaipur,2025-09-15,Standard
C000972,18,Female,Kolkata,2026-06-26,Gold
C000973,22,Male,Jaipur,2026-04-06,Standard
C000974,58,Male,Hyderabad,2025-08-12,Gold
C000975,29,Male,Bangalore,2025-04-02,Standard
C000976,43,Male,Bangalore,2025-10-07,Standard
C000977,63,Male,Kochi,2025-06-19,Standard
C000978,51,Female,Pune,2025-09-05,Standard
C000979,66,Male,Kolkata,2025-12-27,Standard
C000980,31,Male,Jaipur,2025-12-15,Gold
C000981,43,Male,Pune,2026-03-11,Standard
C000982,62,Male,Delhi,2026-02-10,Premium
C000983,44,Female,Chennai,2025-03-19,Standard
C000984,26,Female,Chennai,2026-04-03,Standard
C000985,43,Male,Ahmedabad,2026-01-27,Premium
C000986,64,Male,Bangalore,2025-01-14,Gold
C000987,39,Other,Ahmedabad,2025-02-14,Gold
C000988,64,Male,Kochi,2025-02-07,Standard
C000989,47,Female,Kolkata,2026-02-20,Premium
C000990,60,Male,Kolkata,2025-09-02,Gold
C000991,65,Female,Delhi,2025-03-03,Gold
C000992,34,Female,Hyderabad,2026-05-08,Premium
C000993,43,Female,Kolkata,2025-11-19,Standard
C000994,53,Male,Kolkata,2025-09-09,Standard
C000995,18,Male,Kolkata,2026-04-13,Standard
C000996,25,Male,Chennai,2025-03-02,Gold
C000997,66,Male,Hyderabad,2025-04-29,Gold
C000998,52,Male,Hyderabad,2025-03-28,Gold
C000999,69,Male,Mumbai,2025-03-21,Standard
C001000,32,Female,Jaipur,2025-08-16,Gold
C001001,64,Female,Kochi,2026-04-28,Gold
C001002,39,Male,Bangalore,2025-11-06,Standard
C001003,31,Male,Kolkata,2026-04-30,Standard
C001004,43,Other,Kolkata,2025-01-25,Premium
C001005,45,Female,Mumbai,2025-07-21,Standard
C001006,40,Female,Bangalore,2025-08-13,Standard
C001007,31,Male,Hyderabad,2026-05-25,Standard
C001008,41,Male,Delhi,2026-06-04,Standard
C001009,19,Male,Chennai,2025-07-02,Standard
C001010,62,Male,Kolkata,2025-03-18,Gold
C001011,43,Female,Kochi,2026-03-02,Standard
C001012,31,Female,Kochi,2025-03-08,Gold
C001013,68,Male,Kolkata,2026-05-09,Standard
C001014,24,Other,Kochi,2025-03-18,Premium
C001015,20,Male,Delhi,2025-02-24,Standard
C001016,64,Other,Kochi,2026-04-18,Gold
C001017,40,Other,Pune,2025-09-04,Standard
C001018,63,Male,Bangalore,2026-03-15,Standard
C001019,60,Male,Mumbai,2025-11-10,Standard
C001020,64,Female,Mumbai,2025-11-16,Standard
C001021,62,Female,Ahmedabad,2025-08-08,Standard
C001022,35,Female,Chennai,2026-01-06,Gold
C001023,55,Other,Bangalore,2025-08-04,Standard
C001024,52,Female,Kolkata,2025-02-18,Standard
C001025,68,Male,Pune,2026-04-08,Standard
C001026,32,Male,Delhi,2025-04-28,Standard
C001027,42,Female,Ahmedabad,2025-03-23,Standard
C001028,54,Male,Chennai,2025-09-20,Standard
C001029,45,Female,Chennai,2026-05-11,Gold
C001030,27,Male,Jaipur,2025-06-25,Standard
C001031,56,Male,Bangalore,2025-03-30,Gold
C001032,34,Male,Pune,2025-12-25,Standard
C001033,56,Female,Hyderabad,2025-10-13,Standard
C001034,39,Male,Delhi,2025-10-24,Premium
C001035,43,Female,Ahmedabad,2025-09-17,Standard
C001036,61,Female,Kolkata,2026-04-20,Standard
C001037,42,Female,Mumbai,2026-06-20,Gold
C001038,34,Female,Ahmedabad,2025-02-06,Gold
C001039,30,Male,Kochi,2025-06-30,Standard
C001040,37,Female,Chennai,2025-01-25,Standard
C001041,42,Male,Kolkata,2025-12-15,Standard
C001042,21,Male,Delhi,2026-06-27,Gold
C001043,27,Male,Pune,2025-08-15,Gold
C001044,20,Female,Hyderabad,2025-12-14,Gold
C001045,58,Female,Kochi,2025-02-07,Premium
C001046,62,Female,Kolkata,2026-01-18,Standard
C001047,35,Female,Kolkata,2025-08-24,Standard
C001048,64,Female,Chennai,2025-06-30,Premium
C001049,53,Male,Bangalore,2025-04-24,Standard
C001050,64,Female,Kochi,2025-11-02,Standard
C001051,39,Male,Chennai,2025-05-12,Standard
C001052,51,Other,Ahmedabad,2025-12-14,Premium
C001053,64,Female,Kochi,2025-06-29,Gold
C001054,25,Female,Hyderabad,2026-02-19,Standard
C001055,57,Female,Mumbai,2026-01-20,Standard
C001056,66,Male,Ahmedabad,2026-05-27,Standard
C001057,61,Female,Hyderabad,2025-02-12,Standard
C001058,36,Male,Pune,2026-04-25,Premium
C001059,59,Female,Chennai,2025-04-28,Gold
C001060,58,Female,Hyderabad,2025-03-02,Premium
C001061,54,Female,Bangalore,2025-07-07,Standard
C001062,23,Female,Jaipur,2026-03-29,Gold
C001063,69,Male,Mumbai,2025-07-06,Standard
C001064,43,Male,Pune,2026-04-09,Gold
C001065,51,Female,Kolkata,2025-06-13,Premium
C001066,62,Male,Chennai,2026-02-28,Premium
C001067,23,Male,Ahmedabad,2025-04-12,Standard
C001068,54,Female,Jaipur,2025-09-24,Standard
C001069,50,Female,Kochi,2025-06-02,Gold
C001070,70,Female,Chennai,2026-03-05,Standard
C001071,39,Male,Delhi,2026-03-03,Standard
C001072,38,Female,Chennai,2026-06-20,Standard
C001073,23,Male,Delhi,2025-11-29,Standard
C001074,23,Female,Kolkata,2026-03-16,Standard
C001075,65,Male,Pune,2025-05-04,Standard
C001076,21,Female,Mumbai,2025-10-29,Standard
C001077,47,Female,Chennai,2025-12-15,Standard
C001078,28,Male,Kolkata,2025-09-06,Gold
C001079,47,Female,Kochi,2025-09-28,Gold
C001080,48,Female,Jaipur,2026-03-05,Standard
C001081,41,Male,Bangalore,2025-09-04,Gold
C001082,26,Female,Hyderabad,2026-04-26,Gold
C001083,20,Male,Kolkata,2025-04-08,Standard
C001084,68,Female,Jaipur,2025-11-25,Standard
C001085,48,Female,Delhi,2026-03-01,Standard
C001086,57,Male,Kolkata,2026-02-28,Standard
C001087,54,Female,Kochi,2025-01-05,Gold
C001088,53,Male,Kolkata,2026-04-04,Standard
C001089,41,Male,Mumbai,2026-05-13,Standard
C001090,48,Other,Delhi,2025-03-28,Gold
C001091,23,Female,Chennai,2026-02-06,Gold
C001092,19,Male,Ahmedabad,2025-10-20,Standard
C001093,37,Male,Bangalore,2025-10-08,Gold
C001094,45,Male,Chennai,2025-07-16,Standard
C001095,28,Other,Hyderabad,2025-03-24,Standard
C001096,21,Male,Kolkata,2025-01-27,Gold
C001097,32,Male,Pune,2025-05-15,Standard
C001098,23,Female,Kolkata,2025-03-31,Standard
C001099,66,Male,Delhi,2025-07-25,Gold
C001100,47,Male,Mumbai,2025-01-27,Gold
C001101,55,Male,Kolkata,2026-01-13,Gold
C001102,68,Male,Hyderabad,2026-02-19,Standard
C001103,19,Male,Kochi,2025-08-15,Gold
C001104,32,Female,Kolkata,2025-03-09,Gold
C001105,28,Male,Chennai,2025-12-28,Premium
C001106,25,Female,Ahmedabad,2025-09-17,Premium
C001107,43,Female,Pune,2025-03-04,Standard
C001108,68,Female,Hyderabad,2026-01-27,Standard
C001109,62,Female,Hyderabad,2025-09-03,Standard
C001110,61,Male,Delhi,2025-10-05,Standard
C001111,22,Male,Hyderabad,2025-12-13,Gold
C001112,23,Male,Pune,2026-01-07,Gold
C001113,43,Male,Chennai,2025-05-03,Gold
C001114,21,Female,Ahmedabad,2025-02-26,Standard
C001115,36,Female,Jaipur,2025-06-09,Standard
C001116,37,Female,Kolkata,2025-05-07,Standard
C001117,50,Male,Hyderabad,2025-11-07,Gold
C001118,37,Female,Kochi,2026-06-02,Gold
C001119,66,Male,Mumbai,2025-09-22,Gold
C001120,29,Female,Kochi,2025-10-15,Standard
C001121,64,Male,Chennai,2026-02-24,Premium
C001122,18,Female,Jaipur,2026-06-12,Standard
C001123,43,Male,Delhi,2025-05-20,Standard
C001124,31,Female,Chennai,2026-04-20,Standard
C001125,55,Female,Kochi,2026-06-13,Standard
C001126,54,Female,Pune,2026-01-24,Premium
C001127,28,Male,Kolkata,2026-05-26,Gold
C001128,53,Female,Chennai,2026-06-22,Standard
C001129,30,Female,Bangalore,2025-08-01,Standard
C001130,60,Male,Kolkata,2026-05-28,Standard
C001131,20,Male,Bangalore,2025-09-22,Standard
C001132,50,Male,Hyderabad,2025-12-09,Gold
C001133,23,Male,Mumbai,2025-02-07,Standard
C001134,67,Female,Chennai,2025-08-21,Standard
C001135,27,Other,Kolkata,2025-09-17,Standard
C001136,22,Male,Delhi,2025-11-04,Standard
C001137,40,Female,Bangalore,2026-02-07,Standard
C001138,27,Other,Ahmedabad,2025-09-18,Gold
C001139,61,Male,Kochi,2026-04-21,Premium
C001140,19,Female,Kolkata,2025-04-16,Standard
C001141,30,Female,Mumbai,2025-09-04,Standard
C001142,57,Female,Chennai,2025-10-31,Standard
C001143,19,Male,Kolkata,2025-12-09,Standard
C001144,37,Female,Chennai,2026-03-23,Standard
C001145,18,Male,Pune,2025-02-07,Premium
C001146,54,Female,Bangalore,2025-02-15,Gold
C001147,26,Male,Kolkata,2025-08-08,Standard
C001148,34,Female,Kolkata,2025-09-13,Standard
C001149,26,Male,Mumbai,2025-05-17,Standard
C001150,28,Male,Mumbai,2025-08-19,Standard
C001151,32,Female,Kochi,2025-02-07,Gold
C001152,41,Male,Delhi,2025-06-04,Standard
C001153,55,Female,Chennai,2026-05-18,Standard
C001154,52,Other,Jaipur,2025-04-15,Gold
C001155,47,Female,Kochi,2025-09-12,Gold
C001156,48,Male,Mumbai,2026-02-08,Standard
C001157,66,Female,Jaipur,2026-05-03,Standard
C001158,22,Female,Hyderabad,2026-04-03,Standard
C001159,61,Female,Jaipur,2026-06-12,Standard
C001160,67,Male,Bangalore,2026-06-09,Standard
C001161,31,Female,Kolkata,2026-01-05,Gold
C001162,70,Female,Mumbai,2025-04-12,Gold
C001163,28,Male,Kolkata,2026-06-25,Gold
C001164,26,Male,Kochi,2026-05-27,Standard
C001165,51,Male,Pune,2026-01-24,Gold
C001166,29,Female,Mumbai,2025-12-29,Gold
C001167,52,Female,Mumbai,2025-04-25,Standard
C001168,52,Female,Ahmedabad,2025-12-09,Standard
C001169,18,Male,Kolkata,2025-03-15,Standard
C001170,57,Male,Mumbai,2025-05-15,Standard
C001171,39,Other,Pune,2026-01-15,Gold
C001172,46,Other,Pune,2026-05-05,Standard
C001173,25,Female,Bangalore,2025-05-05,Gold
C001174,28,Female,Chennai,2025-02-07,Standard
C001175,58,Male,Mumbai,2025-11-06,Premium
C001176,54,Female,Pune,2025-04-16,Gold
C001177,31,Male,Pune,2025-08-13,Premium
C001178,47,Male,Bangalore,2025-08-30,Standard
C001179,52,Female,Ahmedabad,2026-02-01,Premium
C001180,38,Male,Chennai,2025-06-02,Standard
C001181,54,Male,Delhi,2026-06-20,Gold
C001182,22,Male,Mumbai,2026-02-06,Standard
C001183,36,Male,Delhi,2025-05-26,Gold
C001184,31,Female,Delhi,2025-07-10,Premium
C001185,43,Male,Kochi,2025-07-20,Gold
C001186,21,Male,Ahmedabad,2025-01-12,Gold
C001187,42,Male,Kochi,2025-02-21,Standard
C001188,62,Male,Kolkata,2025-10-29,Standard
C001189,59,Male,Jaipur,2025-10-27,Standard
C001190,42,Female,Bangalore,2026-06-05,Standard
C001191,35,Male,Pune,2025-05-20,Gold
C001192,57,Female,Pune,2025-04-10,Gold
C001193,25,Other,Chennai,2026-04-30,Premium
C001194,56,Female,Ahmedabad,2025-05-17,Standard
C001195,57,Male,Pune,2026-01-01,Standard
C001196,31,Male,Kochi,2026-06-18,Standard
C001197,49,Female,Jaipur,2026-05-22,Gold
C001198,68,Female,Kochi,2025-06-10,Standard
C001199,55,Female,Delhi,2025-06-24,Gold
C001200,50,Female,Kolkata,2025-03-29,Standard
C001201,40,Female,Pune,2026-02-03,Standard
C001202,32,Female,Delhi,2026-04-25,Gold
C001203,50,Female,Pune,2026-06-29,Premium
C001204,42,Male,Mumbai,2026-04-22,Gold
C001205,34,Other,Hyderabad,2025-10-10,Standard
C001206,50,Female,Bangalore,2026-03-28,Standard
C001207,64,Male,Bangalore,2025-03-23,Standard
C001208,19,Female,Pune,2025-08-01,Premium
C001209,31,Female,Jaipur,2026-06-04,Standard
C001210,70,Female,Ahmedabad,2025-05-14,Premium
C001211,57,Female,Chennai,2026-03-23,Premium
C001212,57,Male,Jaipur,2025-04-28,Gold
C001213,68,Other,Ahmedabad,2025-08-31,Standard
C001214,56,Female,Jaipur,2025-05-30,Standard
C001215,68,Female,Mumbai,2026-06-17,Gold
C001216,23,Male,Jaipur,2026-01-14,Gold
C001217,23,Male,Chennai,2026-06-09,Premium
C001218,20,Female,Bangalore,2026-05-28,Standard
C001219,24,Male,Jaipur,2025-04-27,Gold
C001220,68,Male,Kochi,2025-11-13,Standard
C001221,25,Female,Ahmedabad,2025-01-12,Standard
C001222,59,Female,Kolkata,2025-03-31,Gold
C001223,69,Male,Ahmedabad,2026-01-23,Standard
C001224,32,Male,Bangalore,2025-03-24,Standard
C001225,64,Male,Jaipur,2026-01-31,Standard
C001226,46,Female,Kochi,2026-06-29,Standard
C001227,50,Male,Jaipur,2025-04-10,Standard
C001228,69,Male,Jaipur,2026-04-02,Standard
C001229,47,Female,Pune,2025-11-24,Standard
C001230,56,Other,Mumbai,2025-03-15,Premium
C001231,44,Female,Chennai,2025-04-06,Gold
C001232,53,Male,Mumbai,2025-04-02,Gold
C001233,46,Male,Kolkata,2025-11-26,Standard
C001234,55,Female,Bangalore,2025-06-24,Standard
C001235,50,Male,Jaipur,2025-11-11,Gold
C001236,54,Female,Hyderabad,2026-05-12,Standard
C001237,44,Male,Mumbai,2025-09-26,Standard
C001238,50,Male,Delhi,2026-03-04,Standard
C001239,21,Female,Hyderabad,2025-02-04,Standard
C001240,39,Female,Mumbai,2025-04-29,Gold
C001241,19,Female,Delhi,2026-01-06,Gold
C001242,27,Male,Bangalore,2026-03-27,Premium
C001243,22,Male,Jaipur,2025-11-05,Premium
C001244,27,Female,Kochi,2025-12-23,Gold
C001245,50,Female,Kochi,2026-01-11,Standard
C001246,55,Male,Mumbai,2025-04-15,Standard
C001247,30,Male,Jaipur,2026-01-25,Gold
C001248,48,Male,Mumbai,2025-06-25,Standard
C001249,64,Other,Bangalore,2025-04-16,Gold
C001250,53,Female,Delhi,2025-06-12,Standard
C001251,62,Female,Jaipur,2025-09-24,Gold
C001252,41,Male,Hyderabad,2025-10-06,Gold
C001253,69,Other,Delhi,2025-10-30,Standard
C001254,32,Male,Hyderabad,2025-05-07,Gold
C001255,46,Female,Hyderabad,2025-09-03,Gold
C001256,25,Female,Bangalore,2025-08-22,Gold
C001257,22,Male,Chennai,2026-03-15,Gold
C001258,46,Male,Chennai,2025-05-17,Standard
C001259,64,Male,Jaipur,2025-05-29,Premium
C001260,21,Male,Kolkata,2025-02-25,Standard
C001261,29,Female,Ahmedabad,2025-12-22,Gold
C001262,62,Female,Chennai,2025-09-14,Gold
C001263,19,Female,Jaipur,2025-03-04,Standard
C001264,44,Female,Hyderabad,2025-03-04,Premium
C001265,48,Female,Kochi,2025-01-29,Premium
C001266,68,Male,Chennai,2025-10-27,Gold
C001267,68,Male,Bangalore,2025-08-03,Gold
C001268,53,Other,Jaipur,2025-05-21,Premium
C001269,53,Male,Ahmedabad,2026-05-22,Standard
C001270,43,Female,Mumbai,2026-05-14,Premium
C001271,60,Male,Kolkata,2026-05-17,Gold
C001272,44,Female,Hyderabad,2025-07-10,Gold
C001273,22,Female,Hyderabad,2025-02-18,Standard
C001274,37,Male,Mumbai,2025-12-29,Standard
C001275,28,Male,Chennai,2026-05-11,Gold
C001276,27,Female,Kochi,2025-10-04,Standard
C001277,57,Male,Mumbai,2025-02-16,Standard
C001278,55,Male,Kochi,2025-08-04,Gold
C001279,23,Female,Hyderabad,2025-08-18,Standard
C001280,25,Male,Ahmedabad,2025-11-19,Standard
C001281,40,Female,Chennai,2026-02-25,Standard
C001282,64,Female,Jaipur,2025-08-13,Standard
C001283,43,Male,Hyderabad,2025-10-14,Standard
C001284,63,Female,Mumbai,2025-02-15,Standard
C001285,60,Female,Kochi,2025-01-14,Standard
C001286,29,Male,Kochi,2026-01-10,Gold
C001287,43,Male,Hyderabad,2025-11-29,Standard
C001288,30,Male,Hyderabad,2025-06-15,Standard
C001289,57,Male,Ahmedabad,2026-05-22,Gold
C001290,35,Male,Ahmedabad,2025-04-27,Standard
C001291,42,Male,Pune,2026-03-15,Standard
C001292,50,Male,Mumbai,2025-10-31,Standard
C001293,64,Female,Bangalore,2026-04-02,Standard
C001294,57,Female,Mumbai,2025-09-28,Gold
C001295,60,Female,Ahmedabad,2025-08-04,Standard
C001296,29,Female,Pune,2025-04-23,Standard
C001297,61,Female,Chennai,2025-01-16,Standard
C001298,53,Female,Hyderabad,2025-08-04,Premium
C001299,65,Female,Kolkata,2026-03-03,Standard
C001300,21,Male,Mumbai,2025-05-15,Standard
C001301,22,Female,Mumbai,2025-02-12,Premium
C001302,54,Male,Delhi,2025-10-11,Standard
C001303,25,Male,Ahmedabad,2025-04-08,Gold
C001304,59,Female,Kolkata,2025-03-01,Standard
C001305,66,Male,Jaipur,2025-08-18,Standard
C001306,45,Male,Delhi,2026-01-20,Standard
C001307,48,Female,Bangalore,2025-06-08,Standard
C001308,26,Female,Mumbai,2026-04-16,Standard
C001309,68,Female,Pune,2025-07-27,Premium
C001310,46,Female,Pune,2025-06-23,Standard
C001311,31,Male,Jaipur,2025-03-22,Gold
C001312,57,Male,Kochi,2025-01-18,Standard
C001313,58,Female,Delhi,2025-10-18,Premium
C001314,39,Male,Delhi,2025-12-26,Premium
C001315,28,Female,Pune,2025-10-06,Standard
C001316,40,Male,Pune,2026-02-01,Standard
C001317,18,Male,Hyderabad,2025-05-22,Gold
C001318,63,Female,Pune,2026-06-01,Standard
C001319,54,Female,Ahmedabad,2025-09-08,Gold
C001320,38,Female,Pune,2026-06-24,Premium
C001321,43,Female,Delhi,2025-08-25,Standard
C001322,63,Male,Hyderabad,2025-05-12,Gold
C001323,53,Male,Bangalore,2025-11-02,Standard
C001324,40,Male,Delhi,2025-12-24,Standard
C001325,18,Male,Pune,2025-10-12,Standard
C001326,68,Male,Pune,2025-10-20,Standard
C001327,57,Female,Pune,2025-06-12,Standard
C001328,32,Male,Hyderabad,2026-02-23,Standard
C001329,38,Female,Mumbai,2026-04-13,Gold
C001330,64,Female,Hyderabad,2026-05-22,Standard
C001331,26,Male,Chennai,2026-04-23,Standard
C001332,70,Male,Ahmedabad,2025-12-28,Standard
C001333,26,Male,Kolkata,2025-11-08,Standard
C001334,27,Female,Ahmedabad,2025-09-02,Gold
C001335,69,Male,Pune,2026-04-22,Standard
C001336,70,Male,Kolkata,2026-03-12,Gold
C001337,43,Female,Bangalore,2025-09-07,Standard
C001338,58,Male,Kochi,2025-01-22,Gold
C001339,52,Female,Delhi,2026-04-22,Standard
C001340,69,Female,Mumbai,2026-05-26,Gold
C001341,42,Female,Kochi,2025-12-02,Standard
C001342,43,Male,Hyderabad,2025-12-08,Standard
C001343,28,Female,Chennai,2025-12-04,Gold
C001344,55,Female,Jaipur,2026-04-25,Gold
C001345,19,Male,Ahmedabad,2025-02-11,Standard
C001346,24,Male,Kochi,2025-03-15,Premium
C001347,35,Male,Chennai,2025-01-22,Gold
C001348,44,Female,Pune,2025-08-08,Standard
C001349,51,Female,Hyderabad,2025-03-20,Standard
C001350,44,Female,Hyderabad,2025-08-23,Standard
C001351,34,Female,Delhi,2025-06-06,Standard
C001352,60,Male,Kolkata,2025-11-23,Standard
C001353,61,Male,Kolkata,2025-04-24,Standard
C001354,68,Female,Kochi,2025-10-02,Standard
C001355,41,Female,Bangalore,2026-01-16,Standard
C001356,42,Male,Kolkata,2025-01-20,Standard
C001357,24,Female,Kolkata,2025-07-28,Standard
C001358,69,Female,Pune,2025-06-09,Standard
C001359,23,Female,Pune,2025-02-07,Standard
C001360,70,Female,Chennai,2025-04-28,Standard
C001361,41,Female,Hyderabad,2026-01-25,Gold
C001362,50,Male,Hyderabad,2026-01-12,Premium
C001363,66,Female,Hyderabad,2026-01-11,Standard
C001364,46,Male,Chennai,2025-02-11,Standard
C001365,60,Female,Jaipur,2026-04-15,Gold
C001366,39,Male,Pune,2026-04-03,Standard
C001367,43,Female,Chennai,2025-05-10,Standard
C001368,45,Female,Hyderabad,2025-01-28,Standard
C001369,67,Male,Kochi,2025-11-22,Standard
C001370,38,Male,Pune,2026-05-24,Standard
C001371,66,Other,Mumbai,2025-11-21,Premium
C001372,24,Other,Kolkata,2025-06-09,Standard
C001373,34,Male,Pune,2026-05-31,Gold
C001374,37,Other,Pune,2025-09-11,Standard
C001375,58,Female,Hyderabad,2025-09-05,Standard
C001376,66,Female,Ahmedabad,2025-12-19,Standard
C001377,37,Male,Jaipur,2026-02-02,Gold
C001378,39,Female,Pune,2025-07-22,Standard
C001379,45,Female,Chennai,2025-10-29,Standard
C001380,57,Female,Bangalore,2025-05-28,Standard
C001381,66,Female,Hyderabad,2025-08-09,Standard
C001382,24,Female,Hyderabad,2025-09-20,Standard
C001383,18,Female,Ahmedabad,2025-10-23,Gold
C001384,49,Male,Delhi,2025-11-11,Standard
C001385,30,Male,Bangalore,2025-10-19,Standard
C001386,47,Male,Mumbai,2025-01-31,Gold
C001387,40,Male,Kolkata,2025-02-13,Gold
C001388,68,Female,Delhi,2025-05-14,Standard
C001389,36,Female,Kochi,2025-12-15,Gold
C001390,49,Female,Pune,2025-08-07,Standard
C001391,47,Male,Kochi,2026-03-26,Gold
C001392,46,Female,Mumbai,2026-05-19,Standard
C001393,66,Male,Chennai,2025-03-27,Standard
C001394,62,Male,Jaipur,2025-09-08,Gold
C001395,46,Male,Chennai,2025-09-22,Standard
C001396,47,Female,Chennai,2026-06-07,Standard
C001397,33,Male,Chennai,2025-03-21,Standard
C001398,57,Female,Bangalore,2026-04-06,Standard
C001399,36,Male,Hyderabad,2025-09-09,Gold
C001400,35,Female,Pune,2025-01-18,Standard
C001401,18,Female,Kolkata,2025-09-13,Standard
C001402,31,Female,Bangalore,2025-09-02,Gold
C001403,68,Female,Delhi,2025-06-02,Premium
C001404,64,Female,Delhi,2026-05-15,Standard
C001405,67,Female,Bangalore,2026-04-03,Gold
C001406,19,Female,Mumbai,2026-06-26,Standard
C001407,45,Male,Kochi,2025-04-25,Gold
C001408,66,Male,Bangalore,2026-03-23,Gold
C001409,67,Male,Bangalore,2025-12-19,Gold
C001410,47,Female,Kolkata,2026-06-25,Gold
C001411,55,Female,Kolkata,2025-11-18,Standard
C001412,68,Female,Hyderabad,2026-04-04,Standard
C001413,21,Female,Kolkata,2025-08-14,Standard
C001414,18,Male,Hyderabad,2025-12-27,Gold
C001415,25,Female,Chennai,2026-06-15,Gold
C001416,46,Other,Kochi,2025-04-22,Standard
C001417,56,Male,Mumbai,2025-07-31,Standard
C001418,20,Female,Kochi,2025-08-21,Gold
C001419,49,Male,Hyderabad,2025-06-08,Standard
C001420,27,Female,Kolkata,2025-11-20,Gold
C001421,27,Male,Bangalore,2025-04-03,Gold
C001422,36,Female,Pune,2025-09-05,Standard
C001423,63,Female,Chennai,2025-05-21,Standard
C001424,51,Male,Ahmedabad,2026-02-08,Gold
C001425,50,Male,Delhi,2026-02-08,Standard
C001426,40,Female,Hyderabad,2026-02-18,Standard
C001427,45,Other,Kochi,2026-03-16,Standard
C001428,49,Female,Kolkata,2025-08-21,Standard
C001429,67,Female,Chennai,2025-07-12,Standard
C001430,24,Male,Delhi,2025-04-09,Gold
C001431,46,Female,Ahmedabad,2025-04-23,Premium
C001432,25,Female,Bangalore,2026-06-20,Standard
C001433,18,Female,Bangalore,2025-10-08,Gold
C001434,20,Male,Hyderabad,2026-06-07,Standard
C001435,41,Female,Hyderabad,2025-12-16,Standard
C001436,40,Female,Kolkata,2025-11-12,Standard
C001437,25,Female,Pune,2026-05-15,Premium
C001438,64,Female,Kolkata,2026-06-21,Premium
C001439,54,Female,Mumbai,2026-03-12,Standard
C001440,20,Female,Chennai,2026-06-07,Standard
C001441,68,Male,Chennai,2026-03-20,Premium
C001442,50,Female,Kochi,2025-07-27,Standard
C001443,45,Male,Bangalore,2025-10-03,Gold
C001444,64,Male,Jaipur,2026-05-12,Standard
C001445,25,Male,Kolkata,2025-10-24,Gold
C001446,51,Female,Kochi,2026-01-09,Standard
C001447,52,Male,Hyderabad,2025-07-03,Standard
C001448,49,Male,Chennai,2025-02-01,Gold
C001449,41,Female,Hyderabad,2025-10-10,Standard
C001450,31,Male,Kolkata,2026-03-08,Standard
C001451,49,Male,Delhi,2026-06-03,Standard
C001452,63,Female,Hyderabad,2026-04-07,Standard
C001453,60,Female,Jaipur,2026-01-03,Standard
C001454,33,Male,Chennai,2025-09-09,Standard
C001455,21,Female,Kolkata,2025-06-15,Standard
C001456,69,Female,Kochi,2026-06-13,Premium
C001457,54,Male,Pune,2026-01-06,Standard
C001458,38,Female,Pune,2025-04-13,Standard
C001459,31,Other,Kolkata,2025-05-06,Gold
C001460,48,Male,Pune,2025-02-07,Gold
C001461,65,Male,Chennai,2025-12-14,Standard
C001462,35,Female,Delhi,2025-08-01,Standard
C001463,24,Female,Hyderabad,2025-11-15,Standard
C001464,27,Male,Jaipur,2026-03-02,Standard
C001465,24,Female,Ahmedabad,2025-09-04,Gold
C001466,50,Female,Kochi,2025-10-13,Gold
C001467,40,Female,Chennai,2025-08-19,Gold
C001468,38,Female,Bangalore,2025-11-16,Standard
C001469,36,Male,Mumbai,2026-05-27,Standard
C001470,65,Female,Mumbai,2026-06-05,Standard
C001471,36,Female,Kochi,2025-08-13,Standard
C001472,53,Male,Chennai,2026-05-21,Standard
C001473,46,Female,Kolkata,2025-04-17,Gold
C001474,35,Female,Hyderabad,2025-11-27,Gold
C001475,19,Male,Kolkata,2025-01-05,Standard
C001476,18,Female,Kolkata,2026-04-13,Standard
C001477,64,Male,Bangalore,2026-05-31,Standard
C001478,22,Male,Pune,2025-06-12,Gold
C001479,37,Male,Mumbai,2026-06-15,Gold
C001480,28,Male,Ahmedabad,2025-03-23,Standard
C001481,59,Female,Ahmedabad,2026-04-26,Premium
C001482,19,Male,Hyderabad,2026-05-31,Gold
C001483,20,Female,Mumbai,2025-07-06,Gold
C001484,40,Male,Bangalore,2025-05-26,Standard
C001485,29,Female,Kochi,2025-06-01,Standard
C001486,37,Female,Chennai,2025-12-29,Standard
C001487,22,Female,Kolkata,2025-04-03,Standard
C001488,54,Male,Kolkata,2025-01-31,Gold
C001489,55,Male,Jaipur,2026-06-24,Standard
C001490,47,Male,Kochi,2025-02-18,Gold
C001491,26,Female,Jaipur,2025-09-15,Standard
C001492,51,Female,Jaipur,2026-06-02,Standard
C001493,70,Female,Pune,2026-06-25,Standard
C001494,61,Female,Ahmedabad,2026-02-14,Standard
C001495,52,Male,Jaipur,2025-06-05,Standard
C001496,69,Female,Kolkata,2026-06-30,Gold
C001497,39,Female,Mumbai,2026-03-16,Gold
C001498,61,Female,Mumbai,2025-08-25,Standard
C001499,41,Female,Pune,2026-01-03,Premium
C001500,34,Male,Mumbai,2025-02-26,Standard
C001501,27,Male,Kolkata,2025-06-24,Standard
C001502,47,Female,Ahmedabad,2025-08-02,Standard
C001503,63,Female,Ahmedabad,2025-01-27,Standard
C001504,40,Male,Ahmedabad,2025-04-29,Standard
C001505,49,Female,Chennai,2025-05-27,Gold
C001506,34,Male,Kochi,2025-09-22,Premium
C001507,67,Female,Chennai,2026-02-07,Gold
C001508,68,Other,Chennai,2025-09-15,Gold
C001509,34,Female,Chennai,2025-07-08,Gold
C001510,31,Female,Mumbai,2026-05-14,Standard
C001511,26,Male,Delhi,2025-08-27,Standard
C001512,57,Male,Mumbai,2025-11-23,Gold
C001513,19,Female,Delhi,2025-03-11,Premium
C001514,62,Male,Mumbai,2025-01-25,Standard
C001515,42,Male,Kolkata,2025-06-05,Standard
C001516,56,Female,Kochi,2025-08-07,Standard
C001517,26,Male,Bangalore,2026-01-14,Standard
C001518,39,Female,Bangalore,2025-07-13,Gold
C001519,60,Female,Chennai,2025-02-09,Standard
C001520,63,Female,Bangalore,2025-12-09,Standard
C001521,21,Female,Kochi,2026-05-18,Standard
C001522,43,Female,Kochi,2026-03-26,Gold
C001523,46,Female,Hyderabad,2025-12-02,Standard
C001524,62,Female,Pune,2025-01-04,Gold
C001525,51,Male,Kochi,2026-06-01,Standard
C001526,40,Female,Pune,2026-05-12,Standard
C001527,54,Female,Bangalore,2025-08-14,Standard
C001528,28,Male,Pune,2025-05-30,Standard
C001529,23,Male,Delhi,2025-08-26,Standard
C001530,35,Female,Kolkata,2025-04-13,Standard
C001531,38,Male,Pune,2025-06-24,Gold
C001532,59,Female,Kolkata,2026-04-06,Standard
C001533,53,Other,Chennai,2025-02-03,Gold
C001534,58,Male,Bangalore,2026-06-02,Standard
C001535,55,Female,Kolkata,2026-03-16,Standard
C001536,51,Male,Jaipur,2025-10-12,Standard
C001537,34,Female,Chennai,2025-08-13,Premium
C001538,54,Male,Kolkata,2025-09-14,Standard
C001539,42,Female,Hyderabad,2025-02-28,Standard
C001540,55,Male,Pune,2025-09-03,Standard
C001541,29,Male,Hyderabad,2026-06-03,Gold
C001542,40,Male,Kochi,2025-08-02,Gold
C001543,70,Male,Delhi,2025-08-04,Standard
C001544,59,Female,Chennai,2026-02-07,Gold
C001545,39,Male,Ahmedabad,2025-10-10,Standard
C001546,38,Female,Ahmedabad,2025-08-03,Standard
C001547,44,Female,Kolkata,2026-01-17,Gold
C001548,48,Female,Pune,2025-02-14,Premium
C001549,23,Female,Bangalore,2025-06-21,Gold
C001550,44,Female,Ahmedabad,2025-08-09,Standard
C001551,57,Male,Bangalore,2026-01-20,Standard
C001552,51,Male,Ahmedabad,2025-04-05,Premium
C001553,29,Female,Chennai,2025-02-13,Standard
C001554,62,Female,Ahmedabad,2025-08-16,Gold
C001555,70,Other,Kochi,2025-11-13,Gold
C001556,24,Male,Mumbai,2025-12-01,Standard
C001557,27,Male,Kolkata,2026-04-12,Standard
C001558,62,Male,Delhi,2025-10-24,Standard
C001559,34,Female,Ahmedabad,2026-06-29,Standard
C001560,43,Female,Pune,2026-05-04,Premium
C001561,38,Male,Delhi,2025-08-03,Standard
C001562,45,Female,Bangalore,2026-06-08,Standard
C001563,63,Female,Hyderabad,2025-01-02,Gold
C001564,19,Female,Kochi,2025-07-26,Standard
C001565,60,Male,Jaipur,2025-12-07,Standard
C001566,18,Female,Jaipur,2026-02-11,Gold
C001567,68,Female,Delhi,2025-11-02,Gold
C001568,70,Female,Hyderabad,2026-05-22,Standard
C001569,53,Female,Pune,2026-04-14,Gold
C001570,68,Male,Delhi,2026-05-10,Standard
C001571,43,Male,Bangalore,2025-09-18,Gold
C001572,46,Female,Chennai,2025-12-30,Standard
C001573,38,Male,Delhi,2026-05-29,Standard
C001574,28,Female,Jaipur,2026-06-25,Standard
C001575,57,Female,Mumbai,2026-03-31,Standard
C001576,28,Female,Jaipur,2025-05-24,Standard
C001577,53,Male,Hyderabad,2025-07-11,Gold
C001578,66,Male,Bangalore,2025-12-19,Gold
C001579,56,Female,Pune,2025-10-26,Gold
C001580,57,Male,Kochi,2026-04-05,Standard
C001581,52,Female,Kolkata,2026-03-03,Gold
C001582,51,Female,Mumbai,2025-01-31,Gold
C001583,64,Male,Kochi,2025-11-28,Standard
C001584,41,Female,Delhi,2026-02-15,Standard
C001585,39,Male,Mumbai,2025-02-21,Standard
C001586,22,Male,Hyderabad,2026-01-19,Standard
C001587,50,Other,Bangalore,2025-08-31,Premium
C001588,53,Other,Pune,2026-02-21,Standard
C001589,64,Female,Kochi,2026-04-20,Standard
C001590,37,Female,Delhi,2026-01-27,Gold
C001591,36,Female,Bangalore,2026-01-24,Standard
C001592,52,Male,Delhi,2026-04-14,Standard
C001593,69,Male,Pune,2026-02-12,Standard
C001594,60,Female,Kochi,2026-06-03,Standard
C001595,34,Male,Delhi,2025-07-08,Standard
C001596,62,Female,Bangalore,2025-12-17,Gold
C001597,60,Female,Delhi,2025-10-10,Standard
C001598,51,Female,Kochi,2025-06-06,Standard
C001599,26,Female,Bangalore,2025-05-28,Standard
C001600,43,Male,Hyderabad,2025-03-11,Standard
C001601,19,Male,Chennai,2026-01-05,Gold
C001602,70,Female,Bangalore,2026-05-30,Standard
C001603,26,Female,Mumbai,2025-08-22,Gold
C001604,26,Female,Chennai,2026-04-12,Standard
C001605,57,Female,Delhi,2025-10-14,Gold
C001606,34,Male,Kochi,2025-10-21,Gold
C001607,18,Female,Bangalore,2026-04-26,Standard
C001608,42,Female,Kochi,2025-05-14,Premium
C001609,60,Male,Bangalore,2025-01-08,Standard
C001610,57,Male,Kochi,2025-01-28,Gold
C001611,59,Female,Mumbai,2026-06-04,Standard
C001612,42,Female,Kolkata,2025-11-06,Standard
C001613,56,Male,Chennai,2026-06-25,Standard
C001614,52,Female,Chennai,2026-05-09,Gold
C001615,20,Male,Bangalore,2025-02-03,Gold
C001616,67,Male,Delhi,2025-01-07,Standard
C001617,54,Female,Pune,2025-02-09,Gold
C001618,61,Female,Pune,2025-11-26,Gold
C001619,61,Female,Chennai,2025-03-03,Gold
C001620,68,Male,Kolkata,2025-03-27,Standard
C001621,47,Male,Pune,2025-04-26,Standard
C001622,55,Male,Ahmedabad,2025-10-24,Standard
C001623,51,Male,Pune,2026-01-14,Standard
C001624,29,Male,Jaipur,2025-11-18,Standard
C001625,36,Male,Kochi,2026-01-30,Standard
C001626,54,Male,Chennai,2025-12-23,Premium
C001627,61,Male,Kolkata,2026-02-23,Gold
C001628,66,Female,Delhi,2026-04-23,Gold
C001629,34,Male,Bangalore,2025-12-02,Premium
C001630,27,Male,Hyderabad,2025-01-20,Gold
C001631,66,Female,Mumbai,2026-02-16,Standard
C001632,64,Male,Chennai,2025-09-16,Gold
C001633,29,Female,Kolkata,2025-12-23,Standard
C001634,33,Male,Bangalore,2025-07-20,Standard
C001635,41,Male,Hyderabad,2026-02-15,Standard
C001636,36,Male,Jaipur,2025-10-15,Standard
C001637,25,Male,Chennai,2025-02-17,Gold
C001638,48,Female,Delhi,2026-01-05,Gold
C001639,38,Female,Mumbai,2025-08-19,Standard
C001640,34,Male,Hyderabad,2025-04-05,Standard
C001641,40,Male,Delhi,2025-10-30,Standard
C001642,54,Female,Pune,2025-08-06,Gold
C001643,33,Male,Bangalore,2026-01-22,Standard
C001644,23,Female,Chennai,2025-04-01,Premium
C001645,25,Male,Bangalore,2025-02-27,Standard
C001646,42,Female,Hyderabad,2026-03-10,Premium
C001647,35,Male,Ahmedabad,2026-06-06,Standard
C001648,42,Male,Ahmedabad,2026-04-28,Standard
C001649,29,Female,Mumbai,2026-01-02,Standard
C001650,32,Female,Pune,2026-02-11,Standard
C001651,43,Female,Jaipur,2026-06-02,Standard
C001652,58,Female,Kolkata,2025-11-27,Gold
C001653,62,Female,Chennai,2025-08-23,Standard
C001654,43,Male,Chennai,2026-02-15,Standard
C001655,64,Female,Hyderabad,2025-07-02,Standard
C001656,49,Male,Ahmedabad,2025-10-14,Standard
C001657,27,Female,Kochi,2025-05-03,Standard
C001658,33,Other,Jaipur,2025-06-07,Premium
C001659,24,Male,Hyderabad,2025-11-19,Standard
C001660,34,Male,Jaipur,2025-01-13,Standard
C001661,40,Male,Kochi,2025-07-23,Standard
C001662,43,Male,Ahmedabad,2025-10-29,Gold
C001663,38,Female,Delhi,2025-02-12,Standard
C001664,39,Male,Kochi,2026-05-21,Gold
C001665,24,Male,Hyderabad,2025-07-10,Standard
C001666,31,Female,Kolkata,2025-03-01,Standard
C001667,32,Female,Jaipur,2026-04-11,Standard
C001668,70,Female,Pune,2026-01-14,Standard
C001669,24,Female,Hyderabad,2026-03-05,Standard
C001670,26,Female,Delhi,2025-03-03,Standard
C001671,68,Other,Kolkata,2025-10-29,Standard
C001672,65,Female,Ahmedabad,2025-06-21,Gold
C001673,25,Female,Mumbai,2026-05-20,Standard
C001674,67,Male,Chennai,2025-03-04,Standard
C001675,40,Male,Kochi,2025-01-16,Standard
C001676,46,Female,Chennai,2025-04-11,Standard
C001677,35,Female,Hyderabad,2025-06-25,Standard
C001678,48,Female,Ahmedabad,2025-07-12,Standard
C001679,47,Other,Bangalore,2025-09-30,Standard
C001680,69,Female,Kolkata,2026-04-12,Standard
C001681,56,Female,Pune,2025-06-24,Standard
C001682,52,Female,Chennai,2025-08-22,Standard
C001683,35,Female,Jaipur,2025-08-04,Premium
C001684,59,Male,Delhi,2026-05-06,Standard
C001685,56,Male,Chennai,2026-02-21,Gold
C001686,34,Female,Hyderabad,2026-06-17,Gold
C001687,31,Male,Kolkata,2026-03-27,Gold
C001688,48,Female,Kolkata,2025-10-07,Gold
C001689,41,Male,Kochi,2025-09-01,Standard
C001690,52,Female,Bangalore,2025-05-26,Standard
C001691,61,Female,Kochi,2025-03-08,Gold
C001692,62,Female,Mumbai,2025-04-13,Standard
C001693,51,Male,Pune,2025-11-06,Standard
C001694,20,Female,Ahmedabad,2025-04-27,Standard
C001695,54,Female,Hyderabad,2026-04-17,Standard
C001696,60,Male,Hyderabad,2025-11-17,Gold
C001697,57,Female,Ahmedabad,2026-03-11,Standard
C001698,43,Male,Ahmedabad,2026-01-05,Gold
C001699,40,Male,Ahmedabad,2025-07-06,Standard
C001700,61,Male,Bangalore,2026-04-14,Standard
C001701,56,Female,Ahmedabad,2026-04-18,Standard
C001702,32,Female,Ahmedabad,2026-03-30,Standard
C001703,66,Female,Chennai,2026-03-22,Standard
C001704,21,Male,Jaipur,2025-04-04,Standard
C001705,46,Male,Kolkata,2025-02-07,Standard
C001706,39,Female,Ahmedabad,2026-04-27,Gold
C001707,42,Female,Chennai,2025-04-21,Standard
C001708,30,Female,Mumbai,2026-02-14,Standard
C001709,35,Male,Kolkata,2025-06-17,Gold
C001710,50,Male,Pune,2026-02-01,Standard
C001711,33,Female,Kolkata,2025-05-07,Standard
C001712,62,Female,Bangalore,2025-02-11,Gold
C001713,59,Male,Ahmedabad,2025-02-10,Gold
C001714,61,Male,Kolkata,2026-05-02,Gold
C001715,19,Female,Mumbai,2026-02-03,Standard
C001716,52,Male,Bangalore,2025-07-01,Premium
C001717,59,Female,Ahmedabad,2025-06-30,Standard
C001718,51,Male,Kochi,2026-04-09,Premium
C001719,47,Male,Kolkata,2025-02-19,Premium
C001720,30,Other,Ahmedabad,2026-02-12,Standard
C001721,30,Male,Kochi,2026-02-05,Standard
C001722,35,Female,Bangalore,2025-05-26,Gold
C001723,49,Female,Delhi,2025-10-25,Standard
C001724,49,Male,Jaipur,2025-05-25,Standard
C001725,52,Male,Delhi,2025-01-16,Premium
C001726,56,Female,Kochi,2025-03-26,Standard
C001727,63,Female,Hyderabad,2025-08-04,Premium
C001728,69,Male,Jaipur,2026-04-27,Gold
C001729,46,Male,Jaipur,2025-02-21,Gold
C001730,66,Female,Mumbai,2025-04-17,Standard
C001731,46,Female,Mumbai,2025-08-07,Standard
C001732,70,Female,Ahmedabad,2025-12-03,Premium
C001733,61,Male,Kolkata,2026-01-06,Standard
C001734,33,Female,Delhi,2025-09-11,Gold
C001735,61,Female,Pune,2026-02-09,Gold
C001736,64,Female,Hyderabad,2025-01-30,Standard
C001737,27,Female,Pune,2025-07-04,Gold
C001738,47,Female,Ahmedabad,2025-10-16,Standard
C001739,42,Female,Kochi,2025-12-25,Standard
C001740,56,Female,Jaipur,2026-04-19,Standard
C001741,37,Male,Hyderabad,2026-02-04,Gold
C001742,22,Male,Ahmedabad,2025-05-13,Gold
C001743,18,Male,Hyderabad,2026-05-17,Standard
C001744,47,Male,Chennai,2026-05-18,Standard
C001745,66,Male,Delhi,2025-03-18,Standard
C001746,20,Female,Mumbai,2025-12-16,Standard
C001747,62,Male,Delhi,2025-03-01,Standard
C001748,31,Female,Pune,2026-03-31,Gold
C001749,47,Female,Hyderabad,2026-04-10,Premium
C001750,67,Male,Bangalore,2025-11-07,Standard
C001751,21,Female,Mumbai,2025-04-01,Gold
C001752,35,Female,Pune,2025-10-25,Gold
C001753,54,Male,Chennai,2025-11-21,Premium
C001754,42,Male,Chennai,2025-10-07,Standard
C001755,65,Male,Bangalore,2025-04-28,Gold
C001756,18,Female,Jaipur,2025-09-28,Premium
C001757,70,Male,Hyderabad,2026-06-01,Premium
C001758,63,Female,Chennai,2025-04-11,Standard
C001759,32,Female,Mumbai,2026-01-23,Standard
C001760,26,Male,Pune,2025-10-13,Gold
C001761,32,Female,Bangalore,2025-02-22,Standard
C001762,66,Male,Jaipur,2025-08-28,Standard
C001763,41,Female,Jaipur,2025-08-02,Standard
C001764,21,Male,Ahmedabad,2025-12-27,Standard
C001765,29,Female,Pune,2025-12-30,Standard
C001766,54,Male,Mumbai,2025-11-23,Standard
C001767,54,Female,Chennai,2026-04-21,Standard
C001768,60,Female,Ahmedabad,2025-04-07,Standard
C001769,23,Male,Kolkata,2025-11-23,Standard
C001770,56,Female,Mumbai,2025-03-14,Gold
C001771,63,Male,Hyderabad,2025-09-13,Standard
C001772,41,Female,Pune,2025-06-19,Gold
C001773,28,Female,Bangalore,2025-11-29,Standard
C001774,30,Male,Chennai,2025-06-06,Gold
C001775,51,Male,Kolkata,2026-02-23,Premium
C001776,42,Male,Hyderabad,2026-04-03,Standard
C001777,24,Female,Bangalore,2025-04-09,Standard
C001778,69,Male,Chennai,2025-09-01,Gold
C001779,21,Male,Kochi,2026-04-22,Gold
C001780,25,Male,Kochi,2026-03-17,Standard
C001781,37,Male,Jaipur,2025-07-13,Premium
C001782,46,Other,Kolkata,2026-01-10,Standard
C001783,70,Male,Kolkata,2026-01-02,Gold
C001784,68,Female,Kochi,2025-06-04,Standard
C001785,62,Female,Ahmedabad,2026-05-14,Standard
C001786,63,Female,Ahmedabad,2026-06-18,Standard
C001787,27,Male,Jaipur,2026-04-03,Standard
C001788,60,Female,Chennai,2025-04-23,Premium
C001789,51,Female,Ahmedabad,2025-01-24,Gold
C001790,43,Male,Ahmedabad,2025-10-10,Gold
C001791,58,Male,Delhi,2025-10-19,Premium
C001792,66,Male,Delhi,2025-12-29,Standard
C001793,20,Male,Mumbai,2026-02-05,Standard
C001794,23,Male,Delhi,2025-09-23,Premium
C001795,22,Female,Chennai,2025-02-23,Standard
C001796,22,Male,Chennai,2026-02-26,Gold
C001797,64,Female,Delhi,2026-04-19,Standard
C001798,40,Female,Hyderabad,2025-08-31,Gold
C001799,66,Female,Bangalore,2025-12-20,Standard
C001800,26,Female,Jaipur,2026-01-23,Gold
C001801,52,Male,Chennai,2025-06-27,Premium
C001802,37,Female,Kochi,2026-04-20,Gold
C001803,66,Female,Chennai,2026-02-09,Standard
C001804,59,Female,Mumbai,2025-02-05,Standard
C001805,52,Female,Chennai,2025-12-24,Standard
C001806,67,Male,Kolkata,2025-11-23,Gold
C001807,35,Male,Kochi,2025-02-13,Standard
C001808,34,Female,Bangalore,2025-11-16,Premium
C001809,41,Female,Chennai,2026-04-17,Gold
C001810,20,Female,Delhi,2025-09-26,Premium
C001811,49,Other,Chennai,2026-06-09,Standard
C001812,52,Male,Jaipur,2025-01-25,Premium
C001813,55,Male,Mumbai,2025-06-06,Gold
C001814,30,Male,Jaipur,2025-07-04,Gold
C001815,64,Male,Bangalore,2025-06-23,Standard
C001816,42,Female,Bangalore,2026-01-29,Standard
C001817,26,Female,Bangalore,2025-07-05,Standard
C001818,21,Male,Mumbai,2025-10-08,Standard
C001819,31,Male,Jaipur,2025-10-22,Standard
C001820,54,Male,Ahmedabad,2026-06-12,Premium
C001821,51,Male,Kolkata,2025-07-07,Standard
C001822,28,Female,Bangalore,2026-02-16,Standard
C001823,58,Male,Hyderabad,2025-07-05,Standard
C001824,20,Female,Jaipur,2026-06-28,Premium
C001825,45,Female,Jaipur,2025-10-28,Standard
C001826,46,Female,Delhi,2025-11-05,Standard
C001827,26,Male,Pune,2025-07-08,Standard
C001828,20,Female,Pune,2026-02-15,Gold
C001829,42,Female,Kochi,2026-06-22,Standard
C001830,51,Female,Mumbai,2026-01-22,Standard
C001831,29,Male,Bangalore,2025-07-12,Standard
C001832,59,Male,Delhi,2025-06-12,Standard
C001833,26,Female,Bangalore,2025-02-22,Standard
C001834,32,Male,Bangalore,2026-04-20,Gold
C001835,57,Male,Delhi,2025-06-23,Gold
C001836,42,Other,Delhi,2025-07-15,Standard
C001837,22,Male,Kolkata,2025-07-30,Standard
C001838,28,Male,Chennai,2026-01-25,Standard
C001839,51,Male,Pune,2025-11-04,Standard
C001840,41,Female,Chennai,2026-04-02,Standard
C001841,32,Male,Kochi,2025-11-27,Gold
C001842,55,Female,Delhi,2026-05-10,Standard
C001843,25,Male,Mumbai,2025-11-25,Gold
C001844,22,Male,Kochi,2025-01-29,Standard
C001845,65,Female,Delhi,2025-05-02,Standard
C001846,43,Male,Chennai,2026-04-03,Standard
C001847,35,Other,Ahmedabad,2026-02-22,Standard
C001848,23,Male,Ahmedabad,2025-06-08,Gold
C001849,54,Male,Pune,2026-05-31,Gold
C001850,65,Male,Hyderabad,2025-01-02,Standard
C001851,30,Male,Mumbai,2025-10-29,Gold
C001852,45,Other,Bangalore,2025-03-20,Standard
C001853,22,Female,Jaipur,2025-11-11,Gold
C001854,30,Male,Kochi,2025-11-24,Premium
C001855,34,Female,Delhi,2025-10-03,Gold
C001856,67,Female,Ahmedabad,2026-03-28,Standard
C001857,57,Male,Hyderabad,2026-05-01,Gold
C001858,62,Male,Mumbai,2025-04-17,Premium
C001859,49,Female,Mumbai,2025-09-03,Standard
C001860,46,Other,Ahmedabad,2025-06-13,Standard
C001861,68,Other,Jaipur,2026-06-11,Standard
C001862,20,Female,Hyderabad,2025-01-01,Standard
C001863,57,Female,Kolkata,2025-05-17,Standard
C001864,51,Male,Jaipur,2025-05-31,Standard
C001865,57,Male,Chennai,2025-06-29,Standard
C001866,44,Male,Mumbai,2026-05-02,Standard
C001867,30,Female,Hyderabad,2025-01-18,Gold
C001868,62,Female,Ahmedabad,2025-08-13,Standard
C001869,50,Female,Mumbai,2025-04-15,Premium
C001870,23,Female,Jaipur,2025-03-06,Standard
C001871,41,Female,Bangalore,2025-11-29,Gold
C001872,36,Other,Bangalore,2026-01-07,Standard
C001873,33,Male,Mumbai,2025-07-26,Standard
C001874,57,Female,Hyderabad,2025-08-17,Standard
C001875,45,Female,Hyderabad,2025-05-22,Gold
C001876,50,Male,Kochi,2025-11-27,Gold
C001877,65,Other,Chennai,2025-09-28,Gold
C001878,58,Female,Kochi,2025-11-21,Standard
C001879,30,Male,Kochi,2026-06-11,Standard
C001880,60,Male,Chennai,2025-03-10,Standard
C001881,62,Female,Ahmedabad,2025-07-31,Standard
C001882,42,Female,Bangalore,2026-01-17,Standard
C001883,70,Female,Ahmedabad,2026-02-24,Standard
C001884,59,Male,Kochi,2025-02-17,Standard
C001885,53,Male,Hyderabad,2025-08-19,Standard
C001886,44,Male,Chennai,2026-04-22,Standard
C001887,55,Male,Jaipur,2025-03-30,Gold
C001888,24,Male,Delhi,2025-02-21,Standard
C001889,22,Female,Delhi,2026-06-18,Premium
C001890,60,Male,Pune,2026-02-26,Standard
C001891,62,Male,Mumbai,2026-03-22,Standard
C001892,68,Male,Kolkata,2025-05-11,Gold
C001893,48,Male,Kolkata,2026-01-09,Gold
C001894,40,Female,Jaipur,2026-06-14,Gold
C001895,59,Female,Pune,2025-04-15,Gold
C001896,27,Female,Bangalore,2026-01-22,Gold
C001897,49,Male,Jaipur,2025-12-02,Gold
C001898,60,Male,Kochi,2025-04-27,Gold
C001899,70,Female,Jaipur,2025-01-01,Gold
C001900,47,Male,Delhi,2026-06-22,Standard
C001901,56,Female,Kolkata,2026-03-12,Gold
C001902,48,Male,Bangalore,2026-05-11,Standard
C001903,35,Female,Mumbai,2025-01-12,Premium
C001904,53,Male,Kochi,2025-10-21,Standard
C001905,19,Female,Mumbai,2026-05-23,Standard
C001906,31,Female,Delhi,2025-05-08,Premium
C001907,30,Female,Pune,2025-03-17,Standard
C001908,46,Female,Mumbai,2025-09-26,Gold
C001909,29,Other,Pune,2025-05-26,Standard
C001910,56,Female,Kochi,2026-02-07,Standard
C001911,19,Male,Kolkata,2026-05-14,Premium
C001912,49,Male,Hyderabad,2025-07-18,Standard
C001913,30,Female,Jaipur,2026-05-18,Gold
C001914,63,Female,Ahmedabad,2026-02-07,Standard
C001915,44,Male,Bangalore,2025-07-28,Gold
C001916,66,Male,Chennai,2025-12-08,Gold
C001917,58,Other,Chennai,2025-02-17,Gold
C001918,34,Male,Kochi,2026-06-25,Premium
C001919,57,Male,Jaipur,2025-06-25,Standard
C001920,48,Male,Jaipur,2026-05-26,Gold
C001921,51,Female,Jaipur,2025-01-19,Gold
C001922,41,Male,Bangalore,2026-05-10,Standard
C001923,62,Female,Kolkata,2025-12-21,Standard
C001924,52,Male,Hyderabad,2025-12-11,Gold
C001925,65,Female,Jaipur,2025-03-01,Gold
C001926,23,Female,Ahmedabad,2025-08-17,Standard
C001927,36,Male,Hyderabad,2025-05-27,Standard
C001928,47,Female,Bangalore,2025-10-25,Standard
C001929,24,Male,Jaipur,2025-11-29,Standard
C001930,27,Male,Kochi,2025-11-28,Standard
C001931,58,Female,Bangalore,2026-03-09,Standard
C001932,49,Male,Hyderabad,2026-02-03,Standard
C001933,51,Female,Pune,2025-12-01,Gold
C001934,45,Male,Pune,2025-07-28,Gold
C001935,32,Male,Kochi,2026-02-15,Standard
C001936,47,Male,Mumbai,2025-09-28,Standard
C001937,54,Female,Chennai,2025-06-29,Gold
C001938,46,Male,Kochi,2026-02-19,Gold
C001939,39,Female,Pune,2025-12-12,Gold
C001940,21,Male,Kochi,2026-06-03,Gold
C001941,37,Male,Delhi,2026-03-14,Standard
C001942,49,Female,Pune,2025-01-13,Standard
C001943,53,Female,Kolkata,2026-02-08,Gold
C001944,67,Male,Jaipur,2026-01-15,Standard
C001945,21,Female,Kolkata,2026-02-25,Standard
C001946,44,Male,Mumbai,2025-06-29,Standard
C001947,34,Female,Kochi,2025-10-10,Standard
C001948,29,Female,Delhi,2026-02-22,Standard
C001949,39,Female,Pune,2025-12-22,Standard
C001950,34,Female,Jaipur,2025-01-16,Standard
C001951,27,Male,Delhi,2025-11-11,Standard
C001952,18,Female,Delhi,2026-06-17,Premium
C001953,39,Female,Kolkata,2025-01-16,Gold
C001954,43,Male,Chennai,2026-04-10,Gold
C001955,35,Male,Hyderabad,2026-04-08,Standard
C001956,67,Female,Chennai,2026-06-29,Standard
C001957,31,Female,Kochi,2025-03-10,Standard
C001958,64,Male,Kochi,2026-02-15,Standard
C001959,46,Female,Chennai,2025-02-21,Standard
C001960,29,Female,Hyderabad,2025-03-06,Standard
C001961,53,Male,Pune,2026-04-12,Standard
C001962,52,Male,Delhi,2025-09-29,Gold
C001963,69,Female,Delhi,2026-03-15,Gold
C001964,29,Male,Chennai,2026-06-14,Standard
C001965,24,Male,Chennai,2025-09-30,Gold
C001966,46,Female,Bangalore,2026-04-04,Standard
C001967,28,Female,Hyderabad,2025-06-22,Gold
C001968,50,Female,Kolkata,2026-06-05,Standard
C001969,23,Female,Delhi,2026-05-12,Standard
C001970,64,Male,Kolkata,2026-06-18,Gold
C001971,32,Male,Jaipur,2025-03-13,Standard
C001972,49,Female,Pune,2025-06-21,Premium
C001973,68,Male,Chennai,2025-10-19,Standard
C001974,28,Female,Bangalore,2025-09-09,Gold
C001975,40,Male,Bangalore,2026-02-13,Standard
C001976,43,Male,Kochi,2026-01-02,Standard
C001977,51,Male,Jaipur,2025-09-13,Gold
C001978,63,Female,Pune,2026-06-09,Gold
C001979,51,Male,Pune,2026-03-16,Gold
C001980,46,Male,Mumbai,2025-12-01,Standard
C001981,21,Male,Chennai,2026-03-11,Standard
C001982,34,Female,Kochi,2026-04-06,Standard
C001983,52,Male,Hyderabad,2025-11-04,Standard
C001984,30,Male,Hyderabad,2025-04-05,Gold
C001985,58,Male,Ahmedabad,2026-02-13,Standard
C001986,56,Female,Pune,2025-06-17,Gold
C001987,32,Male,Kolkata,2025-03-28,Standard
C001988,46,Male,Jaipur,2025-01-03,Standard
C001989,46,Male,Bangalore,2026-01-07,Standard
C001990,28,Female,Chennai,2026-06-12,Standard
C001991,69,Female,Jaipur,2025-01-23,Standard
C001992,49,Female,Delhi,2025-04-08,Standard
C001993,19,Female,Mumbai,2026-06-06,Gold
C001994,64,Female,Bangalore,2025-11-17,Gold
C001995,31,Male,Jaipur,2026-06-18,Gold
C001996,37,Female,Jaipur,2026-01-02,Standard
C001997,39,Female,Mumbai,2025-07-03,Standard
C001998,28,Female,Jaipur,2026-02-21,Standard
C001999,44,Male,Kochi,2025-08-02,Standard
C002000,20,Female,Bangalore,2025-07-29,Standard
C002001,34,Male,Delhi,2025-05-13,Premium
C002002,61,Female,Bangalore,2025-02-22,Standard
C002003,45,Male,Mumbai,2025-01-23,Standard
C002004,46,Male,Delhi,2025-04-16,Gold
C002005,38,Male,Hyderabad,2026-04-05,Standard
C002006,64,Male,Chennai,2026-04-27,Gold
C002007,33,Female,Pune,2025-04-30,Gold
C002008,54,Male,Hyderabad,2025-07-27,Standard
C002009,37,Male,Kochi,2025-11-14,Gold
C002010,23,Female,Bangalore,2025-12-04,Standard
C002011,36,Male,Delhi,2025-06-04,Gold
C002012,22,Female,Chennai,2025-06-04,Standard
C002013,20,Male,Chennai,2026-01-29,Standard
C002014,18,Male,Mumbai,2026-05-20,Gold
C002015,55,Female,Mumbai,2025-11-09,Standard
C002016,32,Female,Mumbai,2025-09-16,Gold
C002017,51,Male,Kolkata,2025-06-06,Standard
C002018,52,Female,Bangalore,2025-01-14,Gold
C002019,66,Female,Ahmedabad,2025-03-18,Standard
C002020,42,Other,Kochi,2025-12-05,Premium
C002021,41,Male,Jaipur,2026-02-13,Standard
C002022,29,Male,Kochi,2026-01-29,Standard
C002023,35,Female,Pune,2025-08-08,Gold
C002024,32,Female,Mumbai,2026-03-09,Premium
C002025,61,Male,Pune,2026-03-31,Premium
C002026,33,Female,Kochi,2025-05-20,Standard
C002027,44,Male,Kolkata,2026-05-13,Gold
C002028,25,Female,Pune,2026-06-14,Standard
C002029,63,Male,Bangalore,2025-04-06,Gold
C002030,42,Female,Delhi,2025-01-28,Standard
C002031,34,Male,Ahmedabad,2025-08-18,Standard
C002032,46,Female,Ahmedabad,2026-02-20,Gold
C002033,70,Female,Kochi,2026-04-01,Gold
C002034,25,Female,Jaipur,2025-01-25,Gold
C002035,32,Other,Mumbai,2026-02-08,Gold
C002036,44,Female,Kochi,2026-06-26,Gold
C002037,63,Other,Pune,2025-06-14,Standard
C002038,67,Male,Kolkata,2025-07-27,Gold
C002039,69,Male,Delhi,2026-01-08,Gold
C002040,24,Male,Ahmedabad,2025-03-10,Standard
C002041,20,Male,Hyderabad,2026-06-04,Gold
C002042,46,Female,Ahmedabad,2025-12-19,Gold
C002043,61,Male,Delhi,2025-04-11,Premium
C002044,70,Female,Bangalore,2025-01-01,Standard
C002045,41,Female,Pune,2025-12-17,Standard
C002046,20,Female,Chennai,2025-01-07,Premium
C002047,37,Male,Kolkata,2025-11-14,Standard
C002048,63,Female,Jaipur,2026-05-24,Gold
C002049,32,Male,Hyderabad,2025-07-05,Premium
C002050,42,Male,Kochi,2026-04-07,Gold
C002051,47,Female,Mumbai,2025-12-09,Premium
C002052,31,Female,Mumbai,2025-01-08,Standard
C002053,24,Male,Mumbai,2025-05-16,Standard
C002054,34,Female,Hyderabad,2026-01-18,Standard
C002055,61,Male,Delhi,2025-07-05,Gold
C002056,37,Male,Jaipur,2026-01-07,Standard
C002057,53,Male,Ahmedabad,2025-06-15,Gold
C002058,26,Female,Kochi,2025-11-17,Standard
C002059,55,Female,Chennai,2025-06-06,Premium
C002060,65,Male,Jaipur,2025-10-12,Standard
C002061,39,Male,Kochi,2025-01-28,Standard
C002062,70,Female,Chennai,2025-12-17,Gold
C002063,70,Male,Kolkata,2025-03-24,Gold
C002064,19,Male,Delhi,2026-01-05,Standard
C002065,41,Female,Kolkata,2026-06-25,Premium
C002066,25,Male,Delhi,2026-01-30,Standard
C002067,28,Female,Pune,2026-04-25,Standard
C002068,30,Male,Ahmedabad,2025-08-01,Standard
C002069,34,Female,Bangalore,2025-12-26,Gold
C002070,25,Female,Bangalore,2025-08-02,Standard
C002071,38,Female,Delhi,2025-10-31,Gold
C002072,35,Male,Bangalore,2025-06-04,Standard
C002073,47,Female,Hyderabad,2026-01-15,Standard
C002074,35,Female,Kochi,2025-07-19,Standard
C002075,63,Female,Jaipur,2025-08-26,Premium
C002076,64,Female,Kolkata,2025-06-16,Gold
C002077,48,Female,Pune,2025-08-14,Standard
C002078,55,Female,Ahmedabad,2025-09-08,Standard
C002079,49,Male,Ahmedabad,2025-10-07,Standard
C002080,28,Male,Pune,2026-04-21,Gold
C002081,62,Female,Mumbai,2026-05-13,Standard
C002082,42,Male,Mumbai,2026-06-19,Standard
C002083,50,Other,Mumbai,2026-02-15,Standard
C002084,55,Female,Pune,2026-03-05,Gold
C002085,58,Female,Bangalore,2026-06-23,Standard
C002086,25,Male,Chennai,2026-03-19,Standard
C002087,28,Male,Pune,2025-07-29,Gold
C002088,39,Female,Bangalore,2026-05-06,Standard
C002089,68,Female,Jaipur,2026-04-16,Gold
C002090,41,Other,Pune,2026-04-08,Standard
C002091,58,Male,Kolkata,2026-04-22,Standard
C002092,34,Male,Bangalore,2025-07-17,Standard
C002093,29,Male,Ahmedabad,2026-06-05,Gold
C002094,63,Female,Delhi,2026-05-14,Standard
C002095,49,Male,Delhi,2026-05-26,Standard
C002096,32,Male,Pune,2025-11-21,Standard
C002097,33,Male,Kolkata,2026-04-12,Standard
C002098,39,Male,Kolkata,2025-05-19,Standard
C002099,45,Other,Delhi,2025-08-30,Standard
C002100,37,Female,Bangalore,2025-11-12,Standard
C002101,50,Male,Jaipur,2025-05-15,Standard
C002102,27,Male,Pune,2025-07-07,Standard
C002103,57,Male,Jaipur,2025-03-10,Standard
C002104,49,Male,Mumbai,2026-03-15,Standard
C002105,67,Male,Chennai,2025-03-18,Standard
C002106,50,Female,Hyderabad,2026-02-04,Standard
C002107,19,Male,Mumbai,2026-01-09,Gold
C002108,50,Male,Kochi,2025-01-12,Gold
C002109,50,Male,Ahmedabad,2026-05-02,Standard
C002110,58,Female,Hyderabad,2026-02-21,Gold
C002111,30,Female,Ahmedabad,2025-07-26,Premium
C002112,47,Female,Pune,2025-12-07,Standard
C002113,50,Female,Mumbai,2025-11-07,Standard
C002114,30,Female,Kolkata,2025-11-04,Premium
C002115,69,Male,Delhi,2025-10-20,Gold
C002116,43,Female,Delhi,2026-01-11,Gold
C002117,39,Male,Jaipur,2026-06-11,Standard
C002118,56,Male,Hyderabad,2025-12-06,Standard
C002119,19,Female,Kochi,2025-03-24,Standard
C002120,55,Male,Mumbai,2026-03-28,Gold
C002121,56,Female,Delhi,2025-01-03,Standard
C002122,43,Male,Bangalore,2026-04-01,Gold
C002123,63,Female,Kolkata,2025-08-24,Premium
C002124,67,Female,Ahmedabad,2026-01-24,Standard
C002125,32,Other,Pune,2026-01-28,Standard
C002126,51,Female,Jaipur,2025-01-30,Gold
C002127,59,Female,Hyderabad,2025-05-28,Standard
C002128,61,Female,Chennai,2025-10-10,Premium
C002129,66,Male,Delhi,2025-08-26,Gold
C002130,57,Male,Jaipur,2025-11-15,Standard
C002131,28,Female,Bangalore,2025-12-03,Standard
C002132,20,Other,Bangalore,2025-01-31,Gold
C002133,23,Female,Kochi,2025-07-26,Standard
C002134,26,Female,Hyderabad,2025-08-17,Standard
C002135,23,Female,Kochi,2025-12-08,Standard
C002136,26,Male,Hyderabad,2026-04-05,Gold
C002137,56,Male,Delhi,2025-05-16,Standard
C002138,48,Male,Mumbai,2025-10-11,Gold
C002139,49,Male,Pune,2025-12-17,Standard
C002140,58,Female,Ahmedabad,2025-01-17,Standard
C002141,67,Other,Ahmedabad,2025-08-03,Standard
C002142,29,Female,Mumbai,2026-01-30,Standard
C002143,25,Male,Bangalore,2026-02-03,Premium
C002144,25,Male,Kolkata,2026-02-18,Premium
C002145,67,Male,Pune,2025-09-01,Standard
C002146,45,Female,Delhi,2025-04-05,Standard
C002147,37,Male,Mumbai,2025-01-06,Premium
C002148,64,Male,Pune,2025-03-28,Standard
C002149,24,Male,Ahmedabad,2025-07-08,Standard
C002150,28,Male,Pune,2026-02-24,Standard
C002151,37,Female,Hyderabad,2025-03-08,Gold
C002152,33,Male,Jaipur,2025-09-05,Standard
C002153,21,Male,Hyderabad,2025-07-26,Gold
C002154,23,Male,Mumbai,2025-07-24,Standard
C002155,39,Male,Delhi,2025-11-15,Standard
C002156,43,Female,Chennai,2025-03-24,Standard
C002157,20,Female,Kochi,2026-02-28,Premium
C002158,58,Male,Kochi,2025-03-23,Gold
C002159,59,Female,Chennai,2026-05-02,Gold
C002160,31,Male,Pune,2025-05-13,Standard
C002161,28,Female,Chennai,2025-04-25,Standard
C002162,35,Male,Kochi,2026-01-12,Standard
C002163,29,Male,Bangalore,2025-07-30,Standard
C002164,40,Female,Ahmedabad,2025-05-12,Premium
C002165,29,Female,Kochi,2026-01-09,Standard
C002166,30,Female,Kochi,2025-06-03,Gold
C002167,42,Male,Bangalore,2026-02-27,Standard
C002168,62,Male,Kochi,2026-01-01,Standard
C002169,68,Other,Pune,2025-05-27,Gold
C002170,36,Male,Bangalore,2025-05-07,Standard
C002171,63,Male,Ahmedabad,2025-11-04,Standard
C002172,53,Male,Delhi,2025-04-28,Standard
C002173,62,Male,Hyderabad,2025-08-19,Premium
C002174,25,Male,Delhi,2026-03-27,Standard
C002175,46,Female,Bangalore,2026-05-15,Standard
C002176,70,Male,Bangalore,2025-05-25,Gold
C002177,49,Female,Mumbai,2025-02-18,Standard
C002178,68,Male,Jaipur,2025-04-17,Standard
C002179,61,Male,Jaipur,2025-04-03,Standard
C002180,35,Female,Bangalore,2025-05-20,Standard
C002181,23,Female,Hyderabad,2025-11-10,Standard
C002182,35,Female,Mumbai,2025-01-11,Gold
C002183,36,Female,Chennai,2026-03-24,Standard
C002184,39,Male,Kolkata,2026-01-30,Standard
C002185,54,Female,Hyderabad,2026-05-20,Standard
C002186,49,Female,Bangalore,2026-01-13,Standard
C002187,58,Male,Bangalore,2025-12-27,Standard
C002188,20,Female,Hyderabad,2026-01-31,Standard
C002189,45,Female,Pune,2025-07-05,Standard
C002190,27,Male,Mumbai,2025-08-09,Standard
C002191,68,Male,Bangalore,2026-06-02,Standard
C002192,52,Male,Kolkata,2025-10-27,Standard
C002193,46,Female,Chennai,2025-06-24,Standard
C002194,32,Male,Delhi,2026-01-06,Standard
C002195,50,Male,Ahmedabad,2026-05-24,Standard
C002196,24,Male,Kolkata,2025-07-23,Gold
C002197,29,Female,Ahmedabad,2025-10-09,Gold
C002198,66,Female,Kochi,2026-02-20,Standard
C002199,47,Female,Pune,2025-02-02,Premium
C002200,38,Male,Kolkata,2025-03-23,Premium
C002201,48,Female,Jaipur,2026-04-28,Standard
C002202,41,Female,Pune,2025-05-28,Standard
C002203,37,Female,Jaipur,2026-05-10,Gold
C002204,54,Male,Chennai,2025-06-19,Standard
C002205,21,Male,Chennai,2025-01-07,Standard
C002206,45,Female,Chennai,2026-01-15,Premium
C002207,61,Male,Pune,2026-03-10,Gold
C002208,37,Female,Chennai,2025-02-03,Standard
C002209,41,Female,Hyderabad,2025-05-18,Gold
C002210,67,Female,Ahmedabad,2026-01-02,Standard
C002211,66,Female,Ahmedabad,2025-04-16,Premium
C002212,68,Female,Mumbai,2025-02-01,Standard
C002213,49,Male,Jaipur,2026-06-08,Standard
C002214,58,Male,Ahmedabad,2025-06-17,Gold
C002215,53,Male,Bangalore,2025-03-19,Standard
C002216,70,Female,Ahmedabad,2026-06-30,Standard
C002217,51,Male,Bangalore,2025-07-28,Standard
C002218,53,Male,Mumbai,2026-02-15,Standard
C002219,19,Female,Kochi,2025-01-08,Premium
C002220,32,Female,Pune,2025-08-15,Standard
C002221,51,Other,Kolkata,2025-06-24,Standard
C002222,53,Female,Kochi,2025-03-22,Gold
C002223,23,Female,Mumbai,2025-02-26,Standard
C002224,56,Female,Ahmedabad,2025-05-15,Standard
C002225,59,Other,Ahmedabad,2025-08-26,Standard
C002226,68,Female,Jaipur,2026-04-17,Standard
C002227,68,Female,Pune,2025-08-05,Standard
C002228,29,Female,Mumbai,2025-01-26,Standard
C002229,20,Female,Chennai,2025-07-06,Gold
C002230,62,Male,Kolkata,2025-04-26,Standard
C002231,35,Male,Kochi,2025-06-12,Gold
C002232,57,Male,Hyderabad,2026-02-18,Gold
C002233,38,Male,Hyderabad,2025-06-27,Standard
C002234,32,Male,Hyderabad,2025-10-07,Premium
C002235,50,Male,Mumbai,2025-07-31,Standard
C002236,52,Male,Chennai,2025-02-23,Gold
C002237,43,Female,Delhi,2025-03-08,Standard
C002238,25,Female,Hyderabad,2026-06-28,Standard
C002239,53,Male,Kochi,2026-06-04,Premium
C002240,65,Female,Delhi,2026-05-14,Premium
C002241,47,Female,Kolkata,2026-03-07,Standard
C002242,40,Female,Jaipur,2025-02-15,Standard
C002243,59,Female,Chennai,2025-02-04,Premium
C002244,61,Male,Jaipur,2025-07-08,Standard
C002245,31,Male,Kochi,2025-03-30,Standard
C002246,31,Male,Pune,2025-12-01,Standard
C002247,19,Male,Pune,2025-05-16,Gold
C002248,54,Female,Hyderabad,2026-06-30,Gold
C002249,22,Male,Kochi,2025-04-23,Premium
C002250,55,Male,Jaipur,2025-06-21,Standard
C002251,62,Male,Mumbai,2025-12-05,Gold
C002252,58,Male,Delhi,2026-06-09,Standard
C002253,64,Female,Hyderabad,2025-06-23,Gold
C002254,31,Female,Delhi,2025-11-28,Standard
C002255,56,Male,Ahmedabad,2025-07-26,Standard
C002256,42,Male,Ahmedabad,2025-12-09,Gold
C002257,37,Male,Ahmedabad,2025-04-14,Standard
C002258,19,Male,Pune,2025-02-09,Standard
C002259,56,Female,Bangalore,2025-01-23,Standard
C002260,23,Male,Kochi,2025-09-09,Gold
C002261,34,Female,Pune,2025-10-17,Standard
C002262,42,Female,Kochi,2025-07-21,Standard
C002263,45,Male,Kolkata,2025-06-04,Standard
C002264,19,Male,Jaipur,2025-04-16,Gold
C002265,52,Other,Ahmedabad,2025-09-17,Standard
C002266,54,Female,Ahmedabad,2025-07-19,Gold
C002267,22,Female,Kolkata,2025-08-05,Premium
C002268,18,Female,Chennai,2026-02-15,Standard
C002269,57,Female,Bangalore,2025-04-27,Gold
C002270,29,Male,Chennai,2026-02-28,Standard
C002271,53,Female,Pune,2025-07-31,Standard
C002272,62,Male,Chennai,2025-06-04,Standard
C002273,40,Female,Kochi,2025-09-20,Standard
C002274,64,Other,Mumbai,2026-05-22,Premium
C002275,48,Female,Kochi,2025-05-31,Gold
C002276,28,Male,Hyderabad,2025-07-31,Premium
C002277,27,Male,Pune,2025-07-11,Premium
C002278,20,Female,Ahmedabad,2025-04-08,Standard
C002279,31,Female,Pune,2026-06-25,Standard
C002280,33,Female,Chennai,2025-06-21,Standard
C002281,27,Other,Delhi,2026-01-06,Gold
C002282,46,Female,Pune,2025-06-04,Standard
C002283,27,Male,Jaipur,2025-05-20,Gold
C002284,29,Male,Pune,2025-09-13,Gold
C002285,47,Male,Kochi,2026-02-20,Gold
C002286,58,Female,Delhi,2025-11-25,Standard
C002287,18,Female,Bangalore,2026-01-13,Standard
C002288,22,Female,Kochi,2025-09-23,Standard
C002289,37,Male,Delhi,2026-06-25,Premium
C002290,25,Male,Delhi,2025-05-19,Standard
C002291,60,Male,Pune,2026-05-27,Gold
C002292,29,Female,Kolkata,2025-09-06,Premium
C002293,18,Male,Mumbai,2025-11-04,Standard
C002294,37,Male,Kolkata,2025-08-07,Standard
C002295,45,Male,Delhi,2025-10-20,Standard
C002296,60,Female,Pune,2026-02-14,Standard
C002297,54,Male,Mumbai,2025-07-17,Premium
C002298,64,Female,Ahmedabad,2025-03-21,Standard
C002299,54,Female,Jaipur,2026-01-20,Standard
C002300,29,Female,Chennai,2025-05-17,Standard
C002301,54,Female,Mumbai,2025-08-01,Standard
C002302,66,Male,Ahmedabad,2025-07-26,Standard
C002303,66,Male,Ahmedabad,2025-05-13,Gold
C002304,61,Female,Jaipur,2025-06-15,Standard
C002305,45,Female,Hyderabad,2026-05-18,Gold
C002306,64,Other,Bangalore,2026-03-06,Standard
C002307,32,Female,Jaipur,2025-06-29,Standard
C002308,23,Male,Bangalore,2025-05-01,Gold
C002309,61,Male,Hyderabad,2025-06-23,Standard
C002310,37,Female,Hyderabad,2025-11-27,Standard
C002311,67,Male,Jaipur,2025-03-09,Standard
C002312,31,Male,Bangalore,2025-05-18,Gold
C002313,19,Female,Kolkata,2025-11-04,Standard
C002314,26,Male,Chennai,2025-11-26,Standard
C002315,54,Male,Kolkata,2025-08-26,Standard
C002316,37,Female,Bangalore,2026-06-14,Standard
C002317,43,Female,Kochi,2025-03-17,Standard
C002318,46,Male,Kochi,2025-05-31,Premium
C002319,18,Female,Ahmedabad,2025-11-12,Gold
C002320,52,Female,Kochi,2025-02-06,Standard
C002321,23,Male,Kochi,2025-05-06,Standard
C002322,54,Male,Chennai,2025-10-13,Standard
C002323,70,Male,Hyderabad,2025-08-28,Standard
C002324,22,Female,Ahmedabad,2025-08-08,Gold
C002325,50,Male,Hyderabad,2025-01-07,Standard
C002326,66,Other,Bangalore,2025-08-04,Standard
C002327,68,Female,Jaipur,2025-10-20,Standard
C002328,31,Female,Ahmedabad,2026-06-23,Standard
C002329,29,Female,Mumbai,2026-04-29,Standard
C002330,59,Female,Ahmedabad,2025-02-12,Gold
C002331,37,Male,Delhi,2025-11-03,Standard
C002332,70,Male,Hyderabad,2025-04-03,Standard
C002333,67,Female,Bangalore,2025-09-26,Standard
C002334,41,Male,Kochi,2025-08-03,Gold
C002335,60,Male,Delhi,2025-04-24,Standard
C002336,51,Female,Pune,2025-07-04,Standard
C002337,42,Female,Mumbai,2025-05-05,Standard
C002338,67,Male,Kolkata,2025-04-15,Standard
C002339,46,Female,Hyderabad,2025-08-25,Standard
C002340,56,Male,Kolkata,2025-06-07,Standard
C002341,48,Female,Bangalore,2026-04-19,Standard
C002342,64,Male,Kolkata,2026-05-20,Standard
C002343,60,Female,Bangalore,2025-10-01,Standard
C002344,67,Male,Bangalore,2025-04-27,Gold
C002345,40,Female,Chennai,2026-06-20,Standard
C002346,61,Male,Chennai,2025-03-01,Standard
C002347,55,Male,Mumbai,2026-02-05,Standard
C002348,37,Female,Bangalore,2025-06-29,Gold
C002349,40,Male,Mumbai,2025-08-20,Premium
C002350,62,Male,Chennai,2026-04-21,Gold
C002351,69,Male,Mumbai,2025-09-02,Standard
C002352,33,Female,Mumbai,2025-08-01,Gold
C002353,67,Female,Jaipur,2026-04-04,Standard
C002354,59,Male,Jaipur,2025-05-08,Standard
C002355,25,Female,Bangalore,2025-08-05,Standard
C002356,67,Male,Delhi,2025-01-20,Standard
C002357,38,Female,Kolkata,2025-03-01,Standard
C002358,18,Male,Mumbai,2025-05-09,Standard
C002359,25,Female,Delhi,2025-07-16,Standard
C002360,46,Male,Chennai,2026-05-07,Premium
C002361,49,Other,Hyderabad,2026-05-19,Standard
C002362,55,Male,Kolkata,2025-09-04,Standard
C002363,22,Male,Kochi,2025-09-17,Premium
C002364,64,Male,Kolkata,2025-12-13,Gold
C002365,39,Female,Mumbai,2025-07-16,Standard
C002366,64,Female,Bangalore,2025-04-17,Gold
C002367,51,Female,Bangalore,2025-06-09,Standard
C002368,18,Female,Mumbai,2026-02-26,Standard
C002369,43,Female,Mumbai,2025-07-26,Gold
C002370,60,Female,Pune,2025-11-09,Standard
C002371,27,Male,Kolkata,2026-03-08,Gold
C002372,47,Female,Jaipur,2025-08-23,Standard
C002373,67,Male,Jaipur,2025-11-23,Gold
C002374,35,Female,Kochi,2026-04-24,Standard
C002375,34,Female,Delhi,2026-03-04,Premium
C002376,43,Female,Kochi,2025-04-10,Standard
C002377,25,Female,Hyderabad,2025-08-26,Premium
C002378,64,Female,Hyderabad,2025-04-17,Standard
C002379,57,Female,Pune,2025-12-30,Gold
C002380,66,Male,Bangalore,2026-05-08,Gold
C002381,29,Male,Kolkata,2025-02-12,Standard
C002382,44,Female,Hyderabad,2025-03-14,Gold
C002383,25,Other,Delhi,2025-10-31,Standard
C002384,42,Male,Kolkata,2025-01-05,Standard
C002385,63,Male,Kolkata,2025-12-15,Gold
C002386,21,Male,Jaipur,2026-02-04,Premium
C002387,50,Male,Bangalore,2026-03-09,Standard
C002388,18,Female,Hyderabad,2025-04-17,Standard
C002389,36,Female,Jaipur,2025-04-27,Standard
C002390,48,Female,Ahmedabad,2026-01-18,Gold
C002391,33,Female,Chennai,2025-03-23,Premium
C002392,31,Female,Ahmedabad,2026-02-14,Gold
C002393,70,Male,Ahmedabad,2025-03-11,Standard
C002394,65,Male,Chennai,2026-01-22,Standard
C002395,22,Female,Ahmedabad,2026-06-08,Standard
C002396,58,Male,Hyderabad,2025-10-24,Gold
C002397,43,Male,Kolkata,2025-03-06,Premium
C002398,45,Male,Jaipur,2025-06-27,Gold
C002399,19,Male,Mumbai,2025-01-08,Premium
C002400,67,Male,Pune,2025-06-08,Standard
C002401,23,Female,Jaipur,2025-01-11,Gold
C002402,26,Male,Delhi,2026-02-15,Standard
C002403,50,Female,Bangalore,2025-06-04,Standard
C002404,58,Male,Hyderabad,2025-07-25,Gold
C002405,42,Female,Jaipur,2025-04-25,Standard
C002406,65,Female,Hyderabad,2026-01-14,Gold
C002407,30,Female,Kochi,2025-12-16,Gold
C002408,26,Female,Chennai,2025-04-08,Gold
C002409,70,Male,Mumbai,2025-01-19,Gold
C002410,30,Male,Delhi,2025-11-09,Standard
C002411,48,Male,Kolkata,2026-06-12,Standard
C002412,58,Male,Kolkata,2026-03-21,Standard
C002413,28,Male,Jaipur,2025-08-19,Standard
C002414,21,Female,Ahmedabad,2025-12-25,Standard
C002415,51,Female,Chennai,2026-01-18,Standard
C002416,55,Female,Ahmedabad,2026-05-27,Standard
C002417,63,Female,Ahmedabad,2025-02-13,Standard
C002418,21,Female,Delhi,2025-12-31,Standard
C002419,55,Female,Hyderabad,2025-04-21,Standard
C002420,36,Female,Jaipur,2025-08-11,Standard
C002421,23,Male,Kolkata,2026-01-21,Standard
C002422,51,Male,Bangalore,2025-09-22,Standard
C002423,35,Other,Ahmedabad,2025-09-28,Standard
C002424,30,Female,Kochi,2025-07-31,Standard
C002425,58,Female,Delhi,2026-05-11,Standard
C002426,40,Male,Pune,2025-11-10,Standard
C002427,36,Female,Jaipur,2026-01-22,Standard
C002428,62,Male,Kochi,2025-09-04,Standard
C002429,28,Male,Ahmedabad,2025-12-16,Gold
C002430,18,Male,Hyderabad,2025-03-13,Standard
C002431,41,Female,Delhi,2025-10-23,Gold
C002432,24,Male,Mumbai,2025-08-01,Standard
C002433,42,Male,Bangalore,2025-10-22,Premium
C002434,38,Male,Delhi,2025-06-20,Standard
C002435,32,Female,Kochi,2025-09-03,Gold
C002436,18,Female,Kolkata,2025-05-21,Standard
C002437,29,Female,Bangalore,2025-08-28,Standard
C002438,24,Male,Mumbai,2025-11-07,Standard
C002439,32,Female,Pune,2026-02-20,Standard
C002440,38,Female,Jaipur,2026-02-02,Standard
C002441,36,Female,Ahmedabad,2025-01-22,Premium
C002442,46,Male,Chennai,2025-03-19,Gold
C002443,42,Female,Hyderabad,2026-04-20,Gold
C002444,50,Other,Kochi,2025-12-19,Gold
C002445,66,Male,Delhi,2026-01-06,Standard
C002446,49,Male,Kolkata,2025-01-21,Gold
C002447,66,Male,Hyderabad,2026-05-22,Standard
C002448,52,Female,Kolkata,2025-06-09,Standard
C002449,61,Male,Delhi,2025-12-27,Gold
C002450,55,Male,Kochi,2025-10-24,Standard
C002451,43,Male,Pune,2025-12-18,Gold
C002452,28,Female,Pune,2025-06-29,Standard
C002453,52,Female,Mumbai,2026-04-17,Standard
C002454,25,Female,Ahmedabad,2026-01-30,Premium
C002455,63,Female,Jaipur,2025-08-01,Gold
C002456,31,Male,Chennai,2026-06-14,Standard
C002457,27,Female,Jaipur,2026-01-30,Gold
C002458,19,Female,Mumbai,2025-01-27,Standard
C002459,63,Male,Pune,2026-03-25,Standard
C002460,26,Female,Kolkata,2026-03-14,Gold
C002461,20,Female,Mumbai,2025-10-12,Standard
C002462,38,Female,Ahmedabad,2025-07-08,Standard
C002463,43,Male,Kochi,2025-07-18,Standard
C002464,25,Other,Ahmedabad,2025-04-12,Standard
C002465,65,Female,Bangalore,2026-04-24,Standard
C002466,19,Male,Ahmedabad,2025-08-12,Gold
C002467,23,Male,Kochi,2026-06-01,Standard
C002468,45,Male,Hyderabad,2026-06-11,Standard
C002469,70,Other,Delhi,2026-03-17,Standard
C002470,46,Female,Kochi,2026-06-01,Standard
C002471,43,Male,Ahmedabad,2025-08-18,Standard
C002472,42,Male,Pune,2025-04-24,Standard
C002473,29,Male,Mumbai,2026-05-31,Standard
C002474,22,Female,Mumbai,2025-07-03,Standard
C002475,51,Male,Mumbai,2025-02-03,Standard
C002476,65,Other,Pune,2025-10-23,Gold
C002477,54,Female,Kolkata,2026-03-29,Standard
C002478,32,Female,Delhi,2026-05-20,Standard
C002479,61,Male,Kochi,2026-02-10,Standard
C002480,53,Male,Ahmedabad,2025-05-07,Premium
C002481,32,Female,Kolkata,2025-05-22,Gold
C002482,60,Male,Ahmedabad,2025-05-08,Premium
C002483,65,Male,Mumbai,2025-12-16,Gold
C002484,40,Female,Ahmedabad,2026-06-08,Standard
C002485,23,Male,Pune,2026-04-08,Gold
C002486,63,Male,Hyderabad,2025-09-01,Standard
C002487,67,Male,Ahmedabad,2025-07-05,Standard
C002488,61,Male,Kolkata,2025-08-21,Standard
C002489,60,Other,Kochi,2026-05-29,Standard
C002490,62,Male,Delhi,2025-01-01,Gold
C002491,38,Male,Mumbai,2025-08-27,Standard
C002492,40,Female,Bangalore,2025-02-24,Standard
C002493,60,Male,Kochi,2026-05-10,Gold
C002494,33,Male,Hyderabad,2026-02-22,Gold
C002495,64,Male,Chennai,2026-03-24,Gold
C002496,70,Male,Ahmedabad,2025-12-04,Premium
C002497,32,Male,Ahmedabad,2025-10-04,Standard
C002498,42,Male,Delhi,2025-01-10,Standard
C002499,53,Female,Delhi,2025-12-07,Standard
C002500,28,Male,Mumbai,2025-04-14,Gold
C002501,68,Female,Bangalore,2025-12-11,Standard
C002502,32,Female,Bangalore,2026-01-05,Standard
C002503,21,Female,Pune,2025-07-17,Standard
C002504,38,Male,Mumbai,2025-01-14,Standard
C002505,30,Male,Mumbai,2025-12-04,Standard
C002506,39,Female,Hyderabad,2026-06-26,Gold
C002507,36,Female,Jaipur,2026-04-02,Gold
C002508,51,Female,Hyderabad,2026-06-10,Gold
C002509,31,Male,Ahmedabad,2026-03-12,Standard
C002510,21,Female,Chennai,2026-01-01,Standard
C002511,65,Male,Mumbai,2026-02-05,Standard
C002512,70,Male,Bangalore,2026-04-27,Standard
C002513,69,Male,Delhi,2025-04-20,Standard
C002514,63,Male,Chennai,2026-02-10,Gold
C002515,44,Female,Bangalore,2025-11-05,Standard
C002516,46,Female,Bangalore,2025-06-09,Standard
C002517,64,Female,Chennai,2025-02-24,Standard
C002518,45,Female,Delhi,2025-09-13,Standard
C002519,52,Female,Jaipur,2026-06-18,Standard
C002520,25,Female,Pune,2026-02-26,Standard
C002521,33,Male,Mumbai,2025-09-21,Standard
C002522,59,Female,Hyderabad,2025-08-21,Standard
C002523,53,Male,Ahmedabad,2025-08-21,Standard
C002524,47,Male,Hyderabad,2026-06-01,Premium
C002525,35,Male,Bangalore,2025-02-14,Standard
C002526,19,Male,Mumbai,2026-03-12,Standard
C002527,66,Female,Delhi,2025-12-01,Standard
C002528,30,Female,Delhi,2026-02-08,Gold
C002529,21,Male,Delhi,2025-06-13,Gold
C002530,43,Other,Ahmedabad,2025-09-13,Standard
C002531,42,Female,Ahmedabad,2025-03-07,Gold
C002532,47,Female,Mumbai,2025-03-29,Gold
C002533,28,Female,Jaipur,2025-08-28,Premium
C002534,24,Male,Bangalore,2025-11-07,Standard
C002535,48,Female,Delhi,2025-09-15,Premium
C002536,61,Female,Delhi,2026-05-29,Gold
C002537,27,Other,Delhi,2026-03-10,Gold
C002538,56,Female,Ahmedabad,2025-05-09,Gold
C002539,30,Female,Jaipur,2025-11-22,Premium
C002540,48,Female,Hyderabad,2025-01-17,Premium
C002541,24,Male,Jaipur,2025-12-08,Standard
C002542,66,Male,Ahmedabad,2025-09-06,Standard
C002543,59,Male,Hyderabad,2025-06-26,Premium
C002544,59,Male,Chennai,2025-12-23,Standard
C002545,53,Male,Mumbai,2026-05-10,Standard
C002546,37,Female,Chennai,2025-02-04,Standard
C002547,21,Female,Mumbai,2026-02-11,Standard
C002548,24,Other,Delhi,2025-01-10,Gold
C002549,18,Female,Chennai,2026-06-15,Standard
C002550,61,Female,Ahmedabad,2026-06-19,Gold
C002551,62,Female,Bangalore,2025-04-05,Gold
C002552,59,Female,Hyderabad,2026-03-26,Standard
C002553,64,Female,Kolkata,2025-08-08,Standard
C002554,30,Male,Kochi,2025-04-06,Gold
C002555,39,Male,Bangalore,2026-01-16,Premium
C002556,38,Male,Chennai,2025-07-26,Standard
C002557,39,Female,Hyderabad,2025-09-03,Gold
C002558,45,Female,Chennai,2026-05-25,Standard
C002559,26,Female,Chennai,2025-03-24,Standard
C002560,43,Male,Pune,2025-11-13,Gold
C002561,26,Female,Kolkata,2025-04-15,Standard
C002562,32,Female,Pune,2026-01-05,Gold
C002563,27,Male,Pune,2025-06-29,Standard
C002564,41,Female,Jaipur,2025-03-24,Gold
C002565,59,Female,Ahmedabad,2026-06-16,Standard
C002566,25,Other,Ahmedabad,2026-05-16,Standard
C002567,41,Female,Pune,2025-12-14,Standard
C002568,33,Male,Delhi,2025-09-29,Standard
C002569,66,Male,Jaipur,2025-11-27,Gold
C002570,43,Male,Chennai,2026-01-24,Standard
C002571,44,Female,Kolkata,2025-05-17,Standard
C002572,54,Male,Pune,2025-12-27,Gold
C002573,21,Female,Kolkata,2025-10-09,Standard
C002574,67,Female,Mumbai,2025-07-21,Standard
C002575,41,Other,Jaipur,2026-06-15,Gold
C002576,36,Male,Kolkata,2025-01-16,Standard
C002577,53,Female,Chennai,2025-04-24,Standard
C002578,56,Female,Mumbai,2025-03-09,Standard
C002579,27,Other,Delhi,2025-01-30,Standard
C002580,42,Male,Chennai,2026-06-03,Gold
C002581,35,Male,Kochi,2025-01-22,Standard
C002582,36,Female,Ahmedabad,2026-03-07,Standard
C002583,53,Male,Bangalore,2025-01-30,Standard
C002584,27,Male,Hyderabad,2026-02-14,Standard
C002585,50,Male,Bangalore,2025-02-18,Standard
C002586,67,Female,Delhi,2025-11-21,Premium
C002587,22,Female,Ahmedabad,2026-05-03,Standard
C002588,64,Male,Kolkata,2025-10-25,Standard
C002589,66,Male,Jaipur,2025-06-30,Gold
C002590,52,Female,Chennai,2025-05-02,Standard
C002591,61,Female,Ahmedabad,2025-05-04,Standard
C002592,51,Male,Ahmedabad,2026-03-29,Gold
C002593,50,Male,Pune,2025-09-23,Standard
C002594,38,Female,Hyderabad,2025-01-28,Gold
C002595,34,Other,Chennai,2025-09-16,Gold
C002596,39,Other,Ahmedabad,2025-03-18,Standard
C002597,65,Female,Pune,2026-03-08,Standard
C002598,54,Male,Mumbai,2025-02-04,Premium
C002599,32,Female,Delhi,2026-03-12,Gold
C002600,52,Male,Delhi,2025-04-24,Standard
C002601,45,Female,Jaipur,2025-03-03,Gold
C002602,24,Male,Jaipur,2025-02-21,Standard
C002603,49,Female,Ahmedabad,2025-04-26,Standard
C002604,28,Female,Ahmedabad,2025-02-16,Gold
C002605,27,Male,Chennai,2026-03-14,Standard
C002606,26,Female,Hyderabad,2026-02-16,Gold
C002607,31,Male,Ahmedabad,2025-04-11,Standard
C002608,30,Male,Delhi,2025-10-06,Gold
C002609,42,Male,Kolkata,2025-04-17,Standard
C002610,19,Male,Ahmedabad,2025-02-04,Standard
C002611,52,Male,Pune,2025-12-25,Standard
C002612,24,Female,Delhi,2025-01-02,Standard
C002613,38,Male,Ahmedabad,2026-05-07,Gold
C002614,35,Male,Bangalore,2025-09-29,Gold
C002615,20,Male,Bangalore,2025-05-24,Gold
C002616,59,Female,Bangalore,2026-03-11,Standard
C002617,56,Female,Hyderabad,2026-03-27,Gold
C002618,58,Female,Kochi,2025-08-16,Standard
C002619,66,Female,Pune,2026-06-29,Standard
C002620,28,Female,Pune,2025-08-02,Standard
C002621,56,Female,Delhi,2025-09-05,Premium
C002622,41,Female,Kolkata,2026-02-12,Standard
C002623,63,Male,Delhi,2025-02-22,Standard
C002624,36,Female,Chennai,2025-11-10,Standard
C002625,21,Female,Mumbai,2026-01-09,Standard
C002626,43,Female,Bangalore,2025-02-06,Gold
C002627,55,Female,Kolkata,2026-06-08,Standard
C002628,59,Female,Mumbai,2025-03-25,Standard
C002629,49,Female,Mumbai,2025-04-04,Premium
C002630,56,Male,Mumbai,2026-02-19,Premium
C002631,62,Male,Hyderabad,2025-12-08,Standard
C002632,63,Male,Ahmedabad,2026-02-25,Gold
C002633,53,Female,Mumbai,2025-12-14,Standard
C002634,57,Female,Ahmedabad,2025-05-08,Gold
C002635,54,Female,Jaipur,2025-06-01,Gold
C002636,50,Female,Bangalore,2026-06-06,Standard
C002637,53,Female,Mumbai,2025-02-07,Premium
C002638,20,Female,Pune,2026-03-03,Standard
C002639,26,Female,Ahmedabad,2025-04-15,Gold
C002640,25,Female,Pune,2025-06-14,Gold
C002641,50,Female,Pune,2026-06-28,Standard
C002642,23,Male,Kochi,2025-07-31,Standard
C002643,58,Female,Mumbai,2026-06-10,Standard
C002644,56,Male,Jaipur,2025-05-12,Gold
C002645,21,Male,Kolkata,2025-06-01,Gold
C002646,30,Female,Pune,2025-04-06,Standard
C002647,66,Female,Bangalore,2026-05-18,Standard
C002648,19,Other,Chennai,2026-06-06,Standard
C002649,22,Male,Pune,2026-01-09,Gold
C002650,61,Female,Bangalore,2025-01-16,Gold
C002651,44,Male,Delhi,2025-01-18,Standard
C002652,49,Male,Bangalore,2026-02-13,Standard
C002653,38,Male,Hyderabad,2025-01-07,Standard
C002654,25,Male,Kolkata,2025-09-02,Standard
C002655,55,Male,Delhi,2025-05-09,Standard
C002656,25,Male,Kochi,2026-03-31,Standard
C002657,67,Male,Bangalore,2025-03-13,Gold
C002658,20,Female,Bangalore,2025-06-09,Standard
C002659,61,Male,Ahmedabad,2025-03-28,Standard
C002660,20,Female,Jaipur,2026-02-05,Gold
C002661,39,Female,Kolkata,2026-04-07,Gold
C002662,23,Female,Hyderabad,2026-06-13,Standard
C002663,19,Female,Pune,2025-03-30,Standard
C002664,40,Female,Hyderabad,2025-01-06,Premium
C002665,61,Female,Kochi,2025-03-25,Standard
C002666,19,Male,Mumbai,2025-09-07,Standard
C002667,55,Female,Mumbai,2026-02-20,Premium
C002668,34,Female,Hyderabad,2025-03-13,Gold
C002669,52,Male,Kochi,2025-04-22,Gold
C002670,51,Male,Pune,2025-06-21,Standard
C002671,40,Male,Delhi,2025-09-30,Standard
C002672,47,Female,Jaipur,2026-06-14,Standard
C002673,69,Male,Jaipur,2025-11-15,Standard
C002674,25,Female,Hyderabad,2025-03-23,Standard
C002675,39,Male,Jaipur,2025-03-16,Standard
C002676,61,Female,Hyderabad,2026-03-05,Standard
C002677,53,Male,Mumbai,2026-04-05,Gold
C002678,22,Male,Bangalore,2025-12-12,Premium
C002679,30,Female,Delhi,2025-09-06,Gold
C002680,46,Male,Jaipur,2026-01-22,Gold
C002681,48,Male,Chennai,2025-12-29,Standard
C002682,64,Male,Mumbai,2025-10-23,Standard
C002683,33,Female,Kochi,2025-03-09,Standard
C002684,59,Female,Chennai,2026-03-14,Standard
C002685,47,Female,Ahmedabad,2026-06-16,Gold
C002686,33,Female,Jaipur,2025-05-13,Premium
C002687,29,Male,Hyderabad,2025-10-22,Gold
C002688,34,Female,Jaipur,2025-10-23,Standard
C002689,33,Female,Pune,2025-02-02,Gold
C002690,29,Male,Pune,2026-01-09,Standard
C002691,25,Male,Kolkata,2025-02-01,Standard
C002692,37,Male,Delhi,2025-11-01,Standard
C002693,20,Female,Pune,2025-04-18,Standard
C002694,33,Male,Bangalore,2025-04-06,Gold
C002695,47,Female,Hyderabad,2025-03-07,Standard
C002696,62,Male,Jaipur,2026-06-05,Standard
C002697,40,Male,Delhi,2025-08-18,Standard
C002698,45,Male,Delhi,2025-12-24,Standard
C002699,68,Male,Ahmedabad,2026-02-06,Premium
C002700,57,Male,Chennai,2025-04-09,Premium
C002701,22,Male,Kolkata,2025-09-28,Premium
C002702,37,Male,Jaipur,2025-12-28,Standard
C002703,57,Male,Kolkata,2025-06-13,Standard
C002704,61,Male,Delhi,2026-06-12,Premium
C002705,18,Other,Pune,2025-06-18,Premium
C002706,47,Female,Mumbai,2025-01-21,Standard
C002707,38,Female,Kolkata,2026-06-24,Gold
C002708,37,Male,Bangalore,2026-02-01,Standard
C002709,23,Male,Mumbai,2025-02-05,Premium
C002710,39,Male,Hyderabad,2026-05-10,Standard
C002711,35,Female,Mumbai,2025-11-10,Gold
C002712,25,Female,Bangalore,2026-05-05,Standard
C002713,56,Male,Chennai,2025-10-03,Standard
C002714,49,Female,Jaipur,2025-08-21,Standard
C002715,50,Female,Kolkata,2026-03-12,Standard
C002716,70,Male,Pune,2025-01-06,Standard
C002717,33,Male,Chennai,2026-06-19,Gold
C002718,29,Female,Bangalore,2025-09-01,Standard
C002719,55,Female,Chennai,2025-08-29,Gold
C002720,69,Male,Kolkata,2025-09-30,Standard
C002721,51,Male,Chennai,2025-03-16,Standard
C002722,31,Female,Hyderabad,2025-10-10,Gold
C002723,53,Male,Ahmedabad,2026-06-19,Standard
C002724,50,Female,Kolkata,2025-03-28,Premium
C002725,40,Female,Jaipur,2025-05-29,Gold
C002726,67,Male,Mumbai,2025-05-30,Gold
C002727,62,Male,Kolkata,2025-06-09,Standard
C002728,19,Female,Bangalore,2026-03-22,Standard
C002729,58,Male,Chennai,2025-03-23,Premium
C002730,38,Male,Kolkata,2025-01-07,Standard
C002731,19,Female,Chennai,2025-07-01,Gold
C002732,44,Male,Pune,2026-06-10,Standard
C002733,26,Male,Kochi,2026-04-23,Standard
C002734,18,Male,Jaipur,2025-07-02,Gold
C002735,28,Female,Delhi,2025-11-10,Premium
C002736,20,Male,Kochi,2025-06-23,Standard
C002737,69,Other,Kolkata,2025-01-14,Standard
C002738,40,Female,Bangalore,2025-10-27,Gold
C002739,43,Male,Ahmedabad,2025-03-14,Standard
C002740,21,Male,Jaipur,2026-05-29,Standard
C002741,35,Male,Delhi,2025-12-09,Standard
C002742,23,Female,Pune,2026-01-31,Standard
C002743,52,Female,Ahmedabad,2025-11-29,Gold
C002744,39,Female,Mumbai,2025-12-21,Premium
C002745,60,Male,Chennai,2025-06-12,Standard
C002746,32,Female,Kochi,2025-04-26,Standard
C002747,39,Male,Ahmedabad,2026-02-07,Standard
C002748,54,Female,Chennai,2025-03-20,Standard
C002749,69,Female,Delhi,2026-03-23,Standard
C002750,59,Male,Pune,2025-01-08,Gold
C002751,29,Male,Delhi,2025-01-23,Standard
C002752,64,Female,Pune,2026-06-27,Gold
C002753,66,Female,Pune,2026-02-18,Premium
C002754,59,Male,Hyderabad,2026-02-13,Gold
C002755,55,Male,Hyderabad,2025-01-22,Standard
C002756,35,Female,Jaipur,2026-02-07,Standard
C002757,62,Male,Hyderabad,2025-06-06,Standard
C002758,52,Male,Hyderabad,2025-11-26,Gold
C002759,47,Male,Chennai,2025-01-22,Premium
C002760,41,Male,Kolkata,2026-04-17,Gold
C002761,59,Female,Kochi,2025-09-21,Standard
C002762,47,Other,Kochi,2025-10-30,Standard
C002763,31,Female,Mumbai,2026-04-10,Premium
C002764,23,Male,Bangalore,2025-06-13,Gold
C002765,20,Female,Pune,2025-05-16,Gold
C002766,33,Female,Delhi,2025-09-09,Standard
C002767,24,Male,Chennai,2025-07-24,Standard
C002768,69,Female,Pune,2025-10-29,Standard
C002769,31,Male,Bangalore,2025-08-30,Premium
C002770,26,Other,Hyderabad,2025-03-02,Premium
C002771,32,Male,Mumbai,2026-04-10,Standard
C002772,38,Female,Hyderabad,2025-10-29,Gold
C002773,52,Male,Pune,2026-04-17,Standard
C002774,19,Male,Mumbai,2026-01-29,Standard
C002775,44,Male,Bangalore,2025-09-16,Standard
C002776,19,Female,Delhi,2026-06-26,Standard
C002777,52,Female,Delhi,2026-06-14,Standard
C002778,35,Female,Jaipur,2025-07-06,Standard
C002779,31,Female,Ahmedabad,2025-07-31,Gold
C002780,37,Female,Ahmedabad,2025-02-04,Standard
C002781,35,Male,Delhi,2025-05-27,Gold
C002782,27,Male,Ahmedabad,2025-10-09,Standard
C002783,42,Female,Kochi,2025-09-06,Gold
C002784,19,Female,Kolkata,2025-02-26,Premium
C002785,42,Female,Bangalore,2025-11-01,Standard
C002786,50,Male,Kolkata,2026-06-06,Standard
C002787,53,Male,Ahmedabad,2025-12-27,Standard
C002788,48,Female,Hyderabad,2025-08-25,Standard
C002789,31,Female,Jaipur,2025-08-22,Standard
C002790,18,Male,Ahmedabad,2025-08-11,Standard
C002791,63,Female,Chennai,2025-11-23,Gold
C002792,33,Female,Pune,2025-04-08,Standard
C002793,63,Male,Mumbai,2025-08-14,Standard
C002794,69,Female,Hyderabad,2026-05-04,Standard
C002795,20,Female,Pune,2026-04-23,Standard
C002796,52,Female,Kochi,2025-11-30,Gold
C002797,58,Female,Jaipur,2026-05-27,Standard
C002798,23,Female,Chennai,2026-01-17,Premium
C002799,42,Male,Kochi,2026-02-27,Standard
C002800,30,Male,Kochi,2025-12-14,Standard
C002801,70,Male,Kochi,2025-06-02,Standard
C002802,51,Male,Delhi,2026-03-28,Standard
C002803,25,Male,Pune,2025-10-17,Gold
C002804,38,Male,Mumbai,2025-04-29,Premium
C002805,51,Male,Kolkata,2025-08-02,Standard
C002806,21,Male,Chennai,2026-03-15,Gold
C002807,42,Female,Kolkata,2026-03-23,Standard
C002808,32,Male,Chennai,2025-02-11,Standard
C002809,21,Female,Bangalore,2026-01-30,Standard
C002810,62,Female,Delhi,2025-09-04,Premium
C002811,29,Male,Chennai,2025-10-18,Standard
C002812,49,Female,Ahmedabad,2025-09-05,Standard
C002813,49,Female,Ahmedabad,2026-03-25,Standard
C002814,45,Male,Bangalore,2025-03-25,Gold
C002815,30,Male,Mumbai,2025-08-09,Gold
C002816,48,Male,Jaipur,2025-02-20,Standard
C002817,31,Male,Delhi,2025-07-06,Premium
C002818,37,Male,Kochi,2026-06-09,Premium
C002819,35,Female,Pune,2025-08-11,Gold
C002820,46,Female,Hyderabad,2026-04-10,Gold
C002821,23,Female,Delhi,2026-02-23,Gold
C002822,49,Male,Bangalore,2025-03-28,Standard
C002823,46,Male,Ahmedabad,2025-09-16,Standard
C002824,60,Male,Pune,2025-06-30,Standard
C002825,19,Male,Chennai,2025-11-07,Premium
C002826,40,Male,Mumbai,2025-06-22,Gold
C002827,36,Female,Mumbai,2025-11-18,Standard
C002828,48,Male,Jaipur,2025-12-06,Standard
C002829,68,Female,Jaipur,2026-05-11,Gold
C002830,22,Male,Delhi,2025-09-02,Gold
C002831,36,Other,Hyderabad,2026-05-20,Standard
C002832,51,Female,Bangalore,2025-11-25,Standard
C002833,27,Female,Pune,2025-07-15,Standard
C002834,42,Male,Ahmedabad,2025-03-03,Premium
C002835,19,Female,Bangalore,2025-01-25,Gold
C002836,28,Female,Bangalore,2026-01-13,Premium
C002837,67,Female,Kolkata,2025-10-22,Standard
C002838,48,Female,Kolkata,2025-02-21,Gold
C002839,32,Female,Chennai,2025-02-09,Standard
C002840,26,Male,Hyderabad,2026-04-02,Standard
C002841,40,Female,Chennai,2025-01-02,Standard
C002842,36,Female,Pune,2026-04-14,Premium
C002843,26,Male,Ahmedabad,2025-04-16,Gold
C002844,52,Male,Ahmedabad,2025-08-04,Standard
C002845,38,Male,Bangalore,2026-02-18,Premium
C002846,26,Female,Jaipur,2025-07-29,Standard
C002847,45,Male,Ahmedabad,2025-02-27,Gold
C002848,63,Male,Jaipur,2025-02-12,Gold
C002849,68,Male,Jaipur,2025-05-18,Gold
C002850,24,Female,Pune,2026-05-04,Gold
C002851,33,Male,Hyderabad,2026-04-14,Standard
C002852,33,Female,Bangalore,2026-01-24,Premium
C002853,50,Male,Ahmedabad,2025-07-17,Standard
C002854,21,Female,Kochi,2025-07-21,Standard
C002855,21,Other,Hyderabad,2025-07-11,Standard
C002856,56,Male,Kolkata,2025-04-17,Standard
C002857,57,Male,Kochi,2025-11-23,Standard
C002858,34,Female,Pune,2025-12-23,Gold
C002859,54,Male,Hyderabad,2026-05-16,Standard
C002860,56,Male,Pune,2025-10-11,Standard
C002861,69,Female,Hyderabad,2026-04-13,Gold
C002862,46,Other,Jaipur,2026-05-23,Gold
C002863,69,Female,Bangalore,2025-04-16,Standard
C002864,53,Male,Ahmedabad,2025-10-21,Gold
C002865,55,Male,Delhi,2025-03-07,Standard
C002866,56,Male,Mumbai,2025-07-14,Standard
C002867,67,Female,Bangalore,2025-07-07,Standard
C002868,54,Female,Jaipur,2025-02-16,Gold
C002869,69,Female,Jaipur,2025-12-28,Standard
C002870,52,Male,Delhi,2026-06-21,Standard
C002871,24,Female,Jaipur,2026-05-02,Gold
C002872,44,Male,Kochi,2025-09-03,Gold
C002873,45,Male,Jaipur,2025-06-27,Standard
C002874,39,Female,Kolkata,2025-04-25,Standard
C002875,31,Male,Ahmedabad,2025-06-14,Gold
C002876,24,Female,Bangalore,2025-08-07,Gold
C002877,54,Female,Mumbai,2025-07-16,Standard
C002878,39,Female,Kochi,2026-02-05,Standard
C002879,22,Female,Kochi,2025-03-17,Gold
C002880,19,Female,Mumbai,2026-03-02,Gold
C002881,44,Female,Jaipur,2025-10-14,Gold
C002882,38,Male,Hyderabad,2026-06-29,Gold
C002883,55,Male,Kochi,2025-10-26,Standard
C002884,32,Female,Kochi,2025-10-21,Gold
C002885,38,Female,Bangalore,2026-03-23,Standard
C002886,27,Female,Delhi,2026-02-18,Standard
C002887,40,Male,Kolkata,2026-03-07,Premium
C002888,56,Male,Mumbai,2025-08-18,Premium
C002889,22,Male,Jaipur,2025-04-06,Gold
C002890,18,Female,Pune,2026-03-15,Standard
C002891,30,Female,Pune,2025-06-20,Gold
C002892,38,Female,Hyderabad,2025-11-13,Gold
C002893,43,Male,Kochi,2026-06-28,Standard
C002894,67,Male,Kochi,2026-05-06,Gold
C002895,62,Female,Delhi,2026-01-23,Standard
C002896,38,Female,Kochi,2025-03-13,Standard
C002897,70,Male,Pune,2026-06-16,Gold
C002898,35,Female,Mumbai,2025-08-27,Premium
C002899,54,Male,Hyderabad,2025-03-30,Gold
C002900,62,Female,Delhi,2026-06-19,Gold
C002901,49,Female,Kolkata,2025-06-03,Standard
C002902,53,Female,Pune,2025-07-09,Standard
C002903,34,Female,Chennai,2026-02-19,Standard
C002904,52,Male,Bangalore,2025-06-03,Gold
C002905,66,Female,Delhi,2025-12-05,Standard
C002906,28,Female,Delhi,2026-06-01,Standard
C002907,38,Female,Pune,2025-02-04,Premium
C002908,69,Female,Hyderabad,2026-06-10,Standard
C002909,70,Male,Bangalore,2026-06-21,Standard
C002910,43,Female,Mumbai,2025-08-06,Standard
C002911,21,Female,Mumbai,2025-09-11,Standard
C002912,51,Male,Kochi,2025-07-22,Standard
C002913,69,Female,Chennai,2025-04-11,Gold
C002914,65,Male,Ahmedabad,2025-12-27,Standard
C002915,35,Male,Pune,2025-06-27,Gold
C002916,57,Male,Hyderabad,2025-10-03,Standard
C002917,52,Female,Bangalore,2025-11-08,Standard
C002918,58,Female,Hyderabad,2026-02-14,Gold
C002919,46,Female,Ahmedabad,2025-10-15,Standard
C002920,69,Female,Mumbai,2026-06-09,Standard
C002921,46,Male,Hyderabad,2026-02-05,Standard
C002922,55,Male,Mumbai,2025-08-05,Standard
C002923,59,Male,Mumbai,2026-04-15,Gold
C002924,38,Female,Chennai,2025-01-27,Standard
C002925,59,Female,Mumbai,2026-02-26,Standard
C002926,30,Male,Jaipur,2025-01-14,Standard
C002927,66,Female,Mumbai,2026-05-16,Standard
C002928,58,Female,Bangalore,2025-11-21,Standard
C002929,34,Male,Bangalore,2025-11-20,Standard
C002930,26,Female,Bangalore,2025-10-12,Standard
C002931,58,Female,Delhi,2025-03-30,Standard
C002932,18,Female,Pune,2025-02-14,Standard
C002933,19,Male,Pune,2026-05-13,Standard
C002934,65,Female,Pune,2026-05-13,Gold
C002935,46,Female,Jaipur,2025-05-25,Standard
C002936,50,Male,Bangalore,2026-06-02,Standard
C002937,27,Female,Kochi,2025-03-23,Standard
C002938,67,Male,Pune,2025-06-16,Premium
C002939,57,Female,Ahmedabad,2025-04-15,Gold
C002940,38,Female,Ahmedabad,2026-05-03,Gold
C002941,45,Female,Hyderabad,2025-11-06,Standard
C002942,28,Male,Delhi,2025-03-23,Standard
C002943,51,Male,Kochi,2025-04-04,Gold
C002944,25,Male,Mumbai,2025-11-17,Standard
C002945,39,Male,Bangalore,2025-12-09,Standard
C002946,25,Male,Jaipur,2025-12-27,Standard
C002947,66,Female,Delhi,2025-03-07,Standard
C002948,32,Male,Chennai,2026-03-05,Standard
C002949,34,Female,Chennai,2026-02-05,Standard
C002950,40,Male,Kolkata,2025-06-20,Gold
C002951,41,Female,Mumbai,2025-03-09,Standard
C002952,62,Female,Bangalore,2026-05-07,Standard
C002953,36,Female,Delhi,2025-02-03,Gold
C002954,22,Other,Chennai,2025-01-01,Standard
C002955,49,Male,Kolkata,2025-05-31,Gold
C002956,61,Male,Jaipur,2025-09-15,Gold
C002957,18,Male,Bangalore,2025-01-19,Standard
C002958,40,Male,Chennai,2025-02-04,Standard
C002959,54,Female,Pune,2026-01-06,Gold
C002960,25,Female,Ahmedabad,2026-05-06,Standard
C002961,30,Female,Kolkata,2025-08-29,Standard
C002962,25,Male,Jaipur,2025-01-07,Standard
C002963,40,Other,Chennai,2026-01-06,Gold
C002964,60,Female,Jaipur,2025-09-07,Premium
C002965,18,Male,Mumbai,2025-04-25,Standard
C002966,62,Male,Hyderabad,2025-12-03,Standard
C002967,68,Female,Kolkata,2025-05-22,Standard
C002968,41,Other,Delhi,2026-04-30,Standard
C002969,52,Male,Delhi,2026-03-14,Standard
C002970,41,Male,Chennai,2025-03-29,Standard
C002971,34,Female,Pune,2026-04-08,Gold
C002972,22,Female,Pune,2025-02-17,Standard
C002973,37,Male,Mumbai,2026-04-26,Premium
C002974,38,Female,Delhi,2026-06-08,Standard
C002975,57,Female,Kolkata,2025-07-30,Standard
C002976,48,Female,Ahmedabad,2025-09-01,Gold
C002977,63,Female,Pune,2025-08-27,Standard
C002978,53,Female,Delhi,2025-07-16,Standard
C002979,28,Male,Hyderabad,2025-08-23,Standard
C002980,69,Female,Kolkata,2025-07-06,Premium
C002981,32,Male,Ahmedabad,2025-10-17,Standard
C002982,36,Female,Hyderabad,2025-08-09,Standard
C002983,24,Male,Delhi,2026-05-12,Gold
C002984,68,Female,Chennai,2026-05-11,Standard
C002985,45,Male,Kochi,2025-10-29,Standard
C002986,68,Female,Kochi,2025-07-06,Standard
C002987,60,Male,Mumbai,2026-03-26,Standard
C002988,22,Female,Mumbai,2026-02-16,Standard
C002989,22,Female,Ahmedabad,2025-09-02,Standard
C002990,47,Female,Hyderabad,2025-11-09,Standard
C002991,49,Female,Delhi,2026-05-11,Gold
C002992,25,Male,Delhi,2025-01-22,Standard
C002993,27,Female,Chennai,2025-03-09,Standard
C002994,55,Female,Jaipur,2026-01-27,Premium
C002995,64,Female,Mumbai,2025-11-12,Standard
C002996,49,Female,Jaipur,2025-03-06,Standard
C002997,65,Female,Jaipur,2026-06-25,Gold
C002998,45,Male,Chennai,2025-07-31,Gold
C002999,34,Female,Jaipur,2025-07-19,Standard
C003000,48,Female,Jaipur,2025-06-27,Gold
C003001,25,Female,Chennai,2026-02-27,Gold
C003002,57,Female,Pune,2026-04-07,Gold
C003003,42,Male,Jaipur,2025-02-13,Gold
C003004,26,Male,Mumbai,2026-03-07,Gold
C003005,19,Male,Chennai,2025-06-17,Premium
C003006,32,Male,Kolkata,2025-10-14,Gold
C003007,67,Female,Jaipur,2025-12-03,Standard
C003008,20,Female,Pune,2025-06-20,Premium
C003009,66,Male,Mumbai,2025-07-02,Standard
C003010,53,Male,Bangalore,2025-01-16,Gold
C003011,21,Female,Mumbai,2026-05-11,Gold
C003012,31,Female,Hyderabad,2025-04-20,Standard
C003013,58,Female,Kolkata,2025-11-02,Standard
C003014,58,Female,Kochi,2025-01-06,Premium
C003015,42,Female,Delhi,2025-09-30,Standard
C003016,67,Male,Hyderabad,2025-12-27,Standard
C003017,27,Male,Chennai,2025-07-04,Standard
C003018,38,Male,Chennai,2025-04-10,Standard
C003019,53,Male,Delhi,2025-03-31,Gold
C003020,29,Female,Ahmedabad,2025-09-03,Standard
C003021,44,Female,Ahmedabad,2025-08-27,Premium
C003022,57,Male,Delhi,2025-03-22,Premium
C003023,19,Female,Chennai,2025-04-25,Gold
C003024,30,Male,Mumbai,2025-10-03,Gold
C003025,70,Female,Kolkata,2025-03-21,Standard
C003026,49,Female,Pune,2025-06-28,Standard
C003027,48,Male,Kochi,2025-11-05,Standard
C003028,33,Male,Kolkata,2026-05-24,Gold
C003029,49,Female,Delhi,2025-09-17,Standard
C003030,49,Female,Chennai,2025-10-19,Gold
C003031,51,Male,Ahmedabad,2025-10-18,Standard
C003032,28,Female,Chennai,2026-06-26,Standard
C003033,27,Female,Ahmedabad,2025-03-04,Standard
C003034,32,Male,Kolkata,2026-02-09,Standard
C003035,34,Male,Hyderabad,2026-04-25,Gold
C003036,57,Male,Mumbai,2025-11-21,Gold
C003037,35,Female,Kolkata,2026-01-16,Gold
C003038,26,Other,Mumbai,2025-11-06,Gold
C003039,42,Female,Jaipur,2025-12-09,Standard
C003040,57,Female,Kolkata,2026-04-20,Standard
C003041,31,Female,Bangalore,2025-02-25,Standard
C003042,42,Female,Bangalore,2026-03-01,Standard
C003043,67,Female,Mumbai,2025-05-22,Standard
C003044,39,Male,Jaipur,2026-01-11,Standard
C003045,69,Female,Mumbai,2025-08-14,Gold
C003046,47,Female,Delhi,2026-04-19,Standard
C003047,37,Female,Bangalore,2025-01-25,Standard
C003048,38,Male,Chennai,2025-12-31,Standard
C003049,61,Female,Mumbai,2025-04-05,Standard
C003050,49,Female,Mumbai,2026-05-23,Standard
C003051,68,Male,Kochi,2025-06-25,Standard
C003052,63,Female,Pune,2026-02-12,Premium
C003053,66,Male,Pune,2026-05-05,Standard
C003054,38,Female,Ahmedabad,2026-04-04,Gold
C003055,52,Female,Jaipur,2026-02-17,Gold
C003056,49,Female,Bangalore,2025-12-04,Standard
C003057,47,Male,Bangalore,2025-11-27,Premium
C003058,56,Male,Pune,2025-08-01,Standard
C003059,66,Female,Mumbai,2025-12-11,Standard
C003060,29,Male,Mumbai,2026-06-08,Standard
C003061,58,Female,Bangalore,2025-12-12,Gold
C003062,64,Male,Jaipur,2025-09-05,Standard
C003063,35,Female,Hyderabad,2025-11-21,Standard
C003064,38,Female,Delhi,2026-04-12,Standard
C003065,30,Male,Kochi,2025-04-01,Gold
C003066,38,Female,Bangalore,2025-10-21,Standard
C003067,25,Female,Ahmedabad,2026-06-25,Standard
C003068,63,Female,Hyderabad,2026-06-08,Standard
C003069,57,Male,Bangalore,2025-09-16,Standard
C003070,63,Female,Kochi,2025-03-28,Gold
C003071,24,Male,Pune,2025-06-07,Standard
C003072,40,Male,Bangalore,2026-05-09,Gold
C003073,61,Male,Hyderabad,2025-07-05,Gold
C003074,49,Female,Delhi,2025-12-10,Standard
C003075,28,Male,Mumbai,2026-05-31,Standard
C003076,39,Female,Kolkata,2026-05-24,Premium
C003077,39,Male,Pune,2026-06-24,Standard
C003078,60,Male,Hyderabad,2025-01-16,Standard
C003079,42,Female,Ahmedabad,2026-06-09,Gold
C003080,39,Male,Ahmedabad,2025-07-19,Standard
C003081,45,Female,Chennai,2025-07-03,Gold
C003082,46,Male,Kolkata,2025-11-05,Gold
C003083,30,Male,Bangalore,2026-05-23,Standard
C003084,35,Male,Chennai,2025-10-08,Standard
C003085,19,Male,Ahmedabad,2025-06-07,Premium
C003086,46,Male,Bangalore,2025-12-26,Standard
C003087,38,Female,Chennai,2025-09-16,Standard
C003088,32,Female,Bangalore,2025-06-06,Gold
C003089,69,Female,Delhi,2026-03-01,Standard
C003090,44,Female,Kolkata,2025-01-21,Premium
C003091,67,Female,Pune,2025-12-13,Standard
C003092,48,Female,Pune,2025-12-16,Standard
C003093,32,Male,Pune,2026-01-20,Standard
C003094,68,Male,Ahmedabad,2026-03-14,Gold
C003095,40,Male,Delhi,2026-04-01,Premium
C003096,41,Male,Kochi,2026-06-30,Standard
C003097,61,Male,Kolkata,2025-03-21,Standard
C003098,30,Female,Hyderabad,2026-03-28,Standard
C003099,39,Male,Jaipur,2026-06-25,Standard
C003100,60,Other,Kochi,2026-05-04,Standard
C003101,54,Male,Hyderabad,2026-06-07,Gold
C003102,50,Male,Pune,2026-01-27,Premium
C003103,20,Other,Hyderabad,2025-12-25,Gold
C003104,36,Female,Bangalore,2025-02-02,Standard
C003105,40,Male,Bangalore,2025-05-16,Gold
C003106,46,Female,Hyderabad,2026-02-14,Gold
C003107,47,Female,Mumbai,2026-06-13,Standard
C003108,56,Female,Chennai,2025-04-01,Premium
C003109,61,Male,Jaipur,2026-02-17,Standard
C003110,64,Female,Ahmedabad,2025-10-26,Standard
C003111,42,Female,Hyderabad,2026-05-02,Standard
C003112,54,Male,Kolkata,2025-03-14,Standard
C003113,64,Female,Mumbai,2025-09-18,Standard
C003114,25,Male,Delhi,2025-11-08,Premium
C003115,59,Female,Mumbai,2025-06-14,Gold
C003116,33,Male,Jaipur,2025-12-01,Gold
C003117,25,Female,Kolkata,2026-05-17,Standard
C003118,18,Female,Mumbai,2025-06-10,Standard
C003119,61,Male,Ahmedabad,2026-01-25,Standard
C003120,22,Male,Chennai,2025-03-12,Standard
C003121,20,Female,Kolkata,2025-04-02,Gold
C003122,18,Female,Bangalore,2025-12-27,Standard
C003123,21,Male,Ahmedabad,2025-11-17,Standard
C003124,57,Male,Pune,2025-09-02,Gold
C003125,52,Female,Delhi,2025-01-24,Standard
C003126,49,Female,Jaipur,2026-02-07,Standard
C003127,59,Male,Jaipur,2026-01-08,Premium
C003128,51,Female,Hyderabad,2025-10-13,Premium
C003129,60,Female,Jaipur,2026-03-17,Standard
C003130,42,Male,Jaipur,2025-12-18,Standard
C003131,27,Male,Chennai,2025-08-07,Standard
C003132,38,Male,Delhi,2026-04-30,Standard
C003133,63,Female,Chennai,2026-03-19,Standard
C003134,56,Female,Bangalore,2025-08-06,Standard
C003135,44,Female,Kolkata,2025-03-08,Gold
C003136,44,Male,Mumbai,2025-01-31,Standard
C003137,19,Male,Delhi,2025-11-18,Premium
C003138,58,Female,Mumbai,2025-09-07,Standard
C003139,65,Male,Pune,2025-01-10,Gold
C003140,30,Female,Chennai,2025-10-12,Gold
C003141,26,Female,Ahmedabad,2025-06-02,Premium
C003142,69,Male,Mumbai,2026-06-28,Premium
C003143,53,Male,Ahmedabad,2026-06-13,Gold
C003144,39,Male,Hyderabad,2026-01-06,Gold
C003145,59,Male,Delhi,2025-10-28,Gold
C003146,43,Female,Hyderabad,2025-05-26,Standard
C003147,29,Male,Kolkata,2025-02-21,Standard
C003148,34,Male,Hyderabad,2026-02-08,Standard
C003149,31,Female,Ahmedabad,2025-05-21,Gold
C003150,31,Male,Jaipur,2025-03-29,Standard
C003151,51,Female,Chennai,2026-03-03,Standard
C003152,70,Male,Hyderabad,2025-03-25,Standard
C003153,37,Male,Kolkata,2025-08-31,Standard
C003154,28,Male,Delhi,2025-04-16,Gold
C003155,33,Male,Kochi,2025-12-21,Standard
C003156,68,Female,Kolkata,2025-01-21,Gold
C003157,48,Female,Chennai,2025-01-06,Gold
C003158,23,Male,Mumbai,2025-08-09,Standard
C003159,36,Male,Bangalore,2025-03-28,Gold
C003160,54,Male,Delhi,2026-03-29,Standard
C003161,21,Male,Ahmedabad,2025-12-08,Standard
C003162,64,Male,Bangalore,2026-01-28,Standard
C003163,21,Female,Kolkata,2025-12-18,Premium
C003164,37,Female,Kolkata,2025-09-03,Premium
C003165,27,Male,Kolkata,2025-04-23,Premium
C003166,41,Female,Bangalore,2025-06-07,Gold
C003167,52,Female,Hyderabad,2025-08-25,Standard
C003168,43,Male,Chennai,2025-08-31,Standard
C003169,54,Female,Delhi,2025-06-15,Gold
C003170,55,Female,Chennai,2025-02-03,Gold
C003171,38,Male,Delhi,2025-09-12,Standard
C003172,57,Other,Delhi,2025-10-29,Gold
C003173,56,Male,Mumbai,2025-08-08,Standard
C003174,38,Male,Kolkata,2025-02-01,Standard
C003175,27,Female,Kochi,2026-05-24,Standard
C003176,55,Male,Pune,2026-04-27,Standard
C003177,63,Male,Chennai,2025-08-21,Gold
C003178,21,Male,Mumbai,2025-08-03,Premium
C003179,62,Female,Kolkata,2025-08-30,Standard
C003180,37,Female,Jaipur,2025-09-02,Gold
C003181,34,Female,Jaipur,2025-01-20,Gold
C003182,24,Female,Hyderabad,2025-07-29,Gold
C003183,21,Male,Bangalore,2026-03-02,Standard
C003184,46,Male,Jaipur,2025-03-13,Premium
C003185,31,Female,Ahmedabad,2025-06-27,Standard
C003186,20,Female,Kolkata,2026-06-07,Standard
C003187,41,Male,Pune,2025-10-26,Gold
C003188,54,Male,Kochi,2025-09-23,Standard
C003189,33,Female,Kolkata,2026-06-04,Standard
C003190,69,Other,Jaipur,2026-05-10,Standard
C003191,21,Female,Pune,2025-10-02,Standard
C003192,41,Male,Kochi,2025-02-22,Standard
C003193,51,Other,Hyderabad,2026-02-04,Standard
C003194,47,Female,Hyderabad,2026-02-18,Gold
C003195,35,Female,Mumbai,2026-05-04,Standard
C003196,36,Female,Kochi,2026-05-17,Standard
C003197,48,Female,Kochi,2025-11-03,Gold
C003198,36,Female,Ahmedabad,2026-02-21,Standard
C003199,66,Female,Kochi,2026-05-24,Gold
C003200,63,Female,Jaipur,2026-06-14,Standard
C003201,36,Female,Ahmedabad,2025-01-06,Standard
C003202,39,Male,Kochi,2026-02-26,Gold
C003203,41,Female,Chennai,2026-03-27,Standard
C003204,62,Female,Mumbai,2026-03-03,Gold
C003205,29,Other,Mumbai,2026-01-25,Standard
C003206,47,Male,Chennai,2025-11-30,Standard
C003207,55,Female,Ahmedabad,2026-03-24,Gold
C003208,70,Male,Hyderabad,2025-12-04,Standard
C003209,48,Female,Chennai,2025-03-29,Gold
C003210,53,Female,Kolkata,2025-09-26,Standard
C003211,36,Male,Bangalore,2025-03-06,Standard
C003212,65,Female,Pune,2025-03-05,Gold
C003213,62,Male,Hyderabad,2025-09-27,Gold
C003214,53,Male,Hyderabad,2026-01-12,Standard
C003215,47,Female,Delhi,2025-11-25,Gold
C003216,66,Male,Hyderabad,2026-06-02,Standard
C003217,50,Male,Mumbai,2026-02-25,Gold
C003218,35,Male,Hyderabad,2025-11-09,Standard
C003219,69,Male,Kolkata,2025-11-05,Standard
C003220,66,Female,Hyderabad,2025-07-08,Standard
C003221,45,Female,Kochi,2025-02-11,Gold
C003222,64,Female,Mumbai,2025-11-16,Standard
C003223,28,Male,Chennai,2026-03-21,Standard
C003224,62,Male,Chennai,2026-01-09,Gold
C003225,50,Male,Jaipur,2025-10-13,Standard
C003226,34,Female,Bangalore,2025-06-20,Standard
C003227,23,Female,Bangalore,2025-09-20,Gold
C003228,21,Female,Kochi,2026-06-19,Standard
C003229,37,Female,Bangalore,2025-05-22,Standard
C003230,65,Female,Hyderabad,2025-05-28,Gold
C003231,64,Female,Chennai,2026-03-16,Standard
C003232,44,Female,Hyderabad,2026-02-20,Standard
C003233,32,Male,Delhi,2025-01-25,Standard
C003234,23,Male,Jaipur,2025-04-04,Standard
C003235,64,Female,Chennai,2025-11-01,Standard
C003236,31,Female,Bangalore,2025-07-04,Standard
C003237,28,Other,Pune,2025-10-10,Standard
C003238,56,Male,Hyderabad,2025-06-04,Gold
C003239,26,Male,Kolkata,2025-01-14,Gold
C003240,43,Other,Pune,2025-12-07,Gold
C003241,33,Female,Kolkata,2026-04-18,Gold
C003242,22,Male,Delhi,2025-04-18,Standard
C003243,69,Female,Bangalore,2025-11-27,Standard
C003244,27,Male,Hyderabad,2026-06-24,Premium
C003245,67,Male,Hyderabad,2026-03-15,Gold
C003246,20,Female,Kolkata,2026-01-19,Gold
C003247,30,Female,Hyderabad,2025-06-09,Standard
C003248,60,Male,Delhi,2026-03-08,Gold
C003249,66,Male,Mumbai,2026-01-31,Standard
C003250,47,Female,Mumbai,2026-05-03,Premium
C003251,62,Male,Kolkata,2025-07-08,Standard
C003252,23,Female,Bangalore,2026-02-22,Standard
C003253,34,Female,Kolkata,2025-12-09,Standard
C003254,62,Male,Ahmedabad,2025-12-27,Standard
C003255,68,Female,Hyderabad,2025-04-19,Standard
C003256,70,Female,Hyderabad,2025-10-28,Standard
C003257,36,Male,Mumbai,2026-01-03,Standard
C003258,59,Male,Pune,2025-09-12,Standard
C003259,52,Male,Kolkata,2025-11-12,Premium
C003260,63,Female,Bangalore,2025-03-12,Standard
C003261,43,Female,Mumbai,2025-09-26,Standard
C003262,68,Male,Kolkata,2026-05-16,Standard
C003263,22,Male,Chennai,2025-07-28,Standard
C003264,46,Male,Bangalore,2026-04-23,Gold
C003265,54,Female,Bangalore,2025-06-25,Standard
C003266,37,Male,Kochi,2025-08-27,Standard
C003267,66,Female,Pune,2026-03-18,Standard
C003268,38,Male,Delhi,2026-05-07,Standard
C003269,27,Female,Bangalore,2025-04-09,Standard
C003270,22,Female,Kochi,2025-11-25,Standard
C003271,53,Female,Hyderabad,2025-11-22,Standard
C003272,23,Male,Kolkata,2026-03-21,Gold
C003273,43,Female,Jaipur,2025-10-22,Gold
C003274,21,Male,Jaipur,2026-03-18,Standard
C003275,56,Male,Pune,2025-01-31,Gold
C003276,56,Female,Hyderabad,2025-05-11,Standard
C003277,67,Female,Bangalore,2026-06-11,Standard
C003278,52,Male,Hyderabad,2026-03-14,Standard
C003279,18,Male,Kochi,2025-11-22,Standard
C003280,41,Female,Chennai,2025-09-24,Standard
C003281,53,Female,Delhi,2025-10-13,Gold
C003282,23,Male,Ahmedabad,2025-10-18,Standard
C003283,58,Female,Delhi,2026-01-03,Standard
C003284,63,Male,Bangalore,2026-05-01,Premium
C003285,61,Female,Hyderabad,2025-06-17,Standard
C003286,48,Female,Delhi,2026-04-16,Standard
C003287,37,Male,Kolkata,2025-06-19,Standard
C003288,41,Female,Delhi,2025-12-12,Gold
C003289,42,Female,Kochi,2025-03-19,Standard
C003290,53,Female,Delhi,2025-03-26,Standard
C003291,38,Female,Kolkata,2025-07-20,Gold
C003292,47,Female,Ahmedabad,2025-12-27,Standard
C003293,41,Male,Ahmedabad,2025-10-29,Standard
C003294,61,Male,Kolkata,2025-10-20,Premium
C003295,59,Male,Hyderabad,2025-10-21,Standard
C003296,47,Other,Chennai,2025-04-19,Premium
C003297,39,Female,Bangalore,2025-12-31,Gold
C003298,45,Female,Pune,2026-05-09,Standard
C003299,24,Male,Jaipur,2025-09-24,Gold
C003300,52,Female,Hyderabad,2025-04-03,Gold
C003301,45,Female,Delhi,2025-03-05,Gold
C003302,31,Female,Jaipur,2026-03-04,Standard
C003303,27,Male,Jaipur,2026-01-03,Standard
C003304,33,Male,Kolkata,2025-04-15,Standard
C003305,33,Female,Mumbai,2025-07-28,Standard
C003306,48,Female,Chennai,2026-04-19,Standard
C003307,59,Male,Chennai,2025-03-02,Gold
C003308,42,Female,Mumbai,2025-12-12,Premium
C003309,30,Male,Bangalore,2025-01-12,Standard
C003310,23,Female,Mumbai,2026-04-11,Gold
C003311,61,Female,Pune,2025-07-14,Standard
C003312,26,Male,Pune,2025-03-15,Gold
C003313,62,Female,Kolkata,2026-01-21,Gold
C003314,53,Male,Delhi,2025-05-16,Standard
C003315,60,Male,Jaipur,2026-03-12,Standard
C003316,37,Female,Chennai,2025-02-08,Gold
C003317,35,Male,Chennai,2026-06-27,Standard
C003318,60,Male,Mumbai,2025-11-16,Standard
C003319,38,Male,Mumbai,2025-12-19,Premium
C003320,21,Male,Mumbai,2026-05-29,Premium
C003321,67,Male,Bangalore,2026-04-28,Gold
C003322,50,Male,Mumbai,2026-02-20,Gold
C003323,44,Female,Delhi,2026-01-05,Standard
C003324,24,Male,Jaipur,2025-12-09,Standard
C003325,23,Female,Hyderabad,2025-11-21,Premium
C003326,32,Male,Hyderabad,2026-01-02,Gold
C003327,35,Male,Delhi,2025-12-02,Gold
C003328,49,Male,Kochi,2025-10-23,Standard
C003329,28,Female,Pune,2025-01-24,Gold
C003330,37,Female,Hyderabad,2026-03-18,Standard
C003331,41,Female,Bangalore,2025-04-14,Standard
C003332,32,Male,Kochi,2026-02-16,Standard
C003333,65,Female,Ahmedabad,2025-10-21,Gold
C003334,24,Male,Bangalore,2025-08-31,Gold
C003335,38,Male,Chennai,2025-12-08,Standard
C003336,59,Female,Hyderabad,2025-06-22,Standard
C003337,43,Male,Pune,2026-02-20,Gold
C003338,61,Other,Mumbai,2025-04-13,Premium
C003339,31,Male,Mumbai,2025-06-09,Standard
C003340,54,Other,Jaipur,2025-09-14,Gold
C003341,38,Female,Pune,2025-07-15,Premium
C003342,35,Female,Chennai,2026-01-26,Standard
C003343,22,Male,Kolkata,2025-03-11,Standard
C003344,20,Male,Hyderabad,2025-09-04,Premium
C003345,40,Female,Jaipur,2025-11-25,Standard
C003346,43,Male,Pune,2025-06-07,Standard
C003347,54,Female,Ahmedabad,2025-02-24,Gold
C003348,41,Other,Bangalore,2026-05-01,Gold
C003349,66,Male,Chennai,2025-08-31,Gold
C003350,36,Female,Pune,2025-12-19,Gold
C003351,68,Female,Hyderabad,2026-02-14,Gold
C003352,42,Male,Bangalore,2025-01-15,Standard
C003353,38,Male,Pune,2025-05-27,Standard
C003354,29,Male,Delhi,2026-05-05,Standard
C003355,58,Male,Jaipur,2025-01-25,Gold
C003356,50,Female,Pune,2025-11-29,Premium
C003357,67,Male,Delhi,2025-06-23,Standard
C003358,70,Other,Bangalore,2025-10-17,Standard
C003359,21,Male,Bangalore,2025-05-25,Premium
C003360,59,Female,Bangalore,2025-05-02,Standard
C003361,24,Female,Kolkata,2025-01-27,Standard
C003362,39,Male,Pune,2025-03-07,Gold
C003363,50,Male,Delhi,2025-04-11,Standard
C003364,34,Female,Mumbai,2026-01-23,Standard
C003365,41,Female,Ahmedabad,2025-04-04,Premium
C003366,51,Male,Ahmedabad,2025-03-08,Premium
C003367,45,Male,Delhi,2025-09-07,Standard
C003368,60,Male,Mumbai,2025-05-22,Gold
C003369,58,Male,Chennai,2025-09-24,Gold
C003370,56,Female,Kolkata,2025-08-03,Standard
C003371,39,Female,Delhi,2026-05-04,Premium
C003372,66,Male,Hyderabad,2026-05-11,Standard
C003373,34,Other,Jaipur,2026-04-25,Standard
C003374,51,Male,Jaipur,2026-05-05,Standard
C003375,23,Female,Kochi,2025-01-01,Gold
C003376,63,Male,Ahmedabad,2025-01-09,Standard
C003377,23,Male,Bangalore,2026-01-15,Gold
C003378,51,Male,Hyderabad,2025-05-24,Gold
C003379,18,Male,Chennai,2025-10-29,Standard
C003380,27,Female,Mumbai,2026-02-21,Gold
C003381,38,Female,Chennai,2025-06-28,Standard
C003382,22,Male,Ahmedabad,2025-10-05,Standard
C003383,19,Female,Bangalore,2025-05-24,Standard
C003384,39,Male,Mumbai,2025-12-05,Standard
C003385,65,Female,Delhi,2026-04-04,Standard
C003386,19,Male,Kochi,2025-11-27,Gold
C003387,27,Male,Mumbai,2025-09-27,Standard
C003388,51,Male,Ahmedabad,2025-07-06,Standard
C003389,33,Female,Chennai,2025-06-21,Standard
C003390,65,Female,Jaipur,2026-02-08,Standard
C003391,68,Male,Chennai,2026-04-13,Standard
C003392,56,Male,Chennai,2025-09-04,Standard
C003393,39,Male,Chennai,2026-06-07,Standard
C003394,29,Female,Kochi,2025-04-21,Standard
C003395,41,Female,Ahmedabad,2025-10-30,Standard
C003396,64,Male,Hyderabad,2026-04-18,Standard
C003397,57,Male,Kochi,2025-10-19,Standard
C003398,55,Female,Kochi,2025-09-09,Gold
C003399,27,Male,Ahmedabad,2025-06-24,Premium
C003400,52,Male,Kolkata,2025-04-19,Gold
C003401,68,Male,Kochi,2025-12-06,Standard
C003402,66,Male,Mumbai,2025-01-14,Standard
C003403,49,Female,Kolkata,2025-11-18,Standard
C003404,24,Female,Ahmedabad,2025-02-12,Standard
C003405,38,Male,Pune,2026-04-06,Standard
C003406,37,Female,Pune,2025-04-12,Standard
C003407,43,Male,Hyderabad,2025-01-09,Standard
C003408,21,Female,Delhi,2025-05-29,Standard
C003409,63,Female,Kochi,2025-12-04,Standard
C003410,69,Female,Chennai,2025-08-12,Standard
C003411,39,Male,Delhi,2025-04-20,Standard
C003412,32,Male,Delhi,2025-12-20,Standard
C003413,57,Male,Kolkata,2025-03-25,Standard
C003414,38,Female,Mumbai,2025-03-07,Standard
C003415,32,Male,Pune,2026-01-23,Standard
C003416,39,Female,Jaipur,2025-05-15,Standard
C003417,69,Other,Mumbai,2025-03-27,Standard
C003418,45,Female,Pune,2025-03-25,Standard
C003419,31,Female,Jaipur,2025-08-15,Gold
C003420,44,Male,Kochi,2025-09-17,Premium
C003421,58,Male,Bangalore,2025-01-20,Premium
C003422,57,Male,Ahmedabad,2025-02-04,Standard
C003423,45,Female,Bangalore,2026-03-19,Standard
C003424,43,Male,Mumbai,2025-09-27,Standard
C003425,66,Female,Hyderabad,2026-02-10,Premium
C003426,19,Male,Mumbai,2026-05-23,Gold
C003427,42,Male,Kolkata,2025-10-31,Gold
C003428,20,Female,Jaipur,2025-10-12,Standard
C003429,25,Male,Jaipur,2025-01-29,Standard
C003430,61,Male,Kochi,2026-01-26,Standard
C003431,50,Female,Bangalore,2026-02-20,Premium
C003432,59,Male,Kochi,2025-05-22,Standard
C003433,69,Male,Bangalore,2025-12-07,Standard
C003434,52,Male,Jaipur,2025-09-02,Standard
C003435,23,Female,Mumbai,2025-01-05,Gold
C003436,56,Other,Hyderabad,2026-03-25,Standard
C003437,69,Female,Jaipur,2025-09-23,Gold
C003438,40,Male,Delhi,2026-05-06,Standard
C003439,42,Male,Pune,2025-08-27,Standard
C003440,67,Male,Bangalore,2025-09-07,Standard
C003441,60,Other,Bangalore,2025-10-18,Gold
C003442,36,Male,Kolkata,2026-06-27,Gold
C003443,22,Male,Kochi,2025-03-20,Standard
C003444,68,Female,Ahmedabad,2026-06-05,Standard
C003445,28,Other,Ahmedabad,2026-03-26,Standard
C003446,29,Male,Kolkata,2025-05-24,Standard
C003447,27,Male,Jaipur,2025-04-30,Standard
C003448,25,Male,Bangalore,2025-06-25,Gold
C003449,41,Male,Chennai,2025-03-11,Standard
C003450,45,Female,Hyderabad,2025-07-22,Standard
C003451,58,Female,Delhi,2025-06-29,Gold
C003452,53,Female,Mumbai,2025-04-20,Premium
C003453,54,Male,Mumbai,2026-02-28,Standard
C003454,38,Male,Ahmedabad,2026-05-18,Standard
C003455,25,Male,Ahmedabad,2026-02-10,Gold
C003456,26,Male,Kolkata,2025-04-01,Standard
C003457,64,Female,Bangalore,2025-10-21,Standard
C003458,32,Male,Kochi,2026-01-28,Gold
C003459,65,Male,Mumbai,2025-02-06,Gold
C003460,63,Male,Bangalore,2026-06-01,Gold
C003461,57,Male,Delhi,2025-11-12,Standard
C003462,35,Male,Hyderabad,2025-06-21,Standard
C003463,59,Female,Hyderabad,2026-02-10,Standard
C003464,37,Male,Mumbai,2025-09-19,Standard
C003465,23,Female,Chennai,2026-04-29,Standard
C003466,29,Male,Kolkata,2025-01-27,Standard
C003467,19,Male,Mumbai,2026-05-10,Standard
C003468,24,Female,Delhi,2025-02-24,Gold
C003469,33,Male,Chennai,2025-09-06,Gold
C003470,20,Female,Pune,2025-09-30,Standard
C003471,62,Male,Jaipur,2025-09-16,Standard
C003472,20,Female,Ahmedabad,2025-07-10,Standard
C003473,44,Female,Ahmedabad,2026-03-22,Standard
C003474,67,Female,Chennai,2026-05-17,Standard
C003475,60,Female,Mumbai,2026-01-28,Gold
C003476,57,Female,Ahmedabad,2026-02-12,Standard
C003477,55,Male,Bangalore,2025-04-19,Standard
C003478,50,Female,Ahmedabad,2025-04-13,Standard
C003479,45,Female,Hyderabad,2025-08-14,Standard
C003480,18,Male,Ahmedabad,2025-12-19,Standard
C003481,25,Male,Pune,2025-06-09,Gold
C003482,54,Female,Kolkata,2026-02-08,Gold
C003483,49,Female,Chennai,2025-11-20,Gold
C003484,65,Male,Bangalore,2025-05-25,Standard
C003485,60,Female,Pune,2026-04-10,Gold
C003486,54,Male,Hyderabad,2025-05-12,Standard
C003487,21,Male,Mumbai,2025-04-03,Gold
C003488,47,Female,Jaipur,2025-09-30,Standard
C003489,23,Male,Hyderabad,2026-06-18,Gold
C003490,63,Female,Chennai,2025-07-13,Standard
C003491,36,Male,Chennai,2025-06-19,Gold
C003492,49,Male,Chennai,2026-04-05,Standard
C003493,26,Male,Pune,2025-01-11,Standard
C003494,29,Female,Chennai,2025-06-30,Standard
C003495,28,Male,Kolkata,2025-08-20,Standard
C003496,63,Male,Kolkata,2025-01-29,Standard
C003497,33,Male,Kolkata,2026-06-16,Standard
C003498,18,Male,Chennai,2025-01-05,Standard
C003499,62,Male,Kolkata,2026-06-30,Standard
C003500,70,Male,Kochi,2025-05-20,Standard
C003501,38,Female,Ahmedabad,2025-01-28,Standard
C003502,47,Male,Ahmedabad,2025-04-08,Standard
C003503,30,Female,Chennai,2025-09-19,Standard
C003504,51,Female,Delhi,2025-01-19,Standard
C003505,21,Male,Pune,2025-01-12,Premium
C003506,45,Male,Jaipur,2026-06-21,Premium
C003507,55,Female,Pune,2026-06-09,Gold
C003508,48,Female,Kochi,2026-04-10,Standard
C003509,44,Male,Pune,2025-09-16,Gold
C003510,22,Female,Kochi,2025-01-24,Standard
C003511,42,Male,Kochi,2025-01-08,Standard
C003512,20,Male,Pune,2025-08-16,Gold
C003513,50,Male,Jaipur,2026-01-11,Premium
C003514,21,Female,Kochi,2025-05-03,Gold
C003515,42,Female,Kolkata,2025-03-31,Standard
C003516,37,Female,Bangalore,2026-04-01,Standard
C003517,51,Male,Bangalore,2025-08-12,Standard
C003518,43,Female,Mumbai,2025-09-14,Standard
C003519,22,Male,Chennai,2026-05-30,Gold
C003520,52,Female,Hyderabad,2025-05-28,Standard
C003521,45,Male,Kolkata,2026-01-22,Standard
C003522,46,Male,Kolkata,2026-03-14,Standard
C003523,26,Male,Hyderabad,2025-02-06,Standard
C003524,69,Female,Chennai,2025-04-16,Premium
C003525,55,Male,Bangalore,2025-08-20,Standard
C003526,67,Male,Jaipur,2025-05-26,Standard
C003527,23,Male,Kochi,2025-01-17,Standard
C003528,36,Other,Hyderabad,2025-06-08,Gold
C003529,61,Female,Jaipur,2025-10-09,Gold
C003530,28,Female,Mumbai,2025-10-05,Standard
C003531,19,Male,Kochi,2025-05-05,Standard
C003532,64,Male,Pune,2026-02-24,Standard
C003533,61,Female,Kolkata,2025-11-16,Gold
C003534,61,Male,Kochi,2026-04-27,Standard
C003535,26,Male,Pune,2025-11-20,Gold
C003536,38,Male,Bangalore,2026-01-30,Standard
C003537,41,Female,Pune,2025-07-05,Gold
C003538,51,Male,Pune,2026-04-11,Standard
C003539,39,Female,Delhi,2025-02-26,Standard
C003540,20,Female,Hyderabad,2026-04-03,Standard
C003541,29,Male,Kochi,2025-07-27,Standard
C003542,45,Male,Hyderabad,2025-03-15,Standard
C003543,47,Other,Kochi,2026-04-29,Standard
C003544,43,Female,Kolkata,2025-03-26,Standard
C003545,65,Female,Ahmedabad,2025-01-14,Gold
C003546,38,Female,Hyderabad,2025-02-18,Standard
C003547,45,Male,Hyderabad,2026-03-02,Gold
C003548,43,Female,Kolkata,2025-12-25,Standard
C003549,50,Male,Kochi,2025-08-30,Gold
C003550,38,Female,Kolkata,2025-02-22,Standard
C003551,52,Female,Jaipur,2025-03-10,Standard
C003552,69,Female,Pune,2025-02-25,Standard
C003553,51,Female,Kolkata,2026-04-01,Standard
C003554,58,Female,Kochi,2025-09-12,Standard
C003555,68,Male,Bangalore,2025-01-05,Gold
C003556,64,Female,Kolkata,2025-02-21,Standard
C003557,35,Male,Chennai,2025-11-25,Gold
C003558,28,Female,Kolkata,2025-04-08,Gold
C003559,40,Male,Hyderabad,2025-06-10,Standard
C003560,65,Male,Jaipur,2026-02-10,Gold
C003561,39,Female,Delhi,2025-11-23,Gold
C003562,34,Other,Kolkata,2025-08-31,Standard
C003563,22,Male,Ahmedabad,2026-05-19,Standard
C003564,61,Female,Chennai,2026-01-02,Standard
C003565,28,Female,Bangalore,2026-03-18,Standard
C003566,47,Female,Kolkata,2025-06-03,Standard
C003567,32,Male,Pune,2025-08-22,Premium
C003568,44,Female,Pune,2025-11-29,Standard
C003569,52,Female,Chennai,2026-05-10,Standard
C003570,50,Male,Hyderabad,2025-04-25,Gold
C003571,37,Female,Mumbai,2026-01-04,Standard
C003572,33,Female,Hyderabad,2025-11-29,Gold
C003573,51,Female,Chennai,2025-05-10,Standard
C003574,19,Male,Hyderabad,2025-06-27,Standard
C003575,52,Male,Pune,2025-04-05,Standard
C003576,57,Female,Jaipur,2025-11-13,Gold
C003577,45,Male,Mumbai,2025-04-11,Standard
C003578,64,Female,Pune,2025-07-15,Premium
C003579,56,Male,Bangalore,2025-07-27,Standard
C003580,23,Male,Pune,2026-04-18,Gold
C003581,26,Male,Hyderabad,2025-01-08,Standard
C003582,37,Female,Jaipur,2025-05-16,Premium
C003583,18,Male,Mumbai,2025-09-18,Standard
C003584,25,Female,Kolkata,2025-05-27,Standard
C003585,40,Female,Mumbai,2026-04-03,Standard
C003586,20,Female,Pune,2026-03-14,Standard
C003587,21,Female,Kolkata,2026-02-17,Standard
C003588,42,Male,Chennai,2026-05-15,Gold
C003589,64,Male,Kochi,2025-08-20,Standard
C003590,55,Male,Pune,2025-04-11,Standard
C003591,32,Female,Ahmedabad,2025-05-27,Standard
C003592,38,Female,Pune,2026-05-22,Standard
C003593,52,Male,Chennai,2025-04-14,Premium
C003594,70,Male,Mumbai,2025-12-02,Standard
C003595,70,Female,Bangalore,2026-03-22,Standard
C003596,63,Male,Kolkata,2026-03-20,Standard
C003597,69,Female,Ahmedabad,2025-04-28,Standard
C003598,31,Male,Kochi,2026-06-01,Standard
C003599,53,Other,Chennai,2026-06-15,Standard
C003600,29,Male,Kochi,2025-03-29,Gold
C003601,34,Male,Delhi,2026-04-21,Gold
C003602,56,Male,Ahmedabad,2026-04-30,Gold
C003603,26,Male,Ahmedabad,2025-10-22,Premium
C003604,52,Male,Delhi,2026-01-16,Standard
C003605,30,Male,Ahmedabad,2025-10-10,Standard
C003606,32,Female,Pune,2025-06-05,Standard
C003607,35,Male,Delhi,2025-06-29,Gold
C003608,68,Female,Mumbai,2025-03-28,Standard
C003609,50,Male,Delhi,2026-02-10,Gold
C003610,23,Female,Mumbai,2026-05-11,Standard
C003611,44,Female,Bangalore,2025-09-24,Standard
C003612,40,Male,Hyderabad,2025-03-05,Standard
C003613,44,Male,Ahmedabad,2025-04-29,Standard
C003614,51,Male,Kolkata,2025-12-07,Gold
C003615,63,Male,Kolkata,2025-11-09,Premium
C003616,55,Female,Hyderabad,2025-06-12,Standard
C003617,31,Female,Jaipur,2026-05-20,Gold
C003618,53,Female,Pune,2025-10-20,Standard
C003619,70,Female,Ahmedabad,2026-01-12,Standard
C003620,25,Other,Ahmedabad,2026-06-26,Standard
C003621,52,Female,Hyderabad,2026-02-05,Standard
C003622,36,Female,Mumbai,2026-02-04,Gold
C003623,47,Female,Pune,2026-02-03,Standard
C003624,31,Male,Chennai,2026-05-02,Gold
C003625,37,Male,Kolkata,2026-05-30,Premium
C003626,66,Female,Chennai,2025-01-24,Standard
C003627,42,Male,Delhi,2025-02-28,Standard
C003628,57,Male,Mumbai,2025-08-28,Gold
C003629,41,Male,Jaipur,2025-11-07,Gold
C003630,31,Male,Chennai,2025-11-17,Standard
C003631,43,Female,Kolkata,2026-04-26,Standard
C003632,55,Male,Kolkata,2026-02-18,Gold
C003633,40,Female,Kolkata,2025-11-18,Standard
C003634,39,Female,Bangalore,2026-02-06,Standard
C003635,65,Male,Ahmedabad,2025-02-28,Premium
C003636,36,Female,Chennai,2025-02-22,Standard
C003637,63,Female,Delhi,2025-03-05,Standard
C003638,68,Male,Chennai,2025-04-29,Standard
C003639,20,Male,Delhi,2025-10-13,Standard
C003640,59,Male,Kolkata,2025-01-18,Premium
C003641,36,Female,Pune,2025-01-05,Standard
C003642,26,Female,Delhi,2026-01-27,Gold
C003643,45,Male,Mumbai,2025-06-09,Standard
C003644,37,Male,Ahmedabad,2025-05-22,Standard
C003645,62,Male,Ahmedabad,2026-02-01,Gold
C003646,24,Female,Bangalore,2025-01-18,Premium
C003647,31,Male,Kochi,2025-04-24,Standard
C003648,26,Female,Chennai,2026-06-18,Standard
C003649,36,Male,Hyderabad,2026-06-16,Standard
C003650,64,Female,Bangalore,2026-04-06,Gold
C003651,69,Female,Hyderabad,2025-10-13,Premium
C003652,31,Female,Kochi,2025-01-05,Gold
C003653,55,Male,Ahmedabad,2025-05-09,Gold
C003654,70,Female,Mumbai,2026-05-14,Standard
C003655,53,Male,Kolkata,2025-10-03,Standard
C003656,57,Male,Kolkata,2025-03-24,Standard
C003657,34,Female,Delhi,2025-04-28,Standard
C003658,47,Female,Bangalore,2025-01-29,Gold
C003659,26,Female,Kochi,2025-12-24,Standard
C003660,50,Male,Mumbai,2025-06-06,Standard
C003661,69,Female,Kolkata,2025-01-31,Gold
C003662,42,Female,Delhi,2025-10-13,Premium
C003663,31,Female,Chennai,2025-12-02,Standard
C003664,28,Female,Ahmedabad,2025-11-09,Standard
C003665,70,Female,Chennai,2025-05-03,Standard
C003666,52,Male,Ahmedabad,2026-01-06,Standard
C003667,58,Female,Chennai,2025-11-10,Standard
C003668,31,Female,Delhi,2025-01-28,Premium
C003669,47,Other,Mumbai,2025-06-04,Gold
C003670,58,Male,Bangalore,2025-08-18,Gold
C003671,21,Male,Ahmedabad,2025-01-06,Standard
C003672,21,Male,Kochi,2026-04-18,Standard
C003673,45,Female,Hyderabad,2025-11-14,Standard
C003674,25,Female,Mumbai,2025-08-13,Gold
C003675,19,Male,Mumbai,2025-02-02,Standard
C003676,58,Female,Delhi,2025-03-30,Standard
C003677,63,Female,Hyderabad,2025-11-30,Standard
C003678,39,Female,Jaipur,2025-02-09,Gold
C003679,58,Male,Mumbai,2026-01-10,Standard
C003680,33,Female,Kochi,2025-10-25,Standard
C003681,46,Male,Mumbai,2026-01-28,Standard
C003682,66,Female,Pune,2025-01-18,Standard
C003683,65,Male,Ahmedabad,2026-06-11,Standard
C003684,47,Male,Kolkata,2025-05-12,Premium
C003685,29,Female,Mumbai,2025-10-17,Standard
C003686,52,Male,Mumbai,2025-07-28,Premium
C003687,28,Male,Delhi,2025-11-23,Standard
C003688,63,Female,Kochi,2026-05-18,Standard
C003689,67,Female,Delhi,2025-10-06,Gold
C003690,38,Female,Bangalore,2026-01-17,Standard
C003691,38,Male,Ahmedabad,2025-11-05,Standard
C003692,22,Male,Kochi,2025-10-04,Gold
C003693,65,Male,Delhi,2025-03-17,Standard
C003694,37,Male,Hyderabad,2025-10-25,Gold
C003695,54,Female,Hyderabad,2026-01-13,Gold
C003696,20,Male,Mumbai,2026-03-09,Standard
C003697,61,Male,Kolkata,2025-04-22,Standard
C003698,50,Male,Delhi,2025-03-13,Standard
C003699,70,Male,Bangalore,2025-11-13,Standard
C003700,26,Female,Delhi,2025-01-21,Standard
C003701,26,Female,Delhi,2025-07-07,Standard
C003702,21,Male,Pune,2025-05-01,Standard
C003703,52,Male,Kolkata,2025-12-08,Standard
C003704,34,Male,Delhi,2025-10-31,Standard
C003705,51,Female,Chennai,2026-03-23,Standard
C003706,41,Female,Chennai,2026-05-11,Gold
C003707,49,Male,Mumbai,2026-06-05,Standard
C003708,18,Female,Bangalore,2025-07-04,Standard
C003709,25,Female,Kolkata,2025-11-28,Gold
C003710,62,Female,Bangalore,2025-12-16,Premium
C003711,40,Female,Hyderabad,2025-11-16,Premium
C003712,64,Male,Kochi,2026-06-21,Standard
C003713,57,Male,Kolkata,2026-02-16,Gold
C003714,29,Male,Pune,2025-06-05,Standard
C003715,29,Female,Kolkata,2026-06-17,Standard
C003716,63,Other,Delhi,2026-05-17,Gold
C003717,64,Male,Ahmedabad,2026-05-01,Standard
C003718,32,Male,Pune,2025-06-03,Standard
C003719,58,Male,Mumbai,2025-03-09,Gold
C003720,36,Male,Bangalore,2026-05-07,Gold
C003721,43,Male,Chennai,2025-02-10,Standard
C003722,69,Female,Pune,2026-06-11,Gold
C003723,46,Male,Mumbai,2025-06-18,Standard
C003724,39,Male,Hyderabad,2025-04-22,Standard
C003725,57,Female,Kolkata,2026-04-08,Gold
C003726,38,Male,Kolkata,2025-02-21,Premium
C003727,68,Male,Chennai,2025-09-12,Standard
C003728,55,Male,Ahmedabad,2025-06-07,Gold
C003729,37,Female,Bangalore,2025-10-27,Standard
C003730,46,Female,Kochi,2026-03-03,Gold
C003731,68,Male,Kolkata,2025-11-03,Gold
C003732,21,Female,Kochi,2025-04-09,Gold
C003733,24,Male,Bangalore,2025-05-01,Premium
C003734,45,Female,Hyderabad,2025-01-30,Standard
C003735,45,Female,Hyderabad,2025-08-18,Standard
C003736,21,Female,Kochi,2025-09-11,Gold
C003737,39,Male,Chennai,2026-02-08,Standard
C003738,29,Other,Kochi,2026-05-09,Gold
C003739,62,Other,Delhi,2025-01-31,Standard
C003740,20,Female,Mumbai,2025-06-11,Gold
C003741,39,Female,Pune,2026-03-08,Gold
C003742,61,Male,Chennai,2025-06-05,Standard
C003743,19,Male,Mumbai,2025-11-19,Standard
C003744,41,Male,Kolkata,2025-07-10,Standard
C003745,51,Male,Bangalore,2025-06-25,Gold
C003746,44,Female,Hyderabad,2026-06-01,Standard
C003747,58,Female,Bangalore,2026-06-08,Standard
C003748,18,Female,Chennai,2025-12-05,Standard
C003749,25,Male,Jaipur,2025-11-15,Standard
C003750,40,Male,Kochi,2025-04-21,Gold
C003751,55,Female,Delhi,2026-04-18,Gold
C003752,23,Male,Mumbai,2025-01-17,Standard
C003753,39,Male,Mumbai,2025-08-08,Standard
C003754,42,Other,Ahmedabad,2026-05-02,Standard
C003755,35,Female,Hyderabad,2025-11-01,Standard
C003756,34,Male,Mumbai,2026-06-01,Standard
C003757,29,Female,Chennai,2025-05-09,Standard
C003758,23,Female,Pune,2025-01-24,Gold
C003759,43,Female,Jaipur,2026-06-25,Standard
C003760,44,Female,Mumbai,2025-05-12,Gold
C003761,25,Male,Pune,2025-11-17,Standard
C003762,36,Female,Mumbai,2026-05-12,Standard
C003763,59,Male,Chennai,2026-01-17,Premium
C003764,18,Male,Pune,2025-08-04,Standard
C003765,46,Female,Kolkata,2026-06-27,Standard
C003766,62,Female,Mumbai,2025-01-11,Premium
C003767,66,Female,Kolkata,2025-03-23,Standard
C003768,52,Female,Ahmedabad,2025-06-05,Standard
C003769,57,Female,Hyderabad,2025-06-15,Standard
C003770,31,Female,Chennai,2025-07-27,Standard
C003771,52,Female,Delhi,2025-01-24,Standard
C003772,65,Male,Chennai,2025-11-28,Gold
C003773,62,Male,Kochi,2026-06-03,Standard
C003774,37,Male,Delhi,2026-05-26,Gold
C003775,66,Male,Kochi,2025-08-29,Gold
C003776,30,Female,Pune,2025-06-30,Gold
C003777,55,Female,Ahmedabad,2025-10-20,Gold
C003778,66,Other,Pune,2025-03-24,Premium
C003779,63,Female,Mumbai,2025-03-31,Standard
C003780,66,Female,Hyderabad,2026-03-15,Standard
C003781,25,Male,Chennai,2026-06-27,Standard
C003782,60,Male,Bangalore,2025-07-12,Gold
C003783,37,Male,Chennai,2026-05-03,Standard
C003784,50,Female,Chennai,2025-12-15,Gold
C003785,43,Male,Delhi,2025-03-30,Standard
C003786,56,Female,Jaipur,2025-05-03,Premium
C003787,38,Female,Bangalore,2026-01-09,Gold
C003788,70,Male,Mumbai,2025-02-16,Gold
C003789,66,Male,Kochi,2026-03-09,Gold
C003790,59,Female,Kolkata,2025-05-26,Premium
C003791,60,Male,Kochi,2025-01-03,Standard
C003792,58,Female,Hyderabad,2026-06-14,Premium
C003793,26,Female,Ahmedabad,2025-11-10,Standard
C003794,41,Female,Hyderabad,2025-11-23,Gold
C003795,54,Female,Ahmedabad,2025-03-22,Standard
C003796,66,Female,Chennai,2025-06-02,Standard
C003797,58,Other,Delhi,2026-02-06,Gold
C003798,34,Male,Mumbai,2026-05-03,Gold
C003799,41,Female,Jaipur,2025-03-08,Standard
C003800,38,Male,Hyderabad,2025-03-30,Standard
C003801,68,Male,Delhi,2025-05-15,Premium
C003802,56,Male,Kochi,2025-07-21,Standard
C003803,58,Female,Jaipur,2026-03-04,Standard
C003804,56,Male,Pune,2025-06-28,Standard
C003805,30,Male,Chennai,2025-12-05,Standard
C003806,28,Other,Bangalore,2025-03-20,Standard
C003807,63,Female,Bangalore,2026-06-17,Standard
C003808,36,Female,Kolkata,2026-01-13,Standard
C003809,28,Female,Chennai,2025-06-14,Premium
C003810,30,Other,Kolkata,2026-06-24,Premium
C003811,63,Female,Bangalore,2025-06-04,Gold
C003812,62,Male,Mumbai,2025-05-03,Gold
C003813,18,Female,Kochi,2025-07-21,Standard
C003814,57,Female,Mumbai,2025-02-09,Standard
C003815,61,Male,Delhi,2025-06-18,Gold
C003816,36,Male,Kochi,2025-03-11,Standard
C003817,29,Male,Bangalore,2025-11-26,Standard
C003818,25,Female,Kolkata,2026-03-16,Standard
C003819,25,Male,Chennai,2026-02-03,Standard
C003820,70,Other,Chennai,2026-05-08,Standard
C003821,62,Female,Ahmedabad,2025-12-20,Standard
C003822,29,Female,Jaipur,2025-11-24,Premium
C003823,65,Female,Pune,2026-05-13,Standard
C003824,50,Male,Bangalore,2026-02-23,Standard
C003825,62,Male,Bangalore,2026-05-18,Standard
C003826,43,Male,Kolkata,2026-06-23,Gold
C003827,56,Female,Ahmedabad,2025-12-11,Gold
C003828,45,Male,Hyderabad,2026-01-12,Standard
C003829,22,Male,Jaipur,2025-10-22,Standard
C003830,25,Male,Mumbai,2025-10-15,Standard
C003831,42,Female,Mumbai,2025-09-11,Standard
C003832,44,Male,Hyderabad,2026-03-10,Standard
C003833,63,Female,Ahmedabad,2026-05-16,Standard
C003834,40,Male,Jaipur,2025-03-26,Standard
C003835,47,Female,Bangalore,2026-06-05,Standard
C003836,62,Male,Chennai,2026-05-28,Standard
C003837,64,Female,Bangalore,2026-05-31,Standard
C003838,40,Female,Mumbai,2026-05-31,Gold
C003839,66,Male,Kochi,2026-05-12,Premium
C003840,64,Female,Kolkata,2025-06-11,Standard
C003841,37,Female,Kolkata,2026-06-11,Standard
C003842,35,Female,Pune,2025-12-31,Premium
C003843,35,Female,Delhi,2026-06-28,Gold
C003844,19,Male,Mumbai,2026-03-01,Gold
C003845,21,Female,Ahmedabad,2025-12-30,Standard
C003846,47,Other,Kolkata,2025-04-18,Standard
C003847,50,Female,Kochi,2025-01-14,Premium
C003848,53,Female,Bangalore,2025-01-23,Standard
C003849,35,Male,Pune,2025-11-17,Gold
C003850,54,Female,Chennai,2026-05-25,Gold
C003851,36,Female,Mumbai,2025-02-10,Gold
C003852,64,Male,Delhi,2025-10-31,Premium
C003853,45,Female,Ahmedabad,2026-02-19,Standard
C003854,57,Female,Pune,2026-03-26,Standard
C003855,37,Male,Chennai,2026-01-29,Standard
C003856,66,Male,Delhi,2025-12-31,Gold
C003857,50,Female,Delhi,2026-03-05,Standard
C003858,29,Male,Pune,2025-06-01,Standard
C003859,68,Male,Bangalore,2025-09-16,Gold
C003860,32,Male,Ahmedabad,2025-08-11,Standard
C003861,58,Male,Hyderabad,2025-09-23,Gold
C003862,56,Female,Delhi,2025-08-18,Standard
C003863,19,Male,Kolkata,2026-03-15,Standard
C003864,46,Female,Hyderabad,2025-05-30,Standard
C003865,58,Female,Kochi,2026-04-02,Standard
C003866,27,Female,Pune,2025-05-16,Standard
C003867,19,Male,Delhi,2026-02-03,Gold
C003868,68,Female,Kolkata,2025-05-23,Standard
C003869,28,Male,Kochi,2025-03-11,Standard
C003870,30,Male,Hyderabad,2025-02-23,Standard
C003871,27,Female,Chennai,2026-02-07,Gold
C003872,31,Female,Mumbai,2025-01-27,Premium
C003873,35,Female,Hyderabad,2025-10-26,Standard
C003874,68,Other,Mumbai,2025-11-16,Standard
C003875,26,Female,Kolkata,2026-03-21,Gold
C003876,56,Female,Delhi,2025-04-08,Gold
C003877,45,Female,Mumbai,2025-05-06,Premium
C003878,20,Male,Pune,2025-02-27,Standard
C003879,37,Male,Kolkata,2025-06-26,Standard
C003880,23,Female,Delhi,2025-10-12,Premium
C003881,44,Female,Kolkata,2025-01-27,Standard
C003882,70,Male,Hyderabad,2026-03-27,Standard
C003883,19,Male,Kolkata,2025-11-19,Standard
C003884,46,Male,Hyderabad,2025-09-07,Standard
C003885,55,Female,Pune,2026-01-05,Gold
C003886,20,Female,Ahmedabad,2025-03-31,Standard
C003887,33,Female,Pune,2025-05-11,Standard
C003888,47,Female,Kochi,2026-06-09,Gold
C003889,57,Female,Hyderabad,2025-01-29,Standard
C003890,19,Male,Delhi,2026-06-28,Standard
C003891,34,Male,Jaipur,2025-03-27,Standard
C003892,58,Male,Ahmedabad,2025-02-27,Gold
C003893,29,Female,Pune,2025-02-26,Standard
C003894,52,Male,Jaipur,2026-01-29,Gold
C003895,60,Female,Chennai,2025-01-25,Standard
C003896,18,Female,Jaipur,2025-07-09,Standard
C003897,62,Male,Kochi,2025-03-17,Gold
C003898,32,Female,Kochi,2026-01-06,Gold
C003899,43,Female,Pune,2026-05-21,Standard
C003900,54,Male,Jaipur,2025-07-02,Premium
C003901,38,Male,Mumbai,2025-06-03,Standard
C003902,66,Female,Delhi,2025-09-26,Gold
C003903,48,Male,Chennai,2025-10-05,Gold
C003904,42,Male,Hyderabad,2025-12-06,Standard
C003905,40,Female,Bangalore,2025-01-23,Standard
C003906,41,Female,Mumbai,2026-03-08,Premium
C003907,55,Female,Chennai,2026-06-10,Gold
C003908,45,Female,Chennai,2025-12-09,Standard
C003909,38,Female,Bangalore,2025-02-21,Standard
C003910,60,Male,Kochi,2025-12-05,Gold
C003911,35,Female,Chennai,2025-02-10,Premium
C003912,53,Male,Mumbai,2026-06-02,Gold
C003913,52,Male,Pune,2026-02-11,Gold
C003914,62,Female,Kolkata,2025-05-18,Standard
C003915,26,Female,Kolkata,2025-04-09,Gold
C003916,70,Male,Kolkata,2025-12-07,Standard
C003917,55,Female,Mumbai,2025-11-12,Gold
C003918,47,Female,Delhi,2026-06-26,Standard
C003919,61,Female,Hyderabad,2025-08-13,Standard
C003920,51,Male,Bangalore,2025-09-18,Gold
C003921,49,Female,Ahmedabad,2025-09-04,Gold
C003922,20,Male,Kochi,2025-03-20,Gold
C003923,20,Male,Kolkata,2026-04-18,Standard
C003924,45,Female,Jaipur,2025-03-18,Standard
C003925,61,Female,Kochi,2025-09-19,Premium
C003926,32,Female,Mumbai,2025-01-02,Standard
C003927,58,Female,Delhi,2025-01-17,Gold
C003928,40,Male,Delhi,2025-12-10,Premium
C003929,57,Female,Kolkata,2025-01-12,Gold
C003930,28,Male,Jaipur,2025-01-07,Standard
C003931,65,Female,Ahmedabad,2025-09-03,Gold
C003932,49,Male,Kolkata,2025-06-06,Standard
C003933,53,Other,Bangalore,2025-06-23,Standard
C003934,50,Female,Kochi,2026-05-02,Standard
C003935,41,Female,Pune,2025-10-08,Gold
C003936,56,Female,Kochi,2025-11-05,Standard
C003937,51,Female,Jaipur,2025-08-25,Gold
C003938,45,Male,Kolkata,2025-06-06,Standard
C003939,54,Male,Bangalore,2025-09-08,Standard
C003940,24,Female,Jaipur,2025-08-09,Standard
C003941,21,Male,Hyderabad,2025-12-04,Gold
C003942,54,Female,Jaipur,2025-08-11,Standard
C003943,18,Male,Mumbai,2025-07-30,Gold
C003944,18,Male,Jaipur,2025-12-03,Standard
C003945,64,Female,Ahmedabad,2025-05-14,Standard
C003946,37,Other,Kolkata,2026-05-10,Standard
C003947,36,Female,Mumbai,2025-07-02,Standard
C003948,46,Female,Jaipur,2025-06-10,Standard
C003949,27,Female,Mumbai,2026-01-22,Gold
C003950,35,Male,Bangalore,2025-07-16,Standard
C003951,45,Male,Pune,2026-04-29,Standard
C003952,52,Female,Mumbai,2026-05-17,Standard
C003953,60,Female,Kochi,2026-05-04,Gold
C003954,64,Female,Hyderabad,2025-12-18,Standard
C003955,48,Other,Delhi,2026-06-14,Standard
C003956,44,Male,Hyderabad,2025-08-22,Gold
C003957,28,Male,Jaipur,2026-02-13,Standard
C003958,66,Female,Pune,2025-10-03,Standard
C003959,66,Male,Hyderabad,2026-04-04,Gold
C003960,55,Male,Delhi,2026-03-29,Standard
C003961,22,Male,Ahmedabad,2026-02-17,Standard
C003962,25,Male,Ahmedabad,2025-01-18,Gold
C003963,51,Female,Pune,2025-03-13,Standard
C003964,65,Female,Delhi,2026-01-13,Standard
C003965,69,Female,Delhi,2025-12-21,Premium
C003966,29,Female,Bangalore,2025-05-31,Standard
C003967,55,Male,Chennai,2025-09-18,Standard
C003968,18,Female,Mumbai,2025-03-21,Gold
C003969,48,Male,Pune,2025-04-16,Standard
C003970,21,Male,Kolkata,2026-06-07,Standard
C003971,66,Male,Bangalore,2026-02-07,Standard
C003972,62,Female,Ahmedabad,2025-05-10,Gold
C003973,67,Female,Bangalore,2025-06-20,Standard
C003974,22,Female,Jaipur,2026-02-10,Gold
C003975,47,Female,Mumbai,2025-02-02,Standard
C003976,41,Male,Kolkata,2026-06-20,Gold
C003977,20,Female,Pune,2025-07-16,Standard
C003978,28,Female,Jaipur,2025-02-15,Standard
C003979,62,Male,Chennai,2025-10-01,Gold
C003980,21,Male,Kolkata,2025-05-13,Standard
C003981,43,Female,Delhi,2025-09-21,Standard
C003982,44,Female,Kolkata,2026-01-02,Standard
C003983,63,Female,Bangalore,2025-01-05,Gold
C003984,60,Female,Kochi,2025-09-26,Standard
C003985,44,Other,Jaipur,2026-02-25,Gold
C003986,59,Male,Bangalore,2025-12-12,Gold
C003987,68,Male,Delhi,2025-03-10,Standard
C003988,67,Male,Ahmedabad,2025-12-24,Standard
C003989,23,Male,Bangalore,2026-01-21,Gold
C003990,32,Female,Kolkata,2025-11-21,Standard
C003991,70,Female,Chennai,2026-04-26,Gold
C003992,47,Female,Kolkata,2025-06-28,Standard
C003993,59,Male,Kolkata,2025-09-13,Standard
C003994,54,Female,Jaipur,2026-02-23,Standard
C003995,54,Male,Pune,2025-07-30,Standard
C003996,59,Male,Mumbai,2026-01-02,Standard
C003997,54,Female,Kolkata,2025-06-15,Standard
C003998,52,Female,Kolkata,2025-08-02,Standard
C003999,40,Male,Mumbai,2026-06-13,Standard
C004000,23,Male,Chennai,2025-06-22,Standard
C004001,21,Female,Jaipur,2025-05-09,Standard
C004002,35,Male,Ahmedabad,2025-01-03,Standard
C004003,26,Male,Delhi,2025-03-11,Standard
C004004,66,Female,Delhi,2025-02-21,Gold
C004005,46,Male,Bangalore,2026-03-13,Standard
C004006,30,Male,Jaipur,2026-01-13,Premium
C004007,64,Female,Kochi,2025-04-04,Standard
C004008,69,Other,Ahmedabad,2025-03-27,Standard
C004009,34,Other,Delhi,2026-06-02,Standard
C004010,62,Male,Kochi,2026-03-06,Standard
C004011,49,Male,Pune,2025-02-12,Premium
C004012,65,Male,Kochi,2026-01-05,Standard
C004013,39,Male,Kochi,2026-02-08,Standard
C004014,21,Female,Ahmedabad,2025-10-30,Standard
C004015,22,Female,Pune,2025-07-01,Gold
C004016,54,Female,Kochi,2025-06-18,Gold
C004017,58,Male,Mumbai,2025-07-22,Standard
C004018,66,Male,Hyderabad,2026-06-27,Gold
C004019,30,Female,Kolkata,2025-04-12,Premium
C004020,51,Male,Chennai,2025-12-12,Standard
C004021,62,Female,Kolkata,2026-03-18,Standard
C004022,39,Female,Bangalore,2025-09-07,Standard
C004023,70,Female,Kochi,2025-07-02,Standard
C004024,40,Male,Delhi,2025-10-29,Standard
C004025,68,Female,Jaipur,2025-10-07,Gold
C004026,20,Male,Bangalore,2025-03-30,Standard
C004027,59,Male,Ahmedabad,2026-03-01,Gold
C004028,51,Female,Jaipur,2025-10-12,Standard
C004029,49,Male,Jaipur,2025-05-10,Gold
C004030,62,Female,Ahmedabad,2025-09-05,Standard
C004031,68,Female,Mumbai,2025-07-08,Premium
C004032,66,Female,Kolkata,2025-04-01,Gold
C004033,38,Female,Bangalore,2025-06-14,Standard
C004034,63,Male,Kolkata,2025-11-26,Standard
C004035,61,Other,Pune,2026-06-25,Premium
C004036,38,Female,Delhi,2025-03-21,Standard
C004037,61,Female,Bangalore,2025-06-18,Gold
C004038,28,Male,Ahmedabad,2026-06-29,Standard
C004039,56,Female,Kochi,2025-04-03,Gold
C004040,21,Male,Bangalore,2026-01-14,Premium
C004041,68,Female,Bangalore,2025-07-28,Standard
C004042,18,Male,Hyderabad,2025-07-13,Standard
C004043,45,Female,Ahmedabad,2025-09-21,Standard
C004044,41,Male,Ahmedabad,2025-09-04,Standard
C004045,52,Male,Kolkata,2026-03-24,Gold
C004046,30,Male,Delhi,2026-06-05,Standard
C004047,64,Male,Ahmedabad,2026-04-24,Standard
C004048,51,Male,Chennai,2025-10-04,Standard
C004049,28,Female,Ahmedabad,2025-05-09,Standard
C004050,53,Female,Chennai,2025-10-29,Gold
C004051,68,Female,Kochi,2026-05-29,Standard
C004052,34,Female,Delhi,2025-12-26,Gold
C004053,52,Male,Mumbai,2025-12-23,Standard
C004054,35,Male,Bangalore,2026-04-11,Standard
C004055,57,Male,Delhi,2025-06-21,Standard
C004056,39,Female,Kolkata,2025-03-29,Standard
C004057,41,Female,Bangalore,2026-05-15,Standard
C004058,36,Male,Chennai,2025-03-24,Standard
C004059,54,Male,Jaipur,2026-06-01,Standard
C004060,56,Female,Delhi,2025-11-18,Standard
C004061,38,Female,Kolkata,2026-04-10,Standard
C004062,25,Female,Chennai,2025-05-21,Gold
C004063,45,Female,Kolkata,2025-05-16,Gold
C004064,22,Female,Kolkata,2025-11-26,Standard
C004065,34,Male,Kolkata,2026-01-30,Standard
C004066,54,Male,Delhi,2025-06-05,Standard
C004067,53,Female,Jaipur,2025-02-08,Gold
C004068,36,Female,Chennai,2025-10-09,Gold
C004069,44,Female,Mumbai,2026-06-22,Standard
C004070,70,Male,Chennai,2026-06-28,Standard
C004071,51,Male,Ahmedabad,2025-02-15,Premium
C004072,28,Male,Bangalore,2025-09-01,Standard
C004073,62,Male,Jaipur,2026-03-26,Standard
C004074,64,Male,Delhi,2025-10-05,Standard
C004075,29,Female,Hyderabad,2026-02-10,Standard
C004076,38,Female,Mumbai,2025-02-15,Standard
C004077,28,Male,Bangalore,2026-06-04,Standard
C004078,56,Female,Hyderabad,2025-09-28,Gold
C004079,45,Male,Ahmedabad,2025-08-26,Standard
C004080,22,Female,Chennai,2025-06-16,Premium
C004081,34,Male,Chennai,2026-01-11,Standard
C004082,37,Male,Jaipur,2025-07-20,Standard
C004083,58,Female,Delhi,2025-08-20,Standard
C004084,63,Male,Delhi,2026-03-22,Standard
C004085,29,Male,Bangalore,2026-02-22,Premium
C004086,23,Male,Pune,2025-06-03,Standard
C004087,34,Male,Ahmedabad,2026-01-03,Gold
C004088,68,Male,Pune,2025-03-28,Standard
C004089,36,Female,Kolkata,2026-06-14,Gold
C004090,43,Female,Mumbai,2025-02-23,Standard
C004091,65,Female,Chennai,2025-02-11,Gold
C004092,61,Male,Bangalore,2025-12-15,Standard
C004093,61,Male,Pune,2025-08-18,Premium
C004094,69,Male,Jaipur,2026-03-12,Gold
C004095,49,Male,Kochi,2025-05-21,Standard
C004096,23,Female,Delhi,2025-10-15,Premium
C004097,53,Male,Chennai,2025-11-18,Standard
C004098,55,Female,Bangalore,2026-03-18,Premium
C004099,28,Male,Hyderabad,2025-06-16,Gold
C004100,50,Male,Mumbai,2026-04-08,Standard
C004101,41,Male,Kolkata,2026-04-01,Standard
C004102,40,Male,Jaipur,2025-03-14,Gold
C004103,32,Male,Ahmedabad,2025-09-27,Gold
C004104,44,Male,Jaipur,2025-08-07,Standard
C004105,28,Male,Kolkata,2025-07-02,Standard
C004106,68,Female,Kochi,2025-03-19,Standard
C004107,67,Female,Ahmedabad,2025-11-04,Premium
C004108,34,Male,Ahmedabad,2025-11-24,Standard
C004109,68,Male,Bangalore,2026-02-25,Premium
C004110,70,Female,Jaipur,2025-08-24,Standard
C004111,31,Other,Chennai,2026-04-07,Standard
C004112,44,Female,Kolkata,2026-06-23,Standard
C004113,35,Male,Kochi,2025-02-07,Premium
C004114,45,Female,Kochi,2026-03-02,Standard
C004115,68,Female,Delhi,2026-03-10,Standard
C004116,64,Male,Mumbai,2025-12-25,Gold
C004117,64,Female,Bangalore,2025-01-31,Gold
C004118,21,Male,Bangalore,2025-07-24,Gold
C004119,24,Other,Hyderabad,2025-06-30,Premium
C004120,62,Female,Bangalore,2025-02-09,Premium
C004121,52,Female,Ahmedabad,2026-02-27,Gold
C004122,65,Female,Hyderabad,2025-06-06,Standard
C004123,26,Male,Kochi,2025-06-17,Standard
C004124,25,Female,Chennai,2025-03-23,Standard
C004125,69,Female,Pune,2025-04-12,Gold
C004126,62,Female,Mumbai,2025-03-30,Standard
C004127,34,Female,Mumbai,2025-12-11,Gold
C004128,34,Female,Chennai,2025-11-06,Standard
C004129,66,Other,Chennai,2026-03-16,Premium
C004130,50,Female,Pune,2025-06-08,Standard
C004131,49,Female,Delhi,2025-04-24,Gold
C004132,25,Male,Jaipur,2026-06-20,Standard
C004133,36,Female,Mumbai,2025-06-12,Premium
C004134,55,Male,Delhi,2025-10-13,Standard
C004135,20,Male,Bangalore,2025-02-24,Standard
C004136,22,Male,Chennai,2025-02-02,Standard
C004137,30,Female,Hyderabad,2025-07-15,Standard
C004138,64,Female,Delhi,2026-03-24,Standard
C004139,63,Female,Delhi,2025-04-02,Premium
C004140,48,Male,Mumbai,2025-08-16,Standard
C004141,33,Female,Kochi,2025-10-13,Standard
C004142,67,Female,Hyderabad,2025-08-23,Standard
C004143,49,Male,Jaipur,2025-04-12,Standard
C004144,39,Male,Bangalore,2025-05-20,Premium
C004145,46,Male,Pune,2025-09-23,Standard
C004146,39,Female,Kolkata,2025-12-08,Gold
C004147,60,Female,Kochi,2026-06-19,Gold
C004148,20,Male,Mumbai,2026-06-07,Gold
C004149,27,Other,Kochi,2025-01-16,Standard
C004150,59,Male,Hyderabad,2025-12-02,Gold
C004151,38,Male,Ahmedabad,2026-01-25,Standard
C004152,33,Male,Jaipur,2025-06-19,Standard
C004153,29,Male,Bangalore,2025-04-29,Standard
C004154,19,Male,Kochi,2025-02-11,Standard
C004155,58,Male,Jaipur,2025-01-10,Premium
C004156,41,Female,Kolkata,2026-03-06,Standard
C004157,52,Male,Bangalore,2026-04-13,Gold
C004158,47,Female,Kolkata,2025-02-18,Standard
C004159,47,Female,Delhi,2025-07-26,Premium
C004160,64,Male,Kochi,2026-05-29,Standard
C004161,52,Female,Kolkata,2025-07-29,Premium
C004162,36,Male,Jaipur,2025-05-19,Gold
C004163,67,Female,Ahmedabad,2025-02-06,Standard
C004164,25,Female,Pune,2025-08-06,Gold
C004165,43,Male,Chennai,2026-04-01,Gold
C004166,66,Female,Ahmedabad,2026-05-27,Standard
C004167,57,Female,Mumbai,2025-10-05,Standard
C004168,24,Female,Ahmedabad,2025-06-29,Gold
C004169,47,Female,Kolkata,2026-06-01,Standard
C004170,24,Male,Mumbai,2025-05-10,Standard
C004171,20,Female,Ahmedabad,2025-12-25,Standard
C004172,18,Male,Chennai,2025-01-04,Gold
C004173,53,Male,Jaipur,2025-03-24,Standard
C004174,42,Male,Pune,2025-06-03,Gold
C004175,54,Male,Kolkata,2026-05-21,Gold
C004176,18,Female,Kochi,2026-05-24,Standard
C004177,32,Female,Bangalore,2025-04-07,Standard
C004178,54,Female,Hyderabad,2025-10-09,Gold
C004179,30,Male,Kochi,2026-06-22,Premium
C004180,57,Female,Delhi,2026-03-05,Standard
C004181,25,Female,Kolkata,2026-06-27,Premium
C004182,22,Male,Bangalore,2025-05-06,Standard
C004183,26,Male,Jaipur,2025-10-28,Standard
C004184,18,Female,Delhi,2026-06-27,Standard
C004185,53,Female,Hyderabad,2026-01-02,Standard
C004186,52,Female,Kolkata,2025-02-14,Standard
C004187,19,Female,Kochi,2026-05-08,Gold
C004188,57,Female,Ahmedabad,2025-11-12,Premium
C004189,40,Male,Kochi,2025-07-08,Premium
C004190,26,Female,Kochi,2025-02-21,Standard
C004191,51,Male,Hyderabad,2025-11-28,Standard
C004192,63,Female,Kolkata,2026-05-14,Standard
C004193,31,Female,Kolkata,2025-11-14,Standard
C004194,21,Female,Mumbai,2026-02-14,Standard
C004195,47,Other,Kochi,2025-11-19,Standard
C004196,48,Male,Jaipur,2025-08-18,Gold
C004197,55,Female,Bangalore,2025-12-10,Standard
C004198,28,Female,Bangalore,2026-01-06,Gold
C004199,52,Other,Delhi,2025-10-19,Premium
C004200,25,Female,Hyderabad,2026-03-13,Standard
C004201,20,Male,Kochi,2025-09-04,Gold
C004202,31,Female,Jaipur,2025-08-07,Standard
C004203,30,Female,Delhi,2026-06-18,Standard
C004204,62,Male,Kolkata,2026-06-03,Standard
C004205,49,Female,Bangalore,2026-04-17,Standard
C004206,51,Female,Chennai,2025-12-16,Standard
C004207,62,Female,Mumbai,2025-02-13,Standard
C004208,36,Male,Jaipur,2025-03-06,Gold
C004209,55,Female,Delhi,2025-09-03,Gold
C004210,33,Female,Delhi,2025-03-12,Gold
C004211,19,Female,Jaipur,2025-06-07,Gold
C004212,57,Male,Ahmedabad,2026-04-20,Standard
C004213,34,Male,Chennai,2025-01-25,Standard
C004214,51,Female,Kolkata,2025-08-11,Standard
C004215,59,Female,Bangalore,2025-06-09,Standard
C004216,33,Male,Kochi,2025-03-16,Standard
C004217,55,Male,Jaipur,2025-05-18,Gold
C004218,19,Male,Hyderabad,2026-04-24,Standard
C004219,19,Female,Chennai,2025-10-30,Standard
C004220,43,Male,Mumbai,2026-01-22,Standard
C004221,30,Male,Mumbai,2026-04-17,Gold
C004222,64,Male,Hyderabad,2025-11-30,Gold
C004223,48,Female,Chennai,2025-11-05,Standard
C004224,51,Male,Delhi,2026-06-12,Standard
C004225,56,Male,Mumbai,2026-06-24,Standard
C004226,20,Female,Delhi,2025-06-12,Standard
C004227,25,Male,Ahmedabad,2025-02-24,Gold
C004228,40,Male,Chennai,2026-03-31,Gold
C004229,31,Female,Jaipur,2025-11-01,Gold
C004230,44,Male,Kochi,2025-04-12,Standard
C004231,46,Female,Bangalore,2026-01-23,Gold
C004232,56,Male,Ahmedabad,2025-07-27,Standard
C004233,70,Female,Delhi,2025-11-11,Standard
C004234,56,Male,Chennai,2025-02-18,Standard
C004235,18,Female,Ahmedabad,2026-06-02,Gold
C004236,34,Male,Delhi,2025-05-28,Gold
C004237,58,Male,Kochi,2025-07-30,Standard
C004238,47,Female,Kochi,2026-01-07,Gold
C004239,70,Other,Hyderabad,2025-02-16,Standard
C004240,30,Male,Kolkata,2026-05-14,Gold
C004241,38,Female,Mumbai,2025-06-04,Premium
C004242,36,Male,Kochi,2025-08-18,Standard
C004243,70,Female,Pune,2025-10-27,Standard
C004244,36,Male,Kochi,2025-06-07,Standard
C004245,42,Female,Ahmedabad,2025-09-04,Gold
C004246,39,Male,Bangalore,2025-05-31,Standard
C004247,48,Male,Chennai,2025-10-26,Standard
C004248,34,Male,Ahmedabad,2025-02-23,Standard
C004249,40,Male,Kolkata,2025-08-11,Standard
C004250,49,Female,Kochi,2026-04-12,Gold
C004251,27,Other,Jaipur,2026-05-01,Gold
C004252,27,Female,Chennai,2026-03-20,Gold
C004253,53,Male,Ahmedabad,2025-05-18,Standard
C004254,25,Male,Pune,2025-10-19,Gold
C004255,69,Female,Bangalore,2025-07-29,Standard
C004256,37,Other,Mumbai,2025-07-30,Standard
C004257,49,Male,Chennai,2026-01-23,Standard
C004258,67,Female,Kolkata,2026-01-31,Gold
C004259,31,Other,Jaipur,2025-05-04,Gold
C004260,67,Female,Pune,2025-05-04,Standard
C004261,45,Male,Mumbai,2025-03-09,Gold
C004262,63,Male,Delhi,2026-04-20,Gold
C004263,69,Female,Bangalore,2025-12-24,Standard
C004264,70,Female,Mumbai,2026-04-01,Standard
C004265,41,Male,Kochi,2025-12-12,Standard
C004266,32,Male,Hyderabad,2026-06-05,Standard
C004267,39,Female,Jaipur,2026-05-13,Gold
C004268,47,Male,Pune,2025-11-24,Premium
C004269,21,Male,Mumbai,2025-11-26,Standard
C004270,30,Female,Hyderabad,2026-03-03,Standard
C004271,40,Female,Mumbai,2026-03-19,Standard
C004272,25,Female,Ahmedabad,2025-04-05,Standard
C004273,35,Male,Delhi,2026-03-27,Gold
C004274,29,Female,Bangalore,2025-11-13,Standard
C004275,48,Female,Delhi,2026-05-02,Standard
C004276,31,Male,Ahmedabad,2025-01-05,Standard
C004277,51,Female,Mumbai,2026-01-06,Gold
C004278,35,Male,Chennai,2025-07-07,Standard
C004279,51,Male,Hyderabad,2025-01-26,Standard
C004280,28,Male,Jaipur,2025-06-11,Standard
C004281,58,Male,Kolkata,2025-05-10,Standard
C004282,29,Male,Hyderabad,2026-06-17,Gold
C004283,66,Female,Delhi,2026-02-14,Standard
C004284,32,Male,Hyderabad,2025-03-14,Premium
C004285,48,Other,Kochi,2025-08-21,Standard
C004286,66,Female,Mumbai,2025-04-16,Standard
C004287,46,Male,Ahmedabad,2025-01-09,Standard
C004288,43,Male,Hyderabad,2025-02-19,Gold
C004289,35,Female,Hyderabad,2026-06-06,Gold
C004290,49,Female,Ahmedabad,2026-03-18,Standard
C004291,39,Male,Kochi,2025-02-05,Standard
C004292,55,Male,Kochi,2025-07-21,Standard
C004293,34,Female,Kolkata,2025-04-28,Gold
C004294,40,Male,Kolkata,2025-06-18,Standard
C004295,41,Female,Kochi,2026-05-27,Standard
C004296,67,Female,Chennai,2025-08-18,Gold
C004297,25,Male,Kolkata,2025-05-30,Standard
C004298,58,Male,Kochi,2025-07-27,Premium
C004299,23,Male,Kochi,2025-03-02,Premium
C004300,22,Female,Hyderabad,2025-04-27,Gold
C004301,61,Male,Kolkata,2025-08-27,Gold
C004302,46,Male,Mumbai,2025-02-17,Standard
C004303,45,Female,Ahmedabad,2026-03-24,Standard
C004304,28,Male,Ahmedabad,2026-04-13,Standard
C004305,18,Female,Pune,2025-10-20,Gold
C004306,60,Female,Hyderabad,2026-03-01,Standard
C004307,36,Male,Pune,2026-06-01,Standard
C004308,26,Female,Pune,2025-07-24,Gold
C004309,44,Female,Hyderabad,2025-06-29,Gold
C004310,51,Male,Mumbai,2026-06-13,Standard
C004311,61,Male,Chennai,2025-03-31,Standard
C004312,21,Male,Bangalore,2026-05-15,Standard
C004313,53,Female,Chennai,2025-04-18,Standard
C004314,35,Male,Kolkata,2025-07-09,Standard
C004315,32,Other,Kochi,2025-06-29,Standard
C004316,68,Female,Delhi,2025-01-20,Standard
C004317,30,Male,Jaipur,2025-12-25,Standard
C004318,36,Female,Hyderabad,2025-01-07,Standard
C004319,66,Male,Chennai,2025-11-18,Gold
C004320,23,Female,Mumbai,2025-09-25,Standard
C004321,65,Female,Chennai,2026-03-03,Standard
C004322,29,Male,Kolkata,2025-10-23,Standard
C004323,68,Male,Kochi,2026-05-28,Gold
C004324,54,Female,Pune,2026-01-22,Premium
C004325,34,Female,Ahmedabad,2025-09-21,Standard
C004326,40,Female,Delhi,2025-03-31,Premium
C004327,43,Male,Chennai,2026-05-03,Standard
C004328,46,Male,Mumbai,2025-09-18,Standard
C004329,50,Male,Bangalore,2026-05-03,Standard
C004330,44,Female,Chennai,2025-12-07,Standard
C004331,42,Male,Mumbai,2025-11-25,Gold
C004332,27,Male,Pune,2026-02-05,Standard
C004333,64,Female,Mumbai,2025-12-23,Gold
C004334,40,Female,Mumbai,2026-05-14,Standard
C004335,38,Male,Kochi,2026-03-11,Standard
C004336,38,Male,Kochi,2025-04-29,Standard
C004337,60,Female,Chennai,2025-02-16,Standard
C004338,30,Male,Jaipur,2025-06-17,Gold
C004339,54,Male,Kochi,2025-12-14,Gold
C004340,50,Male,Ahmedabad,2026-05-19,Standard
C004341,41,Female,Ahmedabad,2026-06-23,Standard
C004342,61,Female,Delhi,2025-10-23,Standard
C004343,28,Male,Hyderabad,2026-05-28,Premium
C004344,34,Male,Pune,2025-06-23,Standard
C004345,21,Female,Jaipur,2026-01-30,Standard
C004346,64,Other,Ahmedabad,2026-06-14,Standard
C004347,42,Female,Kolkata,2025-10-30,Standard
C004348,47,Other,Ahmedabad,2025-07-21,Premium
C004349,26,Female,Mumbai,2026-06-17,Standard
C004350,38,Female,Pune,2025-06-05,Premium
C004351,37,Male,Delhi,2025-01-14,Gold
C004352,36,Male,Chennai,2025-01-20,Gold
C004353,36,Male,Ahmedabad,2026-04-02,Gold
C004354,29,Female,Hyderabad,2025-06-22,Gold
C004355,54,Female,Delhi,2026-03-21,Standard
C004356,59,Female,Ahmedabad,2025-05-02,Standard
C004357,34,Male,Jaipur,2026-05-12,Standard
C004358,54,Male,Jaipur,2025-07-03,Standard
C004359,65,Male,Delhi,2025-02-18,Standard
C004360,56,Male,Chennai,2025-06-30,Standard
C004361,45,Female,Kolkata,2026-01-29,Standard
C004362,58,Female,Kolkata,2026-01-28,Standard
C004363,52,Male,Ahmedabad,2025-12-14,Gold
C004364,64,Male,Ahmedabad,2026-04-21,Gold
C004365,65,Female,Delhi,2025-05-21,Gold
C004366,35,Male,Bangalore,2026-06-14,Standard
C004367,31,Female,Mumbai,2026-04-16,Standard
C004368,52,Male,Mumbai,2025-09-20,Standard
C004369,61,Male,Hyderabad,2025-05-23,Standard
C004370,58,Male,Ahmedabad,2025-05-26,Standard
C004371,24,Male,Hyderabad,2025-10-21,Gold
C004372,58,Female,Delhi,2026-06-22,Gold
C004373,30,Male,Chennai,2026-05-24,Standard
C004374,35,Male,Pune,2026-02-26,Premium
C004375,54,Male,Pune,2026-02-21,Gold
C004376,30,Male,Ahmedabad,2025-04-17,Gold
C004377,53,Male,Ahmedabad,2025-11-14,Standard
C004378,48,Female,Bangalore,2025-02-28,Premium
C004379,19,Female,Delhi,2025-09-15,Standard
C004380,33,Female,Chennai,2026-03-01,Standard
C004381,26,Male,Kochi,2026-06-15,Gold
C004382,26,Male,Delhi,2025-06-15,Standard
C004383,55,Male,Kochi,2025-01-25,Premium
C004384,28,Male,Jaipur,2025-01-04,Gold
C004385,39,Female,Mumbai,2025-01-03,Standard
C004386,50,Female,Ahmedabad,2026-02-22,Standard
C004387,53,Female,Bangalore,2025-12-28,Standard
C004388,62,Male,Ahmedabad,2026-01-04,Standard
C004389,40,Male,Pune,2026-06-23,Standard
C004390,62,Female,Ahmedabad,2025-12-12,Standard
C004391,62,Male,Pune,2025-02-13,Standard
C004392,51,Female,Hyderabad,2025-06-02,Gold
C004393,26,Female,Ahmedabad,2025-07-21,Standard
C004394,41,Female,Delhi,2025-11-17,Gold
C004395,25,Female,Kochi,2026-04-09,Standard
C004396,24,Male,Delhi,2025-01-11,Standard
C004397,53,Male,Kolkata,2025-08-15,Gold
C004398,35,Male,Pune,2025-11-29,Standard
C004399,20,Female,Jaipur,2026-04-14,Gold
C004400,45,Male,Kolkata,2025-01-15,Gold
C004401,23,Female,Hyderabad,2025-02-26,Gold
C004402,61,Female,Delhi,2025-11-26,Standard
C004403,61,Female,Jaipur,2025-03-05,Gold
C004404,38,Male,Kochi,2025-08-18,Gold
C004405,45,Male,Chennai,2025-01-11,Standard
C004406,57,Female,Bangalore,2025-08-12,Gold
C004407,18,Female,Ahmedabad,2026-06-26,Standard
C004408,53,Female,Ahmedabad,2026-05-21,Standard
C004409,38,Male,Chennai,2026-06-06,Standard
C004410,60,Female,Ahmedabad,2025-02-23,Standard
C004411,52,Female,Delhi,2025-06-06,Standard
C004412,30,Male,Chennai,2026-02-09,Standard
C004413,66,Female,Kolkata,2026-02-03,Standard
C004414,27,Female,Kolkata,2026-02-07,Standard
C004415,70,Male,Hyderabad,2025-03-30,Premium
C004416,61,Male,Bangalore,2025-07-05,Standard
C004417,64,Female,Mumbai,2025-03-20,Gold
C004418,70,Male,Chennai,2025-05-25,Standard
C004419,27,Female,Mumbai,2025-01-14,Gold
C004420,63,Female,Ahmedabad,2025-01-02,Standard
C004421,30,Female,Chennai,2026-05-31,Standard
C004422,54,Female,Bangalore,2025-03-07,Premium
C004423,55,Male,Hyderabad,2025-09-03,Gold
C004424,41,Male,Kochi,2026-03-06,Gold
C004425,19,Female,Kolkata,2025-08-20,Standard
C004426,39,Male,Pune,2026-03-12,Gold
C004427,34,Female,Pune,2025-12-19,Standard
C004428,53,Female,Kolkata,2026-01-18,Standard
C004429,31,Male,Ahmedabad,2025-03-01,Standard
C004430,27,Male,Hyderabad,2026-04-15,Standard
C004431,52,Female,Hyderabad,2026-02-15,Standard
C004432,42,Female,Kochi,2025-03-24,Gold
C004433,20,Male,Ahmedabad,2025-03-15,Gold
C004434,64,Female,Kolkata,2025-11-07,Standard
C004435,55,Female,Kochi,2026-03-30,Premium
C004436,34,Other,Delhi,2025-01-26,Gold
C004437,29,Male,Mumbai,2026-03-02,Standard
C004438,69,Male,Pune,2026-01-12,Standard
C004439,41,Female,Jaipur,2025-08-31,Standard
C004440,46,Female,Pune,2025-11-19,Standard
C004441,60,Male,Ahmedabad,2025-06-29,Gold
C004442,42,Female,Bangalore,2025-09-23,Standard
C004443,53,Female,Pune,2026-01-15,Standard
C004444,43,Male,Chennai,2025-03-18,Standard
C004445,55,Female,Hyderabad,2026-06-08,Standard
C004446,18,Female,Pune,2025-02-18,Standard
C004447,37,Male,Chennai,2025-09-11,Standard
C004448,45,Male,Mumbai,2026-01-15,Premium
C004449,33,Female,Pune,2025-09-06,Standard
C004450,64,Male,Delhi,2025-03-13,Standard
C004451,34,Male,Pune,2026-03-23,Premium
C004452,57,Female,Pune,2026-05-21,Standard
C004453,45,Female,Ahmedabad,2025-09-10,Standard
C004454,29,Female,Jaipur,2025-10-26,Standard
C004455,44,Female,Delhi,2025-03-01,Standard
C004456,70,Male,Pune,2025-12-23,Standard
C004457,59,Male,Pune,2025-06-06,Standard
C004458,64,Male,Pune,2025-12-08,Standard
C004459,47,Male,Chennai,2025-07-21,Gold
C004460,58,Female,Mumbai,2025-02-04,Standard
C004461,51,Female,Bangalore,2026-06-19,Standard
C004462,54,Female,Bangalore,2026-04-01,Premium
C004463,23,Male,Bangalore,2025-06-14,Gold
C004464,24,Male,Kolkata,2025-01-28,Gold
C004465,49,Female,Bangalore,2026-01-07,Standard
C004466,49,Male,Pune,2025-11-10,Standard
C004467,70,Male,Chennai,2025-10-11,Standard
C004468,42,Female,Pune,2025-10-25,Gold
C004469,50,Male,Pune,2026-04-20,Standard
C004470,24,Male,Hyderabad,2025-12-15,Gold
C004471,69,Female,Ahmedabad,2026-03-21,Premium
C004472,29,Male,Mumbai,2025-07-26,Gold
C004473,33,Female,Kolkata,2026-02-21,Gold
C004474,33,Male,Mumbai,2026-03-15,Standard
C004475,60,Male,Bangalore,2025-06-14,Standard
C004476,70,Male,Pune,2026-02-24,Standard
C004477,53,Female,Delhi,2026-01-06,Standard
C004478,30,Female,Jaipur,2025-09-23,Standard
C004479,24,Other,Jaipur,2025-10-06,Standard
C004480,53,Female,Ahmedabad,2026-04-27,Gold
C004481,64,Female,Kolkata,2026-06-01,Premium
C004482,68,Male,Chennai,2025-03-23,Gold
C004483,26,Male,Ahmedabad,2025-04-29,Standard
C004484,49,Male,Hyderabad,2025-10-30,Standard
C004485,28,Male,Pune,2025-08-03,Standard
C004486,25,Male,Kochi,2025-01-28,Standard
C004487,50,Male,Kolkata,2026-05-13,Gold
C004488,40,Male,Pune,2026-06-21,Standard
C004489,42,Male,Delhi,2026-06-03,Standard
C004490,25,Male,Mumbai,2025-07-13,Standard
C004491,62,Female,Chennai,2026-03-18,Standard
C004492,39,Female,Jaipur,2025-02-05,Gold
C004493,21,Male,Kolkata,2025-09-15,Premium
C004494,57,Male,Kolkata,2025-04-23,Premium
C004495,20,Male,Mumbai,2025-10-21,Standard
C004496,46,Female,Delhi,2025-01-14,Gold
C004497,58,Male,Pune,2025-05-20,Standard
C004498,46,Female,Chennai,2026-01-06,Gold
C004499,51,Male,Mumbai,2026-03-03,Gold
C004500,51,Male,Mumbai,2025-04-07,Standard
C004501,45,Male,Mumbai,2026-05-03,Premium
C004502,30,Male,Kolkata,2025-12-08,Standard
C004503,32,Female,Kolkata,2026-05-07,Standard
C004504,40,Female,Kolkata,2026-05-15,Standard
C004505,61,Female,Kolkata,2026-03-08,Gold
C004506,43,Female,Chennai,2025-07-08,Gold
C004507,21,Female,Delhi,2025-03-23,Gold
C004508,43,Female,Kochi,2025-06-29,Standard
C004509,57,Male,Chennai,2026-02-19,Standard
C004510,26,Male,Delhi,2025-04-15,Gold
C004511,22,Male,Pune,2026-01-16,Standard
C004512,49,Female,Hyderabad,2025-11-25,Standard
C004513,37,Male,Pune,2025-09-06,Standard
C004514,67,Female,Delhi,2025-03-13,Standard
C004515,28,Male,Mumbai,2025-05-13,Standard
C004516,32,Female,Kochi,2025-08-28,Standard
C004517,49,Male,Jaipur,2025-03-19,Gold
C004518,45,Male,Ahmedabad,2026-04-06,Gold
C004519,39,Female,Kolkata,2025-05-05,Gold
C004520,58,Male,Bangalore,2025-01-11,Standard
C004521,34,Other,Jaipur,2026-04-13,Gold
C004522,43,Male,Jaipur,2026-02-11,Standard
C004523,61,Male,Pune,2025-01-27,Standard
C004524,24,Female,Kolkata,2025-07-26,Standard
C004525,59,Female,Hyderabad,2025-08-10,Gold
C004526,43,Male,Delhi,2025-11-08,Standard
C004527,42,Female,Kolkata,2026-01-17,Standard
C004528,27,Female,Bangalore,2025-11-11,Standard
C004529,62,Female,Bangalore,2025-07-27,Gold
C004530,36,Male,Delhi,2025-10-23,Gold
C004531,28,Male,Jaipur,2026-02-06,Gold
C004532,30,Female,Kolkata,2026-03-11,Standard
C004533,70,Female,Bangalore,2025-05-02,Premium
C004534,25,Female,Delhi,2025-04-16,Gold
C004535,57,Male,Ahmedabad,2025-02-05,Standard
C004536,21,Male,Ahmedabad,2025-03-13,Gold
C004537,64,Female,Chennai,2025-06-16,Standard
C004538,48,Male,Kolkata,2025-08-09,Standard
C004539,45,Male,Kochi,2025-03-17,Standard
C004540,28,Male,Delhi,2025-07-30,Standard
C004541,60,Female,Jaipur,2025-08-16,Standard
C004542,18,Male,Hyderabad,2026-03-29,Premium
C004543,66,Female,Bangalore,2026-05-02,Standard
C004544,64,Female,Mumbai,2026-04-19,Standard
C004545,69,Female,Kolkata,2026-05-05,Standard
C004546,55,Male,Bangalore,2026-01-11,Standard
C004547,41,Male,Chennai,2025-08-19,Premium
C004548,64,Female,Delhi,2025-08-13,Standard
C004549,48,Female,Jaipur,2026-04-20,Standard
C004550,58,Female,Bangalore,2025-03-21,Gold
C004551,63,Female,Mumbai,2025-07-29,Standard
C004552,67,Female,Hyderabad,2025-10-24,Premium
C004553,43,Female,Delhi,2025-06-21,Standard
C004554,66,Male,Delhi,2025-03-30,Gold
C004555,67,Male,Kochi,2025-08-14,Gold
C004556,22,Female,Chennai,2025-05-23,Gold
C004557,37,Male,Delhi,2025-02-23,Gold
C004558,69,Female,Jaipur,2025-07-15,Gold
C004559,58,Male,Delhi,2026-05-04,Standard
C004560,28,Female,Kochi,2025-10-25,Standard
C004561,50,Male,Chennai,2026-03-06,Premium
C004562,67,Male,Kolkata,2026-06-21,Standard
C004563,55,Other,Pune,2026-05-15,Standard
C004564,44,Male,Kolkata,2025-07-25,Standard
C004565,51,Male,Ahmedabad,2025-05-17,Standard
C004566,32,Male,Kochi,2026-02-12,Gold
C004567,49,Female,Delhi,2025-10-06,Gold
C004568,38,Female,Chennai,2026-03-21,Standard
C004569,63,Female,Kolkata,2025-09-28,Premium
C004570,22,Male,Kolkata,2026-03-17,Gold
C004571,23,Female,Ahmedabad,2025-08-16,Standard
C004572,55,Male,Kolkata,2025-05-07,Standard
C004573,39,Female,Kochi,2025-09-27,Gold
C004574,35,Female,Kolkata,2026-05-02,Standard
C004575,31,Female,Jaipur,2025-06-04,Standard
C004576,27,Female,Ahmedabad,2025-01-19,Standard
C004577,63,Female,Chennai,2026-03-01,Standard
C004578,30,Female,Chennai,2025-02-27,Premium
C004579,48,Male,Kolkata,2026-02-27,Gold
C004580,47,Female,Kochi,2025-04-12,Standard
C004581,20,Male,Kochi,2025-03-17,Gold
C004582,47,Male,Hyderabad,2025-03-07,Standard
C004583,23,Male,Bangalore,2025-05-31,Standard
C004584,46,Male,Jaipur,2026-03-13,Gold
C004585,25,Male,Hyderabad,2025-03-09,Standard
C004586,61,Female,Bangalore,2025-08-23,Gold
C004587,62,Male,Pune,2025-04-08,Gold
C004588,60,Male,Mumbai,2025-01-09,Standard
C004589,61,Female,Bangalore,2026-05-19,Premium
C004590,50,Male,Mumbai,2026-05-05,Standard
C004591,34,Female,Ahmedabad,2026-03-03,Standard
C004592,65,Female,Kolkata,2025-08-15,Gold
C004593,28,Female,Bangalore,2025-01-17,Gold
C004594,30,Female,Kochi,2025-08-16,Standard
C004595,67,Male,Jaipur,2025-08-26,Gold
C004596,28,Male,Pune,2026-01-16,Standard
C004597,48,Male,Chennai,2026-01-22,Standard
C004598,45,Female,Hyderabad,2025-09-11,Premium
C004599,61,Male,Kolkata,2025-11-04,Gold
C004600,23,Male,Hyderabad,2025-11-10,Standard
C004601,58,Male,Hyderabad,2025-10-28,Gold
C004602,33,Female,Delhi,2025-04-28,Gold
C004603,21,Male,Hyderabad,2025-02-19,Gold
C004604,52,Other,Hyderabad,2025-06-30,Gold
C004605,65,Male,Delhi,2026-06-27,Gold
C004606,43,Male,Delhi,2025-11-23,Standard
C004607,29,Male,Jaipur,2026-05-18,Standard
C004608,28,Female,Bangalore,2026-05-11,Premium
C004609,54,Female,Bangalore,2025-09-03,Standard
C004610,42,Male,Jaipur,2026-06-27,Standard
C004611,35,Male,Delhi,2025-04-12,Standard
C004612,36,Female,Mumbai,2025-08-18,Standard
C004613,40,Male,Chennai,2026-01-23,Gold
C004614,55,Male,Jaipur,2025-07-30,Standard
C004615,35,Male,Pune,2026-03-06,Standard
C004616,43,Male,Jaipur,2025-12-05,Premium
C004617,23,Male,Delhi,2025-07-03,Gold
C004618,21,Male,Mumbai,2025-02-25,Standard
C004619,61,Male,Kolkata,2025-10-09,Standard
C004620,68,Female,Delhi,2025-05-08,Gold
C004621,46,Male,Ahmedabad,2026-05-23,Premium
C004622,51,Female,Ahmedabad,2025-08-04,Standard
C004623,34,Male,Chennai,2025-03-31,Standard
C004624,60,Female,Delhi,2025-11-10,Standard
C004625,60,Male,Kochi,2025-08-21,Standard
C004626,70,Female,Ahmedabad,2025-09-04,Standard
C004627,33,Male,Hyderabad,2026-03-18,Gold
C004628,19,Female,Kolkata,2025-05-15,Standard
C004629,51,Male,Hyderabad,2025-01-02,Gold
C004630,25,Male,Pune,2025-06-10,Standard
C004631,30,Female,Chennai,2025-05-20,Standard
C004632,59,Female,Pune,2025-10-31,Standard
C004633,25,Male,Pune,2026-04-05,Standard
C004634,47,Female,Ahmedabad,2025-05-05,Standard
C004635,49,Male,Delhi,2025-12-13,Premium
C004636,53,Male,Bangalore,2025-11-20,Gold
C004637,64,Other,Ahmedabad,2026-02-11,Gold
C004638,47,Male,Jaipur,2026-04-14,Gold
C004639,18,Female,Bangalore,2025-06-13,Standard
C004640,60,Male,Delhi,2025-08-28,Gold
C004641,56,Female,Pune,2025-08-01,Premium
C004642,34,Female,Mumbai,2025-05-29,Standard
C004643,37,Other,Chennai,2025-04-13,Premium
C004644,41,Female,Delhi,2025-07-02,Standard
C004645,67,Male,Mumbai,2026-05-20,Standard
C004646,39,Female,Kolkata,2026-06-09,Standard
C004647,46,Male,Pune,2026-01-15,Premium
C004648,39,Female,Hyderabad,2025-01-24,Gold
C004649,61,Female,Jaipur,2025-05-13,Gold
C004650,26,Female,Mumbai,2025-02-19,Standard
C004651,54,Female,Delhi,2025-01-26,Standard
C004652,27,Male,Hyderabad,2025-01-11,Gold
C004653,53,Female,Ahmedabad,2025-04-12,Standard
C004654,54,Male,Kolkata,2025-01-11,Standard
C004655,45,Female,Kolkata,2025-04-22,Standard
C004656,45,Male,Ahmedabad,2025-06-16,Standard
C004657,59,Female,Kolkata,2026-02-11,Gold
C004658,60,Male,Hyderabad,2025-02-14,Gold
C004659,38,Female,Hyderabad,2025-12-25,Standard
C004660,41,Male,Chennai,2025-10-12,Standard
C004661,59,Female,Bangalore,2026-02-04,Standard
C004662,57,Male,Delhi,2026-03-27,Standard
C004663,19,Female,Mumbai,2026-03-20,Gold
C004664,25,Male,Chennai,2026-01-23,Standard
C004665,65,Female,Bangalore,2025-12-22,Standard
C004666,44,Male,Hyderabad,2026-03-01,Standard
C004667,39,Female,Pune,2025-01-06,Standard
C004668,54,Male,Chennai,2026-03-17,Gold
C004669,44,Female,Kochi,2025-12-22,Standard
C004670,46,Male,Kolkata,2025-09-25,Standard
C004671,20,Male,Kolkata,2025-08-05,Standard
C004672,61,Female,Hyderabad,2025-03-05,Gold
C004673,30,Male,Bangalore,2026-03-18,Gold
C004674,62,Male,Jaipur,2026-06-25,Standard
C004675,27,Female,Delhi,2025-10-02,Premium
C004676,53,Other,Chennai,2026-04-15,Gold
C004677,26,Female,Ahmedabad,2025-08-04,Standard
C004678,44,Male,Kochi,2025-07-13,Gold
C004679,51,Male,Kochi,2025-01-13,Standard
C004680,68,Female,Mumbai,2025-08-10,Premium
C004681,18,Male,Kochi,2026-01-31,Standard
C004682,49,Female,Kolkata,2025-09-27,Standard
C004683,42,Male,Delhi,2025-10-25,Premium
C004684,46,Other,Hyderabad,2026-03-08,Standard
C004685,24,Female,Kochi,2026-02-12,Standard
C004686,66,Female,Ahmedabad,2025-03-06,Gold
C004687,20,Male,Chennai,2025-02-07,Gold
C004688,37,Female,Bangalore,2025-01-28,Gold
C004689,37,Male,Delhi,2025-10-16,Standard
C004690,70,Female,Mumbai,2025-08-25,Standard
C004691,47,Female,Kochi,2025-05-06,Standard
C004692,52,Male,Kolkata,2026-01-19,Standard
C004693,52,Male,Jaipur,2025-11-22,Standard
C004694,66,Female,Pune,2025-03-26,Standard
C004695,56,Male,Bangalore,2025-09-03,Standard
C004696,44,Female,Ahmedabad,2026-01-23,Standard
C004697,43,Male,Chennai,2025-09-23,Standard
C004698,31,Male,Mumbai,2025-07-24,Gold
C004699,34,Female,Hyderabad,2025-08-16,Standard
C004700,35,Female,Pune,2025-08-28,Standard
C004701,62,Male,Chennai,2025-03-14,Standard
C004702,69,Female,Delhi,2026-01-23,Standard
C004703,46,Female,Jaipur,2026-01-13,Standard
C004704,37,Female,Hyderabad,2025-07-31,Standard
C004705,70,Male,Chennai,2025-06-20,Gold
C004706,44,Male,Chennai,2025-06-01,Standard
C004707,35,Female,Jaipur,2025-04-14,Standard
C004708,21,Female,Pune,2025-08-10,Standard
C004709,18,Male,Chennai,2025-10-09,Standard
C004710,67,Female,Hyderabad,2026-01-23,Standard
C004711,18,Male,Bangalore,2026-01-07,Gold
C004712,43,Male,Chennai,2025-05-09,Standard
C004713,62,Female,Chennai,2026-02-08,Gold
C004714,37,Female,Chennai,2025-08-08,Standard
C004715,69,Male,Kolkata,2025-06-22,Gold
C004716,40,Female,Hyderabad,2026-04-17,Standard
C004717,27,Female,Mumbai,2026-03-29,Standard
C004718,28,Female,Chennai,2026-05-17,Standard
C004719,58,Female,Delhi,2025-02-21,Standard
C004720,58,Male,Jaipur,2025-04-04,Gold
C004721,22,Male,Jaipur,2025-01-21,Standard
C004722,18,Male,Kolkata,2025-04-16,Gold
C004723,34,Female,Ahmedabad,2025-07-19,Standard
C004724,39,Female,Delhi,2025-12-18,Standard
C004725,51,Male,Delhi,2025-10-08,Gold
C004726,62,Male,Hyderabad,2025-10-09,Standard
C004727,58,Male,Pune,2026-06-23,Gold
C004728,46,Male,Bangalore,2025-09-02,Standard
C004729,21,Female,Hyderabad,2026-03-05,Standard
C004730,22,Female,Chennai,2025-02-07,Standard
C004731,28,Male,Kolkata,2026-02-23,Gold
C004732,68,Female,Jaipur,2025-10-29,Standard
C004733,38,Female,Mumbai,2025-03-12,Gold
C004734,52,Female,Kolkata,2026-06-09,Gold
C004735,29,Male,Ahmedabad,2025-06-23,Premium
C004736,43,Male,Kochi,2025-03-31,Premium
C004737,68,Male,Chennai,2026-01-03,Gold
C004738,36,Female,Kolkata,2025-07-26,Standard
C004739,62,Female,Hyderabad,2025-03-03,Gold
C004740,24,Female,Ahmedabad,2025-11-15,Gold
C004741,64,Male,Pune,2025-03-01,Standard
C004742,24,Male,Hyderabad,2025-04-15,Standard
C004743,43,Male,Ahmedabad,2025-08-27,Standard
C004744,57,Other,Hyderabad,2026-04-07,Standard
C004745,22,Male,Jaipur,2025-05-07,Standard
C004746,38,Male,Hyderabad,2025-03-24,Gold
C004747,31,Other,Bangalore,2025-08-08,Gold
C004748,21,Female,Chennai,2026-02-12,Gold
C004749,40,Female,Mumbai,2026-03-06,Standard
C004750,59,Male,Chennai,2026-05-28,Standard
C004751,37,Female,Mumbai,2025-03-20,Premium
C004752,32,Male,Mumbai,2025-03-06,Gold
C004753,67,Female,Mumbai,2025-07-02,Gold
C004754,69,Male,Bangalore,2025-03-07,Gold
C004755,62,Male,Jaipur,2025-07-27,Gold
C004756,46,Female,Kochi,2025-02-23,Premium
C004757,25,Female,Kolkata,2025-08-09,Standard
C004758,58,Female,Chennai,2025-08-24,Standard
C004759,65,Male,Hyderabad,2026-03-14,Standard
C004760,36,Male,Ahmedabad,2025-04-13,Gold
C004761,65,Female,Kolkata,2026-03-12,Gold
C004762,56,Female,Mumbai,2026-02-25,Standard
C004763,63,Other,Mumbai,2025-04-18,Standard
C004764,45,Female,Jaipur,2026-06-08,Standard
C004765,63,Female,Delhi,2026-03-19,Premium
C004766,44,Female,Delhi,2026-05-21,Standard
C004767,21,Male,Kolkata,2026-02-08,Standard
C004768,32,Male,Bangalore,2025-12-09,Standard
C004769,52,Male,Hyderabad,2025-11-23,Premium
C004770,54,Male,Chennai,2025-08-02,Standard
C004771,18,Female,Kochi,2025-11-18,Standard
C004772,20,Female,Pune,2025-03-19,Standard
C004773,64,Female,Pune,2025-02-24,Gold
C004774,41,Male,Kochi,2025-03-12,Standard
C004775,44,Male,Bangalore,2025-03-09,Standard
C004776,57,Male,Pune,2025-06-29,Standard
C004777,53,Female,Kochi,2026-01-15,Standard
C004778,51,Male,Chennai,2026-03-26,Gold
C004779,46,Female,Mumbai,2025-09-18,Standard
C004780,41,Male,Pune,2026-03-23,Standard
C004781,41,Male,Hyderabad,2025-05-11,Gold
C004782,59,Female,Hyderabad,2025-08-22,Gold
C004783,21,Female,Hyderabad,2025-06-03,Standard
C004784,20,Male,Mumbai,2025-11-26,Standard
C004785,51,Female,Jaipur,2025-02-22,Gold
C004786,66,Other,Mumbai,2026-04-13,Standard
C004787,40,Other,Mumbai,2026-02-17,Premium
C004788,70,Female,Mumbai,2025-01-14,Gold
C004789,69,Female,Kolkata,2026-05-11,Gold
C004790,40,Male,Delhi,2026-06-01,Gold
C004791,62,Female,Chennai,2026-01-03,Standard
C004792,22,Male,Kolkata,2026-06-23,Standard
C004793,48,Other,Hyderabad,2026-03-28,Standard
C004794,70,Male,Bangalore,2026-06-25,Gold
C004795,58,Male,Jaipur,2026-05-30,Gold
C004796,23,Female,Delhi,2026-04-26,Standard
C004797,54,Male,Kochi,2026-02-18,Gold
C004798,27,Male,Bangalore,2025-08-16,Standard
C004799,57,Female,Bangalore,2025-05-17,Standard
C004800,24,Female,Bangalore,2025-08-28,Standard
C004801,56,Female,Jaipur,2026-04-17,Standard
C004802,55,Male,Ahmedabad,2026-06-02,Gold
C004803,38,Female,Pune,2026-04-06,Standard
C004804,37,Male,Kochi,2025-11-01,Standard
C004805,20,Male,Pune,2025-06-30,Gold
C004806,68,Female,Pune,2025-01-30,Gold
C004807,39,Female,Mumbai,2025-02-09,Standard
C004808,64,Female,Delhi,2025-07-06,Gold
C004809,21,Female,Kochi,2025-11-15,Standard
C004810,45,Male,Hyderabad,2025-08-15,Standard
C004811,29,Female,Hyderabad,2025-11-20,Standard
C004812,55,Male,Kochi,2025-02-12,Gold
C004813,68,Female,Kolkata,2025-10-05,Gold
C004814,53,Female,Delhi,2025-11-15,Standard
C004815,64,Female,Ahmedabad,2025-06-23,Standard
C004816,58,Female,Delhi,2025-02-10,Standard
C004817,22,Female,Mumbai,2026-02-13,Gold
C004818,30,Female,Hyderabad,2025-11-19,Gold
C004819,40,Male,Chennai,2025-06-29,Gold
C004820,67,Male,Hyderabad,2025-06-08,Standard
C004821,47,Female,Kolkata,2025-02-06,Standard
C004822,54,Female,Ahmedabad,2026-02-10,Standard
C004823,42,Male,Delhi,2026-06-23,Standard
C004824,65,Male,Bangalore,2026-01-11,Standard
C004825,44,Male,Hyderabad,2025-09-13,Premium
C004826,68,Female,Mumbai,2025-10-05,Gold
C004827,31,Male,Kochi,2025-09-06,Gold
C004828,65,Male,Mumbai,2025-01-17,Standard
C004829,64,Female,Bangalore,2026-01-03,Standard
C004830,53,Female,Kochi,2025-05-05,Standard
C004831,56,Male,Jaipur,2025-11-08,Standard
C004832,33,Male,Kochi,2025-07-31,Standard
C004833,39,Female,Mumbai,2026-04-17,Premium
C004834,38,Male,Chennai,2026-02-19,Gold
C004835,38,Other,Jaipur,2026-05-15,Standard
C004836,25,Female,Mumbai,2025-06-30,Standard
C004837,66,Male,Mumbai,2026-01-24,Standard
C004838,33,Female,Pune,2025-07-06,Standard
C004839,48,Male,Ahmedabad,2026-04-13,Premium
C004840,59,Male,Delhi,2026-04-02,Gold
C004841,27,Female,Ahmedabad,2025-05-14,Standard
C004842,49,Female,Bangalore,2025-06-24,Standard
C004843,51,Male,Mumbai,2025-09-18,Standard
C004844,26,Male,Bangalore,2025-11-13,Gold
C004845,34,Male,Hyderabad,2025-09-26,Standard
C004846,28,Male,Kolkata,2026-04-15,Standard
C004847,49,Female,Bangalore,2025-08-12,Standard
C004848,27,Male,Delhi,2025-09-09,Standard
C004849,39,Other,Bangalore,2025-03-05,Standard
C004850,34,Male,Pune,2026-04-09,Standard
C004851,21,Female,Jaipur,2025-05-04,Standard
C004852,65,Female,Hyderabad,2025-08-26,Standard
C004853,69,Female,Pune,2025-03-16,Standard
C004854,64,Male,Mumbai,2026-03-18,Standard
C004855,42,Male,Pune,2026-05-15,Gold
C004856,38,Male,Chennai,2026-06-06,Standard
C004857,54,Other,Mumbai,2025-09-25,Standard
C004858,55,Female,Kolkata,2026-05-02,Standard
C004859,66,Female,Pune,2025-02-19,Standard
C004860,18,Female,Jaipur,2025-02-28,Standard
C004861,42,Male,Kolkata,2026-03-30,Gold
C004862,68,Female,Bangalore,2025-03-13,Standard
C004863,53,Other,Pune,2025-07-09,Premium
C004864,34,Male,Hyderabad,2025-06-05,Gold
C004865,58,Male,Ahmedabad,2025-03-26,Gold
C004866,41,Female,Bangalore,2025-03-10,Standard
C004867,19,Male,Kochi,2026-01-20,Standard
C004868,57,Male,Chennai,2026-01-08,Gold
C004869,32,Female,Hyderabad,2025-02-24,Standard
C004870,49,Female,Hyderabad,2025-03-26,Standard
C004871,56,Male,Kolkata,2025-11-13,Gold
C004872,23,Male,Ahmedabad,2025-06-13,Premium
C004873,18,Female,Jaipur,2025-09-09,Standard
C004874,64,Female,Kolkata,2025-06-01,Standard
C004875,40,Male,Ahmedabad,2025-12-02,Standard
C004876,56,Female,Pune,2026-01-03,Standard
C004877,34,Female,Chennai,2025-04-10,Standard
C004878,51,Female,Bangalore,2025-04-30,Gold
C004879,58,Male,Hyderabad,2026-01-20,Gold
C004880,46,Male,Jaipur,2025-10-30,Premium
C004881,26,Female,Kolkata,2025-05-29,Standard
C004882,30,Male,Chennai,2025-07-20,Standard
C004883,23,Female,Bangalore,2025-01-03,Gold
C004884,23,Male,Chennai,2026-02-04,Gold
C004885,37,Male,Hyderabad,2025-03-09,Gold
C004886,69,Male,Pune,2025-06-03,Standard
C004887,70,Male,Jaipur,2026-05-09,Premium
C004888,20,Female,Ahmedabad,2025-07-01,Standard
C004889,34,Male,Kochi,2026-06-09,Premium
C004890,66,Female,Jaipur,2025-07-08,Gold
C004891,29,Female,Ahmedabad,2025-01-20,Standard
C004892,65,Male,Kolkata,2025-10-10,Premium
C004893,64,Female,Pune,2025-01-10,Standard
C004894,62,Male,Ahmedabad,2026-06-15,Premium
C004895,18,Female,Pune,2025-10-30,Gold
C004896,34,Female,Chennai,2025-08-29,Gold
C004897,20,Male,Jaipur,2025-06-01,Standard
C004898,43,Male,Jaipur,2025-12-03,Standard
C004899,32,Female,Hyderabad,2025-07-07,Premium
C004900,53,Female,Jaipur,2026-04-09,Standard
C004901,49,Male,Chennai,2025-06-26,Gold
C004902,49,Female,Hyderabad,2025-06-26,Gold
C004903,21,Male,Pune,2026-02-19,Gold
C004904,35,Female,Mumbai,2025-11-06,Gold
C004905,66,Male,Ahmedabad,2025-01-02,Standard
C004906,36,Female,Bangalore,2025-11-13,Standard
C004907,60,Male,Pune,2026-05-24,Gold
C004908,69,Female,Chennai,2026-01-03,Gold
C004909,52,Female,Pune,2025-08-14,Gold
C004910,57,Female,Bangalore,2026-04-25,Standard
C004911,31,Female,Chennai,2025-03-04,Premium
C004912,50,Female,Jaipur,2025-10-07,Gold
C004913,31,Female,Pune,2025-01-14,Standard
C004914,51,Female,Ahmedabad,2025-01-28,Gold
C004915,21,Female,Kolkata,2025-05-22,Gold
C004916,41,Female,Jaipur,2026-04-18,Gold
C004917,46,Female,Jaipur,2026-06-08,Gold
C004918,36,Male,Mumbai,2025-07-03,Standard
C004919,23,Female,Kolkata,2025-11-13,Standard
C004920,50,Male,Delhi,2025-12-27,Standard
C004921,66,Female,Kolkata,2026-03-21,Standard
C004922,57,Female,Mumbai,2025-10-23,Standard
C004923,36,Other,Kochi,2026-02-08,Standard
C004924,70,Male,Bangalore,2025-09-20,Gold
C004925,18,Male,Mumbai,2026-01-12,Standard
C004926,22,Female,Kochi,2025-03-09,Gold
C004927,44,Male,Hyderabad,2026-04-16,Standard
C004928,33,Male,Jaipur,2025-02-16,Standard
C004929,23,Female,Delhi,2025-02-27,Standard
C004930,57,Female,Mumbai,2025-01-24,Gold
C004931,30,Male,Ahmedabad,2025-10-17,Standard
C004932,65,Female,Delhi,2026-03-20,Standard
C004933,52,Male,Hyderabad,2026-02-07,Standard
C004934,36,Female,Chennai,2025-01-24,Standard
C004935,29,Male,Ahmedabad,2025-03-05,Gold
C004936,33,Female,Chennai,2025-08-27,Gold
C004937,60,Male,Ahmedabad,2025-10-10,Standard
C004938,27,Female,Delhi,2026-03-18,Standard
C004939,42,Male,Ahmedabad,2025-10-27,Standard
C004940,37,Female,Delhi,2025-04-03,Gold
C004941,48,Male,Bangalore,2026-01-10,Standard
C004942,21,Male,Chennai,2025-11-06,Gold
C004943,61,Female,Pune,2025-06-16,Gold
C004944,40,Female,Hyderabad,2025-01-07,Standard
C004945,19,Male,Ahmedabad,2025-02-12,Gold
C004946,39,Male,Delhi,2025-12-06,Standard
C004947,68,Male,Hyderabad,2025-06-02,Standard
C004948,54,Male,Kochi,2025-02-12,Standard
C004949,25,Male,Kolkata,2025-07-20,Standard
C004950,24,Male,Ahmedabad,2025-08-14,Gold
C004951,31,Female,Mumbai,2026-06-05,Gold
C004952,20,Female,Jaipur,2025-12-05,Premium
C004953,67,Male,Pune,2025-12-01,Standard
C004954,33,Other,Bangalore,2025-06-30,Standard
C004955,36,Female,Delhi,2026-06-17,Standard
C004956,68,Male,Delhi,2025-09-29,Gold
C004957,35,Male,Kolkata,2025-07-13,Standard
C004958,69,Female,Kolkata,2026-06-22,Standard
C004959,33,Male,Pune,2026-04-26,Standard
C004960,25,Male,Ahmedabad,2025-04-08,Standard
C004961,50,Female,Chennai,2026-03-06,Standard
C004962,66,Female,Kolkata,2026-05-27,Standard
C004963,29,Male,Kochi,2025-11-23,Standard
C004964,70,Female,Kolkata,2026-02-20,Standard
C004965,28,Female,Mumbai,2025-04-21,Standard
C004966,22,Female,Kochi,2025-07-31,Gold
C004967,44,Female,Chennai,2025-01-30,Standard
C004968,29,Male,Mumbai,2025-09-24,Standard
C004969,34,Female,Mumbai,2025-12-16,Gold
C004970,23,Male,Pune,2026-05-29,Standard
C004971,50,Male,Kolkata,2025-08-02,Gold
C004972,22,Male,Hyderabad,2025-09-08,Standard
C004973,45,Male,Kochi,2026-06-27,Standard
C004974,31,Male,Bangalore,2025-11-15,Standard
C004975,22,Male,Hyderabad,2025-07-02,Gold
C004976,50,Male,Jaipur,2025-07-08,Standard
C004977,67,Female,Bangalore,2025-05-07,Standard
C004978,65,Male,Ahmedabad,2025-10-23,Standard
C004979,58,Female,Chennai,2025-01-23,Standard
C004980,36,Male,Pune,2026-06-14,Standard
C004981,39,Male,Hyderabad,2025-03-20,Standard
C004982,22,Male,Kolkata,2026-06-30,Gold
C004983,19,Male,Chennai,2026-04-15,Standard
C004984,47,Female,Mumbai,2025-11-01,Gold
C004985,64,Male,Kochi,2026-03-24,Standard
C004986,56,Other,Jaipur,2025-07-18,Standard
C004987,21,Other,Pune,2025-07-10,Premium
C004988,50,Male,Mumbai,2025-08-20,Gold
C004989,30,Female,Chennai,2025-01-24,Standard
C004990,37,Male,Kochi,2026-04-06,Standard
C004991,24,Female,Jaipur,2025-07-02,Gold
C004992,32,Female,Mumbai,2026-03-09,Premium
C004993,40,Male,Jaipur,2025-03-24,Gold
C004994,31,Male,Chennai,2025-04-03,Gold
C004995,40,Male,Kolkata,2025-10-05,Standard
C004996,36,Male,Delhi,2025-03-26,Premium
C004997,46,Female,Ahmedabad,2025-07-27,Standard
C004998,37,Male,Ahmedabad,2026-03-20,Standard
C004999,46,Male,Mumbai,2026-01-05,Premium
C005000,41,Male,Mumbai,2026-04-21,Standard
C005001,35,Female,Ahmedabad,2026-05-19,Standard
C005002,27,Male,Hyderabad,2025-08-19,Standard
C005003,58,Female,Kolkata,2025-12-26,Gold
C005004,25,Female,Ahmedabad,2025-01-19,Standard
C005005,43,Female,Ahmedabad,2025-07-28,Standard
C005006,46,Female,Kochi,2025-05-11,Standard
C005007,27,Male,Mumbai,2026-01-19,Standard
C005008,34,Male,Jaipur,2025-04-02,Gold
C005009,19,Female,Kochi,2026-06-27,Standard
C005010,23,Female,Mumbai,2025-12-28,Standard
C005011,22,Female,Ahmedabad,2025-05-04,Standard
C005012,45,Male,Pune,2025-09-30,Standard
C005013,58,Male,Delhi,2025-12-21,Standard
C005014,22,Other,Mumbai,2025-04-10,Standard
C005015,35,Male,Delhi,2025-10-28,Standard
C005016,43,Male,Bangalore,2025-07-22,Standard
C005017,37,Male,Kolkata,2025-01-21,Premium
C005018,58,Other,Ahmedabad,2025-07-17,Gold
C005019,66,Male,Jaipur,2025-04-22,Standard
C005020,44,Male,Hyderabad,2025-05-29,Standard
C005021,66,Female,Jaipur,2026-01-16,Standard
C005022,29,Male,Kochi,2025-07-02,Premium
C005023,24,Female,Delhi,2025-12-03,Standard
C005024,20,Female,Kochi,2025-12-04,Standard
C005025,27,Male,Pune,2025-10-27,Premium
C005026,51,Female,Bangalore,2025-08-10,Standard
C005027,42,Female,Jaipur,2026-02-13,Standard
C005028,52,Male,Jaipur,2025-04-28,Standard
C005029,33,Male,Pune,2025-06-23,Standard
C005030,19,Female,Ahmedabad,2025-08-07,Standard
C005031,41,Male,Mumbai,2026-01-11,Gold
C005032,27,Female,Delhi,2025-11-15,Standard
C005033,55,Female,Delhi,2025-03-29,Gold
C005034,39,Male,Kolkata,2025-03-19,Premium
C005035,43,Female,Kolkata,2026-03-17,Gold
C005036,60,Male,Kolkata,2025-07-20,Gold
C005037,56,Female,Delhi,2026-02-19,Premium
C005038,44,Male,Mumbai,2025-01-04,Standard
C005039,46,Female,Ahmedabad,2025-03-24,Standard
C005040,64,Female,Bangalore,2026-05-08,Premium
C005041,55,Female,Bangalore,2025-01-06,Standard
C005042,37,Female,Pune,2025-12-13,Standard
C005043,44,Female,Chennai,2026-06-18,Standard
C005044,58,Male,Hyderabad,2026-03-27,Gold
C005045,37,Female,Mumbai,2025-05-25,Premium
C005046,61,Female,Chennai,2025-01-02,Standard
C005047,36,Female,Kochi,2025-10-15,Standard
C005048,37,Female,Kolkata,2025-08-13,Standard
C005049,52,Male,Kochi,2026-03-13,Gold
C005050,64,Male,Bangalore,2025-08-02,Standard
C005051,19,Male,Hyderabad,2025-06-15,Standard
C005052,47,Female,Chennai,2026-01-08,Standard
C005053,70,Male,Jaipur,2026-05-22,Gold
C005054,51,Female,Ahmedabad,2025-11-29,Gold
C005055,39,Male,Hyderabad,2025-07-31,Standard
C005056,20,Male,Delhi,2025-10-16,Gold
C005057,23,Male,Hyderabad,2025-06-15,Standard
C005058,32,Male,Pune,2025-05-06,Standard
C005059,44,Female,Delhi,2025-06-06,Standard
C005060,27,Male,Chennai,2025-02-01,Standard
C005061,26,Male,Kochi,2025-10-01,Standard
C005062,50,Male,Ahmedabad,2025-10-28,Standard
C005063,49,Female,Pune,2025-01-21,Standard
C005064,65,Female,Hyderabad,2026-06-08,Standard
C005065,23,Male,Bangalore,2025-10-03,Standard
C005066,58,Female,Delhi,2025-01-07,Standard
C005067,53,Male,Chennai,2026-03-31,Standard
C005068,19,Male,Chennai,2025-05-10,Gold
C005069,46,Female,Jaipur,2025-10-26,Standard
C005070,21,Male,Kochi,2025-04-07,Gold
C005071,18,Female,Kolkata,2025-10-04,Standard
C005072,36,Male,Pune,2025-10-12,Gold
C005073,43,Female,Bangalore,2025-06-22,Standard
C005074,42,Male,Kochi,2025-11-28,Standard
C005075,27,Female,Chennai,2025-07-24,Gold
C005076,70,Female,Kolkata,2025-04-13,Standard
C005077,32,Male,Hyderabad,2025-12-26,Standard
C005078,39,Female,Chennai,2025-05-11,Premium
C005079,68,Male,Pune,2025-02-08,Premium
C005080,65,Female,Ahmedabad,2025-11-03,Gold
C005081,38,Male,Ahmedabad,2026-06-04,Standard
C005082,39,Male,Chennai,2025-02-15,Gold
C005083,53,Female,Pune,2025-07-13,Standard
C005084,51,Male,Delhi,2026-06-02,Premium
C005085,47,Female,Kolkata,2025-06-18,Gold
C005086,42,Male,Mumbai,2025-05-02,Standard
C005087,62,Male,Chennai,2025-09-06,Standard
C005088,45,Female,Kochi,2025-07-26,Gold
C005089,18,Female,Hyderabad,2025-04-25,Gold
C005090,66,Male,Jaipur,2025-08-27,Gold
C005091,62,Male,Kochi,2025-03-17,Premium
C005092,21,Male,Ahmedabad,2025-06-18,Standard
C005093,24,Male,Jaipur,2025-02-17,Standard
C005094,66,Male,Delhi,2025-03-11,Gold
C005095,26,Male,Delhi,2026-05-23,Standard
C005096,53,Female,Kolkata,2025-06-04,Premium
C005097,36,Female,Kolkata,2026-04-06,Gold
C005098,18,Male,Bangalore,2026-01-08,Premium
C005099,27,Male,Delhi,2025-07-21,Standard
C005100,53,Male,Ahmedabad,2025-11-13,Standard
C005101,26,Female,Kolkata,2026-03-27,Standard
C005102,62,Female,Chennai,2025-04-06,Standard
C005103,63,Female,Ahmedabad,2026-05-11,Gold
C005104,59,Female,Chennai,2025-12-28,Standard
C005105,49,Female,Kochi,2026-04-02,Gold
C005106,49,Male,Bangalore,2025-06-27,Standard
C005107,23,Male,Hyderabad,2025-05-09,Gold
C005108,65,Female,Hyderabad,2026-05-05,Gold
C005109,55,Male,Pune,2025-02-08,Premium
C005110,34,Female,Hyderabad,2026-04-03,Standard
C005111,27,Female,Kolkata,2025-12-16,Standard
C005112,67,Female,Ahmedabad,2026-03-28,Gold
C005113,44,Male,Hyderabad,2026-01-15,Standard
C005114,67,Female,Jaipur,2025-04-19,Standard
C005115,52,Female,Bangalore,2025-07-27,Premium
C005116,69,Female,Hyderabad,2025-08-29,Standard
C005117,38,Female,Hyderabad,2025-03-29,Standard
C005118,42,Other,Kolkata,2026-02-03,Standard
C005119,45,Male,Delhi,2025-09-19,Standard
C005120,64,Male,Mumbai,2025-11-21,Gold
C005121,32,Male,Chennai,2026-01-06,Standard
C005122,21,Male,Kolkata,2025-04-15,Gold
C005123,46,Female,Hyderabad,2025-04-08,Standard
C005124,26,Other,Kolkata,2026-05-02,Gold
C005125,44,Male,Kochi,2025-04-06,Standard
C005126,43,Male,Kolkata,2026-04-17,Gold
C005127,36,Male,Chennai,2025-02-15,Premium
C005128,45,Female,Kolkata,2025-01-31,Gold
C005129,34,Male,Pune,2026-02-12,Standard
C005130,60,Male,Kochi,2026-01-10,Standard
C005131,58,Male,Mumbai,2026-01-17,Standard
C005132,59,Male,Delhi,2026-05-04,Gold
C005133,67,Female,Ahmedabad,2025-11-05,Standard
C005134,37,Male,Delhi,2025-05-15,Gold
C005135,62,Male,Hyderabad,2025-11-24,Premium
C005136,57,Male,Chennai,2025-07-18,Standard
C005137,56,Female,Pune,2025-09-17,Standard
C005138,66,Female,Pune,2025-05-04,Premium
C005139,70,Male,Kolkata,2026-01-17,Standard
C005140,40,Male,Ahmedabad,2026-05-22,Standard
C005141,64,Female,Mumbai,2025-04-19,Gold
C005142,49,Male,Ahmedabad,2025-02-10,Standard
C005143,69,Female,Bangalore,2026-03-21,Premium
C005144,64,Male,Pune,2025-05-26,Gold
C005145,50,Male,Pune,2025-06-25,Standard
C005146,63,Female,Hyderabad,2025-10-06,Standard
C005147,22,Female,Jaipur,2026-01-15,Premium
C005148,60,Female,Delhi,2025-06-14,Gold
C005149,65,Male,Bangalore,2026-05-01,Standard
C005150,51,Male,Kolkata,2025-12-27,Standard
C005151,57,Male,Kochi,2025-06-22,Standard
C005152,28,Female,Hyderabad,2025-06-26,Premium
C005153,67,Female,Kochi,2025-02-18,Standard
C005154,20,Male,Kochi,2025-04-21,Standard
C005155,50,Female,Mumbai,2025-07-29,Premium
C005156,28,Female,Pune,2025-06-04,Standard
C005157,33,Male,Ahmedabad,2025-09-30,Standard
C005158,35,Female,Mumbai,2026-03-31,Premium
C005159,47,Male,Jaipur,2025-11-12,Standard
C005160,65,Male,Ahmedabad,2025-08-03,Premium
C005161,27,Other,Kochi,2025-11-26,Standard
C005162,35,Male,Kochi,2025-05-24,Standard
C005163,55,Male,Pune,2025-12-20,Standard
C005164,36,Female,Kolkata,2025-10-08,Premium
C005165,53,Other,Ahmedabad,2025-11-18,Standard
C005166,30,Other,Chennai,2025-11-02,Standard
C005167,63,Female,Delhi,2026-04-24,Standard
C005168,20,Male,Kolkata,2026-01-25,Standard
C005169,27,Female,Ahmedabad,2025-03-05,Gold
C005170,55,Female,Delhi,2025-09-22,Standard
C005171,18,Male,Hyderabad,2025-01-06,Gold
C005172,44,Female,Pune,2025-06-17,Gold
C005173,63,Male,Delhi,2025-12-21,Standard
C005174,25,Male,Ahmedabad,2025-06-22,Standard
C005175,68,Female,Jaipur,2025-04-29,Standard
C005176,63,Female,Jaipur,2025-08-14,Premium
C005177,59,Male,Pune,2025-06-23,Standard
C005178,34,Male,Mumbai,2025-05-09,Standard
C005179,26,Female,Mumbai,2025-07-06,Gold
C005180,23,Male,Jaipur,2025-03-04,Premium
C005181,60,Male,Mumbai,2025-10-01,Standard
C005182,42,Female,Ahmedabad,2025-07-29,Gold
C005183,56,Female,Jaipur,2025-07-12,Standard
C005184,66,Female,Delhi,2026-06-16,Standard
C005185,45,Female,Pune,2025-07-01,Standard
C005186,50,Female,Hyderabad,2025-08-16,Gold
C005187,54,Female,Delhi,2025-03-30,Standard
C005188,26,Male,Delhi,2025-05-24,Standard
C005189,35,Female,Chennai,2025-09-07,Standard
C005190,38,Male,Kochi,2025-08-13,Standard
C005191,19,Male,Pune,2025-06-17,Standard
C005192,60,Male,Jaipur,2025-04-20,Standard
C005193,55,Female,Kolkata,2025-06-22,Standard
C005194,57,Male,Ahmedabad,2026-05-26,Standard
C005195,53,Male,Chennai,2025-10-24,Standard
C005196,67,Female,Jaipur,2025-08-31,Standard
C005197,60,Female,Hyderabad,2025-07-28,Standard
C005198,54,Female,Kochi,2025-08-31,Standard
C005199,32,Male,Delhi,2025-09-11,Standard
C005200,45,Male,Kolkata,2025-03-23,Gold
C005201,35,Female,Mumbai,2026-03-10,Standard
C005202,51,Male,Kolkata,2026-04-20,Standard
C005203,39,Female,Ahmedabad,2026-06-27,Gold
C005204,28,Male,Kochi,2025-01-04,Standard
C005205,30,Female,Kochi,2025-07-13,Gold
C005206,21,Male,Mumbai,2025-02-25,Standard
C005207,39,Male,Delhi,2025-09-18,Standard
C005208,24,Female,Hyderabad,2026-01-15,Standard
C005209,60,Male,Delhi,2026-05-02,Premium
C005210,41,Male,Ahmedabad,2025-04-06,Standard
C005211,21,Female,Hyderabad,2025-12-02,Premium
C005212,45,Male,Delhi,2025-11-25,Standard
C005213,32,Male,Kochi,2026-05-11,Premium
C005214,18,Male,Bangalore,2026-06-03,Standard
C005215,20,Male,Chennai,2025-05-05,Gold
C005216,31,Male,Hyderabad,2025-09-17,Gold
C005217,55,Female,Bangalore,2025-01-08,Gold
C005218,67,Female,Jaipur,2026-01-08,Standard
C005219,18,Male,Jaipur,2025-08-10,Gold
C005220,55,Male,Delhi,2026-06-15,Gold
C005221,55,Female,Mumbai,2025-12-16,Standard
C005222,38,Other,Delhi,2025-01-31,Gold
C005223,65,Male,Mumbai,2025-12-24,Standard
C005224,46,Female,Delhi,2025-01-22,Standard
C005225,22,Female,Kolkata,2025-10-16,Gold
C005226,66,Male,Ahmedabad,2025-08-02,Gold
C005227,27,Male,Chennai,2025-06-14,Standard
C005228,45,Male,Mumbai,2025-05-20,Gold
C005229,38,Female,Ahmedabad,2026-01-05,Gold
C005230,67,Female,Kolkata,2025-11-16,Standard
C005231,24,Female,Jaipur,2026-02-13,Standard
C005232,20,Male,Delhi,2026-03-14,Gold
C005233,62,Female,Pune,2025-01-13,Standard
C005234,64,Female,Ahmedabad,2026-05-16,Standard
C005235,37,Female,Delhi,2025-01-26,Standard
C005236,36,Male,Jaipur,2026-06-18,Gold
C005237,52,Female,Mumbai,2025-03-17,Gold
C005238,21,Male,Ahmedabad,2026-01-01,Standard
C005239,22,Female,Hyderabad,2026-05-06,Standard
C005240,18,Female,Delhi,2025-04-02,Gold
C005241,21,Male,Ahmedabad,2025-09-23,Standard
C005242,29,Female,Kochi,2026-05-14,Premium
C005243,44,Male,Kolkata,2025-06-19,Standard
C005244,59,Female,Bangalore,2025-12-12,Standard
C005245,40,Male,Mumbai,2025-08-16,Standard
C005246,42,Female,Chennai,2025-07-22,Standard
C005247,38,Female,Chennai,2026-03-22,Standard
C005248,69,Male,Kolkata,2026-06-02,Premium
C005249,41,Female,Hyderabad,2025-05-12,Standard
C005250,42,Male,Hyderabad,2025-09-02,Gold
C005251,62,Male,Pune,2025-04-01,Standard
C005252,63,Female,Pune,2025-05-06,Standard
C005253,49,Female,Bangalore,2026-04-17,Premium
C005254,49,Female,Bangalore,2025-08-30,Standard
C005255,22,Female,Pune,2026-05-17,Standard
C005256,53,Female,Kolkata,2026-01-22,Standard
C005257,63,Female,Jaipur,2025-01-07,Gold
C005258,59,Female,Mumbai,2025-03-29,Premium
C005259,66,Female,Kochi,2025-05-25,Standard
C005260,59,Male,Pune,2026-03-27,Gold
C005261,56,Male,Hyderabad,2025-11-27,Standard
C005262,33,Female,Mumbai,2025-06-13,Gold
C005263,50,Female,Jaipur,2025-12-08,Premium
C005264,66,Female,Bangalore,2025-01-01,Standard
C005265,38,Male,Delhi,2025-04-30,Gold
C005266,26,Other,Kolkata,2026-04-09,Standard
C005267,23,Male,Hyderabad,2026-04-07,Gold
C005268,68,Female,Chennai,2025-02-18,Standard
C005269,62,Male,Chennai,2025-11-23,Gold
C005270,52,Male,Bangalore,2026-04-19,Standard
C005271,56,Female,Delhi,2026-01-03,Standard
C005272,39,Other,Hyderabad,2025-10-14,Gold
C005273,58,Male,Kolkata,2025-01-24,Standard
C005274,22,Male,Bangalore,2025-10-20,Standard
C005275,59,Male,Jaipur,2026-03-25,Standard
C005276,40,Male,Chennai,2025-03-04,Standard
C005277,34,Male,Ahmedabad,2026-04-03,Gold
C005278,29,Female,Kochi,2026-06-14,Gold
C005279,40,Female,Mumbai,2026-02-17,Standard
C005280,33,Male,Pune,2025-09-17,Gold
C005281,20,Female,Jaipur,2025-07-03,Gold
C005282,47,Male,Kolkata,2025-02-17,Standard
C005283,39,Male,Ahmedabad,2025-05-27,Standard
C005284,26,Male,Kolkata,2026-02-13,Premium
C005285,46,Female,Chennai,2026-03-16,Standard
C005286,64,Male,Jaipur,2026-04-03,Standard
C005287,54,Male,Bangalore,2025-08-17,Gold
C005288,40,Male,Chennai,2025-10-11,Gold
C005289,30,Male,Hyderabad,2025-12-11,Gold
C005290,49,Male,Hyderabad,2025-09-21,Premium
C005291,63,Female,Kochi,2026-01-13,Standard
C005292,69,Female,Mumbai,2025-04-13,Gold
C005293,64,Female,Delhi,2025-01-23,Premium
C005294,65,Male,Pune,2025-10-20,Standard
C005295,40,Male,Bangalore,2025-09-24,Gold
C005296,62,Male,Ahmedabad,2026-06-13,Standard
C005297,34,Male,Pune,2026-04-21,Standard
C005298,57,Female,Kochi,2026-03-27,Gold
C005299,38,Male,Jaipur,2025-10-12,Premium
C005300,19,Male,Delhi,2025-11-09,Standard
C005301,54,Female,Kolkata,2025-06-11,Standard
C005302,23,Male,Mumbai,2025-05-02,Premium
C005303,61,Other,Pune,2026-04-26,Standard
C005304,35,Male,Pune,2025-04-22,Gold
C005305,47,Female,Mumbai,2025-08-27,Standard
C005306,39,Male,Pune,2025-07-29,Standard
C005307,50,Other,Ahmedabad,2025-12-15,Standard
C005308,47,Male,Delhi,2026-05-26,Standard
C005309,34,Female,Chennai,2025-01-02,Standard
C005310,60,Male,Jaipur,2026-04-06,Standard
C005311,49,Female,Mumbai,2026-04-27,Standard
C005312,59,Male,Mumbai,2025-08-29,Standard
C005313,68,Male,Kolkata,2025-02-23,Standard
C005314,31,Female,Kochi,2026-04-12,Premium
C005315,27,Other,Kochi,2025-04-19,Standard
C005316,64,Male,Pune,2025-10-07,Standard
C005317,68,Female,Mumbai,2025-02-26,Standard
C005318,53,Male,Pune,2025-08-02,Standard
C005319,51,Female,Hyderabad,2026-05-23,Gold
C005320,26,Female,Kolkata,2025-01-28,Standard
C005321,59,Female,Pune,2025-07-23,Gold
C005322,45,Female,Hyderabad,2026-06-29,Standard
C005323,28,Female,Bangalore,2025-11-05,Standard
C005324,31,Male,Kochi,2026-06-12,Standard
C005325,56,Female,Delhi,2025-12-09,Gold
C005326,64,Male,Kochi,2025-08-06,Standard
C005327,36,Female,Chennai,2025-03-28,Gold
C005328,32,Female,Kolkata,2025-01-31,Standard
C005329,45,Male,Kolkata,2025-04-10,Standard
C005330,41,Female,Mumbai,2025-11-11,Gold
C005331,25,Female,Pune,2026-05-10,Standard
C005332,60,Female,Bangalore,2026-04-16,Gold
C005333,26,Male,Chennai,2026-05-30,Standard
C005334,64,Male,Pune,2025-11-27,Premium
C005335,50,Female,Chennai,2025-07-13,Premium
C005336,50,Male,Mumbai,2025-07-10,Gold
C005337,36,Male,Mumbai,2025-09-09,Gold
C005338,20,Female,Kochi,2025-01-01,Gold
C005339,27,Male,Jaipur,2026-04-04,Standard
C005340,57,Female,Kochi,2025-03-31,Gold
C005341,64,Female,Kolkata,2026-06-02,Standard
C005342,59,Female,Kolkata,2026-04-28,Standard
C005343,18,Male,Bangalore,2025-04-26,Premium
C005344,46,Male,Delhi,2025-03-14,Gold
C005345,67,Male,Hyderabad,2025-06-05,Standard
C005346,51,Female,Hyderabad,2025-03-10,Premium
C005347,68,Male,Pune,2026-04-16,Gold
C005348,30,Other,Mumbai,2026-05-07,Standard
C005349,18,Female,Ahmedabad,2025-10-27,Gold
C005350,51,Female,Mumbai,2025-05-24,Standard
C005351,46,Male,Ahmedabad,2025-07-25,Gold
C005352,65,Male,Mumbai,2026-02-11,Standard
C005353,64,Female,Hyderabad,2025-10-24,Standard
C005354,30,Male,Delhi,2026-06-13,Standard
C005355,65,Male,Delhi,2025-05-17,Standard
C005356,66,Male,Kochi,2025-08-07,Standard
C005357,70,Female,Kochi,2026-06-02,Standard
C005358,46,Female,Bangalore,2026-03-24,Gold
C005359,56,Female,Ahmedabad,2025-05-12,Standard
C005360,41,Female,Ahmedabad,2025-12-29,Standard
C005361,43,Male,Ahmedabad,2025-12-10,Standard
C005362,34,Female,Kochi,2025-01-18,Gold
C005363,24,Male,Mumbai,2026-02-20,Standard
C005364,30,Female,Jaipur,2026-06-25,Standard
C005365,22,Male,Kochi,2025-06-02,Standard
C005366,43,Male,Hyderabad,2025-11-28,Gold
C005367,66,Female,Kolkata,2025-11-15,Standard
C005368,20,Male,Pune,2025-07-18,Standard
C005369,24,Female,Jaipur,2026-06-10,Gold
C005370,66,Male,Mumbai,2025-01-10,Standard
C005371,56,Male,Mumbai,2025-05-19,Premium
C005372,70,Male,Pune,2025-06-16,Gold
C005373,18,Female,Ahmedabad,2025-05-27,Standard
C005374,66,Male,Hyderabad,2026-02-07,Gold
C005375,34,Female,Ahmedabad,2026-03-21,Standard
C005376,60,Male,Ahmedabad,2025-03-11,Standard
C005377,42,Male,Kolkata,2025-11-24,Gold
C005378,20,Male,Kolkata,2025-08-17,Standard
C005379,32,Female,Delhi,2025-11-15,Standard
C005380,46,Female,Chennai,2025-02-05,Premium
C005381,70,Male,Chennai,2025-09-12,Standard
C005382,60,Female,Kochi,2025-11-09,Standard
C005383,49,Female,Ahmedabad,2025-12-01,Standard
C005384,43,Male,Pune,2025-01-20,Standard
C005385,33,Female,Ahmedabad,2025-10-25,Standard
C005386,42,Male,Hyderabad,2025-01-21,Gold
C005387,45,Female,Bangalore,2026-04-23,Premium
C005388,26,Female,Pune,2026-04-17,Standard
C005389,18,Male,Chennai,2026-04-15,Standard
C005390,46,Male,Jaipur,2025-12-15,Gold
C005391,39,Other,Delhi,2026-01-21,Gold
C005392,33,Female,Delhi,2026-06-30,Standard
C005393,58,Female,Kochi,2026-03-22,Standard
C005394,68,Male,Ahmedabad,2025-04-09,Standard
C005395,61,Male,Pune,2025-02-24,Standard
C005396,68,Male,Hyderabad,2025-01-03,Standard
C005397,58,Male,Jaipur,2025-11-28,Standard
C005398,24,Female,Kochi,2026-03-11,Standard
C005399,31,Female,Mumbai,2026-05-01,Standard
C005400,46,Female,Kochi,2025-08-07,Standard
C005401,36,Male,Mumbai,2025-07-30,Standard
C005402,36,Female,Chennai,2026-05-11,Standard
C005403,19,Female,Hyderabad,2025-08-20,Gold
C005404,58,Female,Mumbai,2025-05-28,Gold
C005405,62,Female,Kolkata,2025-07-26,Gold
C005406,32,Other,Hyderabad,2025-12-26,Standard
C005407,20,Female,Ahmedabad,2026-02-23,Standard
C005408,28,Male,Ahmedabad,2026-02-21,Standard
C005409,70,Male,Kochi,2025-07-01,Standard
C005410,63,Other,Chennai,2025-07-29,Premium
C005411,47,Female,Mumbai,2025-09-07,Standard
C005412,57,Male,Ahmedabad,2026-05-27,Gold
C005413,35,Male,Bangalore,2025-05-19,Standard
C005414,68,Female,Bangalore,2025-08-19,Gold
C005415,65,Other,Mumbai,2025-01-12,Standard
C005416,19,Male,Chennai,2025-09-30,Gold
C005417,49,Female,Bangalore,2026-05-03,Standard
C005418,25,Female,Ahmedabad,2025-03-31,Standard
C005419,39,Male,Chennai,2025-01-25,Premium
C005420,23,Male,Mumbai,2026-06-22,Standard
C005421,29,Female,Hyderabad,2025-03-01,Gold
C005422,64,Female,Chennai,2025-06-20,Standard
C005423,57,Female,Ahmedabad,2026-03-23,Standard
C005424,53,Female,Hyderabad,2025-01-10,Standard
C005425,32,Male,Jaipur,2025-08-31,Standard
C005426,45,Female,Kochi,2025-06-27,Gold
C005427,69,Male,Delhi,2025-09-14,Standard
C005428,66,Male,Jaipur,2025-11-06,Gold
C005429,62,Male,Hyderabad,2026-05-31,Standard
C005430,35,Male,Delhi,2025-08-03,Premium
C005431,19,Female,Kochi,2025-01-30,Standard
C005432,30,Female,Pune,2025-12-12,Standard
C005433,62,Female,Jaipur,2025-03-06,Standard
C005434,32,Male,Ahmedabad,2025-06-02,Premium
C005435,37,Female,Chennai,2025-02-09,Standard
C005436,46,Female,Chennai,2025-01-26,Standard
C005437,59,Female,Delhi,2025-09-30,Standard
C005438,46,Female,Delhi,2025-06-08,Premium
C005439,20,Male,Delhi,2025-01-01,Standard
C005440,36,Male,Mumbai,2025-03-20,Standard
C005441,20,Male,Ahmedabad,2025-08-16,Standard
C005442,31,Female,Delhi,2025-11-23,Standard
C005443,57,Other,Bangalore,2026-05-16,Standard
C005444,21,Male,Kochi,2026-04-20,Standard
C005445,69,Male,Delhi,2025-12-21,Standard
C005446,28,Male,Bangalore,2025-05-04,Gold
C005447,48,Female,Mumbai,2026-02-28,Premium
C005448,60,Male,Bangalore,2025-09-09,Standard
C005449,49,Male,Pune,2026-05-29,Standard
C005450,44,Male,Pune,2026-05-22,Standard
C005451,47,Female,Bangalore,2026-05-01,Gold
C005452,60,Female,Ahmedabad,2026-04-23,Standard
C005453,19,Female,Mumbai,2025-11-29,Premium
C005454,66,Male,Chennai,2025-08-20,Standard
C005455,26,Male,Bangalore,2026-06-26,Standard
C005456,45,Male,Hyderabad,2025-01-30,Standard
C005457,48,Male,Kolkata,2025-06-22,Premium
C005458,51,Male,Kochi,2026-04-13,Premium
C005459,32,Male,Kochi,2026-04-21,Premium
C005460,65,Female,Ahmedabad,2025-11-13,Gold
C005461,42,Male,Delhi,2026-02-01,Standard
C005462,53,Male,Kolkata,2025-05-05,Standard
C005463,25,Female,Chennai,2025-03-21,Standard
C005464,26,Female,Mumbai,2026-06-11,Gold
C005465,54,Female,Pune,2026-06-07,Standard
C005466,65,Female,Delhi,2026-01-31,Gold
C005467,62,Male,Pune,2025-03-30,Standard
C005468,56,Female,Chennai,2025-01-03,Gold
C005469,49,Female,Kolkata,2026-06-20,Premium
C005470,69,Male,Ahmedabad,2026-06-05,Gold
C005471,34,Male,Jaipur,2025-03-12,Gold
C005472,52,Female,Pune,2025-05-19,Standard
C005473,54,Male,Kolkata,2025-01-10,Standard
C005474,36,Male,Bangalore,2026-05-30,Premium
C005475,61,Male,Jaipur,2026-06-15,Standard
C005476,46,Male,Pune,2025-05-10,Standard
C005477,24,Male,Mumbai,2026-02-05,Standard
C005478,45,Male,Kochi,2025-08-09,Gold
C005479,26,Male,Jaipur,2026-03-13,Standard
C005480,45,Male,Bangalore,2026-02-04,Standard
C005481,23,Female,Chennai,2025-04-23,Premium
C005482,46,Male,Hyderabad,2026-03-28,Premium
C005483,34,Female,Bangalore,2025-08-06,Standard
C005484,33,Female,Chennai,2025-02-27,Gold
C005485,40,Female,Chennai,2025-04-23,Gold
C005486,48,Female,Kolkata,2025-05-02,Standard
C005487,20,Male,Kochi,2026-02-12,Standard
C005488,38,Male,Pune,2026-04-05,Standard
C005489,43,Female,Jaipur,2025-03-26,Gold
C005490,53,Male,Delhi,2026-02-04,Standard
C005491,59,Female,Jaipur,2025-12-22,Gold
C005492,54,Female,Kochi,2025-04-09,Gold
C005493,70,Male,Jaipur,2026-06-05,Standard
C005494,39,Female,Chennai,2026-06-02,Standard
C005495,59,Female,Jaipur,2025-04-18,Standard
C005496,29,Male,Hyderabad,2025-06-01,Standard
C005497,59,Male,Hyderabad,2025-01-27,Standard
C005498,30,Female,Jaipur,2025-04-29,Standard
C005499,28,Female,Kolkata,2025-04-10,Gold
C005500,33,Male,Ahmedabad,2025-01-03,Standard
C005501,25,Male,Kolkata,2025-11-25,Standard
C005502,57,Female,Jaipur,2026-06-13,Standard
C005503,57,Female,Ahmedabad,2025-04-16,Standard
C005504,62,Female,Mumbai,2025-08-18,Gold
C005505,19,Other,Chennai,2025-10-31,Standard
C005506,47,Male,Delhi,2025-06-26,Standard
C005507,47,Male,Chennai,2025-03-25,Gold
C005508,29,Female,Mumbai,2025-09-20,Standard
C005509,27,Female,Chennai,2025-07-15,Standard
C005510,61,Male,Delhi,2025-09-06,Gold
C005511,28,Male,Pune,2026-01-17,Standard
C005512,32,Female,Bangalore,2026-04-03,Standard
C005513,33,Male,Ahmedabad,2026-02-13,Standard
C005514,34,Female,Chennai,2025-03-22,Standard
C005515,43,Male,Delhi,2026-02-16,Gold
C005516,19,Male,Ahmedabad,2025-07-25,Gold
C005517,67,Male,Delhi,2026-01-23,Premium
C005518,29,Female,Hyderabad,2026-02-03,Standard
C005519,68,Female,Pune,2025-01-08,Premium
C005520,43,Female,Bangalore,2026-06-01,Gold
C005521,40,Female,Bangalore,2026-03-26,Standard
C005522,35,Male,Ahmedabad,2026-04-21,Gold
C005523,49,Male,Kolkata,2025-12-08,Standard
C005524,66,Female,Kochi,2025-03-14,Standard
C005525,55,Female,Kochi,2025-05-01,Standard
C005526,64,Female,Hyderabad,2025-10-29,Gold
C005527,20,Female,Ahmedabad,2025-08-22,Standard
C005528,55,Male,Ahmedabad,2025-03-07,Standard
C005529,20,Male,Bangalore,2025-08-18,Premium
C005530,47,Female,Kochi,2026-06-27,Standard
C005531,18,Male,Kolkata,2025-02-20,Standard
C005532,47,Male,Chennai,2025-11-25,Premium
C005533,62,Female,Chennai,2026-01-22,Standard
C005534,49,Male,Chennai,2025-02-07,Standard
C005535,45,Female,Delhi,2025-06-22,Gold
C005536,38,Male,Kolkata,2026-05-08,Standard
C005537,63,Female,Mumbai,2026-03-31,Premium
C005538,30,Female,Mumbai,2025-02-10,Standard
C005539,44,Female,Jaipur,2025-05-09,Gold
C005540,53,Male,Kochi,2025-02-23,Standard
C005541,24,Male,Jaipur,2025-03-27,Standard
C005542,39,Male,Kolkata,2025-09-26,Standard
C005543,27,Male,Kochi,2025-10-23,Standard
C005544,56,Female,Mumbai,2025-01-21,Standard
C005545,70,Male,Ahmedabad,2025-08-03,Standard
C005546,32,Male,Kochi,2026-03-01,Gold
C005547,32,Male,Hyderabad,2025-07-08,Standard
C005548,21,Female,Hyderabad,2025-06-10,Standard
C005549,49,Male,Kolkata,2026-06-25,Standard
C005550,40,Female,Jaipur,2026-01-16,Standard
C005551,23,Female,Mumbai,2025-09-01,Standard
C005552,41,Female,Mumbai,2025-07-02,Standard
C005553,37,Female,Bangalore,2026-06-28,Standard
C005554,54,Male,Bangalore,2025-04-03,Gold
C005555,37,Female,Hyderabad,2026-01-03,Gold
C005556,29,Female,Kolkata,2025-06-08,Standard
C005557,50,Female,Jaipur,2026-02-02,Standard
C005558,45,Female,Mumbai,2025-06-29,Standard
C005559,25,Male,Chennai,2026-03-14,Premium
C005560,18,Male,Pune,2026-01-08,Standard
C005561,54,Female,Pune,2025-11-02,Gold
C005562,39,Female,Jaipur,2026-01-14,Standard
C005563,23,Male,Mumbai,2025-08-06,Standard
C005564,38,Male,Ahmedabad,2025-11-25,Premium
C005565,49,Male,Hyderabad,2025-12-09,Premium
C005566,52,Female,Chennai,2025-06-12,Standard
C005567,32,Female,Jaipur,2025-06-07,Gold
C005568,22,Female,Pune,2025-04-20,Gold
C005569,63,Male,Ahmedabad,2025-12-16,Standard
C005570,67,Male,Kochi,2025-12-31,Gold
C005571,65,Male,Jaipur,2025-01-15,Premium
C005572,23,Male,Bangalore,2025-06-02,Standard
C005573,42,Female,Bangalore,2026-06-16,Premium
C005574,63,Male,Delhi,2026-02-04,Gold
C005575,57,Female,Jaipur,2025-02-21,Standard
C005576,46,Female,Kolkata,2026-04-14,Gold
C005577,24,Female,Kolkata,2025-11-17,Gold
C005578,57,Male,Chennai,2026-01-02,Standard
C005579,30,Male,Hyderabad,2026-05-01,Standard
C005580,55,Male,Mumbai,2025-01-16,Gold
C005581,35,Female,Chennai,2026-02-15,Gold
C005582,19,Female,Kochi,2025-10-01,Standard
C005583,25,Male,Jaipur,2025-11-02,Standard
C005584,28,Male,Delhi,2025-04-02,Standard
C005585,50,Female,Kolkata,2026-04-03,Standard
C005586,55,Female,Jaipur,2025-09-27,Standard
C005587,65,Other,Delhi,2025-02-21,Gold
C005588,44,Male,Pune,2025-05-01,Premium
C005589,37,Male,Mumbai,2025-02-19,Standard
C005590,29,Male,Ahmedabad,2026-04-20,Gold
C005591,60,Male,Bangalore,2026-05-07,Gold
C005592,48,Female,Bangalore,2026-01-15,Standard
C005593,44,Male,Delhi,2026-01-22,Gold
C005594,49,Male,Kochi,2025-10-16,Standard
C005595,27,Female,Jaipur,2026-03-30,Premium
C005596,20,Male,Chennai,2026-01-06,Standard
C005597,62,Female,Hyderabad,2025-07-03,Standard
C005598,44,Male,Ahmedabad,2025-07-24,Standard
C005599,52,Female,Delhi,2025-06-21,Standard
C005600,48,Male,Hyderabad,2025-08-10,Standard
C005601,32,Female,Pune,2025-06-17,Standard
C005602,33,Male,Pune,2025-09-01,Standard
C005603,30,Male,Delhi,2025-08-06,Standard
C005604,66,Female,Delhi,2025-02-25,Standard
C005605,52,Male,Pune,2025-06-16,Gold
C005606,69,Male,Chennai,2026-06-03,Standard
C005607,28,Female,Pune,2025-05-22,Standard
C005608,38,Female,Chennai,2025-05-05,Gold
C005609,68,Male,Hyderabad,2025-03-31,Standard
C005610,28,Male,Chennai,2025-11-07,Standard
C005611,47,Male,Bangalore,2026-01-06,Standard
C005612,65,Male,Bangalore,2025-08-04,Gold
C005613,70,Other,Jaipur,2026-03-17,Gold
C005614,52,Female,Mumbai,2025-07-05,Standard
C005615,39,Male,Delhi,2025-06-02,Standard
C005616,55,Other,Kochi,2025-04-06,Standard
C005617,48,Female,Kolkata,2025-12-02,Standard
C005618,31,Female,Chennai,2026-05-30,Standard
C005619,41,Male,Kochi,2025-05-29,Gold
C005620,67,Male,Jaipur,2026-06-16,Standard
C005621,66,Female,Mumbai,2026-02-06,Gold
C005622,49,Male,Kochi,2025-11-27,Premium
C005623,53,Male,Kochi,2025-08-15,Standard
C005624,49,Male,Bangalore,2025-12-24,Premium
C005625,32,Male,Ahmedabad,2025-11-12,Premium
C005626,60,Female,Mumbai,2025-02-05,Gold
C005627,52,Female,Kolkata,2026-05-24,Standard
C005628,20,Male,Hyderabad,2026-04-23,Gold
C005629,33,Male,Jaipur,2026-03-04,Premium
C005630,22,Female,Delhi,2026-03-26,Gold
C005631,38,Male,Delhi,2025-03-31,Standard
C005632,27,Female,Hyderabad,2026-06-25,Gold
C005633,36,Female,Jaipur,2025-06-25,Premium
C005634,42,Male,Hyderabad,2026-02-24,Standard
C005635,21,Female,Chennai,2025-06-20,Gold
C005636,46,Female,Jaipur,2026-01-29,Standard
C005637,36,Male,Jaipur,2025-09-23,Standard
C005638,60,Male,Kochi,2026-05-19,Standard
C005639,19,Other,Mumbai,2025-05-14,Standard
C005640,27,Male,Mumbai,2025-01-26,Gold
C005641,60,Female,Kochi,2025-10-04,Standard
C005642,42,Female,Pune,2025-04-10,Standard
C005643,37,Male,Jaipur,2026-03-18,Standard
C005644,65,Male,Ahmedabad,2026-03-01,Standard
C005645,36,Female,Kochi,2025-01-30,Gold
C005646,40,Male,Hyderabad,2026-05-11,Standard
C005647,41,Female,Pune,2025-07-10,Standard
C005648,28,Female,Kolkata,2025-07-06,Premium
C005649,63,Female,Pune,2025-05-20,Standard
C005650,51,Male,Hyderabad,2025-11-16,Gold
C005651,45,Female,Jaipur,2026-01-04,Standard
C005652,22,Female,Mumbai,2025-10-24,Standard
C005653,22,Female,Chennai,2025-07-19,Standard
C005654,68,Male,Jaipur,2026-01-14,Standard
C005655,38,Female,Hyderabad,2025-03-21,Standard
C005656,29,Female,Pune,2026-03-23,Standard
C005657,67,Male,Delhi,2026-05-16,Gold
C005658,21,Other,Chennai,2025-09-16,Standard
C005659,66,Male,Bangalore,2026-06-28,Standard
C005660,59,Male,Jaipur,2025-05-01,Gold
C005661,37,Female,Hyderabad,2025-02-24,Standard
C005662,55,Male,Kolkata,2026-05-08,Premium
C005663,42,Female,Jaipur,2025-01-18,Gold
C005664,31,Female,Jaipur,2025-11-05,Standard
C005665,28,Male,Kochi,2025-04-20,Premium
C005666,49,Male,Pune,2025-11-27,Gold
C005667,28,Female,Ahmedabad,2025-09-21,Premium
C005668,35,Female,Jaipur,2025-09-25,Gold
C005669,44,Female,Hyderabad,2026-03-11,Premium
C005670,35,Female,Pune,2026-03-26,Gold
C005671,40,Male,Delhi,2025-10-24,Gold
C005672,28,Male,Kolkata,2025-05-17,Gold
C005673,38,Female,Kolkata,2026-02-01,Premium
C005674,61,Female,Jaipur,2025-07-03,Standard
C005675,22,Male,Bangalore,2026-02-16,Gold
C005676,40,Female,Pune,2025-11-16,Premium
C005677,58,Female,Delhi,2025-11-22,Standard
C005678,42,Female,Mumbai,2026-02-21,Standard
C005679,58,Male,Kochi,2025-03-31,Standard
C005680,27,Female,Bangalore,2026-03-17,Premium
C005681,39,Female,Mumbai,2025-03-16,Gold
C005682,36,Female,Kochi,2025-09-24,Standard
C005683,18,Female,Kolkata,2025-11-08,Premium
C005684,24,Female,Mumbai,2026-04-28,Standard
C005685,21,Female,Bangalore,2025-01-28,Standard
C005686,18,Other,Kochi,2025-12-08,Gold
C005687,32,Male,Bangalore,2026-03-02,Standard
C005688,57,Male,Bangalore,2026-06-19,Standard
C005689,29,Female,Kochi,2026-02-14,Gold
C005690,39,Male,Delhi,2025-10-12,Standard
C005691,39,Male,Kolkata,2025-04-16,Gold
C005692,67,Male,Jaipur,2026-05-19,Standard
C005693,64,Male,Ahmedabad,2025-02-15,Premium
C005694,34,Male,Chennai,2026-03-23,Gold
C005695,46,Male,Jaipur,2025-05-24,Gold
C005696,63,Other,Mumbai,2026-06-21,Standard
C005697,31,Female,Kochi,2025-03-03,Premium
C005698,67,Female,Delhi,2025-03-23,Standard
C005699,37,Male,Delhi,2025-12-02,Standard
C005700,67,Female,Mumbai,2025-07-30,Standard
C005701,65,Female,Pune,2026-02-04,Premium
C005702,50,Female,Bangalore,2025-12-13,Gold
C005703,60,Male,Chennai,2025-07-17,Premium
C005704,32,Male,Mumbai,2026-01-12,Gold
C005705,29,Female,Mumbai,2025-06-11,Standard
C005706,57,Female,Ahmedabad,2025-07-27,Premium
C005707,37,Female,Jaipur,2026-03-03,Standard
C005708,47,Female,Mumbai,2025-02-13,Standard
C005709,55,Male,Pune,2026-05-06,Standard
C005710,20,Female,Mumbai,2025-10-06,Standard
C005711,45,Male,Mumbai,2025-05-26,Gold
C005712,43,Female,Jaipur,2025-03-10,Standard
C005713,47,Other,Mumbai,2026-06-06,Standard
C005714,30,Female,Pune,2025-04-21,Gold
C005715,30,Male,Jaipur,2025-02-24,Standard
C005716,19,Male,Hyderabad,2025-08-11,Standard
C005717,54,Female,Kolkata,2026-06-08,Premium
C005718,66,Female,Kolkata,2025-05-26,Standard
C005719,55,Female,Bangalore,2025-09-21,Gold
C005720,19,Female,Chennai,2026-06-28,Standard
C005721,53,Male,Delhi,2026-04-13,Standard
C005722,43,Female,Ahmedabad,2025-07-06,Gold
C005723,28,Female,Pune,2025-12-09,Standard
C005724,25,Other,Kolkata,2025-04-09,Standard
C005725,61,Male,Hyderabad,2025-11-02,Standard
C005726,57,Female,Pune,2025-07-18,Standard
C005727,60,Male,Jaipur,2025-06-03,Standard
C005728,39,Female,Hyderabad,2025-04-06,Standard
C005729,37,Female,Pune,2025-12-25,Standard
C005730,25,Male,Kolkata,2026-02-03,Premium
C005731,46,Male,Delhi,2026-01-11,Standard
C005732,57,Female,Kochi,2025-11-24,Standard
C005733,43,Female,Ahmedabad,2025-09-29,Gold
C005734,47,Male,Ahmedabad,2025-10-22,Gold
C005735,34,Male,Pune,2026-01-30,Standard
C005736,37,Female,Kolkata,2026-04-17,Standard
C005737,69,Female,Hyderabad,2025-01-18,Standard
C005738,33,Male,Kolkata,2025-03-18,Standard
C005739,63,Female,Kolkata,2025-02-18,Standard
C005740,60,Male,Mumbai,2026-05-13,Standard
C005741,24,Male,Kochi,2026-03-02,Standard
C005742,33,Male,Mumbai,2025-05-09,Standard
C005743,62,Female,Hyderabad,2026-06-03,Standard
C005744,64,Male,Kochi,2025-10-31,Gold
C005745,65,Female,Kolkata,2025-04-22,Standard
C005746,44,Male,Delhi,2025-12-29,Standard
C005747,70,Other,Hyderabad,2025-03-07,Standard
C005748,40,Female,Pune,2025-01-31,Standard
C005749,41,Female,Pune,2025-10-22,Gold
C005750,26,Female,Pune,2025-11-15,Premium
C005751,52,Female,Chennai,2025-01-14,Standard
C005752,68,Female,Kochi,2025-08-30,Standard
C005753,37,Male,Kolkata,2025-12-19,Gold
C005754,54,Male,Kolkata,2025-09-05,Standard
C005755,59,Female,Kochi,2026-04-13,Premium
C005756,34,Male,Mumbai,2026-01-23,Standard
C005757,64,Male,Pune,2026-03-18,Gold
C005758,48,Female,Mumbai,2025-12-08,Standard
C005759,25,Male,Mumbai,2026-05-31,Standard
C005760,32,Female,Pune,2025-02-14,Standard
C005761,48,Male,Jaipur,2026-02-23,Gold
C005762,70,Other,Kolkata,2025-07-22,Gold
C005763,47,Female,Chennai,2026-06-23,Premium
C005764,63,Female,Pune,2026-01-21,Standard
C005765,37,Male,Delhi,2025-12-26,Gold
C005766,56,Female,Pune,2026-04-13,Standard
C005767,70,Female,Ahmedabad,2025-07-24,Standard
C005768,29,Female,Ahmedabad,2025-09-04,Standard
C005769,66,Female,Hyderabad,2025-02-18,Standard
C005770,34,Male,Jaipur,2026-01-01,Gold
C005771,59,Female,Pune,2025-09-10,Gold
C005772,47,Female,Kolkata,2025-03-19,Standard
C005773,46,Male,Jaipur,2026-02-21,Standard
C005774,36,Female,Kolkata,2025-02-04,Gold
C005775,63,Female,Kochi,2026-03-14,Premium
C005776,28,Female,Jaipur,2025-11-08,Standard
C005777,51,Male,Bangalore,2025-05-23,Premium
C005778,67,Female,Bangalore,2025-07-16,Premium
C005779,24,Other,Hyderabad,2025-09-17,Standard
C005780,61,Female,Jaipur,2026-01-01,Gold
C005781,51,Female,Bangalore,2025-07-11,Standard
C005782,37,Female,Bangalore,2026-05-02,Gold
C005783,67,Female,Delhi,2026-06-18,Standard
C005784,55,Female,Ahmedabad,2025-01-24,Standard
C005785,41,Male,Chennai,2025-03-16,Standard
C005786,27,Male,Mumbai,2026-01-29,Gold
C005787,49,Male,Pune,2026-04-03,Premium
C005788,69,Male,Bangalore,2025-04-20,Standard
C005789,32,Male,Mumbai,2025-03-31,Standard
C005790,54,Male,Mumbai,2025-02-06,Premium
C005791,37,Female,Jaipur,2025-11-03,Standard
C005792,20,Male,Jaipur,2025-03-03,Gold
C005793,54,Male,Pune,2025-11-01,Gold
C005794,57,Male,Ahmedabad,2025-06-28,Gold
C005795,25,Female,Kochi,2026-06-24,Standard
C005796,57,Male,Mumbai,2026-03-20,Standard
C005797,61,Male,Kochi,2026-06-03,Standard
C005798,40,Male,Ahmedabad,2025-02-05,Standard
C005799,57,Female,Hyderabad,2026-04-23,Standard
C005800,28,Female,Chennai,2025-03-14,Standard
C005801,63,Female,Pune,2025-01-30,Gold
C005802,25,Male,Delhi,2025-10-30,Premium
C005803,46,Female,Ahmedabad,2025-12-13,Standard
C005804,47,Female,Bangalore,2026-05-26,Gold
C005805,27,Male,Kochi,2026-06-01,Gold
C005806,56,Male,Hyderabad,2025-03-06,Standard
C005807,45,Male,Kolkata,2026-03-29,Gold
C005808,66,Female,Kochi,2026-06-13,Standard
C005809,53,Male,Mumbai,2026-01-04,Standard
C005810,30,Male,Kochi,2025-02-06,Premium
C005811,49,Female,Delhi,2026-01-16,Premium
C005812,53,Female,Ahmedabad,2025-08-07,Standard
C005813,54,Female,Bangalore,2025-09-03,Standard
C005814,43,Female,Bangalore,2025-09-08,Premium
C005815,39,Female,Kolkata,2025-12-12,Gold
C005816,21,Female,Jaipur,2026-04-17,Gold
C005817,48,Male,Mumbai,2025-05-02,Standard
C005818,35,Male,Ahmedabad,2025-11-22,Gold
C005819,55,Female,Kochi,2026-06-12,Standard
C005820,41,Other,Kolkata,2025-05-01,Premium
C005821,40,Female,Chennai,2025-05-19,Standard
C005822,39,Male,Delhi,2025-03-28,Gold
C005823,19,Male,Jaipur,2025-05-10,Standard
C005824,48,Male,Jaipur,2025-09-09,Standard
C005825,28,Female,Hyderabad,2025-12-26,Gold
C005826,45,Female,Hyderabad,2026-03-06,Standard
C005827,63,Female,Chennai,2025-02-16,Gold
C005828,49,Female,Kolkata,2026-05-16,Gold
C005829,22,Male,Pune,2026-03-01,Standard
C005830,55,Male,Delhi,2026-01-10,Gold
C005831,27,Male,Kolkata,2025-04-21,Gold
C005832,57,Female,Mumbai,2025-08-15,Standard
C005833,63,Male,Delhi,2025-02-08,Standard
C005834,41,Female,Jaipur,2025-05-15,Standard
C005835,52,Female,Jaipur,2025-10-22,Standard
C005836,61,Male,Mumbai,2025-02-03,Standard
C005837,65,Male,Pune,2026-03-04,Premium
C005838,40,Male,Chennai,2025-03-09,Gold
C005839,34,Female,Hyderabad,2025-07-18,Standard
C005840,18,Male,Jaipur,2025-09-16,Gold
C005841,48,Male,Pune,2025-05-17,Gold
C005842,48,Female,Ahmedabad,2026-01-16,Standard
C005843,59,Female,Delhi,2026-06-08,Standard
C005844,59,Female,Chennai,2025-08-26,Gold
C005845,70,Female,Kolkata,2025-10-11,Standard
C005846,51,Female,Pune,2026-04-03,Gold
C005847,26,Female,Chennai,2025-05-15,Standard
C005848,39,Male,Pune,2025-03-23,Gold
C005849,30,Male,Ahmedabad,2025-07-28,Gold
C005850,42,Female,Bangalore,2026-02-07,Standard
C005851,65,Female,Mumbai,2025-07-07,Standard
C005852,35,Female,Bangalore,2026-05-08,Gold
C005853,68,Female,Chennai,2025-09-12,Gold
C005854,29,Female,Bangalore,2025-11-19,Gold
C005855,57,Male,Pune,2026-03-01,Gold
C005856,34,Male,Pune,2026-02-19,Standard
C005857,32,Male,Bangalore,2025-06-16,Standard
C005858,59,Female,Mumbai,2026-04-30,Gold
C005859,32,Male,Mumbai,2026-03-12,Standard
C005860,32,Male,Ahmedabad,2026-06-16,Standard
C005861,56,Male,Pune,2026-04-26,Gold
C005862,30,Male,Chennai,2025-06-29,Premium
C005863,34,Male,Delhi,2025-03-12,Standard
C005864,49,Male,Mumbai,2026-03-17,Standard
C005865,26,Female,Kochi,2025-05-19,Gold
C005866,57,Male,Mumbai,2025-04-12,Standard
C005867,37,Male,Ahmedabad,2026-04-13,Standard
C005868,43,Female,Delhi,2025-10-10,Gold
C005869,44,Female,Hyderabad,2025-01-29,Standard
C005870,38,Male,Kochi,2025-01-18,Standard
C005871,35,Male,Mumbai,2026-05-23,Standard
C005872,30,Female,Bangalore,2025-01-20,Standard
C005873,33,Male,Pune,2025-11-22,Gold
C005874,26,Male,Kochi,2025-12-22,Standard
C005875,29,Male,Mumbai,2026-03-09,Standard
C005876,61,Male,Pune,2026-02-03,Standard
C005877,55,Female,Chennai,2025-01-18,Premium
C005878,36,Female,Delhi,2026-01-11,Premium
C005879,24,Female,Jaipur,2025-12-06,Gold
C005880,52,Female,Ahmedabad,2025-05-30,Standard
C005881,65,Male,Hyderabad,2025-08-21,Standard
C005882,35,Female,Bangalore,2025-04-14,Gold
C005883,33,Male,Kochi,2025-08-09,Standard
C005884,56,Male,Hyderabad,2025-01-26,Gold
C005885,21,Female,Ahmedabad,2025-03-05,Standard
C005886,42,Female,Hyderabad,2025-09-11,Standard
C005887,49,Male,Delhi,2025-09-06,Standard
C005888,57,Female,Chennai,2025-05-11,Standard
C005889,30,Male,Bangalore,2025-01-30,Gold
C005890,62,Male,Kochi,2025-01-10,Gold
C005891,34,Male,Delhi,2025-03-30,Standard
C005892,66,Female,Delhi,2026-03-06,Premium
C005893,54,Female,Pune,2025-05-27,Standard
C005894,23,Female,Chennai,2025-05-07,Premium
C005895,36,Male,Jaipur,2025-05-04,Standard
C005896,30,Male,Chennai,2025-12-07,Gold
C005897,43,Female,Chennai,2026-06-02,Premium
C005898,31,Male,Delhi,2025-02-20,Gold
C005899,48,Male,Jaipur,2026-02-02,Standard
C005900,21,Other,Mumbai,2025-11-10,Standard
C005901,56,Female,Pune,2026-05-29,Standard
C005902,25,Male,Chennai,2026-05-17,Standard
C005903,42,Male,Mumbai,2026-06-14,Gold
C005904,30,Male,Jaipur,2026-02-23,Gold
C005905,49,Female,Chennai,2025-07-13,Standard
C005906,55,Female,Bangalore,2025-11-08,Standard
C005907,55,Female,Mumbai,2025-10-26,Gold
C005908,45,Male,Mumbai,2025-11-25,Standard
C005909,70,Male,Bangalore,2026-04-21,Gold
C005910,47,Other,Mumbai,2025-04-27,Standard
C005911,20,Other,Hyderabad,2025-09-21,Standard
C005912,45,Female,Chennai,2026-06-01,Premium
C005913,20,Male,Kochi,2026-06-03,Standard
C005914,62,Female,Mumbai,2025-01-21,Gold
C005915,51,Female,Ahmedabad,2026-04-22,Standard
C005916,33,Female,Kolkata,2025-06-22,Standard
C005917,39,Female,Jaipur,2025-03-03,Premium
C005918,49,Male,Ahmedabad,2025-07-25,Gold
C005919,55,Male,Bangalore,2025-06-28,Premium
C005920,25,Male,Chennai,2025-12-08,Premium
C005921,25,Female,Chennai,2026-03-16,Standard
C005922,23,Female,Ahmedabad,2025-03-16,Premium
C005923,31,Female,Mumbai,2025-10-17,Standard
C005924,49,Male,Jaipur,2025-05-24,Standard
C005925,52,Female,Chennai,2025-07-27,Gold
C005926,27,Female,Mumbai,2025-09-29,Standard
C005927,20,Male,Bangalore,2026-02-19,Premium
C005928,29,Female,Hyderabad,2026-02-01,Standard
C005929,66,Male,Pune,2026-01-19,Standard
C005930,48,Male,Jaipur,2025-09-18,Standard
C005931,46,Male,Bangalore,2025-06-16,Standard
C005932,22,Female,Delhi,2025-01-18,Standard
C005933,69,Female,Chennai,2025-09-04,Standard
C005934,42,Male,Kolkata,2025-10-23,Gold
C005935,58,Female,Mumbai,2026-02-18,Premium
C005936,48,Female,Delhi,2025-11-16,Standard
C005937,38,Female,Ahmedabad,2025-06-30,Standard
C005938,37,Male,Chennai,2025-10-23,Standard
C005939,56,Female,Hyderabad,2025-03-02,Standard
C005940,39,Female,Delhi,2025-07-28,Standard
C005941,21,Male,Kochi,2025-06-15,Standard
C005942,30,Male,Mumbai,2025-10-27,Gold
C005943,62,Female,Delhi,2025-12-17,Standard
C005944,59,Male,Hyderabad,2025-03-02,Standard
C005945,67,Female,Jaipur,2025-09-20,Premium
C005946,66,Male,Ahmedabad,2025-05-04,Gold
C005947,37,Female,Pune,2025-08-26,Standard
C005948,69,Male,Bangalore,2026-06-26,Gold
C005949,30,Male,Mumbai,2025-03-31,Standard
C005950,34,Male,Kolkata,2025-05-19,Gold
C005951,53,Female,Kochi,2025-12-28,Gold
C005952,50,Female,Delhi,2026-02-17,Standard
C005953,18,Male,Mumbai,2025-04-03,Gold
C005954,32,Male,Jaipur,2025-05-14,Gold
C005955,30,Female,Ahmedabad,2025-07-23,Gold
C005956,34,Male,Hyderabad,2025-02-07,Premium
C005957,41,Female,Pune,2026-04-02,Standard
C005958,25,Male,Mumbai,2026-06-18,Gold
C005959,67,Female,Kolkata,2026-03-14,Premium
C005960,44,Female,Bangalore,2025-08-12,Standard
C005961,62,Other,Bangalore,2025-06-17,Standard
C005962,40,Female,Pune,2025-04-17,Gold
C005963,63,Male,Kochi,2026-01-15,Gold
C005964,25,Male,Kolkata,2025-01-24,Standard
C005965,25,Female,Jaipur,2026-05-26,Standard
C005966,43,Female,Kolkata,2025-11-03,Premium
C005967,64,Female,Jaipur,2025-12-24,Standard
C005968,30,Female,Kochi,2026-01-05,Standard
C005969,56,Female,Jaipur,2025-06-20,Premium
C005970,54,Male,Ahmedabad,2025-08-10,Standard
C005971,66,Male,Kolkata,2026-03-19,Gold
C005972,45,Male,Hyderabad,2025-06-02,Gold
C005973,42,Male,Hyderabad,2026-01-11,Premium
C005974,33,Female,Delhi,2025-10-08,Standard
C005975,19,Male,Kolkata,2025-08-07,Premium
C005976,35,Male,Kochi,2026-05-01,Standard
C005977,34,Male,Kolkata,2026-05-25,Standard
C005978,47,Male,Bangalore,2025-12-01,Standard
C005979,56,Male,Ahmedabad,2026-02-14,Standard
C005980,30,Female,Bangalore,2025-02-23,Standard
C005981,49,Male,Mumbai,2025-03-16,Gold
C005982,67,Female,Chennai,2025-12-15,Gold
C005983,46,Female,Delhi,2026-01-28,Gold
C005984,63,Other,Pune,2025-06-06,Gold
C005985,47,Male,Mumbai,2025-03-22,Standard
C005986,35,Male,Mumbai,2025-07-27,Standard
C005987,30,Male,Kolkata,2025-03-27,Standard
C005988,60,Male,Mumbai,2026-03-23,Standard
C005989,38,Female,Chennai,2025-06-26,Standard
C005990,47,Female,Mumbai,2026-05-26,Gold
C005991,38,Female,Kolkata,2025-05-19,Standard
C005992,65,Male,Bangalore,2025-04-12,Gold
C005993,34,Female,Mumbai,2026-04-18,Standard
C005994,57,Male,Pune,2026-06-26,Standard
C005995,36,Female,Ahmedabad,2025-07-13,Standard
C005996,69,Female,Ahmedabad,2026-05-01,Gold
C005997,32,Male,Jaipur,2025-11-10,Standard
C005998,26,Male,Delhi,2025-09-04,Standard
C005999,69,Female,Chennai,2026-03-14,Standard
C006000,27,Male,Hyderabad,2025-03-14,Gold
C006001,61,Male,Chennai,2025-03-10,Gold
C006002,48,Male,Jaipur,2025-06-01,Standard
C006003,70,Male,Pune,2025-04-04,Standard
C006004,40,Female,Bangalore,2026-03-11,Standard
C006005,69,Female,Hyderabad,2026-03-07,Standard
C006006,47,Female,Kolkata,2026-04-02,Premium
C006007,50,Male,Kolkata,2026-03-06,Standard
C006008,69,Female,Delhi,2025-08-17,Standard
C006009,26,Female,Hyderabad,2025-01-30,Standard
C006010,64,Male,Kolkata,2025-12-01,Gold
C006011,18,Male,Delhi,2025-06-26,Premium
C006012,61,Female,Pune,2026-02-13,Standard
C006013,52,Male,Hyderabad,2025-08-25,Gold
C006014,28,Male,Pune,2025-10-05,Standard
C006015,51,Male,Kolkata,2025-03-18,Gold
C006016,33,Male,Ahmedabad,2026-06-24,Standard
C006017,26,Male,Chennai,2025-06-07,Standard
C006018,49,Male,Chennai,2025-06-16,Gold
C006019,32,Female,Pune,2025-07-04,Gold
C006020,29,Male,Ahmedabad,2026-01-24,Premium
C006021,50,Female,Delhi,2025-01-12,Standard
C006022,62,Male,Bangalore,2025-06-18,Standard
C006023,31,Other,Bangalore,2026-03-02,Standard
C006024,25,Female,Kochi,2026-03-25,Gold
C006025,25,Female,Jaipur,2026-05-09,Standard
C006026,44,Female,Mumbai,2026-03-25,Gold
C006027,29,Female,Kochi,2025-04-16,Standard
C006028,18,Female,Bangalore,2026-03-03,Standard
C006029,60,Male,Ahmedabad,2025-04-08,Gold
C006030,57,Male,Chennai,2025-08-14,Standard
C006031,59,Female,Chennai,2026-03-23,Standard
C006032,68,Male,Bangalore,2026-04-21,Gold
C006033,28,Female,Bangalore,2025-07-22,Standard
C006034,56,Female,Jaipur,2025-10-24,Gold
C006035,60,Male,Bangalore,2025-01-16,Standard
C006036,48,Female,Pune,2026-01-13,Gold
C006037,34,Male,Kolkata,2025-12-02,Standard
C006038,50,Male,Mumbai,2025-01-20,Standard
C006039,49,Female,Delhi,2026-03-16,Gold
C006040,46,Male,Mumbai,2025-09-01,Standard
C006041,38,Female,Mumbai,2025-09-01,Standard
C006042,38,Female,Kochi,2026-01-27,Standard
C006043,57,Male,Bangalore,2025-09-19,Premium
C006044,40,Female,Pune,2025-08-08,Standard
C006045,23,Female,Kochi,2025-01-08,Standard
C006046,39,Male,Kochi,2026-03-22,Standard
C006047,67,Male,Kolkata,2025-01-14,Gold
C006048,55,Female,Kolkata,2026-01-22,Standard
C006049,54,Female,Ahmedabad,2025-01-22,Standard
C006050,62,Male,Kolkata,2025-08-13,Standard
C006051,68,Male,Pune,2025-08-23,Gold
C006052,25,Female,Ahmedabad,2025-12-07,Standard
C006053,58,Female,Hyderabad,2025-05-14,Standard
C006054,66,Male,Jaipur,2025-06-27,Standard
C006055,52,Female,Hyderabad,2026-06-04,Standard
C006056,68,Male,Mumbai,2026-06-23,Premium
C006057,28,Female,Kochi,2026-03-13,Gold
C006058,41,Male,Pune,2025-02-20,Standard
C006059,66,Male,Ahmedabad,2026-03-19,Standard
C006060,38,Male,Hyderabad,2025-10-08,Gold
C006061,68,Female,Kochi,2025-02-13,Standard
C006062,19,Female,Pune,2025-12-31,Standard
C006063,57,Female,Delhi,2025-09-26,Standard
C006064,36,Female,Delhi,2025-10-20,Standard
C006065,56,Male,Delhi,2025-07-13,Standard
C006066,45,Female,Jaipur,2026-01-06,Standard
C006067,34,Male,Kolkata,2025-03-19,Premium
C006068,23,Female,Jaipur,2025-07-08,Gold
C006069,36,Male,Jaipur,2026-01-25,Standard
C006070,55,Male,Pune,2025-01-25,Gold
C006071,45,Female,Pune,2025-10-29,Gold
C006072,19,Female,Mumbai,2025-12-24,Standard
C006073,55,Female,Ahmedabad,2025-04-04,Standard
C006074,54,Female,Chennai,2025-12-02,Standard
C006075,68,Male,Delhi,2025-06-13,Standard
C006076,69,Female,Bangalore,2025-12-07,Standard
C006077,21,Male,Kochi,2025-03-13,Standard
C006078,39,Female,Chennai,2025-02-11,Standard
C006079,43,Female,Bangalore,2026-02-15,Standard
C006080,66,Male,Pune,2025-01-21,Standard
C006081,60,Male,Chennai,2025-01-01,Gold
C006082,53,Male,Mumbai,2025-03-17,Standard
C006083,30,Male,Delhi,2026-02-02,Standard
C006084,69,Male,Kolkata,2025-03-29,Gold
C006085,49,Male,Kochi,2025-01-17,Gold
C006086,34,Male,Bangalore,2025-11-25,Premium
C006087,58,Female,Delhi,2025-07-29,Standard
C006088,53,Female,Mumbai,2026-01-18,Gold
C006089,63,Male,Kolkata,2025-05-26,Gold
C006090,36,Male,Kochi,2026-03-29,Standard
C006091,52,Male,Kolkata,2026-01-28,Gold
C006092,63,Female,Ahmedabad,2025-11-06,Standard
C006093,57,Female,Mumbai,2026-05-07,Standard
C006094,45,Female,Mumbai,2026-03-06,Standard
C006095,18,Female,Kochi,2025-01-01,Gold
C006096,59,Female,Delhi,2025-02-10,Premium
C006097,35,Female,Delhi,2025-07-31,Standard
C006098,65,Male,Hyderabad,2025-11-29,Gold
C006099,57,Female,Delhi,2026-03-22,Premium
C006100,50,Female,Delhi,2025-10-31,Gold
C006101,29,Female,Ahmedabad,2025-06-03,Gold
C006102,25,Female,Kolkata,2026-06-07,Standard
C006103,41,Male,Ahmedabad,2025-01-25,Standard
C006104,33,Female,Delhi,2025-01-25,Standard
C006105,67,Male,Chennai,2025-04-16,Premium
C006106,21,Male,Ahmedabad,2025-04-29,Gold
C006107,55,Male,Jaipur,2025-04-18,Gold
C006108,61,Other,Chennai,2025-11-26,Standard
C006109,44,Female,Bangalore,2025-06-29,Gold
C006110,26,Female,Pune,2025-05-11,Gold
C006111,64,Female,Hyderabad,2025-06-17,Standard
C006112,33,Male,Bangalore,2025-08-11,Gold
C006113,29,Female,Pune,2026-04-14,Standard
C006114,48,Other,Ahmedabad,2025-10-05,Standard
C006115,41,Female,Jaipur,2025-07-09,Standard
C006116,31,Male,Pune,2026-06-15,Standard
C006117,62,Female,Pune,2026-06-10,Standard
C006118,42,Other,Bangalore,2025-07-09,Standard
C006119,51,Female,Delhi,2025-08-06,Standard
C006120,20,Female,Hyderabad,2025-10-26,Gold
C006121,41,Female,Kolkata,2025-11-07,Standard
C006122,59,Female,Jaipur,2025-08-24,Standard
C006123,26,Female,Pune,2025-06-17,Standard
C006124,43,Female,Delhi,2025-07-12,Standard
C006125,37,Male,Kolkata,2025-08-30,Standard
C006126,57,Female,Jaipur,2025-06-11,Standard
C006127,27,Female,Delhi,2025-12-05,Gold
C006128,36,Female,Delhi,2026-03-31,Standard
C006129,20,Female,Kochi,2025-05-15,Standard
C006130,41,Male,Mumbai,2025-07-12,Standard
C006131,22,Male,Delhi,2026-02-06,Standard
C006132,20,Female,Kolkata,2026-01-27,Gold
C006133,44,Female,Hyderabad,2025-02-11,Standard
C006134,33,Male,Mumbai,2025-04-03,Gold
C006135,66,Male,Jaipur,2025-08-03,Standard
C006136,32,Male,Chennai,2025-12-15,Gold
C006137,52,Male,Ahmedabad,2026-05-28,Premium
C006138,29,Male,Jaipur,2025-12-01,Standard
C006139,58,Male,Delhi,2026-02-03,Standard
C006140,70,Male,Kolkata,2025-06-13,Standard
C006141,61,Male,Pune,2025-04-16,Standard
C006142,43,Male,Bangalore,2025-08-20,Standard
C006143,64,Female,Ahmedabad,2026-06-17,Gold
C006144,51,Male,Jaipur,2025-06-26,Premium
C006145,40,Male,Kochi,2025-10-21,Standard
C006146,48,Male,Bangalore,2025-09-22,Gold
C006147,67,Male,Ahmedabad,2026-06-04,Gold
C006148,37,Male,Hyderabad,2025-09-27,Standard
C006149,29,Male,Pune,2025-07-31,Gold
C006150,40,Female,Kochi,2025-06-12,Standard
C006151,21,Female,Ahmedabad,2025-02-22,Gold
C006152,40,Female,Delhi,2025-08-21,Standard
C006153,65,Female,Ahmedabad,2026-03-14,Standard
C006154,65,Male,Kolkata,2026-06-02,Gold
C006155,18,Female,Kolkata,2025-02-13,Standard
C006156,42,Male,Kolkata,2026-05-31,Gold
C006157,19,Female,Jaipur,2025-04-02,Standard
C006158,47,Male,Pune,2026-03-14,Standard
C006159,20,Female,Pune,2025-12-03,Standard
C006160,38,Female,Jaipur,2025-10-21,Standard
C006161,42,Male,Pune,2025-09-21,Standard
C006162,37,Female,Kolkata,2025-04-15,Premium
C006163,66,Male,Kolkata,2025-08-12,Standard
C006164,69,Female,Chennai,2026-02-23,Standard
C006165,39,Female,Ahmedabad,2025-04-25,Gold
C006166,38,Male,Pune,2025-08-23,Standard
C006167,50,Male,Mumbai,2025-10-01,Standard
C006168,69,Male,Kolkata,2025-08-18,Standard
C006169,55,Female,Ahmedabad,2025-02-03,Standard
C006170,32,Male,Bangalore,2026-01-23,Standard
C006171,63,Female,Kochi,2026-05-16,Gold
C006172,69,Female,Mumbai,2026-04-07,Standard
C006173,32,Male,Mumbai,2026-03-25,Premium
C006174,63,Other,Kochi,2025-08-02,Standard
C006175,42,Female,Jaipur,2025-02-15,Gold
C006176,38,Male,Pune,2026-02-09,Gold
C006177,41,Male,Mumbai,2025-11-29,Standard
C006178,22,Female,Bangalore,2025-08-28,Standard
C006179,23,Male,Ahmedabad,2025-09-11,Gold
C006180,66,Male,Jaipur,2025-08-16,Gold
C006181,60,Male,Delhi,2025-06-15,Standard
C006182,65,Female,Delhi,2026-05-26,Standard
C006183,61,Female,Kochi,2026-01-25,Premium
C006184,64,Female,Ahmedabad,2026-02-27,Standard
C006185,40,Male,Ahmedabad,2026-02-15,Standard
C006186,21,Female,Delhi,2026-03-23,Premium
C006187,44,Other,Mumbai,2026-02-07,Standard
C006188,35,Male,Pune,2025-04-07,Standard
C006189,38,Male,Kochi,2026-01-14,Gold
C006190,45,Female,Delhi,2025-07-05,Gold
C006191,52,Female,Ahmedabad,2025-09-01,Standard
C006192,39,Female,Jaipur,2026-05-18,Gold
C006193,57,Female,Bangalore,2025-10-15,Premium
C006194,40,Female,Jaipur,2026-01-04,Standard
C006195,20,Male,Jaipur,2025-03-06,Standard
C006196,57,Female,Pune,2025-06-11,Gold
C006197,67,Female,Kochi,2026-02-22,Standard
C006198,27,Other,Delhi,2026-04-26,Standard
C006199,42,Male,Kolkata,2025-09-26,Gold
C006200,69,Female,Ahmedabad,2025-07-09,Gold
C006201,66,Female,Jaipur,2026-02-10,Gold
C006202,25,Male,Jaipur,2026-05-04,Gold
C006203,28,Male,Kochi,2025-11-08,Standard
C006204,22,Female,Hyderabad,2025-04-04,Gold
C006205,62,Male,Ahmedabad,2026-01-25,Standard
C006206,70,Female,Bangalore,2026-02-15,Standard
C006207,54,Female,Kolkata,2025-07-31,Standard
C006208,62,Male,Delhi,2026-01-04,Standard
C006209,55,Other,Chennai,2025-06-17,Standard
C006210,46,Female,Chennai,2025-01-14,Standard
C006211,22,Female,Ahmedabad,2025-07-26,Gold
C006212,26,Male,Delhi,2025-02-12,Standard
C006213,65,Female,Hyderabad,2026-03-18,Standard
C006214,19,Male,Bangalore,2026-05-30,Standard
C006215,18,Male,Kolkata,2026-01-30,Premium
C006216,57,Male,Hyderabad,2025-08-26,Gold
C006217,68,Male,Kolkata,2026-06-15,Standard
C006218,47,Male,Chennai,2026-02-08,Premium
C006219,28,Other,Mumbai,2025-08-02,Standard
C006220,45,Female,Chennai,2026-01-09,Gold
C006221,61,Male,Mumbai,2025-05-12,Standard
C006222,29,Male,Delhi,2025-01-09,Standard
C006223,56,Female,Ahmedabad,2025-06-02,Standard
C006224,43,Male,Chennai,2026-03-07,Gold
C006225,30,Female,Kochi,2026-04-28,Standard
C006226,25,Female,Hyderabad,2025-11-01,Standard
C006227,45,Female,Kochi,2025-10-11,Gold
C006228,47,Male,Delhi,2026-04-17,Standard
C006229,26,Male,Jaipur,2025-07-09,Gold
C006230,56,Male,Kochi,2026-06-12,Standard
C006231,48,Male,Delhi,2026-05-27,Standard
C006232,38,Male,Jaipur,2025-12-09,Gold
C006233,64,Female,Mumbai,2026-03-06,Premium
C006234,51,Female,Kochi,2025-02-03,Gold
C006235,48,Other,Delhi,2026-04-16,Standard
C006236,69,Female,Jaipur,2026-01-29,Premium
C006237,42,Male,Mumbai,2026-05-10,Standard
C006238,29,Female,Delhi,2026-05-28,Standard
C006239,18,Male,Delhi,2025-11-18,Gold
C006240,39,Male,Mumbai,2025-04-25,Standard
C006241,57,Female,Mumbai,2025-08-02,Standard
C006242,54,Female,Delhi,2025-05-25,Premium
C006243,64,Female,Pune,2025-06-27,Standard
C006244,18,Male,Kolkata,2025-12-26,Standard
C006245,18,Male,Pune,2025-10-12,Standard
C006246,59,Male,Bangalore,2025-09-02,Gold
C006247,59,Male,Chennai,2025-07-25,Standard
C006248,38,Male,Kolkata,2025-12-08,Standard
C006249,32,Female,Hyderabad,2025-12-26,Standard
C006250,34,Female,Kochi,2026-05-14,Standard
C006251,39,Male,Chennai,2025-05-21,Gold
C006252,55,Female,Pune,2025-08-10,Standard
C006253,52,Male,Mumbai,2026-01-24,Standard
C006254,62,Other,Delhi,2025-11-26,Gold
C006255,33,Male,Pune,2026-01-28,Standard
C006256,25,Female,Hyderabad,2025-12-24,Gold
C006257,64,Female,Bangalore,2026-01-29,Standard
C006258,34,Female,Hyderabad,2025-02-09,Gold
C006259,34,Male,Hyderabad,2025-09-30,Standard
C006260,43,Female,Pune,2026-02-24,Gold
C006261,30,Male,Mumbai,2025-03-11,Gold
C006262,34,Male,Kolkata,2026-04-03,Gold
C006263,55,Male,Chennai,2025-08-22,Gold
C006264,34,Female,Mumbai,2025-07-16,Gold
C006265,65,Female,Ahmedabad,2026-05-24,Standard
C006266,31,Male,Pune,2026-06-20,Standard
C006267,62,Female,Kochi,2025-05-27,Gold
C006268,23,Female,Hyderabad,2026-04-04,Gold
C006269,52,Female,Kochi,2025-03-08,Standard
C006270,63,Male,Chennai,2025-01-30,Standard
C006271,31,Female,Hyderabad,2025-04-17,Standard
C006272,64,Female,Bangalore,2026-01-25,Standard
C006273,25,Male,Bangalore,2026-02-10,Gold
C006274,32,Female,Chennai,2025-05-01,Gold
C006275,44,Male,Hyderabad,2025-01-11,Standard
C006276,30,Male,Jaipur,2025-12-13,Standard
C006277,66,Male,Ahmedabad,2025-09-10,Standard
C006278,48,Male,Jaipur,2025-04-29,Standard
C006279,70,Female,Kolkata,2026-06-04,Standard
C006280,52,Male,Kolkata,2025-08-03,Gold
C006281,23,Female,Delhi,2025-03-21,Standard
C006282,22,Male,Kolkata,2026-02-23,Standard
C006283,39,Female,Mumbai,2025-10-16,Standard
C006284,66,Female,Delhi,2025-08-22,Gold
C006285,40,Female,Bangalore,2025-09-18,Gold
C006286,42,Female,Mumbai,2025-01-22,Standard
C006287,51,Female,Hyderabad,2025-03-19,Standard
C006288,43,Male,Chennai,2025-01-14,Premium
C006289,64,Female,Chennai,2025-05-28,Standard
C006290,22,Female,Ahmedabad,2025-01-30,Gold
C006291,43,Female,Bangalore,2026-03-14,Standard
C006292,37,Female,Ahmedabad,2026-06-14,Gold
C006293,23,Female,Jaipur,2025-03-04,Standard
C006294,23,Male,Pune,2026-03-06,Premium
C006295,67,Female,Bangalore,2025-05-15,Gold
C006296,35,Male,Kochi,2025-06-06,Standard
C006297,21,Male,Kolkata,2025-09-11,Standard
C006298,34,Female,Delhi,2025-07-06,Standard
C006299,31,Male,Jaipur,2026-01-14,Premium
C006300,31,Male,Kolkata,2025-11-23,Standard
C006301,30,Female,Delhi,2025-07-18,Standard
C006302,24,Female,Chennai,2025-06-20,Standard
C006303,61,Female,Mumbai,2025-11-11,Gold
C006304,32,Female,Chennai,2025-01-06,Standard
C006305,36,Other,Jaipur,2025-09-13,Standard
C006306,60,Male,Chennai,2025-11-16,Gold
C006307,64,Female,Chennai,2025-09-05,Gold
C006308,61,Male,Chennai,2025-01-04,Standard
C006309,52,Male,Bangalore,2026-05-28,Standard
C006310,34,Female,Jaipur,2026-05-21,Standard
C006311,52,Female,Ahmedabad,2025-01-31,Standard
C006312,36,Male,Chennai,2025-10-02,Standard
C006313,37,Male,Chennai,2025-11-21,Standard
C006314,53,Female,Delhi,2025-06-26,Standard
C006315,52,Female,Mumbai,2025-10-14,Standard
C006316,49,Female,Chennai,2025-03-20,Gold
C006317,65,Male,Ahmedabad,2025-08-31,Standard
C006318,61,Female,Ahmedabad,2026-05-16,Gold
C006319,57,Male,Mumbai,2025-07-24,Standard
C006320,41,Male,Mumbai,2026-04-05,Standard
C006321,34,Female,Jaipur,2026-01-18,Standard
C006322,24,Female,Mumbai,2025-11-29,Gold
C006323,60,Male,Kochi,2025-06-15,Standard
C006324,67,Male,Jaipur,2025-06-10,Standard
C006325,18,Female,Hyderabad,2025-01-06,Standard
C006326,52,Male,Chennai,2025-07-24,Standard
C006327,49,Male,Ahmedabad,2026-06-16,Gold
C006328,53,Male,Hyderabad,2025-04-10,Standard
C006329,30,Male,Chennai,2025-02-14,Gold
C006330,23,Male,Ahmedabad,2026-04-02,Gold
C006331,31,Female,Ahmedabad,2025-08-15,Standard
C006332,54,Female,Delhi,2025-11-11,Premium
C006333,65,Female,Jaipur,2025-02-21,Standard
C006334,32,Female,Pune,2025-05-26,Standard
C006335,64,Female,Delhi,2025-10-08,Standard
C006336,21,Female,Hyderabad,2025-05-03,Gold
C006337,57,Female,Kolkata,2026-04-16,Premium
C006338,33,Male,Jaipur,2025-10-24,Standard
C006339,45,Female,Mumbai,2026-05-27,Gold
C006340,33,Male,Kolkata,2026-05-17,Premium
C006341,21,Female,Hyderabad,2025-07-21,Standard
C006342,62,Female,Chennai,2026-02-19,Standard
C006343,43,Female,Bangalore,2026-02-26,Standard
C006344,45,Female,Pune,2026-06-04,Gold
C006345,49,Male,Delhi,2025-03-14,Standard
C006346,62,Male,Chennai,2025-12-11,Gold
C006347,19,Male,Hyderabad,2025-01-27,Gold
C006348,48,Male,Jaipur,2025-06-18,Gold
C006349,20,Male,Hyderabad,2025-07-28,Gold
C006350,25,Male,Kolkata,2026-06-27,Gold
C006351,41,Male,Bangalore,2026-06-29,Gold
C006352,32,Other,Kolkata,2025-11-06,Standard
C006353,60,Male,Jaipur,2025-06-29,Standard
C006354,48,Male,Ahmedabad,2026-03-14,Standard
C006355,26,Male,Kolkata,2026-04-22,Standard
C006356,56,Female,Kochi,2026-01-30,Standard
C006357,62,Male,Ahmedabad,2026-06-26,Standard
C006358,19,Female,Mumbai,2025-02-26,Gold
C006359,25,Male,Chennai,2025-06-23,Standard
C006360,24,Female,Jaipur,2025-11-22,Gold
C006361,61,Female,Hyderabad,2025-11-18,Gold
C006362,68,Male,Mumbai,2025-07-02,Premium
C006363,56,Male,Kolkata,2025-08-23,Standard
C006364,59,Male,Chennai,2025-07-05,Standard
C006365,33,Female,Ahmedabad,2025-09-23,Gold
C006366,52,Male,Kochi,2025-11-25,Standard
C006367,47,Female,Ahmedabad,2025-12-31,Gold
C006368,27,Female,Delhi,2025-01-24,Premium
C006369,55,Female,Jaipur,2025-09-18,Standard
C006370,35,Male,Ahmedabad,2025-12-21,Standard
C006371,67,Male,Bangalore,2025-07-15,Standard
C006372,22,Female,Jaipur,2026-05-05,Gold
C006373,70,Female,Delhi,2025-11-29,Standard
C006374,46,Other,Jaipur,2025-11-17,Standard
C006375,56,Female,Jaipur,2026-03-23,Standard
C006376,51,Female,Kochi,2026-01-12,Gold
C006377,60,Female,Kochi,2025-07-22,Gold
C006378,62,Female,Hyderabad,2025-03-31,Standard
C006379,40,Male,Ahmedabad,2025-06-26,Standard
C006380,22,Female,Kolkata,2025-02-01,Standard
C006381,47,Male,Kolkata,2025-08-31,Gold
C006382,23,Male,Kochi,2025-03-11,Standard
C006383,63,Female,Chennai,2025-03-12,Standard
C006384,61,Male,Chennai,2025-06-07,Gold
C006385,21,Male,Chennai,2025-11-22,Premium
C006386,46,Male,Chennai,2025-02-04,Standard
C006387,40,Female,Mumbai,2026-04-25,Standard
C006388,23,Female,Kolkata,2026-04-05,Standard
C006389,49,Female,Chennai,2026-02-20,Standard
C006390,59,Male,Delhi,2026-02-23,Gold
C006391,35,Male,Kolkata,2026-05-26,Standard
C006392,32,Male,Jaipur,2026-01-03,Gold
C006393,57,Male,Ahmedabad,2025-07-26,Standard
C006394,49,Female,Jaipur,2025-12-27,Standard
C006395,26,Male,Kolkata,2026-03-12,Gold
C006396,54,Male,Hyderabad,2025-09-27,Standard
C006397,27,Male,Bangalore,2025-08-21,Standard
C006398,37,Male,Kochi,2025-04-16,Premium
C006399,23,Male,Kolkata,2025-01-18,Gold
C006400,65,Female,Pune,2026-05-10,Gold
C006401,20,Female,Chennai,2025-09-17,Standard
C006402,59,Female,Bangalore,2026-04-30,Standard
C006403,28,Female,Kochi,2025-11-09,Premium
C006404,60,Male,Mumbai,2025-04-12,Standard
C006405,34,Female,Mumbai,2026-06-21,Gold
C006406,49,Female,Pune,2025-06-29,Premium
C006407,21,Male,Delhi,2026-05-25,Gold
C006408,21,Female,Jaipur,2026-04-22,Standard
C006409,34,Female,Ahmedabad,2026-02-04,Gold
C006410,58,Male,Jaipur,2025-12-16,Gold
C006411,36,Female,Kochi,2025-08-03,Gold
C006412,22,Female,Kolkata,2026-01-18,Gold
C006413,49,Female,Jaipur,2025-05-04,Standard
C006414,39,Female,Hyderabad,2025-10-19,Standard
C006415,23,Male,Jaipur,2025-11-24,Standard
C006416,52,Male,Chennai,2025-04-08,Standard
C006417,39,Female,Jaipur,2025-10-27,Gold
C006418,18,Female,Pune,2025-01-30,Standard
C006419,37,Female,Mumbai,2025-03-15,Standard
C006420,39,Male,Chennai,2025-06-21,Standard
C006421,65,Male,Kochi,2025-03-25,Standard
C006422,28,Male,Hyderabad,2025-10-17,Gold
C006423,30,Male,Delhi,2025-03-26,Gold
C006424,59,Male,Jaipur,2025-09-11,Standard
C006425,20,Male,Kolkata,2026-06-03,Gold
C006426,26,Male,Hyderabad,2026-03-28,Standard
C006427,29,Male,Mumbai,2025-11-03,Gold
C006428,40,Male,Chennai,2025-07-03,Standard
C006429,31,Other,Ahmedabad,2025-11-10,Standard
C006430,50,Female,Pune,2025-12-07,Standard
C006431,35,Male,Hyderabad,2025-08-15,Standard
C006432,66,Female,Delhi,2025-09-21,Premium
C006433,58,Female,Delhi,2026-03-26,Premium
C006434,26,Female,Bangalore,2025-09-08,Gold
C006435,40,Male,Delhi,2026-02-12,Standard
C006436,27,Male,Pune,2025-06-19,Standard
C006437,36,Female,Kochi,2025-05-12,Gold
C006438,64,Male,Kochi,2025-02-15,Standard
C006439,22,Female,Chennai,2025-12-16,Premium
C006440,64,Female,Hyderabad,2025-04-09,Standard
C006441,69,Other,Kochi,2025-02-06,Standard
C006442,40,Male,Delhi,2026-03-14,Premium
C006443,47,Male,Hyderabad,2025-03-16,Premium
C006444,42,Male,Delhi,2025-02-27,Gold
C006445,45,Female,Delhi,2025-01-19,Standard
C006446,51,Male,Ahmedabad,2026-02-06,Gold
C006447,62,Female,Kochi,2025-07-07,Standard
C006448,65,Male,Jaipur,2025-05-19,Standard
C006449,64,Male,Ahmedabad,2025-05-23,Standard
C006450,42,Male,Hyderabad,2025-04-18,Gold
C006451,27,Female,Bangalore,2025-08-09,Standard
C006452,31,Female,Hyderabad,2025-05-25,Standard
C006453,59,Male,Bangalore,2026-05-25,Gold
C006454,63,Female,Jaipur,2026-01-11,Standard
C006455,47,Female,Hyderabad,2025-01-05,Standard
C006456,58,Female,Ahmedabad,2026-01-23,Standard
C006457,42,Female,Pune,2025-06-12,Gold
C006458,31,Male,Hyderabad,2025-12-31,Standard
C006459,52,Male,Jaipur,2026-02-21,Gold
C006460,69,Female,Ahmedabad,2026-05-24,Standard
C006461,65,Male,Hyderabad,2025-01-21,Standard
C006462,51,Male,Kolkata,2026-06-01,Standard
C006463,27,Male,Delhi,2025-07-16,Standard
C006464,52,Female,Chennai,2025-12-11,Standard
C006465,28,Male,Ahmedabad,2025-11-26,Standard
C006466,28,Female,Bangalore,2026-01-13,Gold
C006467,38,Male,Mumbai,2025-07-30,Gold
C006468,38,Other,Mumbai,2025-06-09,Gold
C006469,39,Male,Kochi,2025-12-20,Premium
C006470,62,Female,Delhi,2025-08-28,Gold
C006471,24,Female,Mumbai,2025-03-20,Standard
C006472,34,Female,Bangalore,2025-06-01,Standard
C006473,19,Male,Kolkata,2026-06-01,Standard
C006474,29,Female,Kochi,2026-01-18,Gold
C006475,59,Male,Chennai,2025-12-18,Standard
C006476,35,Male,Kochi,2025-07-20,Standard
C006477,28,Female,Hyderabad,2025-05-13,Standard
C006478,33,Female,Delhi,2025-06-18,Premium
C006479,66,Female,Ahmedabad,2026-01-26,Gold
C006480,68,Female,Kochi,2026-01-20,Standard
C006481,35,Male,Ahmedabad,2025-04-08,Standard
C006482,52,Female,Chennai,2026-01-12,Standard
C006483,70,Male,Jaipur,2025-12-06,Standard
C006484,43,Female,Pune,2026-06-15,Standard
C006485,33,Female,Jaipur,2025-05-12,Standard
C006486,23,Female,Mumbai,2025-07-29,Gold
C006487,61,Male,Hyderabad,2025-01-05,Standard
C006488,60,Female,Delhi,2026-01-12,Premium
C006489,64,Male,Delhi,2025-02-23,Standard
C006490,64,Male,Mumbai,2026-05-13,Premium
C006491,65,Male,Kolkata,2025-07-17,Gold
C006492,59,Female,Ahmedabad,2026-03-17,Gold
C006493,29,Male,Delhi,2025-06-29,Gold
C006494,30,Male,Jaipur,2025-08-29,Standard
C006495,21,Male,Kolkata,2025-11-16,Standard
C006496,56,Male,Kolkata,2026-05-16,Standard
C006497,19,Female,Ahmedabad,2025-01-23,Standard
C006498,43,Female,Mumbai,2025-06-29,Standard
C006499,44,Male,Kochi,2025-06-24,Standard
C006500,44,Female,Pune,2025-07-17,Standard
C006501,32,Female,Delhi,2026-06-22,Standard
C006502,25,Female,Bangalore,2026-03-30,Gold
C006503,24,Female,Jaipur,2025-04-09,Gold
C006504,64,Male,Chennai,2026-03-03,Gold
C006505,63,Female,Pune,2026-03-29,Standard
C006506,57,Male,Ahmedabad,2025-07-10,Standard
C006507,29,Male,Hyderabad,2026-05-14,Standard
C006508,30,Female,Delhi,2025-07-10,Standard
C006509,60,Female,Kolkata,2025-05-21,Premium
C006510,34,Male,Mumbai,2025-06-24,Standard
C006511,34,Male,Delhi,2026-02-24,Standard
C006512,53,Female,Bangalore,2026-03-10,Gold
C006513,38,Female,Mumbai,2026-03-16,Standard
C006514,25,Female,Kolkata,2026-06-15,Premium
C006515,22,Male,Kochi,2026-06-16,Standard
C006516,43,Female,Kolkata,2025-12-27,Premium
C006517,33,Male,Kochi,2026-03-22,Standard
C006518,53,Male,Kochi,2025-12-23,Standard
C006519,45,Male,Mumbai,2025-02-28,Standard
C006520,46,Female,Pune,2025-06-16,Standard
C006521,64,Female,Delhi,2025-09-20,Standard
C006522,29,Female,Bangalore,2026-03-07,Premium
C006523,54,Female,Ahmedabad,2025-07-15,Gold
C006524,47,Male,Kolkata,2025-12-20,Gold
C006525,40,Male,Delhi,2025-02-16,Standard
C006526,33,Male,Kochi,2025-11-05,Standard
C006527,31,Female,Kochi,2025-08-18,Standard
C006528,27,Female,Kolkata,2026-02-15,Standard
C006529,24,Other,Kochi,2025-11-12,Standard
C006530,62,Female,Hyderabad,2025-03-18,Standard
C006531,69,Female,Ahmedabad,2025-03-03,Standard
C006532,54,Female,Delhi,2025-08-26,Standard
C006533,46,Female,Chennai,2025-03-19,Premium
C006534,20,Female,Chennai,2026-02-20,Standard
C006535,32,Female,Mumbai,2025-01-24,Standard
C006536,53,Female,Kolkata,2025-01-29,Gold
C006537,64,Female,Kochi,2026-05-06,Gold
C006538,63,Male,Mumbai,2025-05-15,Premium
C006539,69,Male,Jaipur,2025-12-17,Standard
C006540,36,Male,Chennai,2025-12-16,Standard
C006541,30,Male,Pune,2025-10-08,Premium
C006542,59,Female,Mumbai,2026-04-21,Premium
C006543,38,Male,Pune,2025-10-19,Premium
C006544,54,Male,Kochi,2025-07-08,Gold
C006545,44,Male,Jaipur,2026-02-23,Standard
C006546,69,Female,Kochi,2026-04-13,Gold
C006547,46,Male,Jaipur,2025-07-25,Premium
C006548,37,Male,Jaipur,2025-08-30,Standard
C006549,42,Male,Jaipur,2025-11-02,Gold
C006550,23,Male,Hyderabad,2025-07-03,Gold
C006551,53,Female,Jaipur,2026-04-23,Standard
C006552,19,Male,Hyderabad,2026-05-19,Standard
C006553,39,Female,Kochi,2025-05-08,Gold
C006554,49,Female,Hyderabad,2026-03-25,Standard
C006555,33,Other,Delhi,2025-08-18,Standard
C006556,35,Male,Pune,2025-02-10,Standard
C006557,22,Male,Jaipur,2026-01-27,Standard
C006558,53,Male,Bangalore,2025-12-06,Gold
C006559,47,Male,Ahmedabad,2025-01-21,Standard
C006560,62,Female,Mumbai,2025-12-13,Standard
C006561,36,Male,Kochi,2025-01-10,Gold
C006562,40,Male,Kolkata,2025-03-28,Premium
C006563,51,Female,Pune,2026-06-29,Standard
C006564,30,Female,Pune,2025-12-05,Gold
C006565,60,Male,Kolkata,2025-01-04,Standard
C006566,46,Male,Mumbai,2025-01-23,Standard
C006567,53,Male,Pune,2025-07-16,Standard
C006568,39,Female,Hyderabad,2026-05-13,Standard
C006569,69,Female,Delhi,2025-09-30,Standard
C006570,69,Female,Chennai,2026-03-27,Standard
C006571,64,Female,Hyderabad,2025-04-17,Standard
C006572,53,Female,Jaipur,2026-01-13,Gold
C006573,26,Male,Pune,2025-07-19,Standard
C006574,56,Male,Hyderabad,2025-01-02,Standard
C006575,68,Female,Chennai,2025-05-01,Standard
C006576,36,Female,Delhi,2025-05-29,Standard
C006577,55,Male,Kochi,2025-06-01,Standard
C006578,23,Female,Delhi,2025-11-02,Standard
C006579,69,Female,Bangalore,2026-04-20,Gold
C006580,64,Male,Hyderabad,2025-12-30,Gold
C006581,32,Female,Kolkata,2025-03-12,Gold
C006582,37,Male,Jaipur,2025-02-02,Standard
C006583,26,Female,Delhi,2025-06-06,Premium
C006584,49,Male,Mumbai,2025-11-26,Standard
C006585,21,Female,Hyderabad,2026-01-22,Standard
C006586,67,Female,Kochi,2025-06-08,Premium
C006587,35,Male,Jaipur,2026-06-23,Standard
C006588,22,Female,Kolkata,2025-08-15,Premium
C006589,37,Female,Kolkata,2025-09-09,Standard
C006590,40,Female,Ahmedabad,2026-01-02,Standard
C006591,28,Male,Kochi,2025-09-19,Gold
C006592,54,Female,Bangalore,2026-06-22,Standard
C006593,39,Male,Mumbai,2025-02-12,Standard
C006594,21,Male,Delhi,2026-06-15,Standard
C006595,46,Male,Delhi,2025-01-16,Gold
C006596,61,Male,Bangalore,2025-04-15,Standard
C006597,51,Female,Hyderabad,2025-07-22,Gold
C006598,30,Male,Chennai,2025-02-28,Gold
C006599,59,Male,Kolkata,2025-02-17,Standard
C006600,26,Female,Delhi,2025-10-04,Gold
C006601,59,Female,Hyderabad,2026-02-16,Premium
C006602,48,Female,Ahmedabad,2025-06-27,Premium
C006603,24,Male,Bangalore,2025-04-24,Standard
C006604,21,Female,Bangalore,2025-10-23,Gold
C006605,36,Male,Pune,2026-03-14,Gold
C006606,59,Other,Bangalore,2025-09-23,Gold
C006607,47,Female,Mumbai,2025-06-11,Standard
C006608,48,Female,Pune,2026-05-19,Standard
C006609,52,Male,Bangalore,2025-02-05,Standard
C006610,38,Male,Jaipur,2026-04-03,Standard
C006611,48,Male,Mumbai,2026-01-06,Standard
C006612,36,Male,Jaipur,2026-05-01,Gold
C006613,48,Male,Jaipur,2025-09-29,Standard
C006614,70,Female,Pune,2025-06-28,Gold
C006615,49,Male,Kolkata,2026-04-25,Standard
C006616,19,Female,Bangalore,2025-06-08,Standard
C006617,69,Male,Delhi,2025-07-23,Standard
C006618,27,Male,Hyderabad,2025-10-05,Gold
C006619,19,Female,Kochi,2025-05-23,Standard
C006620,19,Female,Kochi,2026-06-04,Standard
C006621,41,Male,Pune,2026-05-27,Standard
C006622,34,Male,Mumbai,2025-04-26,Standard
C006623,49,Female,Jaipur,2026-01-27,Standard
C006624,33,Male,Kolkata,2025-12-09,Standard
C006625,33,Male,Mumbai,2026-01-08,Standard
C006626,63,Female,Pune,2026-01-04,Standard
C006627,56,Male,Chennai,2025-08-03,Gold
C006628,70,Male,Hyderabad,2026-05-26,Standard
C006629,48,Female,Kolkata,2025-11-23,Standard
C006630,60,Female,Mumbai,2025-02-06,Standard
C006631,41,Male,Kochi,2026-01-15,Standard
C006632,18,Female,Kolkata,2026-05-27,Standard
C006633,28,Male,Jaipur,2025-11-20,Gold
C006634,38,Female,Delhi,2026-01-04,Premium
C006635,21,Female,Bangalore,2025-08-12,Standard
C006636,24,Male,Delhi,2025-04-10,Gold
C006637,43,Male,Pune,2025-03-16,Gold
C006638,64,Male,Chennai,2026-03-13,Standard
C006639,67,Female,Ahmedabad,2026-01-03,Standard
C006640,29,Female,Chennai,2025-03-04,Standard
C006641,48,Male,Jaipur,2025-04-09,Standard
C006642,34,Male,Chennai,2025-08-13,Standard
C006643,50,Male,Hyderabad,2025-03-16,Standard
C006644,28,Male,Ahmedabad,2025-07-03,Gold
C006645,45,Male,Pune,2025-10-20,Gold
C006646,49,Female,Bangalore,2025-02-26,Standard
C006647,18,Female,Mumbai,2025-09-06,Standard
C006648,64,Other,Delhi,2026-04-14,Gold
C006649,45,Female,Hyderabad,2025-05-20,Premium
C006650,70,Female,Bangalore,2025-12-25,Gold
C006651,59,Female,Hyderabad,2026-02-12,Standard
C006652,24,Female,Jaipur,2026-04-19,Standard
C006653,19,Male,Chennai,2026-03-22,Premium
C006654,59,Male,Bangalore,2025-08-20,Gold
C006655,41,Male,Kolkata,2025-10-27,Standard
C006656,21,Female,Kolkata,2026-03-02,Gold
C006657,61,Female,Delhi,2025-06-10,Standard
C006658,36,Male,Chennai,2026-02-05,Standard
C006659,43,Female,Bangalore,2026-01-13,Standard
C006660,28,Female,Delhi,2025-09-14,Gold
C006661,57,Male,Kochi,2026-05-09,Standard
C006662,67,Male,Mumbai,2026-05-04,Standard
C006663,60,Male,Jaipur,2025-07-01,Gold
C006664,28,Male,Delhi,2026-06-10,Gold
C006665,62,Female,Kochi,2025-04-10,Standard
C006666,20,Female,Chennai,2025-12-24,Standard
C006667,29,Female,Mumbai,2025-08-19,Standard
C006668,20,Female,Jaipur,2025-01-06,Standard
C006669,59,Female,Ahmedabad,2025-03-31,Standard
C006670,44,Female,Hyderabad,2025-03-05,Standard
C006671,66,Female,Ahmedabad,2025-03-29,Standard
C006672,19,Female,Chennai,2025-02-02,Premium
C006673,66,Female,Hyderabad,2025-03-13,Premium
C006674,33,Male,Delhi,2025-09-10,Standard
C006675,19,Female,Kochi,2025-04-17,Standard
C006676,47,Male,Kochi,2026-05-29,Standard
C006677,37,Female,Ahmedabad,2025-05-16,Standard
C006678,55,Male,Bangalore,2026-02-13,Gold
C006679,45,Male,Mumbai,2025-05-01,Gold
C006680,42,Other,Bangalore,2026-04-23,Gold
C006681,49,Male,Bangalore,2025-04-04,Premium
C006682,27,Male,Delhi,2026-05-20,Premium
C006683,59,Male,Pune,2025-01-07,Standard
C006684,57,Female,Bangalore,2025-07-10,Premium
C006685,50,Female,Pune,2026-04-02,Standard
C006686,30,Female,Delhi,2026-01-21,Gold
C006687,58,Female,Mumbai,2025-10-05,Standard
C006688,59,Male,Kochi,2026-03-24,Standard
C006689,64,Male,Delhi,2025-02-21,Standard
C006690,54,Male,Ahmedabad,2026-02-09,Standard
C006691,33,Female,Jaipur,2026-01-31,Gold
C006692,62,Female,Chennai,2025-07-30,Premium
C006693,39,Male,Pune,2025-09-27,Standard
C006694,37,Male,Hyderabad,2026-06-29,Standard
C006695,67,Male,Chennai,2025-10-09,Standard
C006696,60,Female,Bangalore,2026-02-02,Standard
C006697,44,Male,Mumbai,2025-08-04,Standard
C006698,58,Male,Ahmedabad,2026-03-08,Standard
C006699,33,Male,Hyderabad,2025-11-17,Standard
C006700,51,Female,Delhi,2026-05-08,Premium
C006701,49,Female,Kochi,2025-05-08,Gold
C006702,43,Male,Delhi,2025-03-15,Standard
C006703,42,Female,Delhi,2026-04-21,Premium
C006704,19,Female,Jaipur,2026-03-28,Standard
C006705,29,Other,Ahmedabad,2026-04-07,Gold
C006706,57,Male,Ahmedabad,2026-03-14,Gold
C006707,26,Female,Bangalore,2025-09-13,Standard
C006708,29,Female,Bangalore,2026-03-24,Standard
C006709,43,Male,Chennai,2025-04-12,Premium
C006710,26,Female,Ahmedabad,2025-10-10,Standard
C006711,27,Male,Kochi,2025-07-23,Standard
C006712,49,Male,Bangalore,2025-03-27,Premium
C006713,51,Male,Mumbai,2025-11-20,Standard
C006714,65,Male,Jaipur,2025-06-13,Standard
C006715,37,Male,Chennai,2025-02-26,Premium
C006716,56,Male,Hyderabad,2025-07-25,Premium
C006717,19,Female,Pune,2026-03-05,Premium
C006718,18,Female,Kochi,2025-05-28,Standard
C006719,68,Male,Hyderabad,2025-10-28,Standard
C006720,53,Female,Mumbai,2025-10-17,Gold
C006721,41,Female,Jaipur,2025-01-21,Gold
C006722,44,Male,Jaipur,2025-05-17,Standard
C006723,19,Male,Kochi,2026-01-04,Gold
C006724,48,Female,Delhi,2026-06-06,Premium
C006725,31,Female,Kolkata,2026-03-12,Gold
C006726,19,Male,Jaipur,2025-01-30,Standard
C006727,46,Male,Ahmedabad,2026-03-24,Standard
C006728,32,Female,Kolkata,2025-08-13,Standard
C006729,29,Other,Ahmedabad,2026-01-21,Standard
C006730,54,Male,Delhi,2026-03-05,Standard
C006731,45,Other,Delhi,2026-06-13,Gold
C006732,37,Male,Delhi,2025-01-28,Gold
C006733,56,Male,Bangalore,2025-05-06,Gold
C006734,41,Male,Pune,2026-05-14,Standard
C006735,38,Female,Delhi,2025-07-06,Standard
C006736,27,Male,Ahmedabad,2026-01-07,Standard
C006737,63,Male,Ahmedabad,2025-05-18,Gold
C006738,31,Female,Chennai,2025-12-03,Standard
C006739,54,Other,Pune,2025-08-02,Standard
C006740,35,Male,Kochi,2025-10-18,Standard
C006741,41,Male,Kochi,2026-01-06,Standard
C006742,31,Female,Pune,2026-06-14,Gold
C006743,51,Female,Hyderabad,2025-10-23,Standard
C006744,29,Male,Bangalore,2026-02-23,Gold
C006745,39,Female,Kolkata,2025-12-27,Standard
C006746,23,Male,Kochi,2025-06-07,Standard
C006747,53,Female,Delhi,2025-03-16,Standard
C006748,62,Male,Kochi,2026-01-07,Gold
C006749,53,Female,Delhi,2026-06-05,Standard
C006750,39,Male,Ahmedabad,2025-04-16,Premium
C006751,31,Female,Delhi,2026-01-02,Gold
C006752,33,Female,Delhi,2026-02-06,Gold
C006753,53,Male,Bangalore,2025-04-13,Standard
C006754,42,Female,Chennai,2025-11-21,Premium
C006755,49,Male,Delhi,2026-01-08,Standard
C006756,50,Female,Kolkata,2025-12-04,Standard
C006757,62,Other,Hyderabad,2025-02-02,Standard
C006758,53,Female,Bangalore,2025-04-18,Standard
C006759,37,Female,Chennai,2026-02-26,Standard
C006760,35,Female,Hyderabad,2025-09-26,Premium
C006761,55,Male,Jaipur,2025-03-14,Gold
C006762,20,Male,Ahmedabad,2025-06-30,Standard
C006763,40,Female,Mumbai,2025-06-01,Standard
C006764,49,Female,Ahmedabad,2026-05-27,Gold
C006765,62,Female,Jaipur,2025-03-09,Standard
C006766,33,Female,Hyderabad,2026-01-07,Standard
C006767,22,Male,Pune,2025-12-14,Standard
C006768,21,Male,Ahmedabad,2025-02-01,Standard
C006769,38,Male,Kochi,2025-03-20,Standard
C006770,57,Female,Kolkata,2025-09-16,Premium
C006771,68,Male,Jaipur,2026-05-12,Premium
C006772,31,Male,Kolkata,2025-06-24,Standard
C006773,56,Female,Bangalore,2026-01-02,Standard
C006774,48,Female,Jaipur,2025-01-15,Gold
C006775,31,Female,Delhi,2025-02-20,Gold
C006776,23,Other,Pune,2025-04-17,Standard
C006777,29,Female,Chennai,2026-04-14,Standard
C006778,33,Male,Chennai,2025-07-21,Standard
C006779,34,Female,Mumbai,2025-08-06,Premium
C006780,62,Male,Mumbai,2025-02-10,Gold
C006781,40,Female,Delhi,2026-01-20,Standard
C006782,31,Female,Kolkata,2025-12-02,Premium
C006783,24,Female,Bangalore,2025-04-15,Premium
C006784,63,Male,Kochi,2025-07-22,Standard
C006785,49,Male,Mumbai,2026-05-25,Gold
C006786,32,Female,Jaipur,2025-04-05,Gold
C006787,61,Male,Ahmedabad,2025-06-26,Gold
C006788,34,Other,Hyderabad,2025-03-06,Gold
C006789,58,Female,Pune,2025-08-12,Standard
C006790,64,Female,Jaipur,2026-01-15,Premium
C006791,61,Female,Ahmedabad,2025-09-12,Standard
C006792,51,Female,Kolkata,2025-10-25,Standard
C006793,22,Male,Kolkata,2025-06-20,Standard
C006794,62,Male,Bangalore,2025-12-30,Standard
C006795,44,Female,Delhi,2025-03-14,Standard
C006796,69,Female,Kolkata,2025-03-01,Standard
C006797,40,Female,Chennai,2026-03-31,Gold
C006798,57,Other,Pune,2025-12-02,Gold
C006799,31,Male,Chennai,2025-05-04,Gold
C006800,32,Male,Hyderabad,2026-03-31,Gold
C006801,60,Male,Bangalore,2025-01-14,Standard
C006802,50,Female,Hyderabad,2026-02-20,Standard
C006803,70,Male,Kolkata,2025-01-27,Standard
C006804,48,Male,Delhi,2025-02-19,Standard
C006805,52,Female,Mumbai,2025-07-06,Premium
C006806,34,Male,Ahmedabad,2025-02-26,Gold
C006807,45,Female,Ahmedabad,2025-02-03,Standard
C006808,36,Female,Bangalore,2026-06-22,Standard
C006809,63,Male,Jaipur,2026-01-06,Standard
C006810,40,Male,Jaipur,2025-03-27,Standard
C006811,49,Female,Chennai,2025-06-09,Standard
C006812,57,Male,Chennai,2026-03-01,Gold
C006813,30,Male,Ahmedabad,2025-04-16,Premium
C006814,37,Male,Pune,2026-01-26,Premium
C006815,52,Male,Hyderabad,2026-05-27,Standard
C006816,22,Female,Chennai,2025-10-02,Standard
C006817,26,Male,Delhi,2025-10-16,Premium
C006818,46,Female,Ahmedabad,2025-09-15,Gold
C006819,23,Male,Pune,2025-08-08,Standard
C006820,42,Female,Hyderabad,2026-06-11,Gold
C006821,48,Female,Jaipur,2026-06-17,Standard
C006822,39,Female,Ahmedabad,2025-02-28,Standard
C006823,19,Female,Kochi,2025-12-26,Premium
C006824,62,Male,Pune,2025-04-23,Standard
C006825,22,Female,Bangalore,2025-10-03,Gold
C006826,44,Male,Chennai,2025-09-14,Standard
C006827,42,Male,Mumbai,2025-11-25,Standard
C006828,25,Female,Chennai,2025-08-23,Standard
C006829,18,Male,Hyderabad,2025-02-20,Standard
C006830,37,Female,Ahmedabad,2025-08-09,Standard
C006831,61,Male,Jaipur,2025-08-18,Standard
C006832,40,Female,Pune,2025-08-10,Standard
C006833,49,Female,Mumbai,2025-02-23,Premium
C006834,28,Female,Chennai,2025-09-30,Gold
C006835,56,Female,Kolkata,2025-07-17,Standard
C006836,64,Female,Kochi,2025-05-08,Gold
C006837,41,Female,Kolkata,2025-01-09,Standard
C006838,28,Male,Kochi,2025-08-15,Gold
C006839,46,Female,Jaipur,2025-05-14,Standard
C006840,43,Male,Delhi,2025-01-16,Standard
C006841,33,Male,Kochi,2025-08-03,Gold
C006842,52,Male,Mumbai,2025-04-22,Standard
C006843,37,Male,Kochi,2025-06-06,Standard
C006844,63,Female,Pune,2026-03-01,Standard
C006845,20,Female,Chennai,2026-03-28,Standard
C006846,18,Female,Chennai,2025-11-14,Gold
C006847,70,Female,Jaipur,2025-12-26,Premium
C006848,64,Male,Kolkata,2026-01-11,Gold
C006849,18,Male,Kolkata,2025-10-23,Gold
C006850,34,Male,Delhi,2025-07-17,Gold
C006851,19,Female,Kolkata,2026-02-02,Standard
C006852,46,Male,Jaipur,2025-08-30,Standard
C006853,37,Female,Kochi,2026-03-05,Standard
C006854,23,Female,Delhi,2025-01-06,Standard
C006855,25,Female,Jaipur,2025-11-14,Gold
C006856,46,Female,Bangalore,2025-07-31,Standard
C006857,65,Female,Hyderabad,2025-09-30,Standard
C006858,68,Male,Kolkata,2025-03-25,Standard
C006859,50,Male,Mumbai,2025-12-26,Standard
C006860,20,Female,Chennai,2026-01-16,Gold
C006861,52,Female,Hyderabad,2026-06-24,Premium
C006862,22,Female,Kolkata,2025-05-21,Standard
C006863,44,Male,Ahmedabad,2026-05-25,Gold
C006864,61,Female,Jaipur,2025-06-22,Standard
C006865,29,Male,Pune,2025-01-20,Standard
C006866,37,Male,Kochi,2026-05-18,Standard
C006867,62,Male,Jaipur,2025-08-15,Standard
C006868,37,Male,Mumbai,2025-04-19,Standard
C006869,26,Male,Delhi,2025-11-16,Standard
C006870,56,Male,Bangalore,2025-11-04,Standard
C006871,21,Female,Jaipur,2025-03-28,Standard
C006872,68,Female,Jaipur,2025-08-16,Gold
C006873,36,Female,Jaipur,2025-11-06,Gold
C006874,55,Male,Hyderabad,2026-01-14,Gold
C006875,44,Other,Kochi,2026-01-20,Standard
C006876,62,Male,Kochi,2025-04-23,Gold
C006877,60,Male,Kochi,2025-10-20,Standard
C006878,30,Female,Ahmedabad,2025-11-01,Standard
C006879,30,Male,Hyderabad,2025-10-18,Gold
C006880,39,Female,Pune,2025-04-15,Gold
C006881,45,Female,Delhi,2025-10-18,Premium
C006882,69,Other,Ahmedabad,2026-04-22,Premium
C006883,64,Female,Hyderabad,2026-06-05,Gold
C006884,70,Female,Bangalore,2025-03-01,Premium
C006885,62,Male,Jaipur,2025-11-08,Gold
C006886,39,Female,Kochi,2025-04-16,Standard
C006887,60,Male,Jaipur,2025-03-30,Standard
C006888,36,Female,Hyderabad,2025-09-25,Gold
C006889,25,Female,Chennai,2025-04-29,Standard
C006890,69,Male,Mumbai,2026-03-21,Standard
C006891,25,Female,Ahmedabad,2026-03-05,Standard
C006892,59,Male,Pune,2025-12-17,Standard
C006893,43,Male,Kochi,2025-11-02,Standard
C006894,65,Female,Bangalore,2025-07-21,Gold
C006895,68,Male,Ahmedabad,2025-01-23,Gold
C006896,43,Male,Delhi,2025-03-31,Standard
C006897,40,Male,Pune,2026-04-16,Standard
C006898,60,Female,Delhi,2025-04-03,Standard
C006899,30,Male,Kochi,2025-10-12,Premium
C006900,45,Male,Delhi,2025-11-05,Standard
C006901,26,Female,Hyderabad,2026-06-20,Standard
C006902,37,Male,Mumbai,2026-01-11,Standard
C006903,36,Male,Delhi,2026-05-14,Standard
C006904,65,Female,Chennai,2025-05-22,Standard
C006905,56,Female,Pune,2025-02-21,Standard
C006906,68,Female,Chennai,2025-03-11,Standard
C006907,29,Male,Mumbai,2025-09-17,Standard
C006908,32,Female,Bangalore,2025-10-20,Premium
C006909,48,Female,Mumbai,2026-01-13,Standard
C006910,31,Male,Kolkata,2025-02-08,Standard
C006911,28,Male,Ahmedabad,2025-12-14,Standard
C006912,43,Other,Chennai,2026-06-09,Standard
C006913,59,Female,Hyderabad,2026-05-21,Standard
C006914,44,Female,Bangalore,2026-01-17,Gold
C006915,28,Female,Kolkata,2026-03-01,Gold
C006916,55,Female,Mumbai,2026-03-12,Gold
C006917,51,Female,Kochi,2025-11-18,Premium
C006918,60,Male,Ahmedabad,2025-09-07,Premium
C006919,36,Male,Delhi,2025-06-29,Standard
C006920,23,Female,Jaipur,2025-01-29,Premium
C006921,63,Female,Pune,2026-05-11,Standard
C006922,69,Female,Kochi,2025-11-22,Standard
C006923,55,Other,Chennai,2025-07-06,Gold
C006924,66,Female,Bangalore,2025-02-24,Standard
C006925,59,Male,Bangalore,2026-05-29,Standard
C006926,45,Female,Jaipur,2026-02-14,Standard
C006927,18,Male,Bangalore,2025-01-17,Gold
C006928,52,Male,Hyderabad,2025-03-29,Standard
C006929,57,Male,Chennai,2025-08-11,Standard
C006930,25,Female,Mumbai,2025-02-27,Standard
C006931,69,Other,Bangalore,2025-08-18,Standard
C006932,64,Male,Bangalore,2025-06-03,Standard
C006933,24,Male,Mumbai,2025-09-30,Standard
C006934,28,Female,Mumbai,2025-02-15,Premium
C006935,56,Female,Kolkata,2026-03-28,Standard
C006936,21,Female,Ahmedabad,2025-11-02,Gold
C006937,42,Female,Ahmedabad,2026-03-03,Standard
C006938,29,Female,Ahmedabad,2025-04-28,Standard
C006939,43,Male,Jaipur,2025-09-08,Gold
C006940,55,Male,Bangalore,2026-02-07,Premium
C006941,63,Male,Jaipur,2025-07-19,Standard
C006942,29,Female,Kochi,2025-05-26,Gold
C006943,60,Male,Ahmedabad,2025-02-20,Standard
C006944,68,Female,Bangalore,2026-01-03,Standard
C006945,70,Male,Kolkata,2025-11-16,Gold
C006946,54,Male,Jaipur,2025-07-18,Standard
C006947,63,Male,Mumbai,2026-03-17,Gold
C006948,70,Male,Jaipur,2025-05-25,Standard
C006949,41,Male,Bangalore,2025-02-28,Gold
C006950,33,Female,Jaipur,2025-05-23,Gold
C006951,30,Male,Pune,2025-08-11,Gold
C006952,42,Female,Mumbai,2025-04-10,Standard
C006953,69,Male,Delhi,2025-01-26,Standard
C006954,21,Female,Kolkata,2026-03-08,Gold
C006955,28,Female,Kochi,2026-06-10,Premium
C006956,49,Other,Mumbai,2025-05-02,Standard
C006957,66,Male,Ahmedabad,2026-04-10,Standard
C006958,24,Male,Hyderabad,2025-09-22,Gold
C006959,63,Female,Chennai,2025-01-07,Standard
C006960,28,Male,Bangalore,2025-08-08,Standard
C006961,45,Female,Pune,2026-01-31,Gold
C006962,58,Male,Chennai,2026-04-02,Standard
C006963,40,Female,Ahmedabad,2025-04-18,Gold
C006964,62,Male,Kochi,2026-05-07,Standard
C006965,40,Female,Mumbai,2026-04-05,Standard
C006966,67,Female,Jaipur,2025-01-09,Gold
C006967,45,Male,Mumbai,2026-01-02,Standard
C006968,60,Male,Mumbai,2025-05-05,Standard
C006969,64,Male,Ahmedabad,2025-06-11,Gold
C006970,43,Female,Ahmedabad,2025-02-05,Standard
C006971,42,Male,Delhi,2025-01-04,Standard
C006972,46,Male,Hyderabad,2026-02-17,Standard
C006973,36,Female,Chennai,2025-03-28,Standard
C006974,50,Male,Jaipur,2026-04-28,Standard
C006975,53,Male,Jaipur,2025-02-27,Gold
C006976,31,Male,Delhi,2025-05-20,Standard
C006977,31,Female,Ahmedabad,2025-06-21,Gold
C006978,52,Other,Kolkata,2025-09-17,Gold
C006979,47,Male,Hyderabad,2026-05-10,Gold
C006980,45,Female,Delhi,2025-01-25,Gold
C006981,34,Male,Jaipur,2025-07-17,Standard
C006982,20,Male,Mumbai,2026-02-27,Premium
C006983,33,Female,Hyderabad,2025-04-28,Standard
C006984,63,Male,Kolkata,2025-01-06,Standard
C006985,47,Female,Ahmedabad,2025-04-07,Standard
C006986,69,Female,Delhi,2025-03-13,Gold
C006987,46,Female,Ahmedabad,2026-03-08,Gold
C006988,62,Male,Delhi,2026-01-15,Gold
C006989,32,Male,Jaipur,2025-02-25,Standard
C006990,63,Other,Kolkata,2025-04-13,Standard
C006991,42,Male,Delhi,2025-08-04,Gold
C006992,68,Female,Jaipur,2025-01-21,Premium
C006993,55,Male,Delhi,2025-07-29,Standard
C006994,59,Male,Ahmedabad,2025-10-18,Premium
C006995,64,Male,Mumbai,2025-07-07,Standard
C006996,70,Female,Jaipur,2025-05-31,Gold
C006997,69,Female,Pune,2025-07-10,Standard
C006998,55,Male,Pune,2026-02-11,Gold
C006999,40,Female,Hyderabad,2025-08-02,Premium
C007000,42,Male,Hyderabad,2026-04-23,Standard
C007001,59,Male,Mumbai,2025-07-13,Standard
C007002,24,Female,Bangalore,2025-09-07,Gold
C007003,39,Female,Pune,2025-02-10,Standard
C007004,34,Male,Bangalore,2026-01-05,Standard
C007005,35,Male,Mumbai,2025-01-20,Standard
C007006,66,Other,Kolkata,2025-01-09,Gold
C007007,58,Female,Pune,2025-07-22,Standard
C007008,27,Female,Ahmedabad,2025-01-18,Standard
C007009,27,Male,Mumbai,2025-11-15,Standard
C007010,24,Female,Jaipur,2025-10-09,Standard
C007011,65,Male,Kochi,2026-04-21,Gold
C007012,67,Other,Ahmedabad,2025-09-09,Standard
C007013,55,Male,Delhi,2025-12-06,Gold
C007014,44,Male,Pune,2026-04-07,Standard
C007015,69,Male,Delhi,2026-02-05,Standard
C007016,50,Female,Pune,2026-01-06,Gold
C007017,18,Female,Bangalore,2025-10-09,Standard
C007018,61,Male,Mumbai,2026-01-25,Gold
C007019,70,Female,Jaipur,2025-12-03,Premium
C007020,51,Female,Mumbai,2025-12-11,Standard
C007021,21,Male,Chennai,2026-06-03,Standard
C007022,34,Female,Pune,2025-09-30,Gold
C007023,21,Female,Chennai,2025-09-10,Gold
C007024,60,Male,Hyderabad,2026-01-09,Gold
C007025,43,Male,Kolkata,2025-01-06,Premium
C007026,21,Male,Mumbai,2026-02-18,Standard
C007027,18,Male,Bangalore,2026-05-13,Standard
C007028,24,Male,Jaipur,2025-02-25,Standard
C007029,47,Female,Pune,2026-02-02,Standard
C007030,67,Female,Jaipur,2025-08-26,Gold
C007031,26,Male,Hyderabad,2026-05-05,Standard
C007032,52,Female,Delhi,2025-01-22,Standard
C007033,25,Female,Jaipur,2026-03-17,Premium
C007034,41,Female,Pune,2025-02-10,Standard
C007035,36,Male,Chennai,2025-09-15,Standard
C007036,53,Female,Bangalore,2026-03-27,Standard
C007037,67,Female,Jaipur,2025-02-17,Standard
C007038,69,Female,Bangalore,2026-05-18,Standard
C007039,60,Male,Delhi,2025-05-19,Premium
C007040,44,Male,Bangalore,2025-07-21,Gold
C007041,49,Female,Delhi,2026-05-24,Standard
C007042,31,Male,Delhi,2025-10-13,Standard
C007043,35,Female,Kolkata,2025-08-21,Gold
C007044,45,Female,Kolkata,2025-11-12,Standard
C007045,46,Male,Kochi,2026-04-06,Standard
C007046,33,Female,Bangalore,2025-11-17,Premium
C007047,52,Male,Jaipur,2025-06-24,Gold
C007048,64,Male,Bangalore,2025-02-08,Standard
C007049,48,Female,Delhi,2026-03-09,Standard
C007050,21,Female,Kolkata,2026-04-30,Gold
C007051,54,Male,Ahmedabad,2025-02-27,Standard
C007052,34,Female,Chennai,2026-05-11,Standard
C007053,56,Male,Bangalore,2025-05-14,Standard
C007054,65,Male,Mumbai,2026-05-24,Standard
C007055,63,Male,Mumbai,2025-06-05,Premium
C007056,43,Male,Kochi,2025-07-20,Standard
C007057,65,Female,Pune,2026-05-14,Gold
C007058,56,Female,Bangalore,2026-02-06,Premium
C007059,58,Female,Bangalore,2026-05-11,Standard
C007060,21,Female,Hyderabad,2026-05-03,Standard
C007061,47,Male,Delhi,2025-06-09,Premium
C007062,47,Male,Pune,2025-07-30,Gold
C007063,39,Female,Delhi,2026-03-29,Gold
C007064,28,Female,Delhi,2025-03-11,Gold
C007065,19,Female,Jaipur,2025-11-10,Standard
C007066,61,Male,Chennai,2026-03-07,Gold
C007067,29,Male,Bangalore,2026-01-17,Gold
C007068,47,Male,Pune,2025-06-16,Standard
C007069,53,Male,Jaipur,2026-01-26,Standard
C007070,35,Male,Kolkata,2025-11-15,Standard
C007071,43,Female,Ahmedabad,2025-04-27,Standard
C007072,70,Male,Delhi,2026-05-27,Premium
C007073,24,Female,Kochi,2025-07-22,Gold
C007074,18,Female,Mumbai,2025-06-11,Standard
C007075,43,Male,Pune,2026-04-07,Gold
C007076,40,Female,Hyderabad,2025-07-20,Standard
C007077,43,Male,Bangalore,2025-08-19,Premium
C007078,62,Female,Mumbai,2026-05-31,Gold
C007079,23,Female,Jaipur,2025-07-25,Gold
C007080,23,Female,Mumbai,2025-11-27,Standard
C007081,61,Female,Bangalore,2025-12-13,Standard
C007082,25,Male,Mumbai,2025-12-15,Standard
C007083,41,Female,Kolkata,2025-06-09,Standard
C007084,39,Female,Hyderabad,2025-09-09,Gold
C007085,36,Female,Kochi,2025-08-10,Standard
C007086,54,Female,Pune,2026-01-29,Standard
C007087,35,Female,Bangalore,2026-01-31,Gold
C007088,48,Female,Mumbai,2025-06-16,Standard
C007089,54,Male,Hyderabad,2026-03-28,Standard
C007090,47,Male,Bangalore,2025-05-18,Gold
C007091,59,Female,Hyderabad,2025-07-29,Standard
C007092,50,Female,Mumbai,2025-08-02,Standard
C007093,27,Other,Delhi,2025-12-26,Gold
C007094,54,Male,Pune,2025-08-23,Gold
C007095,29,Male,Chennai,2026-02-01,Gold
C007096,47,Female,Chennai,2025-10-31,Gold
C007097,44,Female,Pune,2025-04-19,Gold
C007098,56,Female,Delhi,2026-01-25,Standard
C007099,26,Male,Bangalore,2025-04-30,Standard
C007100,38,Male,Hyderabad,2025-07-29,Gold
C007101,29,Male,Delhi,2026-03-03,Gold
C007102,46,Male,Chennai,2026-06-28,Standard
C007103,50,Other,Bangalore,2025-11-26,Standard
C007104,60,Male,Jaipur,2025-08-14,Gold
C007105,70,Male,Delhi,2025-05-27,Standard
C007106,32,Male,Chennai,2025-12-06,Gold
C007107,19,Male,Kochi,2025-06-29,Standard
C007108,69,Female,Mumbai,2025-10-17,Gold
C007109,56,Male,Hyderabad,2025-07-06,Gold
C007110,70,Male,Kolkata,2026-05-01,Gold
C007111,61,Other,Bangalore,2025-12-03,Standard
C007112,35,Male,Kochi,2025-04-18,Standard
C007113,20,Female,Mumbai,2025-05-06,Gold
C007114,24,Male,Kolkata,2025-02-03,Standard
C007115,60,Female,Kochi,2026-03-14,Standard
C007116,35,Male,Delhi,2025-10-03,Standard
C007117,61,Male,Mumbai,2026-05-09,Standard
C007118,55,Female,Mumbai,2025-07-01,Standard
C007119,54,Male,Chennai,2025-08-27,Standard
C007120,50,Female,Ahmedabad,2025-12-14,Standard
C007121,61,Male,Mumbai,2025-05-26,Gold
C007122,48,Female,Chennai,2025-02-13,Gold
C007123,28,Female,Jaipur,2026-05-14,Standard
C007124,21,Male,Kochi,2025-10-22,Standard
C007125,35,Male,Kolkata,2026-06-15,Standard
C007126,21,Female,Hyderabad,2025-07-30,Gold
C007127,66,Female,Kolkata,2026-02-06,Standard
C007128,51,Male,Bangalore,2025-08-19,Standard
C007129,46,Female,Bangalore,2025-12-05,Standard
C007130,41,Male,Mumbai,2025-01-05,Standard
C007131,39,Male,Mumbai,2025-11-07,Standard
C007132,19,Female,Mumbai,2025-06-11,Gold
C007133,61,Female,Jaipur,2025-08-04,Standard
C007134,23,Female,Pune,2025-06-20,Premium
C007135,59,Male,Hyderabad,2025-09-09,Premium
C007136,42,Male,Pune,2025-02-07,Standard
C007137,38,Female,Chennai,2025-08-16,Premium
C007138,33,Male,Chennai,2025-10-05,Standard
C007139,48,Male,Kolkata,2025-10-12,Standard
C007140,31,Male,Hyderabad,2026-05-25,Standard
C007141,56,Female,Kolkata,2026-01-01,Standard
C007142,45,Male,Hyderabad,2025-03-09,Standard
C007143,49,Male,Chennai,2025-04-14,Standard
C007144,45,Female,Mumbai,2026-02-05,Standard
C007145,68,Female,Mumbai,2025-09-03,Standard
C007146,66,Male,Hyderabad,2025-07-11,Standard
C007147,26,Female,Jaipur,2025-10-23,Standard
C007148,62,Male,Pune,2025-05-24,Gold
C007149,39,Male,Delhi,2025-01-26,Gold
C007150,49,Female,Pune,2025-09-08,Gold
C007151,22,Male,Ahmedabad,2025-07-12,Premium
C007152,40,Male,Delhi,2026-01-16,Standard
C007153,22,Female,Mumbai,2025-01-02,Gold
C007154,59,Female,Kolkata,2025-02-14,Standard
C007155,70,Female,Delhi,2025-01-03,Standard
C007156,49,Male,Mumbai,2026-03-25,Standard
C007157,27,Male,Delhi,2025-05-15,Standard
C007158,56,Male,Mumbai,2025-10-18,Gold
C007159,32,Male,Ahmedabad,2025-10-05,Gold
C007160,24,Male,Ahmedabad,2025-06-25,Gold
C007161,46,Female,Bangalore,2025-10-09,Standard
C007162,64,Male,Hyderabad,2025-04-30,Standard
C007163,20,Male,Mumbai,2025-06-23,Standard
C007164,36,Female,Chennai,2026-03-15,Standard
C007165,27,Male,Delhi,2026-04-04,Standard
C007166,45,Other,Ahmedabad,2025-12-07,Premium
C007167,46,Male,Chennai,2025-05-01,Premium
C007168,32,Female,Jaipur,2026-05-08,Gold
C007169,52,Female,Kolkata,2025-10-03,Standard
C007170,23,Female,Pune,2025-01-29,Standard
C007171,29,Male,Ahmedabad,2025-09-01,Standard
C007172,64,Female,Chennai,2025-11-17,Standard
C007173,55,Male,Delhi,2025-12-18,Standard
C007174,30,Male,Mumbai,2026-06-16,Standard
C007175,46,Male,Ahmedabad,2025-03-22,Gold
C007176,36,Male,Bangalore,2025-10-20,Premium
C007177,20,Male,Hyderabad,2025-10-21,Standard
C007178,25,Male,Kochi,2026-05-12,Premium
C007179,25,Male,Ahmedabad,2026-04-03,Premium
C007180,37,Female,Delhi,2025-03-01,Standard
C007181,64,Male,Mumbai,2026-06-27,Gold
C007182,21,Female,Pune,2026-01-15,Standard
C007183,68,Other,Delhi,2025-11-20,Standard
C007184,38,Male,Hyderabad,2025-03-03,Standard
C007185,20,Female,Delhi,2025-05-26,Standard
C007186,62,Other,Mumbai,2025-12-28,Gold
C007187,25,Male,Bangalore,2025-02-22,Gold
C007188,40,Male,Bangalore,2026-02-06,Standard
C007189,33,Female,Kolkata,2026-03-25,Standard
C007190,30,Female,Mumbai,2025-03-24,Standard
C007191,20,Female,Bangalore,2026-01-14,Standard
C007192,65,Male,Pune,2026-04-03,Standard
C007193,26,Female,Bangalore,2025-03-22,Gold
C007194,31,Male,Ahmedabad,2026-05-29,Standard
C007195,30,Male,Jaipur,2025-11-05,Standard
C007196,70,Male,Hyderabad,2026-05-09,Gold
C007197,24,Male,Kolkata,2025-08-24,Gold
C007198,32,Female,Delhi,2025-02-06,Premium
C007199,24,Female,Hyderabad,2025-11-21,Gold
C007200,55,Female,Delhi,2025-02-25,Standard
C007201,51,Male,Kochi,2025-05-01,Standard
C007202,58,Female,Kolkata,2025-11-10,Premium
C007203,39,Female,Kolkata,2025-07-30,Standard
C007204,41,Male,Jaipur,2025-04-13,Premium
C007205,66,Female,Ahmedabad,2026-03-15,Standard
C007206,54,Female,Mumbai,2025-02-07,Gold
C007207,61,Female,Delhi,2026-02-18,Standard
C007208,18,Male,Delhi,2025-08-12,Gold
C007209,27,Female,Kochi,2025-10-20,Standard
C007210,60,Female,Chennai,2025-06-04,Standard
C007211,33,Male,Kolkata,2025-02-01,Gold
C007212,63,Female,Kolkata,2025-08-22,Standard
C007213,25,Male,Jaipur,2026-05-04,Gold
C007214,66,Female,Jaipur,2025-11-29,Standard
C007215,42,Female,Mumbai,2025-01-17,Premium
C007216,67,Female,Delhi,2026-02-18,Standard
C007217,29,Female,Kolkata,2025-08-28,Gold
C007218,42,Male,Kochi,2025-10-13,Premium
C007219,34,Male,Kolkata,2025-12-12,Standard
C007220,43,Female,Kochi,2026-01-10,Premium
C007221,63,Male,Ahmedabad,2025-01-16,Gold
C007222,65,Male,Ahmedabad,2025-09-17,Standard
C007223,31,Male,Chennai,2025-12-27,Standard
C007224,58,Male,Jaipur,2026-02-03,Gold
C007225,53,Female,Mumbai,2026-04-05,Premium
C007226,40,Female,Bangalore,2026-05-31,Standard
C007227,60,Male,Bangalore,2025-03-26,Standard
C007228,23,Male,Delhi,2025-03-04,Standard
C007229,64,Male,Kolkata,2025-04-10,Standard
C007230,22,Male,Delhi,2025-10-22,Standard
C007231,60,Male,Hyderabad,2025-06-11,Standard
C007232,42,Male,Kolkata,2025-06-27,Gold
C007233,35,Female,Bangalore,2026-03-20,Standard
C007234,30,Female,Bangalore,2025-11-24,Gold
C007235,60,Male,Chennai,2025-11-24,Standard
C007236,31,Female,Bangalore,2025-02-11,Gold
C007237,45,Female,Jaipur,2025-08-30,Standard
C007238,35,Male,Mumbai,2025-12-08,Standard
C007239,45,Male,Kolkata,2025-04-01,Gold
C007240,68,Female,Delhi,2025-01-28,Standard
C007241,44,Male,Kolkata,2026-04-04,Standard
C007242,49,Female,Kolkata,2026-01-20,Gold
C007243,64,Female,Bangalore,2026-05-02,Standard
C007244,26,Male,Bangalore,2025-08-08,Premium
C007245,57,Female,Hyderabad,2025-09-21,Gold
C007246,49,Female,Kochi,2025-05-01,Standard
C007247,37,Male,Chennai,2025-02-15,Standard
C007248,45,Male,Kolkata,2025-10-07,Gold
C007249,50,Female,Hyderabad,2025-04-25,Standard
C007250,21,Female,Kolkata,2025-06-17,Gold
C007251,63,Female,Jaipur,2026-03-11,Standard
C007252,51,Female,Bangalore,2025-09-03,Gold
C007253,65,Male,Hyderabad,2026-04-29,Premium
C007254,20,Male,Pune,2026-01-10,Standard
C007255,43,Male,Jaipur,2025-10-07,Premium
C007256,25,Male,Delhi,2025-01-22,Standard
C007257,23,Female,Hyderabad,2025-03-09,Standard
C007258,33,Other,Ahmedabad,2025-02-27,Standard
C007259,41,Female,Delhi,2026-06-11,Standard
C007260,65,Female,Pune,2025-09-21,Standard
C007261,56,Male,Chennai,2026-02-27,Standard
C007262,47,Male,Mumbai,2026-05-14,Standard
C007263,62,Male,Bangalore,2025-10-18,Standard
C007264,30,Female,Mumbai,2025-06-18,Standard
C007265,22,Male,Bangalore,2026-04-07,Standard
C007266,42,Female,Mumbai,2025-12-19,Premium
C007267,37,Female,Chennai,2025-08-28,Premium
C007268,35,Male,Pune,2025-10-10,Gold
C007269,64,Male,Pune,2026-03-25,Standard
C007270,35,Female,Ahmedabad,2025-03-07,Standard
C007271,19,Male,Jaipur,2025-11-23,Standard
C007272,27,Female,Ahmedabad,2026-04-01,Standard
C007273,62,Female,Bangalore,2026-04-22,Premium
C007274,67,Male,Hyderabad,2025-10-12,Gold
C007275,64,Male,Pune,2025-01-31,Standard
C007276,29,Male,Bangalore,2026-03-24,Standard
C007277,64,Female,Ahmedabad,2025-08-02,Gold
C007278,30,Male,Pune,2025-01-25,Gold
C007279,67,Female,Bangalore,2026-01-08,Standard
C007280,64,Female,Kochi,2026-02-01,Standard
C007281,28,Female,Chennai,2025-12-03,Standard
C007282,36,Male,Pune,2025-10-07,Standard
C007283,52,Female,Kochi,2025-07-17,Gold
C007284,56,Female,Ahmedabad,2026-04-24,Standard
C007285,70,Female,Delhi,2025-03-11,Standard
C007286,43,Female,Bangalore,2026-05-20,Standard
C007287,63,Female,Kochi,2025-04-20,Standard
C007288,31,Female,Chennai,2026-01-17,Gold
C007289,62,Male,Mumbai,2026-02-01,Standard
C007290,61,Female,Mumbai,2026-02-13,Standard
C007291,41,Male,Kolkata,2025-12-17,Gold
C007292,58,Female,Chennai,2026-06-18,Standard
C007293,18,Female,Kolkata,2026-05-16,Standard
C007294,68,Male,Kolkata,2026-02-25,Standard
C007295,60,Female,Kolkata,2025-04-21,Standard
C007296,39,Female,Hyderabad,2025-07-28,Standard
C007297,40,Male,Pune,2026-03-15,Standard
C007298,36,Female,Pune,2025-06-27,Gold
C007299,35,Male,Mumbai,2026-03-01,Standard
C007300,29,Female,Bangalore,2025-11-24,Gold
C007301,45,Female,Jaipur,2025-01-11,Premium
C007302,45,Female,Chennai,2025-09-09,Standard
C007303,50,Female,Jaipur,2025-08-23,Gold
C007304,36,Female,Ahmedabad,2025-09-11,Gold
C007305,45,Male,Bangalore,2026-04-23,Premium
C007306,69,Male,Kolkata,2025-05-09,Gold
C007307,66,Female,Kochi,2026-06-16,Standard
C007308,54,Female,Hyderabad,2025-04-10,Standard
C007309,43,Female,Kochi,2025-10-17,Standard
C007310,52,Female,Kochi,2025-08-14,Premium
C007311,51,Female,Jaipur,2025-05-05,Standard
C007312,52,Male,Delhi,2026-03-14,Standard
C007313,57,Female,Hyderabad,2025-12-13,Gold
C007314,33,Male,Ahmedabad,2025-07-02,Standard
C007315,55,Male,Hyderabad,2025-12-17,Standard
C007316,30,Female,Kolkata,2026-05-30,Premium
C007317,40,Female,Kolkata,2026-01-13,Gold
C007318,39,Male,Kolkata,2026-04-10,Standard
C007319,33,Female,Bangalore,2025-12-06,Standard
C007320,45,Female,Delhi,2025-05-21,Standard
C007321,65,Female,Bangalore,2025-04-21,Standard
C007322,52,Female,Kolkata,2025-09-18,Standard
C007323,62,Male,Ahmedabad,2025-07-07,Standard
C007324,63,Female,Kolkata,2026-01-06,Standard
C007325,25,Female,Bangalore,2025-12-24,Standard
C007326,61,Female,Hyderabad,2025-09-30,Standard
C007327,39,Female,Kochi,2026-03-25,Gold
C007328,38,Male,Hyderabad,2026-02-21,Gold
C007329,43,Male,Kolkata,2026-01-23,Standard
C007330,57,Female,Mumbai,2025-12-04,Standard
C007331,38,Female,Hyderabad,2025-11-07,Gold
C007332,42,Female,Pune,2025-11-25,Gold
C007333,58,Male,Kochi,2025-02-16,Standard
C007334,18,Male,Pune,2025-05-29,Gold
C007335,23,Male,Kochi,2025-12-16,Standard
C007336,40,Female,Delhi,2025-11-19,Gold
C007337,68,Male,Pune,2025-04-30,Gold
C007338,40,Female,Hyderabad,2026-02-02,Gold
C007339,60,Male,Kochi,2025-07-16,Premium
C007340,60,Female,Delhi,2026-02-17,Standard
C007341,40,Male,Jaipur,2026-03-15,Standard
C007342,49,Male,Mumbai,2025-02-06,Standard
C007343,47,Female,Chennai,2025-07-06,Standard
C007344,30,Female,Delhi,2026-02-24,Gold
C007345,60,Male,Hyderabad,2026-04-05,Gold
C007346,35,Female,Hyderabad,2025-04-20,Gold
C007347,40,Male,Mumbai,2025-07-06,Standard
C007348,32,Male,Mumbai,2026-04-16,Gold
C007349,50,Male,Delhi,2025-03-19,Standard
C007350,38,Male,Kolkata,2026-01-09,Standard
C007351,56,Female,Mumbai,2025-11-26,Standard
C007352,40,Male,Kolkata,2025-05-05,Standard
C007353,44,Female,Jaipur,2025-11-12,Premium
C007354,62,Male,Hyderabad,2025-11-16,Standard
C007355,61,Female,Delhi,2026-04-20,Standard
C007356,35,Male,Mumbai,2026-05-04,Gold
C007357,41,Male,Jaipur,2026-05-29,Standard
C007358,68,Male,Delhi,2025-11-30,Standard
C007359,64,Female,Kochi,2025-03-12,Standard
C007360,57,Female,Chennai,2026-04-10,Standard
C007361,68,Female,Kochi,2026-01-11,Standard
C007362,59,Male,Bangalore,2025-01-08,Premium
C007363,24,Female,Kolkata,2025-06-13,Premium
C007364,67,Female,Bangalore,2025-10-22,Standard
C007365,65,Male,Ahmedabad,2025-12-24,Standard
C007366,37,Male,Jaipur,2025-03-22,Gold
C007367,44,Female,Kolkata,2025-10-02,Gold
C007368,23,Female,Jaipur,2026-06-24,Gold
C007369,44,Male,Kochi,2025-02-16,Gold
C007370,26,Female,Pune,2026-01-27,Premium
C007371,70,Female,Kolkata,2025-03-20,Gold
C007372,62,Female,Hyderabad,2026-05-28,Gold
C007373,48,Male,Jaipur,2025-01-23,Standard
C007374,38,Female,Hyderabad,2025-08-16,Standard
C007375,43,Male,Pune,2026-03-14,Gold
C007376,57,Male,Mumbai,2025-10-25,Standard
C007377,65,Female,Jaipur,2025-09-17,Standard
C007378,62,Male,Bangalore,2025-01-10,Premium
C007379,30,Male,Jaipur,2025-06-07,Standard
C007380,66,Male,Mumbai,2025-06-07,Standard
C007381,40,Male,Kochi,2025-11-16,Standard
C007382,37,Male,Delhi,2025-07-21,Standard
C007383,54,Male,Bangalore,2025-05-01,Gold
C007384,70,Female,Bangalore,2025-05-19,Gold
C007385,45,Male,Pune,2025-12-05,Gold
C007386,34,Other,Kochi,2025-09-17,Standard
C007387,45,Male,Bangalore,2026-03-09,Standard
C007388,58,Male,Chennai,2025-02-13,Standard
C007389,19,Female,Hyderabad,2025-06-08,Standard
C007390,42,Male,Kolkata,2025-12-21,Gold
C007391,67,Female,Chennai,2025-04-08,Standard
C007392,58,Female,Delhi,2026-06-22,Standard
C007393,23,Male,Jaipur,2025-08-27,Standard
C007394,28,Female,Kochi,2026-04-20,Standard
C007395,55,Male,Ahmedabad,2026-06-08,Gold
C007396,23,Other,Ahmedabad,2026-01-27,Standard
C007397,62,Female,Chennai,2025-01-09,Standard
C007398,28,Female,Bangalore,2026-05-28,Standard
C007399,31,Male,Jaipur,2026-01-24,Standard
C007400,19,Male,Kochi,2025-07-29,Standard
C007401,57,Male,Mumbai,2025-02-23,Gold
C007402,20,Male,Jaipur,2025-06-01,Gold
C007403,70,Female,Kolkata,2026-02-14,Standard
C007404,52,Female,Pune,2025-01-10,Standard
C007405,50,Male,Kochi,2025-09-25,Premium
C007406,41,Female,Jaipur,2026-03-27,Gold
C007407,36,Female,Kochi,2025-07-16,Standard
C007408,35,Female,Mumbai,2026-02-02,Standard
C007409,66,Male,Bangalore,2025-02-21,Standard
C007410,69,Male,Delhi,2026-04-14,Gold
C007411,41,Female,Pune,2026-01-03,Premium
C007412,62,Female,Pune,2026-01-09,Gold
C007413,52,Female,Bangalore,2025-02-28,Standard
C007414,18,Female,Kolkata,2025-10-21,Gold
C007415,53,Male,Ahmedabad,2025-04-20,Premium
C007416,42,Female,Delhi,2026-06-26,Standard
C007417,62,Male,Chennai,2025-04-17,Premium
C007418,66,Female,Chennai,2025-10-24,Gold
C007419,60,Female,Delhi,2025-04-05,Standard
C007420,51,Female,Kolkata,2026-04-17,Standard
C007421,42,Female,Kolkata,2025-03-20,Standard
C007422,33,Female,Mumbai,2025-09-07,Gold
C007423,51,Male,Hyderabad,2025-12-05,Standard
C007424,46,Male,Jaipur,2025-02-26,Standard
C007425,36,Female,Kolkata,2025-05-27,Standard
C007426,40,Male,Chennai,2025-01-17,Premium
C007427,36,Male,Bangalore,2026-01-03,Standard
C007428,42,Male,Chennai,2025-07-08,Standard
C007429,33,Female,Hyderabad,2025-09-05,Standard
C007430,68,Male,Delhi,2025-05-30,Standard
C007431,26,Female,Hyderabad,2025-08-01,Premium
C007432,18,Other,Kochi,2025-08-05,Standard
C007433,59,Other,Jaipur,2025-01-06,Standard
C007434,36,Male,Kochi,2026-01-30,Standard
C007435,50,Female,Mumbai,2025-10-31,Standard
C007436,51,Other,Kolkata,2026-02-15,Standard
C007437,33,Female,Mumbai,2026-02-07,Standard
C007438,61,Female,Hyderabad,2026-01-15,Standard
C007439,57,Female,Kochi,2026-03-28,Gold
C007440,35,Male,Bangalore,2025-08-17,Gold
C007441,51,Female,Jaipur,2026-05-20,Premium
C007442,42,Male,Bangalore,2025-05-25,Standard
C007443,62,Male,Bangalore,2025-02-19,Standard
C007444,23,Other,Bangalore,2026-02-28,Gold
C007445,38,Male,Delhi,2025-04-10,Standard
C007446,23,Male,Kolkata,2025-12-09,Gold
C007447,49,Other,Kolkata,2026-06-10,Standard
C007448,58,Other,Kochi,2025-01-13,Standard
C007449,65,Male,Bangalore,2025-06-21,Gold
C007450,60,Female,Pune,2026-05-04,Standard
C007451,56,Male,Jaipur,2025-12-25,Gold
C007452,48,Male,Pune,2025-04-16,Premium
C007453,59,Male,Mumbai,2025-07-08,Standard
C007454,27,Male,Kochi,2026-06-13,Standard
C007455,47,Male,Jaipur,2025-02-19,Gold
C007456,69,Male,Hyderabad,2025-09-06,Standard
C007457,35,Female,Kochi,2026-02-14,Standard
C007458,41,Female,Mumbai,2026-01-26,Standard
C007459,69,Female,Mumbai,2026-01-14,Gold
C007460,26,Female,Mumbai,2025-08-15,Gold
C007461,48,Male,Pune,2025-08-01,Premium
C007462,32,Female,Kolkata,2026-06-13,Gold
C007463,21,Female,Jaipur,2025-12-12,Premium
C007464,57,Male,Hyderabad,2026-02-23,Standard
C007465,26,Male,Ahmedabad,2025-03-25,Standard
C007466,62,Female,Ahmedabad,2025-07-16,Standard
C007467,26,Female,Bangalore,2026-06-14,Gold
C007468,43,Female,Delhi,2025-08-09,Standard
C007469,21,Male,Kochi,2025-06-25,Gold
C007470,34,Male,Delhi,2025-11-18,Gold
C007471,33,Female,Ahmedabad,2026-06-19,Standard
C007472,32,Female,Ahmedabad,2026-01-29,Standard
C007473,52,Male,Chennai,2025-11-20,Standard
C007474,69,Male,Hyderabad,2025-03-26,Premium
C007475,22,Female,Chennai,2026-03-03,Standard
C007476,22,Female,Bangalore,2025-09-25,Premium
C007477,37,Male,Chennai,2025-04-22,Premium
C007478,32,Female,Kochi,2026-02-02,Standard
C007479,35,Female,Pune,2025-02-21,Gold
C007480,64,Female,Bangalore,2025-03-25,Standard
C007481,19,Male,Pune,2026-03-01,Standard
C007482,46,Male,Bangalore,2025-01-21,Standard
C007483,30,Female,Chennai,2025-02-25,Premium
C007484,21,Male,Ahmedabad,2025-10-18,Standard
C007485,59,Female,Pune,2026-01-08,Standard
C007486,62,Female,Jaipur,2025-01-08,Gold
C007487,27,Male,Bangalore,2025-05-04,Standard
C007488,48,Female,Delhi,2025-04-11,Standard
C007489,58,Female,Kolkata,2025-04-03,Premium
C007490,25,Female,Jaipur,2026-01-20,Standard
C007491,20,Male,Jaipur,2025-03-21,Standard
C007492,65,Other,Mumbai,2025-10-25,Standard
C007493,63,Male,Mumbai,2025-01-31,Gold
C007494,26,Female,Mumbai,2026-01-13,Standard
C007495,47,Female,Hyderabad,2025-11-26,Standard
C007496,70,Male,Ahmedabad,2025-10-26,Gold
C007497,28,Female,Delhi,2025-10-09,Standard
C007498,52,Other,Kolkata,2025-01-12,Gold
C007499,54,Male,Kochi,2025-03-10,Gold
C007500,59,Male,Pune,2026-06-07,Standard
C007501,30,Female,Jaipur,2025-01-23,Standard
C007502,53,Male,Hyderabad,2025-12-03,Standard
C007503,30,Male,Pune,2026-03-03,Gold
C007504,29,Female,Hyderabad,2025-07-28,Standard
C007505,54,Female,Chennai,2025-08-03,Gold
C007506,27,Other,Hyderabad,2026-02-27,Standard
C007507,26,Male,Chennai,2025-03-14,Standard
C007508,69,Male,Chennai,2025-10-01,Standard
C007509,24,Male,Kochi,2025-08-21,Standard
C007510,19,Female,Kolkata,2025-02-10,Standard
C007511,40,Female,Kochi,2025-10-16,Standard
C007512,56,Male,Hyderabad,2025-09-27,Gold
C007513,57,Male,Ahmedabad,2026-03-15,Standard
C007514,56,Female,Chennai,2025-11-10,Premium
C007515,38,Female,Kolkata,2026-05-25,Standard
C007516,40,Male,Hyderabad,2026-01-29,Standard
C007517,46,Female,Jaipur,2025-01-28,Premium
C007518,31,Male,Kolkata,2025-09-27,Standard
C007519,43,Female,Jaipur,2026-04-12,Standard
C007520,68,Female,Chennai,2025-03-15,Standard
C007521,22,Female,Pune,2025-09-03,Standard
C007522,48,Male,Delhi,2026-02-14,Gold
C007523,42,Male,Chennai,2026-05-13,Standard
C007524,48,Female,Mumbai,2026-02-22,Standard
C007525,67,Male,Mumbai,2025-07-30,Gold
C007526,37,Female,Ahmedabad,2025-08-11,Standard
C007527,61,Other,Kolkata,2025-12-26,Gold
C007528,34,Other,Delhi,2025-01-20,Standard
C007529,62,Female,Jaipur,2026-02-27,Standard
C007530,19,Female,Bangalore,2025-05-01,Premium
C007531,42,Other,Mumbai,2025-06-22,Standard
C007532,30,Male,Delhi,2025-02-03,Gold
C007533,56,Male,Ahmedabad,2025-03-12,Gold
C007534,45,Male,Hyderabad,2026-06-29,Standard
C007535,59,Male,Delhi,2026-06-19,Standard
C007536,23,Female,Hyderabad,2025-01-14,Standard
C007537,20,Female,Kolkata,2025-11-02,Gold
C007538,52,Female,Kochi,2025-09-28,Premium
C007539,35,Female,Hyderabad,2025-02-22,Standard
C007540,28,Female,Kolkata,2026-05-09,Standard
C007541,37,Female,Chennai,2026-04-08,Standard
C007542,22,Male,Kolkata,2026-06-07,Standard
C007543,36,Female,Jaipur,2025-11-20,Gold
C007544,39,Male,Delhi,2026-06-08,Gold
C007545,36,Female,Pune,2026-03-19,Standard
C007546,64,Male,Kochi,2025-09-08,Standard
C007547,33,Female,Hyderabad,2025-06-09,Standard
C007548,41,Female,Kochi,2025-02-05,Standard
C007549,58,Female,Delhi,2025-07-17,Gold
C007550,21,Female,Delhi,2026-03-26,Standard
C007551,32,Female,Hyderabad,2026-01-13,Standard
C007552,42,Male,Ahmedabad,2025-09-03,Standard
C007553,61,Male,Pune,2026-01-28,Standard
C007554,52,Female,Hyderabad,2025-07-23,Standard
C007555,31,Male,Bangalore,2025-02-13,Gold
C007556,66,Male,Kochi,2025-11-11,Premium
C007557,36,Female,Bangalore,2026-02-12,Standard
C007558,55,Male,Kochi,2025-07-25,Standard
C007559,53,Male,Chennai,2025-08-29,Gold
C007560,24,Male,Kochi,2025-02-10,Premium
C007561,47,Male,Delhi,2025-12-29,Gold
C007562,36,Female,Kolkata,2025-04-05,Standard
C007563,66,Female,Bangalore,2026-06-24,Standard
C007564,42,Other,Bangalore,2025-05-24,Standard
C007565,33,Male,Mumbai,2025-02-28,Standard
C007566,64,Female,Kochi,2026-05-24,Standard
C007567,57,Male,Pune,2026-05-28,Premium
C007568,68,Female,Jaipur,2025-01-22,Gold
C007569,25,Female,Bangalore,2025-07-23,Standard
C007570,35,Female,Kochi,2026-04-16,Standard
C007571,45,Female,Delhi,2025-10-11,Standard
C007572,33,Male,Jaipur,2026-01-07,Gold
C007573,69,Male,Ahmedabad,2026-05-13,Standard
C007574,36,Female,Kolkata,2025-11-28,Standard
C007575,59,Male,Kochi,2025-01-27,Standard
C007576,34,Male,Chennai,2025-05-09,Gold
C007577,62,Male,Jaipur,2026-01-15,Standard
C007578,30,Male,Ahmedabad,2026-05-22,Standard
C007579,24,Female,Kochi,2025-04-05,Gold
C007580,44,Female,Kochi,2025-06-26,Gold
C007581,27,Male,Jaipur,2026-04-18,Standard
C007582,51,Male,Jaipur,2026-05-01,Premium
C007583,53,Female,Jaipur,2025-10-02,Standard
C007584,42,Female,Hyderabad,2026-02-27,Standard
C007585,23,Other,Kolkata,2026-06-15,Premium
C007586,41,Female,Bangalore,2025-11-16,Gold
C007587,35,Female,Jaipur,2025-02-27,Standard
C007588,40,Female,Jaipur,2025-09-30,Premium
C007589,23,Female,Hyderabad,2025-07-17,Standard
C007590,46,Male,Delhi,2025-03-20,Gold
C007591,42,Female,Ahmedabad,2025-02-10,Standard
C007592,34,Male,Pune,2025-09-02,Standard
C007593,63,Female,Kochi,2025-01-23,Standard
C007594,41,Female,Kochi,2025-08-24,Gold
C007595,28,Female,Jaipur,2025-05-06,Gold
C007596,43,Male,Hyderabad,2025-05-20,Premium
C007597,68,Female,Kolkata,2026-01-29,Standard
C007598,51,Male,Pune,2025-05-07,Standard
C007599,45,Male,Delhi,2025-04-24,Standard
C007600,20,Male,Mumbai,2026-06-09,Standard
C007601,28,Male,Delhi,2025-08-16,Standard
C007602,55,Male,Mumbai,2026-06-05,Gold
C007603,31,Female,Hyderabad,2025-05-26,Gold
C007604,68,Female,Kolkata,2025-06-12,Standard
C007605,43,Male,Pune,2025-06-18,Gold
C007606,65,Male,Mumbai,2026-06-22,Gold
C007607,38,Other,Jaipur,2025-05-05,Standard
C007608,56,Female,Bangalore,2025-10-27,Gold
C007609,47,Male,Bangalore,2025-09-07,Standard
C007610,25,Female,Jaipur,2026-06-06,Premium
C007611,68,Female,Kolkata,2025-04-15,Standard
C007612,37,Male,Chennai,2026-05-28,Standard
C007613,65,Male,Kochi,2026-05-21,Standard
C007614,49,Female,Delhi,2025-10-29,Gold
C007615,39,Male,Mumbai,2025-08-18,Standard
C007616,24,Female,Bangalore,2025-03-05,Standard
C007617,26,Male,Jaipur,2025-08-20,Gold
C007618,62,Female,Pune,2025-07-02,Standard
C007619,18,Female,Pune,2025-11-15,Standard
C007620,46,Male,Mumbai,2025-04-02,Standard
C007621,25,Female,Chennai,2025-03-05,Standard
C007622,21,Other,Ahmedabad,2025-08-07,Premium
C007623,52,Female,Ahmedabad,2025-09-04,Gold
C007624,20,Female,Hyderabad,2026-04-18,Gold
C007625,62,Male,Kolkata,2025-02-26,Standard
C007626,57,Female,Kolkata,2025-02-14,Standard
C007627,24,Male,Delhi,2025-03-27,Standard
C007628,44,Male,Delhi,2025-02-07,Standard
C007629,18,Male,Ahmedabad,2025-07-01,Gold
C007630,44,Male,Mumbai,2025-06-13,Standard
C007631,33,Male,Bangalore,2025-05-06,Standard
C007632,55,Female,Bangalore,2025-07-26,Gold
C007633,24,Female,Jaipur,2025-09-24,Standard
C007634,61,Male,Mumbai,2025-12-20,Premium
C007635,40,Male,Bangalore,2026-02-15,Standard
C007636,58,Female,Chennai,2025-05-02,Premium
C007637,28,Male,Kochi,2026-05-23,Gold
C007638,59,Male,Kolkata,2026-04-14,Standard
C007639,70,Female,Chennai,2025-05-13,Standard
C007640,50,Male,Bangalore,2026-01-14,Gold
C007641,67,Male,Kochi,2025-11-14,Standard
C007642,53,Female,Jaipur,2025-05-05,Standard
C007643,54,Female,Delhi,2026-03-27,Premium
C007644,58,Male,Mumbai,2025-07-27,Standard
C007645,34,Female,Mumbai,2025-10-27,Standard
C007646,52,Female,Bangalore,2026-05-04,Standard
C007647,65,Male,Hyderabad,2025-05-22,Standard
C007648,22,Male,Bangalore,2026-04-19,Gold
C007649,65,Male,Delhi,2025-10-31,Standard
C007650,49,Male,Delhi,2025-01-30,Premium
C007651,20,Male,Jaipur,2026-01-12,Gold
C007652,69,Male,Ahmedabad,2025-12-07,Premium
C007653,64,Male,Delhi,2025-07-28,Standard
C007654,52,Female,Delhi,2025-08-31,Standard
C007655,69,Female,Kolkata,2025-06-07,Standard
C007656,31,Female,Chennai,2025-05-26,Standard
C007657,65,Female,Kolkata,2025-12-06,Gold
C007658,48,Female,Bangalore,2025-04-02,Gold
C007659,48,Female,Delhi,2025-11-25,Standard
C007660,34,Male,Pune,2025-06-21,Standard
C007661,41,Male,Kochi,2025-01-31,Standard
C007662,69,Female,Bangalore,2025-09-29,Standard
C007663,40,Male,Jaipur,2025-04-05,Gold
C007664,35,Male,Jaipur,2025-03-18,Standard
C007665,67,Female,Bangalore,2025-05-31,Premium
C007666,31,Female,Mumbai,2025-05-22,Gold
C007667,67,Female,Ahmedabad,2025-08-19,Gold
C007668,32,Male,Chennai,2025-05-08,Standard
C007669,32,Male,Ahmedabad,2026-05-12,Premium
C007670,23,Female,Kochi,2025-10-07,Gold
C007671,44,Male,Jaipur,2026-06-25,Standard
C007672,32,Male,Jaipur,2026-06-14,Standard
C007673,67,Female,Bangalore,2025-05-11,Gold
C007674,53,Female,Jaipur,2026-04-06,Standard
C007675,25,Female,Mumbai,2025-09-26,Standard
C007676,32,Female,Ahmedabad,2025-09-17,Standard
C007677,20,Male,Jaipur,2025-02-20,Standard
C007678,64,Male,Hyderabad,2025-05-13,Standard
C007679,30,Male,Pune,2025-01-05,Gold
C007680,58,Female,Hyderabad,2026-05-17,Standard
C007681,51,Female,Bangalore,2025-07-03,Gold
C007682,41,Male,Kochi,2026-02-13,Standard
C007683,57,Female,Pune,2025-04-01,Standard
C007684,49,Male,Delhi,2026-03-12,Standard
C007685,49,Female,Hyderabad,2025-07-08,Gold
C007686,47,Female,Mumbai,2026-04-25,Standard
C007687,69,Male,Chennai,2026-01-18,Gold
C007688,66,Male,Kochi,2025-11-18,Standard
C007689,30,Male,Kochi,2026-03-19,Gold
C007690,18,Male,Mumbai,2026-05-05,Gold
C007691,51,Male,Mumbai,2025-05-13,Standard
C007692,32,Female,Hyderabad,2026-03-02,Gold
C007693,61,Male,Pune,2025-09-07,Standard
C007694,31,Female,Bangalore,2025-03-02,Gold
C007695,46,Male,Jaipur,2026-02-26,Gold
C007696,51,Male,Kochi,2026-04-21,Standard
C007697,35,Male,Hyderabad,2025-08-11,Gold
C007698,24,Female,Hyderabad,2026-03-14,Standard
C007699,46,Male,Hyderabad,2026-01-19,Standard
C007700,48,Female,Kolkata,2025-11-15,Standard
C007701,42,Female,Ahmedabad,2025-08-13,Standard
C007702,55,Female,Chennai,2026-02-27,Standard
C007703,31,Female,Bangalore,2025-07-10,Standard
C007704,25,Male,Delhi,2025-03-20,Standard
C007705,44,Female,Ahmedabad,2025-12-31,Gold
C007706,19,Female,Hyderabad,2025-01-22,Gold
C007707,34,Other,Pune,2025-11-26,Gold
C007708,54,Male,Hyderabad,2025-06-05,Standard
C007709,31,Female,Pune,2025-02-25,Standard
C007710,42,Male,Mumbai,2025-09-05,Premium
C007711,47,Male,Kolkata,2025-09-18,Standard
C007712,46,Female,Kochi,2026-03-11,Standard
C007713,37,Other,Bangalore,2026-06-11,Standard
C007714,38,Female,Bangalore,2026-04-23,Standard
C007715,70,Female,Delhi,2026-06-22,Premium
C007716,39,Male,Jaipur,2026-06-19,Gold
C007717,52,Male,Delhi,2026-01-16,Standard
C007718,54,Female,Mumbai,2025-04-13,Premium
C007719,33,Male,Ahmedabad,2025-01-29,Standard
C007720,67,Female,Delhi,2026-04-28,Gold
C007721,66,Male,Bangalore,2025-02-26,Standard
C007722,60,Male,Kolkata,2025-03-03,Standard
C007723,34,Female,Mumbai,2025-02-17,Standard
C007724,33,Male,Kochi,2026-01-02,Gold
C007725,19,Female,Delhi,2026-06-29,Standard
C007726,21,Male,Pune,2025-11-23,Gold
C007727,38,Male,Kolkata,2025-09-23,Standard
C007728,56,Female,Chennai,2025-06-25,Standard
C007729,51,Male,Bangalore,2025-02-13,Premium
C007730,47,Female,Hyderabad,2025-08-07,Standard
C007731,23,Male,Kochi,2025-05-06,Standard
C007732,34,Male,Bangalore,2026-01-14,Premium
C007733,56,Female,Mumbai,2025-11-15,Standard
C007734,42,Female,Pune,2025-11-01,Standard
C007735,22,Male,Delhi,2025-07-19,Standard
C007736,22,Female,Mumbai,2025-03-26,Standard
C007737,37,Female,Kolkata,2025-02-10,Standard
C007738,33,Male,Pune,2025-12-29,Premium
C007739,68,Male,Hyderabad,2025-09-26,Standard
C007740,58,Female,Jaipur,2025-12-28,Standard
C007741,54,Male,Delhi,2026-01-02,Standard
C007742,57,Male,Kochi,2025-06-30,Standard
C007743,26,Female,Bangalore,2025-08-19,Standard
C007744,22,Male,Pune,2025-03-11,Gold
C007745,59,Female,Delhi,2026-05-04,Standard
C007746,19,Female,Kochi,2025-08-22,Standard
C007747,26,Female,Ahmedabad,2026-03-05,Gold
C007748,60,Female,Mumbai,2025-10-21,Standard
C007749,53,Male,Bangalore,2025-12-14,Standard
C007750,39,Male,Chennai,2025-04-09,Standard
C007751,39,Male,Ahmedabad,2025-12-27,Standard
C007752,39,Female,Kochi,2025-12-24,Standard
C007753,51,Male,Ahmedabad,2025-05-10,Standard
C007754,46,Male,Delhi,2026-06-03,Standard
C007755,55,Other,Pune,2026-01-18,Standard
C007756,63,Other,Chennai,2025-03-05,Standard
C007757,50,Male,Jaipur,2026-01-31,Standard
C007758,35,Male,Pune,2025-06-30,Gold
C007759,24,Female,Jaipur,2025-07-08,Gold
C007760,18,Female,Kochi,2025-07-02,Standard
C007761,50,Male,Hyderabad,2026-05-07,Standard
C007762,18,Male,Pune,2025-06-19,Gold
C007763,41,Female,Kochi,2025-11-18,Standard
C007764,21,Female,Delhi,2025-06-21,Gold
C007765,21,Female,Jaipur,2025-10-11,Standard
C007766,35,Male,Kochi,2026-01-01,Standard
C007767,44,Male,Bangalore,2025-04-21,Gold
C007768,60,Female,Jaipur,2025-03-19,Gold
C007769,49,Male,Delhi,2025-09-10,Standard
C007770,50,Male,Bangalore,2025-08-24,Premium
C007771,45,Male,Kochi,2025-04-03,Standard
C007772,59,Female,Ahmedabad,2025-02-03,Gold
C007773,58,Female,Kolkata,2026-04-26,Standard
C007774,53,Female,Pune,2026-02-08,Standard
C007775,23,Female,Chennai,2025-08-10,Gold
C007776,33,Female,Delhi,2026-05-05,Standard
C007777,51,Female,Hyderabad,2025-12-06,Standard
C007778,40,Male,Chennai,2026-05-28,Standard
C007779,67,Male,Kochi,2025-09-09,Standard
C007780,59,Female,Bangalore,2025-12-30,Standard
C007781,41,Male,Jaipur,2026-06-11,Standard
C007782,66,Female,Chennai,2025-05-22,Standard
C007783,30,Male,Bangalore,2025-11-07,Gold
C007784,35,Male,Kolkata,2026-01-20,Standard
C007785,30,Female,Jaipur,2025-11-08,Standard
C007786,66,Female,Pune,2025-10-06,Gold
C007787,54,Female,Ahmedabad,2025-12-12,Standard
C007788,60,Female,Kolkata,2026-01-22,Standard
C007789,56,Male,Jaipur,2025-10-29,Standard
C007790,59,Male,Kolkata,2026-05-22,Gold
C007791,34,Female,Pune,2025-09-04,Standard
C007792,32,Male,Bangalore,2026-05-03,Premium
C007793,35,Male,Jaipur,2025-08-27,Gold
C007794,40,Male,Kochi,2026-06-13,Standard
C007795,68,Male,Delhi,2025-12-15,Gold
C007796,47,Female,Chennai,2025-12-18,Standard
C007797,51,Female,Ahmedabad,2025-06-03,Standard
C007798,21,Female,Mumbai,2026-05-25,Standard
C007799,20,Female,Hyderabad,2025-07-05,Standard
C007800,24,Male,Bangalore,2026-03-01,Gold
C007801,35,Male,Delhi,2025-03-03,Gold
C007802,59,Male,Hyderabad,2026-02-05,Standard
C007803,24,Male,Mumbai,2025-02-28,Standard
C007804,57,Male,Jaipur,2025-05-22,Premium
C007805,23,Male,Kolkata,2026-04-11,Standard
C007806,39,Female,Delhi,2025-05-29,Standard
C007807,18,Female,Ahmedabad,2026-03-23,Standard
C007808,21,Female,Pune,2025-06-23,Gold
C007809,63,Female,Kochi,2025-11-07,Standard
C007810,66,Male,Chennai,2025-03-03,Standard
C007811,69,Male,Kolkata,2025-06-16,Standard
C007812,67,Male,Bangalore,2025-04-13,Gold
C007813,60,Male,Hyderabad,2025-01-28,Standard
C007814,46,Male,Bangalore,2026-05-23,Gold
C007815,38,Male,Bangalore,2025-05-14,Standard
C007816,43,Female,Delhi,2025-02-28,Gold
C007817,31,Female,Pune,2025-03-31,Gold
C007818,26,Female,Hyderabad,2025-03-11,Gold
C007819,64,Male,Hyderabad,2025-07-04,Gold
C007820,29,Female,Hyderabad,2026-03-14,Standard
C007821,59,Female,Bangalore,2026-04-19,Gold
C007822,68,Female,Delhi,2025-06-17,Standard
C007823,68,Male,Bangalore,2025-05-04,Standard
C007824,23,Female,Kochi,2025-08-01,Standard
C007825,37,Female,Kochi,2025-07-01,Gold
C007826,41,Male,Hyderabad,2025-03-12,Standard
C007827,44,Male,Pune,2025-07-14,Standard
C007828,55,Male,Pune,2025-10-19,Premium
C007829,25,Female,Hyderabad,2025-02-26,Standard
C007830,18,Female,Jaipur,2025-10-27,Standard
C007831,66,Male,Ahmedabad,2025-11-14,Gold
C007832,66,Male,Hyderabad,2026-01-06,Premium
C007833,41,Female,Delhi,2025-03-24,Standard
C007834,64,Male,Delhi,2025-04-04,Gold
C007835,24,Male,Delhi,2025-09-24,Standard
C007836,36,Male,Hyderabad,2026-01-11,Standard
C007837,39,Female,Delhi,2025-06-10,Premium
C007838,52,Female,Delhi,2026-05-17,Gold
C007839,47,Male,Mumbai,2026-01-12,Gold
C007840,46,Other,Mumbai,2025-04-22,Gold
C007841,39,Female,Chennai,2025-10-06,Gold
C007842,28,Male,Jaipur,2026-03-09,Standard
C007843,37,Female,Kolkata,2025-08-30,Standard
C007844,46,Male,Bangalore,2025-08-10,Gold
C007845,68,Female,Delhi,2025-10-13,Gold
C007846,58,Male,Chennai,2025-01-04,Standard
C007847,59,Female,Kochi,2025-11-16,Standard
C007848,51,Male,Pune,2025-11-17,Gold
C007849,18,Female,Kolkata,2025-01-08,Premium
C007850,48,Male,Chennai,2025-02-21,Gold
C007851,47,Female,Pune,2025-05-22,Standard
C007852,65,Male,Hyderabad,2025-10-07,Standard
C007853,35,Female,Jaipur,2025-03-29,Gold
C007854,34,Female,Mumbai,2025-06-09,Standard
C007855,55,Male,Hyderabad,2025-01-28,Premium
C007856,31,Female,Hyderabad,2026-06-12,Standard
C007857,40,Male,Chennai,2025-09-29,Gold
C007858,42,Female,Jaipur,2025-04-10,Premium
C007859,32,Female,Ahmedabad,2025-07-23,Gold
C007860,63,Male,Delhi,2025-07-09,Gold
C007861,39,Female,Jaipur,2026-06-30,Premium
C007862,20,Male,Chennai,2025-10-21,Gold
C007863,36,Male,Pune,2025-12-10,Premium
C007864,61,Female,Kolkata,2025-02-22,Gold
C007865,51,Female,Pune,2025-02-16,Gold
C007866,52,Male,Hyderabad,2026-02-26,Gold
C007867,67,Male,Kochi,2026-04-10,Standard
C007868,18,Female,Kochi,2026-03-05,Gold
C007869,69,Male,Kochi,2026-02-01,Premium
C007870,38,Female,Jaipur,2025-07-13,Gold
C007871,46,Female,Ahmedabad,2025-03-07,Standard
C007872,23,Male,Ahmedabad,2026-04-21,Standard
C007873,54,Male,Ahmedabad,2025-01-26,Standard
C007874,18,Female,Jaipur,2025-04-09,Standard
C007875,68,Male,Bangalore,2026-04-21,Standard
C007876,18,Female,Ahmedabad,2025-03-23,Premium
C007877,44,Other,Chennai,2026-02-02,Premium
C007878,38,Female,Mumbai,2026-01-28,Standard
C007879,70,Male,Bangalore,2025-02-13,Gold
C007880,33,Male,Pune,2026-04-23,Gold
C007881,61,Female,Kochi,2025-04-01,Standard
C007882,57,Female,Bangalore,2025-11-25,Premium
C007883,43,Female,Delhi,2026-02-18,Standard
C007884,33,Male,Jaipur,2025-04-20,Gold
C007885,45,Female,Bangalore,2025-08-07,Gold
C007886,18,Male,Jaipur,2026-04-08,Gold
C007887,53,Female,Mumbai,2026-05-30,Gold
C007888,27,Female,Hyderabad,2025-09-14,Standard
C007889,60,Female,Ahmedabad,2025-07-12,Gold
C007890,34,Male,Pune,2025-03-11,Standard
C007891,40,Female,Kolkata,2026-04-04,Premium
C007892,24,Male,Jaipur,2026-01-17,Gold
C007893,61,Female,Delhi,2026-05-09,Standard
C007894,70,Male,Chennai,2025-04-07,Gold
C007895,24,Male,Hyderabad,2025-08-12,Standard
C007896,61,Male,Hyderabad,2025-10-08,Gold
C007897,32,Female,Mumbai,2025-11-29,Gold
C007898,51,Female,Kochi,2026-02-09,Gold
C007899,63,Female,Kolkata,2026-05-11,Gold
C007900,62,Female,Kochi,2025-07-05,Standard
C007901,21,Female,Pune,2025-02-07,Standard
C007902,31,Male,Hyderabad,2026-05-03,Gold
C007903,31,Female,Kolkata,2026-05-21,Gold
C007904,33,Female,Mumbai,2026-05-04,Standard
C007905,24,Male,Kochi,2025-02-26,Gold
C007906,49,Male,Ahmedabad,2026-05-27,Gold
C007907,36,Male,Kolkata,2025-09-05,Standard
C007908,19,Male,Kolkata,2025-04-14,Standard
C007909,27,Male,Jaipur,2025-03-01,Standard
C007910,67,Male,Ahmedabad,2025-08-26,Standard
C007911,34,Female,Bangalore,2026-01-06,Gold
C007912,54,Male,Kolkata,2025-01-26,Standard
C007913,29,Male,Hyderabad,2026-01-28,Standard
C007914,23,Female,Mumbai,2025-04-20,Gold
C007915,39,Female,Pune,2026-01-27,Premium
C007916,49,Male,Delhi,2025-09-11,Gold
C007917,58,Female,Ahmedabad,2025-04-07,Standard
C007918,37,Male,Chennai,2026-06-22,Premium
C007919,18,Male,Delhi,2025-04-14,Standard
C007920,64,Male,Delhi,2026-05-11,Standard
C007921,70,Female,Hyderabad,2025-08-02,Standard
C007922,23,Female,Kochi,2025-04-23,Premium
C007923,36,Female,Delhi,2025-11-08,Standard
C007924,35,Other,Mumbai,2025-04-11,Premium
C007925,23,Female,Delhi,2025-03-25,Standard
C007926,62,Female,Kochi,2025-10-29,Standard
C007927,50,Female,Jaipur,2025-08-05,Standard
C007928,40,Male,Kolkata,2026-06-25,Standard
C007929,40,Male,Bangalore,2025-04-02,Gold
C007930,43,Female,Hyderabad,2026-03-28,Standard
C007931,30,Female,Jaipur,2025-03-12,Standard
C007932,24,Female,Mumbai,2026-06-09,Gold
C007933,32,Male,Mumbai,2026-02-05,Standard
C007934,61,Female,Kochi,2025-03-22,Standard
C007935,44,Female,Pune,2025-04-10,Standard
C007936,43,Male,Hyderabad,2025-08-06,Gold
C007937,50,Female,Hyderabad,2025-05-05,Standard
C007938,32,Female,Jaipur,2025-07-20,Gold
C007939,53,Female,Delhi,2025-01-02,Gold
C007940,62,Female,Kolkata,2025-01-20,Standard
C007941,44,Male,Delhi,2025-06-29,Standard
C007942,22,Male,Pune,2026-02-13,Premium
C007943,19,Female,Ahmedabad,2025-03-03,Standard
C007944,50,Female,Ahmedabad,2025-09-30,Standard
C007945,33,Female,Chennai,2025-01-10,Standard
C007946,40,Male,Jaipur,2026-06-24,Standard
C007947,55,Male,Kochi,2026-04-05,Standard
C007948,33,Male,Pune,2025-03-02,Standard
C007949,31,Male,Kolkata,2025-02-27,Gold
C007950,46,Female,Hyderabad,2025-10-27,Gold
C007951,43,Female,Mumbai,2026-05-12,Standard
C007952,52,Male,Pune,2025-12-05,Standard
C007953,32,Male,Kolkata,2025-09-09,Gold
C007954,20,Male,Pune,2026-02-11,Standard
C007955,40,Male,Delhi,2025-09-13,Premium
C007956,46,Female,Chennai,2026-01-16,Gold
C007957,51,Female,Kolkata,2025-05-25,Standard
C007958,50,Female,Delhi,2025-12-07,Standard
C007959,58,Male,Jaipur,2026-02-07,Standard
C007960,58,Female,Mumbai,2025-10-15,Standard
C007961,40,Male,Kochi,2025-08-02,Gold
C007962,24,Female,Chennai,2026-06-16,Gold
C007963,20,Female,Kolkata,2025-07-30,Standard
C007964,49,Female,Kolkata,2025-06-20,Gold
C007965,48,Male,Bangalore,2026-06-22,Standard
C007966,35,Male,Delhi,2025-09-20,Standard
C007967,60,Female,Hyderabad,2026-01-25,Standard
C007968,24,Male,Jaipur,2026-02-25,Gold
C007969,58,Male,Jaipur,2025-03-03,Gold
C007970,18,Female,Kolkata,2025-03-27,Standard
C007971,31,Male,Jaipur,2026-05-06,Gold
C007972,69,Female,Chennai,2025-03-01,Standard
C007973,49,Male,Kochi,2026-04-22,Standard
C007974,23,Female,Ahmedabad,2025-11-16,Gold
C007975,56,Male,Kochi,2025-02-21,Standard
C007976,27,Female,Kochi,2025-03-18,Standard
C007977,24,Male,Kochi,2025-04-29,Standard
C007978,43,Female,Bangalore,2025-07-01,Standard
C007979,51,Female,Hyderabad,2026-05-21,Gold
C007980,47,Male,Ahmedabad,2025-06-02,Gold
C007981,53,Male,Ahmedabad,2025-01-18,Gold
C007982,38,Male,Kochi,2025-03-05,Standard
C007983,34,Male,Ahmedabad,2026-05-12,Premium
C007984,50,Female,Kolkata,2025-03-20,Standard
C007985,27,Male,Chennai,2025-02-28,Gold
C007986,68,Female,Hyderabad,2026-02-15,Premium
C007987,64,Female,Jaipur,2025-03-02,Standard
C007988,59,Male,Chennai,2026-04-12,Standard
C007989,68,Female,Kolkata,2025-03-20,Standard
C007990,29,Male,Bangalore,2026-05-03,Standard
C007991,33,Male,Hyderabad,2025-09-01,Standard
C007992,58,Male,Bangalore,2025-07-27,Standard
C007993,49,Female,Pune,2025-03-28,Standard
C007994,32,Male,Mumbai,2025-02-08,Standard
C007995,44,Female,Bangalore,2025-06-25,Gold
C007996,45,Male,Delhi,2026-04-23,Standard
C007997,34,Other,Mumbai,2025-01-20,Standard
C007998,63,Female,Kochi,2025-08-09,Standard
C007999,67,Male,Kochi,2025-10-02,Gold
C008000,19,Female,Chennai,2025-06-03,Gold
C008001,53,Female,Kolkata,2026-04-08,Standard
C008002,67,Male,Ahmedabad,2026-02-13,Gold
C008003,24,Male,Mumbai,2025-09-08,Standard
C008004,30,Male,Jaipur,2025-07-31,Gold
C008005,32,Female,Hyderabad,2026-04-23,Standard
C008006,42,Female,Pune,2026-02-23,Standard
C008007,40,Male,Kolkata,2025-06-21,Standard
C008008,39,Male,Kolkata,2026-05-22,Standard
C008009,43,Female,Pune,2025-07-22,Gold
C008010,50,Female,Jaipur,2026-05-07,Gold
C008011,28,Female,Bangalore,2025-10-22,Gold
C008012,27,Other,Jaipur,2026-04-02,Gold
C008013,42,Male,Jaipur,2025-05-26,Gold
C008014,54,Male,Mumbai,2025-08-26,Standard
C008015,65,Male,Delhi,2026-02-28,Gold
C008016,60,Female,Hyderabad,2025-10-19,Gold
C008017,70,Male,Kolkata,2025-06-05,Gold
C008018,55,Male,Chennai,2025-12-16,Premium
C008019,58,Female,Ahmedabad,2026-03-18,Premium
C008020,62,Male,Jaipur,2025-08-31,Standard
C008021,41,Male,Pune,2025-07-26,Standard
C008022,57,Female,Jaipur,2026-03-04,Standard
C008023,63,Male,Pune,2025-09-15,Premium
C008024,50,Male,Hyderabad,2025-02-04,Standard
C008025,34,Female,Kochi,2025-05-09,Gold
C008026,41,Male,Hyderabad,2026-03-06,Gold
C008027,54,Male,Chennai,2025-11-15,Premium
C008028,19,Female,Delhi,2025-04-05,Gold
C008029,49,Male,Mumbai,2025-08-08,Standard
C008030,41,Female,Pune,2025-10-28,Standard
C008031,26,Male,Delhi,2025-07-04,Premium
C008032,21,Male,Pune,2025-02-06,Premium
C008033,34,Male,Mumbai,2026-02-04,Gold
C008034,34,Male,Hyderabad,2025-05-22,Premium
C008035,70,Male,Bangalore,2025-05-14,Standard
C008036,67,Male,Delhi,2026-03-21,Gold
C008037,65,Female,Pune,2025-10-15,Standard
C008038,47,Male,Delhi,2025-09-15,Gold
C008039,57,Other,Delhi,2025-02-08,Standard
C008040,28,Male,Pune,2025-11-01,Standard
C008041,38,Male,Mumbai,2025-10-10,Gold
C008042,38,Male,Mumbai,2026-06-10,Gold
C008043,35,Female,Ahmedabad,2026-02-11,Premium
C008044,46,Female,Ahmedabad,2025-12-25,Gold
C008045,41,Female,Hyderabad,2026-01-13,Standard
C008046,27,Male,Kolkata,2026-04-14,Standard
C008047,62,Male,Delhi,2025-10-08,Premium
C008048,34,Female,Delhi,2025-01-11,Gold
C008049,35,Male,Hyderabad,2025-07-05,Gold
C008050,59,Male,Chennai,2025-01-09,Standard
C008051,65,Male,Hyderabad,2025-01-28,Standard
C008052,37,Male,Kolkata,2026-04-09,Premium
C008053,54,Male,Hyderabad,2026-05-26,Standard
C008054,62,Female,Chennai,2026-05-17,Standard
C008055,35,Female,Mumbai,2025-08-06,Standard
C008056,34,Female,Delhi,2026-03-05,Gold
C008057,26,Male,Kolkata,2025-01-03,Standard
C008058,31,Female,Bangalore,2025-07-06,Gold
C008059,66,Female,Ahmedabad,2025-02-12,Premium
C008060,46,Female,Kochi,2026-02-15,Standard
C008061,48,Male,Hyderabad,2025-07-09,Standard
C008062,21,Other,Pune,2025-02-11,Standard
C008063,35,Male,Mumbai,2025-04-07,Standard
C008064,37,Female,Delhi,2026-06-01,Standard
C008065,64,Male,Kochi,2025-05-16,Standard
C008066,60,Male,Pune,2026-05-25,Standard
C008067,61,Male,Chennai,2026-06-03,Standard
C008068,26,Female,Hyderabad,2025-02-06,Gold
C008069,30,Male,Ahmedabad,2026-06-01,Premium
C008070,32,Female,Ahmedabad,2025-02-27,Standard
C008071,44,Female,Bangalore,2025-06-04,Gold
C008072,32,Female,Kochi,2025-04-23,Standard
C008073,45,Female,Ahmedabad,2026-04-05,Standard
C008074,54,Female,Chennai,2026-03-18,Standard
C008075,36,Female,Kochi,2025-08-16,Gold
C008076,43,Male,Kochi,2025-05-02,Standard
C008077,69,Female,Ahmedabad,2025-12-23,Standard
C008078,43,Female,Kochi,2025-09-25,Gold
C008079,42,Male,Delhi,2026-04-30,Standard
C008080,43,Female,Bangalore,2025-01-04,Standard
C008081,43,Male,Ahmedabad,2026-04-23,Gold
C008082,63,Male,Delhi,2025-05-01,Standard
C008083,45,Male,Bangalore,2026-05-01,Standard
C008084,66,Male,Mumbai,2025-08-07,Standard
C008085,35,Female,Bangalore,2025-10-05,Gold
C008086,49,Female,Jaipur,2025-09-14,Standard
C008087,70,Female,Kochi,2025-10-31,Gold
C008088,20,Other,Chennai,2025-02-12,Gold
C008089,19,Male,Ahmedabad,2026-06-14,Premium
C008090,50,Male,Mumbai,2025-05-30,Standard
C008091,59,Female,Jaipur,2025-01-10,Gold
C008092,36,Female,Chennai,2025-07-31,Standard
C008093,34,Male,Hyderabad,2025-09-17,Gold
C008094,61,Other,Chennai,2026-01-17,Gold
C008095,50,Female,Kochi,2026-01-24,Standard
C008096,29,Other,Delhi,2025-12-02,Gold
C008097,66,Male,Bangalore,2025-01-05,Gold
C008098,20,Male,Hyderabad,2025-03-24,Standard
C008099,60,Female,Bangalore,2025-01-06,Gold
C008100,66,Female,Kochi,2025-06-01,Gold
C008101,43,Male,Ahmedabad,2025-06-30,Gold
C008102,52,Female,Mumbai,2025-06-16,Standard
C008103,25,Female,Hyderabad,2026-04-15,Premium
C008104,69,Male,Ahmedabad,2025-03-19,Gold
C008105,53,Male,Jaipur,2026-02-16,Standard
C008106,70,Female,Ahmedabad,2026-01-16,Gold
C008107,24,Male,Pune,2025-11-09,Standard
C008108,63,Female,Hyderabad,2026-01-30,Standard
C008109,63,Male,Ahmedabad,2026-06-27,Gold
C008110,53,Female,Delhi,2025-01-04,Premium
C008111,33,Female,Delhi,2025-04-19,Gold
C008112,41,Male,Jaipur,2025-04-03,Standard
C008113,18,Female,Bangalore,2025-04-09,Standard
C008114,66,Male,Kolkata,2025-07-11,Premium
C008115,42,Male,Ahmedabad,2025-11-29,Premium
C008116,27,Female,Kochi,2025-07-31,Premium
C008117,33,Other,Hyderabad,2025-07-26,Standard
C008118,33,Male,Ahmedabad,2025-12-22,Gold
C008119,25,Male,Bangalore,2025-09-10,Gold
C008120,46,Male,Ahmedabad,2025-07-15,Standard
C008121,56,Male,Kolkata,2025-09-19,Standard
C008122,45,Male,Mumbai,2025-11-18,Gold
C008123,23,Female,Kolkata,2026-02-24,Standard
C008124,33,Male,Kochi,2026-05-13,Standard
C008125,37,Female,Kolkata,2025-11-28,Standard
C008126,33,Male,Kochi,2025-10-23,Standard
C008127,24,Female,Bangalore,2025-08-24,Standard
C008128,58,Female,Hyderabad,2025-01-07,Standard
C008129,31,Female,Kolkata,2026-06-18,Standard
C008130,60,Male,Delhi,2025-03-13,Gold
C008131,43,Female,Jaipur,2026-05-15,Standard
C008132,43,Female,Kolkata,2025-05-19,Standard
C008133,31,Female,Hyderabad,2026-01-21,Standard
C008134,24,Female,Bangalore,2026-06-26,Gold
C008135,50,Male,Delhi,2025-11-20,Standard
C008136,43,Female,Kochi,2025-03-14,Standard
C008137,62,Other,Delhi,2026-01-24,Standard
C008138,37,Female,Kolkata,2025-08-26,Premium
C008139,20,Female,Bangalore,2025-11-18,Gold
C008140,69,Female,Kochi,2025-12-07,Standard
C008141,21,Female,Chennai,2025-11-01,Gold
C008142,43,Female,Pune,2025-01-08,Standard
C008143,28,Female,Ahmedabad,2025-07-26,Standard
C008144,19,Male,Mumbai,2026-02-15,Standard
C008145,31,Female,Hyderabad,2025-09-15,Standard
C008146,61,Female,Hyderabad,2025-02-15,Gold
C008147,47,Male,Hyderabad,2025-05-06,Standard
C008148,66,Male,Chennai,2025-01-21,Gold
C008149,29,Female,Bangalore,2025-06-19,Standard
C008150,43,Female,Delhi,2026-06-28,Standard
C008151,61,Male,Kochi,2026-02-20,Gold
C008152,50,Female,Delhi,2026-03-31,Premium
C008153,30,Female,Delhi,2025-07-25,Standard
C008154,31,Male,Mumbai,2025-11-29,Standard
C008155,41,Male,Hyderabad,2025-01-21,Gold
C008156,51,Female,Hyderabad,2025-03-06,Gold
C008157,61,Female,Chennai,2025-03-29,Standard
C008158,43,Male,Delhi,2026-04-24,Standard
C008159,38,Male,Mumbai,2025-02-12,Gold
C008160,45,Male,Pune,2025-05-21,Standard
C008161,65,Female,Chennai,2026-01-09,Standard
C008162,53,Male,Chennai,2026-05-31,Standard
C008163,57,Female,Ahmedabad,2026-05-15,Gold
C008164,19,Male,Pune,2025-10-06,Gold
C008165,59,Female,Hyderabad,2025-11-22,Standard
C008166,26,Male,Delhi,2026-02-22,Standard
C008167,40,Female,Hyderabad,2025-11-04,Gold
C008168,32,Female,Chennai,2025-11-03,Gold
C008169,30,Male,Hyderabad,2026-04-15,Standard
C008170,40,Male,Bangalore,2025-07-03,Standard
C008171,34,Female,Kolkata,2025-10-18,Gold
C008172,65,Male,Pune,2025-09-06,Standard
C008173,19,Female,Delhi,2025-11-20,Standard
C008174,37,Male,Pune,2026-03-19,Gold
C008175,37,Male,Ahmedabad,2025-02-28,Gold
C008176,63,Female,Hyderabad,2025-09-26,Gold
C008177,20,Female,Hyderabad,2025-11-14,Standard
C008178,29,Female,Delhi,2025-04-04,Premium
C008179,57,Male,Delhi,2025-09-11,Standard
C008180,19,Male,Bangalore,2026-04-05,Standard
C008181,53,Female,Mumbai,2026-05-30,Standard
C008182,31,Male,Jaipur,2026-06-17,Standard
C008183,33,Male,Ahmedabad,2025-04-14,Standard
C008184,36,Male,Hyderabad,2026-02-06,Standard
C008185,51,Male,Delhi,2025-11-29,Standard
C008186,61,Female,Delhi,2025-04-03,Standard
C008187,63,Female,Kolkata,2026-06-26,Gold
C008188,23,Female,Ahmedabad,2026-03-13,Premium
C008189,30,Female,Jaipur,2025-01-10,Standard
C008190,53,Female,Kolkata,2026-04-01,Premium
C008191,39,Female,Chennai,2026-02-19,Premium
C008192,35,Female,Ahmedabad,2026-06-02,Standard
C008193,29,Male,Ahmedabad,2026-01-10,Premium
C008194,69,Male,Chennai,2026-06-15,Standard
C008195,47,Female,Pune,2026-06-08,Gold
C008196,70,Male,Kochi,2026-01-08,Premium
C008197,68,Male,Bangalore,2026-03-15,Gold
C008198,57,Female,Kolkata,2025-07-14,Standard
C008199,24,Female,Kochi,2025-09-22,Gold
C008200,49,Female,Chennai,2026-05-22,Standard
C008201,65,Male,Delhi,2026-03-02,Standard
C008202,36,Other,Kolkata,2025-04-09,Standard
C008203,23,Female,Kochi,2025-01-30,Standard
C008204,37,Female,Jaipur,2025-10-18,Gold
C008205,44,Male,Bangalore,2026-05-02,Gold
C008206,70,Male,Jaipur,2026-02-10,Premium
C008207,60,Male,Delhi,2025-01-28,Standard
C008208,54,Male,Pune,2025-05-26,Gold
C008209,65,Male,Ahmedabad,2025-10-15,Gold
C008210,24,Male,Chennai,2025-09-09,Standard
C008211,22,Female,Kolkata,2025-06-11,Standard
C008212,28,Female,Mumbai,2025-04-20,Standard
C008213,32,Female,Jaipur,2026-02-02,Premium
C008214,20,Male,Pune,2025-09-28,Premium
C008215,22,Male,Kolkata,2025-07-07,Gold
C008216,40,Male,Pune,2026-06-16,Standard
C008217,70,Male,Ahmedabad,2025-10-03,Standard
C008218,54,Male,Pune,2025-09-04,Premium
C008219,26,Female,Kolkata,2025-11-20,Standard
C008220,32,Female,Ahmedabad,2025-01-18,Standard
C008221,20,Female,Bangalore,2026-02-12,Standard
C008222,46,Female,Kochi,2026-02-15,Premium
C008223,23,Female,Mumbai,2025-05-05,Standard
C008224,34,Female,Pune,2025-11-16,Standard
C008225,43,Female,Bangalore,2025-06-02,Gold
C008226,38,Female,Mumbai,2025-01-20,Standard
C008227,25,Female,Pune,2025-09-04,Premium
C008228,38,Female,Kolkata,2026-01-25,Standard
C008229,28,Male,Pune,2025-12-13,Premium
C008230,55,Female,Mumbai,2026-04-21,Gold
C008231,25,Female,Kolkata,2025-07-22,Gold
C008232,59,Female,Kochi,2025-01-09,Premium
C008233,41,Male,Chennai,2026-06-15,Standard
C008234,52,Male,Pune,2025-04-13,Standard
C008235,31,Female,Delhi,2025-09-03,Standard
C008236,31,Female,Chennai,2025-11-15,Standard
C008237,27,Male,Jaipur,2025-12-17,Gold
C008238,29,Female,Kolkata,2025-08-22,Standard
C008239,55,Female,Hyderabad,2025-02-06,Standard
C008240,61,Male,Kolkata,2025-12-11,Standard
C008241,63,Female,Pune,2025-10-19,Gold
C008242,51,Male,Kolkata,2025-01-17,Standard
C008243,58,Female,Mumbai,2025-03-31,Gold
C008244,27,Female,Kochi,2025-12-14,Standard
C008245,34,Female,Ahmedabad,2026-03-20,Gold
C008246,34,Female,Ahmedabad,2025-09-10,Gold
C008247,20,Male,Kolkata,2025-07-03,Standard
C008248,48,Female,Kolkata,2025-10-17,Gold
C008249,68,Female,Kochi,2025-08-03,Gold
C008250,18,Female,Ahmedabad,2025-06-07,Gold
C008251,29,Male,Bangalore,2026-01-28,Standard
C008252,56,Male,Pune,2025-01-20,Standard
C008253,21,Female,Chennai,2026-04-16,Premium
C008254,59,Female,Bangalore,2026-03-07,Gold
C008255,30,Male,Kochi,2025-03-09,Standard
C008256,51,Other,Kolkata,2025-03-18,Premium
C008257,59,Female,Pune,2025-04-12,Premium
C008258,38,Female,Delhi,2025-07-26,Standard
C008259,39,Female,Delhi,2025-08-01,Standard
C008260,21,Female,Jaipur,2025-03-20,Standard
C008261,35,Female,Jaipur,2025-04-23,Premium
C008262,22,Male,Pune,2025-05-13,Standard
C008263,36,Female,Hyderabad,2025-07-16,Standard
C008264,19,Female,Kolkata,2025-01-25,Gold
C008265,29,Female,Mumbai,2026-04-17,Standard
C008266,34,Female,Delhi,2026-06-27,Standard
C008267,27,Male,Kolkata,2025-10-17,Standard
C008268,51,Male,Kolkata,2025-09-13,Standard
C008269,23,Female,Kochi,2025-07-25,Standard
C008270,25,Male,Ahmedabad,2026-04-20,Standard
C008271,68,Female,Bangalore,2025-03-09,Gold
C008272,28,Male,Delhi,2025-08-03,Standard
C008273,29,Male,Jaipur,2026-02-26,Gold
C008274,26,Male,Kolkata,2026-06-23,Gold
C008275,19,Female,Chennai,2026-04-07,Standard
C008276,25,Female,Bangalore,2026-03-31,Standard
C008277,28,Female,Ahmedabad,2025-10-28,Standard
C008278,70,Female,Jaipur,2025-10-15,Standard
C008279,53,Male,Kochi,2025-01-02,Gold
C008280,27,Male,Delhi,2025-01-20,Gold
C008281,38,Female,Pune,2026-04-22,Gold
C008282,37,Female,Chennai,2026-05-06,Gold
C008283,65,Male,Delhi,2025-09-14,Standard
C008284,25,Female,Mumbai,2026-03-29,Standard
C008285,53,Female,Ahmedabad,2026-03-14,Standard
C008286,46,Male,Ahmedabad,2026-02-02,Standard
C008287,59,Male,Delhi,2025-06-02,Standard
C008288,29,Female,Ahmedabad,2025-08-10,Standard
C008289,31,Male,Pune,2026-03-12,Standard
C008290,65,Male,Kochi,2025-05-16,Standard
C008291,67,Female,Pune,2026-06-12,Standard
C008292,38,Male,Mumbai,2025-10-06,Standard
C008293,39,Female,Kochi,2026-04-30,Standard
C008294,38,Male,Hyderabad,2026-06-30,Standard
C008295,61,Female,Jaipur,2025-09-02,Standard
C008296,67,Female,Delhi,2025-01-18,Standard
C008297,47,Male,Kochi,2025-05-23,Standard
C008298,56,Male,Kochi,2026-05-16,Standard
C008299,37,Female,Mumbai,2026-06-11,Standard
C008300,41,Female,Pune,2025-04-03,Premium
C008301,40,Female,Mumbai,2026-01-18,Standard
C008302,24,Male,Pune,2025-10-06,Premium
C008303,26,Female,Kochi,2026-03-25,Standard
C008304,18,Female,Ahmedabad,2025-10-15,Standard
C008305,43,Female,Ahmedabad,2026-04-21,Gold
C008306,55,Female,Pune,2025-06-20,Gold
C008307,55,Male,Bangalore,2026-06-09,Standard
C008308,61,Female,Bangalore,2026-01-07,Standard
C008309,39,Male,Hyderabad,2026-01-28,Gold
C008310,61,Male,Chennai,2025-07-04,Standard
C008311,27,Female,Bangalore,2026-05-25,Standard
C008312,23,Other,Bangalore,2026-03-08,Premium
C008313,34,Male,Pune,2025-07-28,Standard
C008314,68,Female,Kolkata,2025-11-25,Standard
C008315,67,Male,Ahmedabad,2025-12-27,Standard
C008316,55,Female,Hyderabad,2026-03-20,Standard
C008317,41,Female,Bangalore,2026-03-17,Gold
C008318,68,Male,Delhi,2026-01-04,Standard
C008319,27,Male,Ahmedabad,2025-04-16,Standard
C008320,25,Male,Mumbai,2025-11-21,Standard
C008321,38,Male,Chennai,2025-08-20,Standard
C008322,23,Male,Jaipur,2025-09-06,Premium
C008323,38,Female,Jaipur,2025-11-13,Standard
C008324,56,Male,Hyderabad,2025-09-21,Standard
C008325,41,Female,Kolkata,2026-05-18,Standard
C008326,50,Male,Bangalore,2025-09-20,Standard
C008327,35,Female,Ahmedabad,2026-02-20,Premium
C008328,45,Male,Ahmedabad,2025-03-11,Standard
C008329,69,Male,Hyderabad,2025-08-22,Gold
C008330,49,Female,Delhi,2026-03-08,Standard
C008331,29,Male,Mumbai,2025-02-23,Gold
C008332,65,Female,Kolkata,2025-06-19,Gold
C008333,59,Female,Kolkata,2025-02-05,Standard
C008334,44,Female,Ahmedabad,2025-09-16,Standard
C008335,27,Male,Delhi,2025-09-08,Standard
C008336,63,Male,Delhi,2025-01-13,Standard
C008337,69,Female,Ahmedabad,2026-06-25,Standard
C008338,59,Female,Delhi,2025-02-26,Premium
C008339,49,Male,Bangalore,2025-06-10,Standard
C008340,59,Male,Hyderabad,2026-03-13,Gold
C008341,43,Male,Chennai,2025-08-18,Standard
C008342,42,Female,Kochi,2025-07-12,Standard
C008343,28,Male,Delhi,2025-12-23,Gold
C008344,40,Female,Ahmedabad,2025-12-18,Premium
C008345,51,Male,Jaipur,2025-09-15,Standard
C008346,69,Male,Jaipur,2025-10-20,Standard
C008347,57,Male,Bangalore,2026-01-21,Gold
C008348,40,Female,Bangalore,2025-08-22,Gold
C008349,46,Male,Bangalore,2025-10-23,Gold
C008350,48,Male,Bangalore,2026-06-21,Standard
C008351,24,Male,Jaipur,2026-01-14,Gold
C008352,57,Male,Bangalore,2025-07-29,Standard
C008353,50,Male,Kolkata,2026-06-23,Standard
C008354,38,Female,Pune,2025-06-27,Standard
C008355,19,Female,Jaipur,2025-03-13,Standard
C008356,35,Male,Jaipur,2026-05-23,Premium
C008357,64,Female,Mumbai,2025-08-10,Standard
C008358,50,Male,Jaipur,2025-08-16,Standard
C008359,54,Male,Pune,2025-08-21,Gold
C008360,51,Other,Delhi,2025-09-25,Gold
C008361,37,Female,Jaipur,2025-09-11,Standard
C008362,52,Other,Kolkata,2025-01-06,Standard
C008363,68,Male,Jaipur,2025-02-16,Standard
C008364,67,Male,Delhi,2026-02-11,Standard
C008365,35,Female,Mumbai,2025-09-11,Premium
C008366,63,Female,Kochi,2026-03-25,Standard
C008367,41,Male,Hyderabad,2025-02-28,Gold
C008368,25,Female,Delhi,2026-01-28,Standard
C008369,47,Female,Jaipur,2025-07-10,Gold
C008370,61,Male,Hyderabad,2025-09-22,Standard
C008371,70,Female,Bangalore,2025-05-23,Standard
C008372,27,Female,Chennai,2025-09-03,Gold
C008373,40,Male,Kochi,2025-08-04,Standard
C008374,69,Other,Delhi,2026-03-13,Gold
C008375,66,Male,Hyderabad,2026-04-21,Standard
C008376,28,Male,Pune,2026-01-19,Gold
C008377,19,Female,Ahmedabad,2026-02-19,Premium
C008378,43,Other,Pune,2025-05-12,Gold
C008379,53,Female,Kochi,2026-02-02,Standard
C008380,50,Female,Jaipur,2026-05-22,Standard
C008381,64,Female,Pune,2025-06-02,Gold
C008382,30,Female,Delhi,2025-06-17,Premium
C008383,57,Male,Mumbai,2025-08-18,Standard
C008384,42,Female,Chennai,2026-02-08,Gold
C008385,21,Female,Pune,2025-05-24,Standard
C008386,59,Male,Chennai,2026-06-15,Gold
C008387,36,Female,Delhi,2025-03-09,Gold
C008388,35,Female,Bangalore,2025-04-08,Gold
C008389,54,Female,Hyderabad,2025-01-07,Gold
C008390,47,Male,Kochi,2025-06-26,Standard
C008391,36,Female,Delhi,2025-07-25,Gold
C008392,40,Male,Kolkata,2025-10-26,Standard
C008393,33,Male,Ahmedabad,2025-08-17,Standard
C008394,18,Female,Kolkata,2025-09-27,Premium
C008395,29,Female,Kolkata,2025-03-22,Standard
C008396,41,Male,Chennai,2025-07-07,Gold
C008397,51,Male,Pune,2026-05-16,Standard
C008398,70,Female,Delhi,2026-05-02,Standard
C008399,25,Other,Jaipur,2026-05-03,Standard
C008400,35,Female,Kochi,2026-04-23,Standard
C008401,65,Female,Mumbai,2025-10-16,Standard
C008402,22,Male,Kolkata,2025-04-16,Standard
C008403,43,Male,Ahmedabad,2025-08-11,Standard
C008404,47,Male,Pune,2026-01-17,Gold
C008405,30,Male,Hyderabad,2025-04-14,Standard
C008406,36,Male,Delhi,2025-04-24,Premium
C008407,46,Male,Bangalore,2026-05-23,Standard
C008408,20,Female,Ahmedabad,2025-02-24,Premium
C008409,43,Male,Chennai,2025-05-01,Gold
C008410,57,Female,Kochi,2025-08-05,Standard
C008411,29,Female,Kolkata,2025-01-03,Standard
C008412,19,Female,Jaipur,2025-04-02,Gold
C008413,28,Female,Bangalore,2026-02-11,Premium
C008414,61,Female,Mumbai,2026-03-17,Premium
C008415,45,Male,Kolkata,2026-03-08,Standard
C008416,35,Male,Jaipur,2025-03-02,Standard
C008417,30,Male,Chennai,2026-04-18,Standard
C008418,54,Male,Chennai,2025-09-04,Standard
C008419,39,Female,Pune,2026-01-07,Standard
C008420,29,Female,Hyderabad,2025-10-16,Standard
C008421,19,Female,Mumbai,2025-01-24,Gold
C008422,54,Male,Hyderabad,2026-02-10,Gold
C008423,24,Other,Bangalore,2025-11-04,Standard
C008424,43,Male,Pune,2026-01-07,Standard
C008425,43,Female,Chennai,2025-08-03,Standard
C008426,41,Male,Chennai,2025-09-19,Gold
C008427,29,Male,Kolkata,2025-12-12,Premium
C008428,33,Male,Delhi,2026-02-17,Standard
C008429,40,Female,Ahmedabad,2025-05-03,Standard
C008430,57,Male,Chennai,2025-11-16,Standard
C008431,26,Male,Kochi,2025-12-03,Standard
C008432,49,Female,Ahmedabad,2025-06-07,Standard
C008433,32,Female,Kolkata,2025-11-23,Standard
C008434,54,Male,Kochi,2025-03-06,Standard
C008435,30,Female,Ahmedabad,2026-01-04,Gold
C008436,22,Male,Hyderabad,2025-01-04,Standard
C008437,28,Male,Ahmedabad,2025-03-01,Standard
C008438,27,Male,Pune,2025-02-14,Gold
C008439,69,Male,Chennai,2026-06-27,Gold
C008440,30,Female,Pune,2025-06-05,Standard
C008441,58,Female,Delhi,2025-03-05,Standard
C008442,70,Male,Hyderabad,2026-02-25,Gold
C008443,63,Female,Bangalore,2025-11-19,Standard
C008444,67,Female,Kolkata,2025-04-19,Standard
C008445,32,Male,Chennai,2026-04-08,Standard
C008446,59,Male,Bangalore,2025-09-08,Gold
C008447,24,Female,Bangalore,2026-05-25,Standard
C008448,57,Female,Kolkata,2026-03-17,Gold
C008449,45,Female,Bangalore,2026-03-30,Standard
C008450,49,Female,Jaipur,2025-10-01,Standard
C008451,52,Male,Pune,2025-03-01,Standard
C008452,32,Female,Mumbai,2025-12-08,Standard
C008453,65,Male,Mumbai,2026-01-29,Standard
C008454,53,Female,Delhi,2025-04-23,Standard
C008455,38,Female,Chennai,2025-08-09,Standard
C008456,23,Male,Delhi,2025-03-09,Standard
C008457,18,Male,Chennai,2025-11-11,Standard
C008458,21,Female,Mumbai,2026-04-12,Gold
C008459,28,Male,Kochi,2025-09-20,Gold
C008460,61,Female,Delhi,2025-05-11,Standard
C008461,43,Female,Pune,2026-02-28,Standard
C008462,54,Female,Pune,2025-09-24,Standard
C008463,40,Male,Jaipur,2025-07-31,Gold
C008464,46,Female,Mumbai,2025-10-15,Gold
C008465,38,Female,Delhi,2026-03-01,Standard
C008466,65,Other,Pune,2025-09-01,Gold
C008467,62,Female,Mumbai,2025-11-30,Premium
C008468,62,Other,Pune,2025-11-24,Premium
C008469,66,Female,Chennai,2025-04-16,Premium
C008470,44,Male,Kolkata,2025-03-20,Gold
C008471,56,Female,Hyderabad,2025-06-14,Standard
C008472,57,Male,Kochi,2025-02-26,Standard
C008473,30,Male,Mumbai,2025-07-07,Gold
C008474,40,Male,Jaipur,2025-02-21,Standard
C008475,33,Female,Delhi,2025-03-13,Standard
C008476,47,Female,Jaipur,2025-11-20,Standard
C008477,21,Female,Kochi,2025-12-04,Gold
C008478,57,Male,Kochi,2025-06-04,Standard
C008479,33,Male,Kochi,2025-02-28,Standard
C008480,48,Male,Kochi,2025-10-02,Gold
C008481,70,Female,Pune,2025-07-20,Premium
C008482,59,Male,Ahmedabad,2025-10-22,Standard
C008483,42,Male,Delhi,2025-11-18,Gold
C008484,61,Male,Delhi,2025-11-25,Standard
C008485,29,Female,Hyderabad,2026-01-25,Standard
C008486,43,Female,Kolkata,2025-10-11,Standard
C008487,54,Female,Chennai,2025-06-25,Gold
C008488,65,Male,Hyderabad,2025-12-15,Premium
C008489,50,Male,Chennai,2026-03-08,Gold
C008490,45,Male,Ahmedabad,2026-01-17,Standard
C008491,26,Male,Mumbai,2025-09-29,Gold
C008492,29,Male,Kochi,2026-05-07,Standard
C008493,22,Male,Ahmedabad,2025-11-27,Standard
C008494,69,Male,Ahmedabad,2025-06-07,Gold
C008495,45,Male,Ahmedabad,2026-03-08,Gold
C008496,52,Male,Ahmedabad,2025-11-21,Gold
C008497,22,Female,Ahmedabad,2025-04-26,Standard
C008498,51,Other,Jaipur,2026-06-04,Gold
C008499,63,Female,Chennai,2026-03-11,Standard
C008500,51,Male,Jaipur,2026-06-06,Standard
C008501,30,Male,Ahmedabad,2025-09-23,Gold
C008502,56,Female,Kochi,2026-02-02,Standard
C008503,59,Male,Bangalore,2025-04-12,Standard
C008504,62,Female,Delhi,2025-03-04,Gold
C008505,65,Female,Chennai,2026-05-26,Gold
C008506,31,Female,Kochi,2025-08-10,Standard
C008507,28,Female,Delhi,2026-03-12,Standard
C008508,59,Female,Ahmedabad,2025-07-09,Gold
C008509,55,Female,Jaipur,2025-11-30,Gold
C008510,21,Male,Jaipur,2025-10-28,Gold
C008511,70,Male,Bangalore,2025-12-17,Gold
C008512,50,Male,Kolkata,2025-04-25,Standard
C008513,24,Male,Ahmedabad,2026-06-06,Standard
C008514,58,Male,Kochi,2026-01-02,Standard
C008515,25,Male,Hyderabad,2025-09-26,Standard
C008516,54,Female,Pune,2025-03-27,Standard
C008517,68,Male,Hyderabad,2026-01-13,Standard
C008518,27,Male,Jaipur,2025-05-27,Standard
C008519,60,Male,Hyderabad,2025-04-28,Standard
C008520,32,Female,Chennai,2025-05-15,Standard
C008521,55,Male,Jaipur,2026-06-11,Standard
C008522,32,Other,Ahmedabad,2025-07-25,Standard
C008523,22,Female,Ahmedabad,2025-08-21,Standard
C008524,46,Female,Chennai,2025-03-07,Standard
C008525,36,Male,Pune,2025-01-04,Standard
C008526,68,Female,Delhi,2025-01-03,Gold
C008527,27,Female,Chennai,2025-09-16,Gold
C008528,29,Male,Delhi,2025-11-21,Standard
C008529,21,Male,Mumbai,2025-08-28,Gold
C008530,48,Male,Jaipur,2026-06-19,Gold
C008531,35,Other,Bangalore,2025-11-14,Standard
C008532,33,Male,Pune,2025-02-20,Premium
C008533,57,Female,Kolkata,2026-04-15,Gold
C008534,53,Male,Pune,2025-02-12,Standard
C008535,42,Female,Delhi,2025-07-23,Gold
C008536,40,Female,Mumbai,2025-12-13,Premium
C008537,29,Male,Delhi,2025-02-27,Premium
C008538,51,Male,Jaipur,2025-02-28,Premium
C008539,53,Male,Delhi,2026-05-26,Standard
C008540,54,Male,Kochi,2025-11-14,Standard
C008541,20,Female,Ahmedabad,2026-03-09,Standard
C008542,26,Male,Kolkata,2026-01-07,Standard
C008543,70,Female,Mumbai,2025-07-26,Standard
C008544,35,Male,Kochi,2025-04-21,Gold
C008545,60,Male,Delhi,2025-01-23,Gold
C008546,52,Female,Kolkata,2026-03-04,Gold
C008547,51,Female,Pune,2025-01-11,Standard
C008548,58,Male,Hyderabad,2026-05-30,Standard
C008549,31,Female,Kochi,2025-05-24,Gold
C008550,21,Male,Hyderabad,2026-06-05,Standard
C008551,46,Female,Chennai,2025-10-21,Gold
C008552,58,Male,Hyderabad,2025-11-21,Standard
C008553,62,Male,Kochi,2025-07-12,Standard
C008554,67,Female,Bangalore,2025-10-18,Standard
C008555,32,Male,Jaipur,2026-02-23,Standard
C008556,45,Male,Chennai,2026-04-05,Gold
C008557,59,Male,Hyderabad,2025-02-17,Standard
C008558,33,Female,Delhi,2025-04-17,Premium
C008559,29,Female,Kochi,2025-09-21,Gold
C008560,69,Female,Mumbai,2025-09-10,Gold
C008561,22,Female,Delhi,2026-06-23,Standard
C008562,51,Female,Pune,2026-06-05,Standard
C008563,59,Male,Delhi,2025-06-07,Standard
C008564,18,Male,Kochi,2026-06-10,Premium
C008565,56,Female,Bangalore,2025-01-29,Standard
C008566,49,Male,Pune,2026-06-22,Standard
C008567,43,Male,Jaipur,2025-05-23,Standard
C008568,34,Female,Hyderabad,2025-08-06,Gold
C008569,65,Female,Chennai,2025-03-08,Gold
C008570,44,Male,Pune,2025-05-24,Standard
C008571,41,Male,Hyderabad,2025-05-21,Gold
C008572,52,Female,Mumbai,2025-12-12,Premium
C008573,63,Female,Pune,2026-04-10,Standard
C008574,59,Male,Pune,2025-04-06,Standard
C008575,56,Male,Chennai,2026-02-12,Standard
C008576,43,Other,Hyderabad,2025-04-28,Premium
C008577,66,Male,Jaipur,2026-03-20,Standard
C008578,55,Female,Chennai,2026-01-15,Standard
C008579,40,Male,Hyderabad,2025-10-05,Standard
C008580,39,Male,Jaipur,2025-12-27,Premium
C008581,21,Male,Mumbai,2026-01-05,Gold
C008582,66,Female,Bangalore,2025-07-31,Standard
C008583,26,Female,Chennai,2025-09-16,Standard
C008584,21,Male,Hyderabad,2025-04-07,Premium
C008585,24,Female,Jaipur,2025-07-29,Gold
C008586,40,Male,Jaipur,2025-01-21,Standard
C008587,19,Female,Pune,2026-03-09,Gold
C008588,66,Male,Pune,2026-01-06,Standard
C008589,41,Female,Hyderabad,2026-01-28,Gold
C008590,57,Male,Delhi,2025-08-07,Standard
C008591,48,Female,Mumbai,2026-05-19,Standard
C008592,64,Female,Kochi,2025-04-06,Standard
C008593,48,Male,Kochi,2026-03-08,Standard
C008594,64,Male,Jaipur,2025-07-07,Standard
C008595,57,Male,Jaipur,2026-05-16,Standard
C008596,65,Female,Bangalore,2026-01-10,Standard
C008597,68,Male,Ahmedabad,2026-03-10,Gold
C008598,60,Female,Jaipur,2026-02-27,Gold
C008599,51,Female,Delhi,2025-05-24,Standard
C008600,41,Male,Mumbai,2026-06-24,Gold
C008601,66,Male,Kochi,2026-05-14,Gold
C008602,43,Female,Mumbai,2025-01-06,Standard
C008603,33,Female,Chennai,2025-11-13,Standard
C008604,64,Female,Jaipur,2025-08-18,Standard
C008605,30,Male,Delhi,2025-05-02,Standard
C008606,32,Male,Hyderabad,2026-05-10,Gold
C008607,44,Female,Pune,2026-04-20,Standard
C008608,21,Female,Jaipur,2026-05-23,Standard
C008609,33,Female,Jaipur,2025-06-24,Gold
C008610,47,Male,Delhi,2026-06-05,Standard
C008611,61,Male,Ahmedabad,2025-09-28,Standard
C008612,47,Male,Mumbai,2025-07-05,Gold
C008613,53,Female,Delhi,2025-04-04,Gold
C008614,20,Male,Kolkata,2026-05-29,Standard
C008615,39,Female,Kolkata,2025-06-27,Standard
C008616,66,Female,Kolkata,2025-10-22,Gold
C008617,39,Male,Ahmedabad,2025-08-19,Gold
C008618,67,Male,Delhi,2025-08-24,Premium
C008619,67,Female,Bangalore,2025-04-03,Standard
C008620,66,Male,Jaipur,2026-05-02,Standard
C008621,29,Male,Jaipur,2025-02-13,Premium
C008622,38,Male,Kolkata,2026-06-23,Standard
C008623,21,Female,Pune,2026-04-20,Standard
C008624,48,Other,Delhi,2025-02-08,Standard
C008625,61,Female,Delhi,2026-01-20,Standard
C008626,48,Female,Hyderabad,2026-03-11,Standard
C008627,40,Female,Kochi,2025-10-16,Standard
C008628,70,Female,Bangalore,2025-09-05,Premium
C008629,37,Other,Pune,2025-12-25,Gold
C008630,32,Male,Ahmedabad,2026-03-14,Standard
C008631,40,Male,Chennai,2025-07-28,Standard
C008632,45,Female,Ahmedabad,2025-05-04,Gold
C008633,33,Female,Ahmedabad,2026-02-07,Gold
C008634,54,Male,Kochi,2025-10-11,Standard
C008635,38,Other,Ahmedabad,2025-08-29,Standard
C008636,32,Male,Kochi,2025-06-16,Standard
C008637,34,Male,Hyderabad,2025-05-28,Standard
C008638,67,Female,Kochi,2025-09-22,Standard
C008639,54,Male,Ahmedabad,2026-05-16,Standard
C008640,30,Female,Mumbai,2025-10-06,Standard
C008641,36,Male,Hyderabad,2025-06-08,Gold
C008642,47,Male,Jaipur,2025-03-01,Standard
C008643,62,Female,Ahmedabad,2026-05-14,Standard
C008644,35,Female,Kochi,2025-11-13,Standard
C008645,31,Male,Chennai,2026-05-03,Gold
C008646,53,Other,Ahmedabad,2026-04-10,Standard
C008647,53,Female,Hyderabad,2025-08-16,Gold
C008648,37,Male,Kochi,2025-12-22,Standard
C008649,69,Male,Pune,2026-04-11,Standard
C008650,36,Female,Delhi,2025-08-15,Standard
C008651,62,Female,Ahmedabad,2025-06-18,Standard
C008652,61,Male,Jaipur,2025-10-11,Standard
C008653,24,Male,Kolkata,2025-09-19,Standard
C008654,61,Male,Pune,2025-12-30,Standard
C008655,70,Male,Pune,2026-06-05,Gold
C008656,21,Female,Bangalore,2025-04-08,Standard
C008657,51,Female,Delhi,2025-01-12,Standard
C008658,19,Male,Ahmedabad,2026-02-21,Standard
C008659,22,Female,Pune,2026-05-16,Gold
C008660,27,Female,Bangalore,2025-05-15,Standard
C008661,49,Female,Delhi,2025-09-16,Standard
C008662,59,Female,Delhi,2026-06-01,Standard
C008663,58,Female,Hyderabad,2025-10-21,Standard
C008664,30,Female,Ahmedabad,2026-03-16,Gold
C008665,56,Male,Jaipur,2025-05-31,Gold
C008666,22,Female,Pune,2026-04-26,Premium
C008667,27,Female,Pune,2025-09-15,Standard
C008668,27,Male,Chennai,2025-05-29,Standard
C008669,55,Male,Kochi,2025-05-22,Standard
C008670,44,Male,Chennai,2025-09-08,Standard
C008671,68,Female,Pune,2025-02-16,Gold
C008672,38,Female,Ahmedabad,2026-01-07,Premium
C008673,25,Female,Chennai,2025-04-04,Standard
C008674,18,Male,Jaipur,2025-12-22,Standard
C008675,45,Female,Jaipur,2026-06-16,Standard
C008676,66,Male,Mumbai,2025-09-29,Gold
C008677,56,Female,Mumbai,2026-03-05,Standard
C008678,31,Male,Mumbai,2025-03-05,Premium
C008679,38,Other,Delhi,2025-06-13,Gold
C008680,47,Female,Ahmedabad,2026-01-24,Gold
C008681,38,Female,Chennai,2026-04-14,Standard
C008682,66,Female,Delhi,2026-06-15,Premium
C008683,26,Female,Chennai,2025-01-17,Gold
C008684,34,Male,Ahmedabad,2025-10-28,Standard
C008685,22,Female,Bangalore,2025-03-29,Standard
C008686,48,Female,Kolkata,2025-09-02,Standard
C008687,69,Male,Hyderabad,2026-04-12,Standard
C008688,57,Female,Mumbai,2026-03-18,Standard
C008689,55,Other,Ahmedabad,2025-04-23,Premium
C008690,60,Female,Hyderabad,2026-03-18,Gold
C008691,36,Female,Kolkata,2025-01-08,Gold
C008692,53,Female,Bangalore,2025-04-10,Gold
C008693,67,Female,Jaipur,2025-12-11,Standard
C008694,50,Female,Pune,2026-04-26,Standard
C008695,30,Other,Hyderabad,2025-12-08,Standard
C008696,31,Female,Kolkata,2025-08-22,Premium
C008697,50,Male,Delhi,2025-08-23,Standard
C008698,46,Male,Ahmedabad,2025-05-06,Gold
C008699,60,Male,Ahmedabad,2026-04-22,Gold
C008700,66,Female,Jaipur,2026-01-07,Standard
C008701,53,Female,Pune,2025-04-30,Premium
C008702,61,Female,Mumbai,2026-06-26,Standard
C008703,27,Female,Chennai,2025-06-28,Gold
C008704,48,Male,Hyderabad,2025-04-04,Gold
C008705,23,Male,Delhi,2025-10-29,Premium
C008706,18,Female,Ahmedabad,2026-02-22,Premium
C008707,24,Male,Kochi,2026-03-28,Standard
C008708,44,Male,Chennai,2026-02-21,Standard
C008709,38,Female,Delhi,2025-05-02,Gold
C008710,45,Male,Jaipur,2025-02-26,Standard
C008711,33,Other,Chennai,2025-05-19,Standard
C008712,63,Male,Ahmedabad,2025-07-18,Gold
C008713,40,Female,Hyderabad,2025-12-27,Standard
C008714,69,Male,Ahmedabad,2026-02-14,Gold
C008715,37,Male,Mumbai,2026-06-12,Gold
C008716,55,Female,Mumbai,2025-08-31,Gold
C008717,42,Female,Kolkata,2025-03-31,Gold
C008718,45,Female,Delhi,2026-05-31,Premium
C008719,22,Male,Mumbai,2025-03-03,Standard
C008720,38,Male,Kolkata,2025-07-31,Standard
C008721,35,Female,Hyderabad,2025-09-05,Standard
C008722,64,Male,Jaipur,2026-05-12,Premium
C008723,23,Male,Delhi,2025-02-25,Standard
C008724,46,Female,Hyderabad,2026-04-04,Gold
C008725,36,Male,Chennai,2025-10-16,Standard
C008726,50,Male,Kolkata,2026-06-27,Premium
C008727,18,Male,Kolkata,2026-04-15,Premium
C008728,62,Other,Delhi,2026-01-24,Gold
C008729,20,Male,Mumbai,2026-02-25,Standard
C008730,59,Female,Chennai,2026-05-28,Standard
C008731,38,Male,Chennai,2025-03-22,Standard
C008732,52,Female,Kolkata,2026-03-20,Standard
C008733,58,Male,Kochi,2025-10-14,Standard
C008734,57,Female,Kolkata,2025-10-11,Standard
C008735,20,Female,Mumbai,2026-05-06,Standard
C008736,42,Female,Mumbai,2026-01-23,Gold
C008737,62,Female,Mumbai,2026-02-12,Gold
C008738,55,Female,Chennai,2025-11-23,Standard
C008739,62,Male,Jaipur,2025-06-25,Premium
C008740,37,Female,Bangalore,2026-06-05,Standard
C008741,69,Female,Ahmedabad,2026-01-18,Standard
C008742,61,Female,Pune,2025-09-15,Standard
C008743,62,Male,Kochi,2025-12-13,Premium
C008744,51,Female,Kolkata,2025-09-29,Standard
C008745,38,Male,Delhi,2025-09-18,Premium
C008746,65,Female,Pune,2026-01-31,Standard
C008747,40,Male,Pune,2025-06-03,Gold
C008748,23,Male,Jaipur,2026-06-11,Standard
C008749,68,Female,Kochi,2025-03-08,Gold
C008750,70,Female,Mumbai,2025-12-14,Premium
C008751,30,Female,Delhi,2025-03-04,Premium
C008752,66,Female,Mumbai,2025-12-22,Gold
C008753,40,Female,Bangalore,2025-10-08,Standard
C008754,26,Female,Kochi,2025-02-10,Gold
C008755,34,Female,Pune,2026-06-24,Gold
C008756,19,Female,Delhi,2026-01-02,Standard
C008757,36,Male,Mumbai,2025-10-04,Gold
C008758,36,Male,Pune,2025-08-09,Standard
C008759,24,Female,Delhi,2025-03-02,Standard
C008760,59,Female,Hyderabad,2025-04-13,Gold
C008761,59,Male,Chennai,2025-07-04,Standard
C008762,37,Male,Pune,2025-05-27,Standard
C008763,26,Female,Mumbai,2025-03-16,Standard
C008764,34,Male,Kochi,2026-04-18,Gold
C008765,44,Female,Hyderabad,2025-01-01,Gold
C008766,64,Female,Ahmedabad,2026-02-20,Standard
C008767,19,Male,Jaipur,2026-04-14,Premium
C008768,53,Female,Kolkata,2025-12-31,Standard
C008769,36,Female,Chennai,2025-01-17,Gold
C008770,34,Female,Ahmedabad,2026-05-25,Standard
C008771,22,Male,Delhi,2026-03-15,Standard
C008772,56,Male,Kochi,2026-06-15,Standard
C008773,35,Female,Kolkata,2025-02-28,Standard
C008774,70,Male,Delhi,2025-04-25,Gold
C008775,24,Male,Chennai,2025-07-22,Gold
C008776,34,Male,Mumbai,2026-06-27,Standard
C008777,56,Male,Delhi,2025-07-13,Gold
C008778,53,Male,Pune,2026-04-17,Standard
C008779,57,Male,Delhi,2025-04-16,Gold
C008780,62,Female,Kochi,2025-05-06,Gold
C008781,21,Female,Bangalore,2026-02-18,Standard
C008782,55,Male,Bangalore,2026-05-25,Gold
C008783,42,Female,Hyderabad,2026-05-16,Premium
C008784,22,Male,Jaipur,2025-05-01,Standard
C008785,47,Female,Chennai,2025-07-27,Standard
C008786,29,Male,Kochi,2025-12-16,Gold
C008787,21,Male,Delhi,2025-07-12,Standard
C008788,41,Female,Jaipur,2026-01-28,Gold
C008789,46,Male,Kolkata,2026-05-12,Standard
C008790,26,Female,Ahmedabad,2026-01-27,Premium
C008791,21,Male,Chennai,2025-04-19,Gold
C008792,68,Male,Delhi,2026-04-15,Premium
C008793,41,Female,Jaipur,2025-12-16,Standard
C008794,31,Female,Bangalore,2025-05-29,Standard
C008795,22,Male,Bangalore,2025-09-13,Standard
C008796,35,Male,Kochi,2026-01-24,Standard
C008797,59,Male,Ahmedabad,2025-07-18,Premium
C008798,36,Female,Chennai,2026-03-19,Gold
C008799,29,Female,Jaipur,2025-07-05,Standard
C008800,35,Male,Kochi,2025-12-10,Gold
C008801,34,Female,Jaipur,2025-04-18,Premium
C008802,47,Male,Mumbai,2025-03-21,Gold
C008803,41,Male,Chennai,2025-09-10,Gold
C008804,28,Male,Hyderabad,2025-01-25,Standard
C008805,52,Female,Kochi,2025-10-10,Standard
C008806,40,Male,Bangalore,2025-08-26,Gold
C008807,34,Female,Hyderabad,2025-11-12,Gold
C008808,18,Female,Delhi,2026-04-08,Standard
C008809,32,Male,Hyderabad,2026-01-17,Standard
C008810,49,Male,Hyderabad,2026-04-10,Gold
C008811,26,Male,Kochi,2025-05-30,Gold
C008812,32,Female,Pune,2025-12-18,Standard
C008813,45,Female,Hyderabad,2026-03-18,Standard
C008814,41,Male,Hyderabad,2026-01-30,Gold
C008815,52,Male,Jaipur,2025-12-31,Gold
C008816,39,Male,Chennai,2025-01-06,Standard
C008817,44,Male,Bangalore,2026-06-18,Premium
C008818,36,Female,Kochi,2025-08-08,Gold
C008819,62,Male,Ahmedabad,2025-01-12,Gold
C008820,29,Male,Hyderabad,2026-01-20,Standard
C008821,37,Female,Kolkata,2026-04-03,Gold
C008822,18,Male,Chennai,2025-08-13,Gold
C008823,38,Female,Ahmedabad,2025-12-02,Standard
C008824,66,Male,Jaipur,2025-06-16,Standard
C008825,62,Female,Ahmedabad,2025-11-12,Standard
C008826,18,Male,Ahmedabad,2025-04-26,Standard
C008827,27,Female,Ahmedabad,2026-05-13,Standard
C008828,64,Male,Kolkata,2025-05-28,Gold
C008829,49,Female,Chennai,2025-02-05,Standard
C008830,56,Male,Ahmedabad,2026-02-11,Gold
C008831,39,Female,Delhi,2026-01-20,Gold
C008832,35,Male,Pune,2026-02-15,Standard
C008833,65,Female,Mumbai,2025-11-04,Standard
C008834,63,Female,Bangalore,2025-08-28,Premium
C008835,49,Female,Delhi,2026-01-02,Premium
C008836,44,Female,Hyderabad,2025-10-31,Standard
C008837,45,Male,Jaipur,2025-06-16,Gold
C008838,35,Male,Mumbai,2025-10-28,Premium
C008839,56,Female,Kochi,2025-07-24,Premium
C008840,66,Male,Chennai,2025-07-14,Standard
C008841,46,Male,Mumbai,2025-06-20,Standard
C008842,35,Male,Hyderabad,2026-02-06,Gold
C008843,61,Male,Hyderabad,2025-02-08,Standard
C008844,25,Female,Delhi,2025-09-09,Gold
C008845,48,Female,Bangalore,2025-10-10,Standard
C008846,51,Female,Delhi,2025-07-26,Standard
C008847,24,Male,Ahmedabad,2026-05-15,Standard
C008848,53,Female,Kochi,2025-05-23,Standard
C008849,35,Female,Jaipur,2025-01-19,Standard
C008850,55,Female,Bangalore,2025-01-20,Premium
C008851,26,Female,Chennai,2026-03-24,Standard
C008852,26,Female,Chennai,2025-08-14,Standard
C008853,63,Male,Pune,2025-04-11,Standard
C008854,25,Male,Bangalore,2025-10-21,Standard
C008855,68,Male,Bangalore,2025-03-06,Gold
C008856,52,Female,Chennai,2026-05-14,Gold
C008857,35,Female,Mumbai,2025-03-17,Premium
C008858,22,Female,Chennai,2025-05-05,Gold
C008859,31,Female,Mumbai,2025-01-27,Standard
C008860,45,Female,Hyderabad,2025-10-03,Standard
C008861,47,Female,Hyderabad,2025-03-24,Standard
C008862,21,Female,Jaipur,2026-05-01,Standard
C008863,56,Male,Ahmedabad,2026-04-08,Gold
C008864,37,Male,Kochi,2025-01-06,Standard
C008865,42,Male,Jaipur,2026-01-03,Standard
C008866,45,Male,Bangalore,2026-04-16,Standard
C008867,29,Female,Delhi,2026-03-25,Standard
C008868,19,Male,Mumbai,2026-01-05,Standard
C008869,60,Female,Jaipur,2025-12-06,Standard
C008870,31,Male,Hyderabad,2025-10-05,Standard
C008871,39,Male,Delhi,2025-12-06,Standard
C008872,48,Female,Ahmedabad,2025-03-21,Standard
C008873,40,Female,Kochi,2025-03-08,Standard
C008874,65,Male,Delhi,2025-08-03,Standard
C008875,37,Female,Jaipur,2026-02-20,Premium
C008876,55,Male,Chennai,2025-05-25,Gold
C008877,21,Female,Pune,2025-10-13,Gold
C008878,32,Female,Delhi,2026-06-24,Standard
C008879,41,Male,Jaipur,2025-02-16,Premium
C008880,42,Female,Kolkata,2025-08-25,Gold
C008881,18,Female,Ahmedabad,2025-04-27,Standard
C008882,24,Female,Kolkata,2025-05-31,Gold
C008883,48,Female,Kochi,2025-03-24,Standard
C008884,29,Male,Kochi,2025-02-26,Standard
C008885,59,Female,Delhi,2026-01-20,Gold
C008886,22,Female,Delhi,2025-08-08,Standard
C008887,61,Female,Mumbai,2025-10-12,Gold
C008888,67,Male,Chennai,2026-03-10,Standard
C008889,59,Female,Jaipur,2025-11-16,Premium
C008890,55,Female,Kochi,2025-08-30,Standard
C008891,29,Female,Kochi,2026-04-10,Premium
C008892,56,Male,Kochi,2025-07-22,Gold
C008893,35,Male,Kochi,2026-03-21,Standard
C008894,19,Male,Hyderabad,2025-05-15,Standard
C008895,27,Male,Hyderabad,2026-06-25,Standard
C008896,32,Female,Hyderabad,2026-05-02,Gold
C008897,47,Female,Ahmedabad,2026-05-01,Standard
C008898,61,Female,Pune,2026-02-09,Standard
C008899,34,Female,Bangalore,2026-03-09,Standard
C008900,21,Male,Hyderabad,2025-09-07,Standard
C008901,24,Male,Mumbai,2025-03-21,Standard
C008902,58,Female,Chennai,2025-01-15,Gold
C008903,48,Female,Pune,2025-02-09,Premium
C008904,68,Female,Kochi,2025-03-22,Gold
C008905,56,Male,Bangalore,2026-05-25,Gold
C008906,51,Female,Bangalore,2025-11-03,Gold
C008907,23,Male,Ahmedabad,2026-02-01,Standard
C008908,67,Female,Mumbai,2025-07-23,Standard
C008909,55,Other,Bangalore,2025-07-30,Standard
C008910,62,Female,Kolkata,2026-02-03,Standard
C008911,68,Male,Jaipur,2026-01-08,Standard
C008912,51,Female,Kochi,2026-01-24,Gold
C008913,61,Male,Kolkata,2025-09-15,Gold
C008914,32,Male,Bangalore,2025-04-25,Premium
C008915,31,Female,Bangalore,2025-11-30,Standard
C008916,23,Male,Bangalore,2025-12-15,Standard
C008917,67,Female,Ahmedabad,2025-08-21,Gold
C008918,54,Male,Kolkata,2026-05-24,Standard
C008919,67,Female,Hyderabad,2026-03-25,Standard
C008920,49,Female,Hyderabad,2025-03-18,Gold
C008921,20,Male,Hyderabad,2025-04-08,Standard
C008922,20,Female,Chennai,2026-04-07,Premium
C008923,39,Female,Mumbai,2026-05-15,Standard
C008924,39,Female,Kolkata,2025-02-07,Gold
C008925,27,Female,Jaipur,2025-12-24,Standard
C008926,68,Other,Hyderabad,2025-08-30,Standard
C008927,20,Male,Kochi,2025-02-20,Standard
C008928,29,Male,Kolkata,2026-03-01,Standard
C008929,46,Male,Mumbai,2025-05-07,Standard
C008930,65,Female,Bangalore,2025-04-13,Gold
C008931,34,Female,Delhi,2026-04-22,Gold
C008932,24,Female,Ahmedabad,2025-08-17,Standard
C008933,30,Female,Hyderabad,2026-03-12,Standard
C008934,19,Female,Kochi,2026-01-20,Standard
C008935,21,Male,Mumbai,2025-03-26,Standard
C008936,27,Male,Hyderabad,2025-12-25,Gold
C008937,56,Female,Kochi,2025-01-27,Standard
C008938,41,Male,Ahmedabad,2025-03-13,Premium
C008939,34,Female,Kochi,2025-04-05,Standard
C008940,69,Male,Ahmedabad,2026-03-02,Gold
C008941,23,Male,Mumbai,2025-01-06,Gold
C008942,36,Female,Chennai,2025-03-31,Standard
C008943,22,Male,Hyderabad,2025-08-10,Standard
C008944,49,Female,Hyderabad,2025-06-01,Standard
C008945,27,Male,Mumbai,2025-07-31,Standard
C008946,26,Female,Chennai,2025-09-20,Standard
C008947,44,Female,Chennai,2026-01-17,Standard
C008948,30,Female,Hyderabad,2025-02-26,Standard
C008949,36,Female,Bangalore,2026-03-02,Standard
C008950,38,Male,Ahmedabad,2025-05-22,Standard
C008951,41,Male,Pune,2026-06-08,Premium
C008952,55,Male,Hyderabad,2025-01-15,Standard
C008953,21,Female,Bangalore,2025-01-08,Standard
C008954,41,Other,Hyderabad,2025-08-19,Standard
C008955,52,Male,Bangalore,2025-07-05,Gold
C008956,20,Female,Hyderabad,2025-02-22,Standard
C008957,21,Male,Mumbai,2025-05-17,Gold
C008958,54,Male,Pune,2025-06-23,Standard
C008959,57,Female,Kolkata,2025-08-07,Standard
C008960,65,Male,Kolkata,2025-09-20,Standard
C008961,52,Male,Jaipur,2025-09-12,Standard
C008962,48,Female,Ahmedabad,2025-09-27,Standard
C008963,61,Female,Mumbai,2025-08-12,Standard
C008964,42,Male,Pune,2025-05-14,Premium
C008965,57,Female,Bangalore,2025-06-12,Standard
C008966,30,Female,Ahmedabad,2025-03-14,Standard
C008967,21,Male,Pune,2026-06-27,Gold
C008968,63,Female,Chennai,2026-04-29,Premium
C008969,31,Male,Ahmedabad,2025-09-12,Gold
C008970,30,Male,Mumbai,2025-07-17,Premium
C008971,44,Male,Jaipur,2026-03-03,Gold
C008972,23,Female,Mumbai,2026-05-08,Standard
C008973,34,Male,Bangalore,2025-03-23,Standard
C008974,53,Male,Kolkata,2025-11-04,Gold
C008975,57,Male,Kochi,2026-01-09,Standard
C008976,66,Male,Delhi,2026-04-04,Standard
C008977,52,Female,Kochi,2026-05-16,Premium
C008978,34,Male,Delhi,2025-12-23,Standard
C008979,58,Female,Mumbai,2025-10-23,Gold
C008980,19,Female,Pune,2025-10-27,Gold
C008981,30,Female,Bangalore,2025-12-09,Standard
C008982,69,Female,Hyderabad,2025-04-30,Premium
C008983,19,Male,Kolkata,2025-07-05,Gold
C008984,69,Male,Ahmedabad,2025-06-07,Standard
C008985,45,Female,Jaipur,2025-08-16,Gold
C008986,60,Male,Bangalore,2025-11-04,Standard
C008987,43,Female,Mumbai,2025-08-22,Gold
C008988,39,Male,Chennai,2025-01-11,Standard
C008989,64,Male,Chennai,2025-06-24,Gold
C008990,60,Male,Bangalore,2025-01-02,Gold
C008991,20,Male,Delhi,2025-07-01,Standard
C008992,52,Female,Chennai,2025-12-16,Standard
C008993,29,Male,Mumbai,2026-01-17,Standard
C008994,41,Female,Jaipur,2025-10-24,Gold
C008995,22,Female,Hyderabad,2025-07-16,Standard
C008996,37,Female,Ahmedabad,2025-10-13,Premium
C008997,56,Male,Kochi,2026-06-06,Premium
C008998,56,Female,Pune,2025-08-13,Standard
C008999,30,Male,Kochi,2025-10-13,Standard
C009000,58,Female,Delhi,2025-11-27,Gold
C009001,70,Male,Chennai,2025-06-12,Gold
C009002,62,Male,Hyderabad,2025-07-12,Standard
C009003,29,Female,Ahmedabad,2025-05-25,Standard
C009004,30,Female,Jaipur,2026-06-22,Premium
C009005,27,Male,Kolkata,2025-09-27,Standard
C009006,50,Male,Bangalore,2025-02-20,Premium
C009007,57,Female,Pune,2026-06-11,Premium
C009008,33,Female,Kolkata,2025-05-08,Standard
C009009,62,Male,Pune,2025-02-15,Premium
C009010,52,Female,Kochi,2025-08-22,Standard
C009011,20,Female,Chennai,2026-03-24,Standard
C009012,22,Female,Jaipur,2026-03-19,Standard
C009013,43,Female,Hyderabad,2026-05-18,Standard
C009014,28,Male,Pune,2025-10-12,Standard
C009015,24,Other,Pune,2025-05-12,Standard
C009016,70,Male,Ahmedabad,2026-04-21,Standard
C009017,27,Male,Mumbai,2026-06-28,Standard
C009018,59,Female,Pune,2025-12-22,Gold
C009019,69,Male,Bangalore,2025-02-06,Standard
C009020,51,Female,Jaipur,2025-05-18,Gold
C009021,20,Male,Jaipur,2026-02-26,Standard
C009022,25,Male,Kolkata,2026-03-21,Standard
C009023,48,Female,Bangalore,2025-08-30,Standard
C009024,28,Male,Hyderabad,2025-09-02,Standard
C009025,62,Male,Delhi,2026-06-23,Gold
C009026,24,Female,Mumbai,2025-07-28,Standard
C009027,62,Male,Delhi,2026-04-02,Standard
C009028,19,Male,Kolkata,2025-04-09,Standard
C009029,23,Female,Jaipur,2026-05-17,Standard
C009030,58,Male,Bangalore,2025-05-17,Gold
C009031,49,Female,Delhi,2025-07-06,Standard
C009032,37,Male,Hyderabad,2025-02-05,Gold
C009033,51,Male,Hyderabad,2026-04-24,Standard
C009034,67,Male,Chennai,2025-02-24,Premium
C009035,33,Male,Pune,2026-04-16,Standard
C009036,42,Male,Pune,2025-03-25,Standard
C009037,29,Male,Hyderabad,2025-01-06,Gold
C009038,24,Male,Bangalore,2025-12-29,Standard
C009039,56,Male,Kolkata,2025-06-19,Gold
C009040,34,Female,Chennai,2025-09-06,Gold
C009041,62,Female,Ahmedabad,2025-07-29,Gold
C009042,28,Male,Hyderabad,2025-09-01,Gold
C009043,23,Female,Bangalore,2025-05-21,Standard
C009044,40,Female,Kochi,2025-06-29,Gold
C009045,44,Female,Jaipur,2025-01-17,Standard
C009046,63,Female,Delhi,2025-01-16,Gold
C009047,23,Other,Bangalore,2026-01-20,Gold
C009048,55,Male,Kochi,2025-12-07,Standard
C009049,19,Female,Pune,2025-02-15,Standard
C009050,39,Female,Kochi,2026-05-19,Standard
C009051,37,Male,Hyderabad,2025-05-23,Gold
C009052,42,Male,Mumbai,2025-10-12,Standard
C009053,32,Female,Ahmedabad,2025-12-21,Standard
C009054,66,Female,Delhi,2026-06-09,Standard
C009055,46,Male,Pune,2025-02-16,Standard
C009056,25,Male,Kochi,2026-06-12,Standard
C009057,54,Female,Mumbai,2025-04-17,Premium
C009058,66,Male,Pune,2025-01-03,Standard
C009059,69,Female,Hyderabad,2025-04-05,Standard
C009060,50,Male,Kochi,2025-05-13,Standard
C009061,39,Male,Bangalore,2025-07-20,Standard
C009062,67,Male,Pune,2025-09-11,Gold
C009063,64,Male,Bangalore,2025-07-02,Standard
C009064,22,Male,Kochi,2025-05-30,Standard
C009065,56,Female,Hyderabad,2026-05-05,Premium
C009066,35,Female,Ahmedabad,2026-05-20,Standard
C009067,55,Male,Kolkata,2026-02-17,Standard
C009068,70,Female,Ahmedabad,2026-05-23,Standard
C009069,54,Female,Kochi,2026-02-08,Standard
C009070,47,Male,Kochi,2025-08-24,Gold
C009071,68,Male,Chennai,2026-06-29,Premium
C009072,48,Male,Kochi,2026-06-26,Gold
C009073,27,Other,Kolkata,2026-03-10,Gold
C009074,32,Female,Mumbai,2026-06-30,Premium
C009075,59,Male,Bangalore,2025-07-27,Gold
C009076,65,Female,Hyderabad,2025-05-20,Standard
C009077,61,Male,Delhi,2025-11-03,Standard
C009078,35,Male,Kochi,2025-04-08,Standard
C009079,40,Male,Ahmedabad,2025-05-05,Standard
C009080,50,Female,Chennai,2025-12-15,Standard
C009081,33,Male,Chennai,2025-05-14,Gold
C009082,55,Female,Ahmedabad,2025-08-14,Standard
C009083,52,Male,Jaipur,2025-12-05,Gold
C009084,51,Male,Kochi,2025-11-18,Standard
C009085,45,Other,Bangalore,2025-03-28,Standard
C009086,19,Female,Chennai,2025-04-05,Standard
C009087,47,Female,Mumbai,2025-07-15,Standard
C009088,30,Female,Hyderabad,2025-07-11,Gold
C009089,58,Female,Bangalore,2026-06-06,Gold
C009090,33,Male,Mumbai,2025-01-13,Standard
C009091,22,Male,Chennai,2025-09-11,Gold
C009092,45,Female,Kochi,2025-03-22,Gold
C009093,70,Female,Delhi,2026-01-08,Standard
C009094,56,Female,Bangalore,2026-01-29,Standard
C009095,62,Male,Ahmedabad,2026-02-22,Standard
C009096,37,Male,Kochi,2025-02-28,Standard
C009097,41,Female,Chennai,2025-05-08,Premium
C009098,44,Male,Hyderabad,2026-06-25,Standard
C009099,47,Male,Hyderabad,2025-11-29,Standard
C009100,62,Male,Mumbai,2025-10-09,Standard
C009101,44,Male,Kolkata,2025-07-26,Gold
C009102,43,Female,Jaipur,2025-09-29,Standard
C009103,24,Female,Hyderabad,2025-11-05,Standard
C009104,59,Male,Bangalore,2026-02-07,Standard
C009105,64,Male,Kochi,2025-06-24,Gold
C009106,70,Female,Bangalore,2025-08-06,Gold
C009107,55,Male,Pune,2025-11-22,Premium
C009108,22,Female,Delhi,2025-09-10,Standard
C009109,40,Female,Kochi,2026-03-30,Standard
C009110,45,Female,Kolkata,2025-07-08,Gold
C009111,51,Female,Kolkata,2026-03-19,Gold
C009112,70,Male,Hyderabad,2025-05-10,Standard
C009113,32,Female,Kolkata,2026-04-30,Standard
C009114,49,Male,Jaipur,2025-01-03,Standard
C009115,43,Male,Ahmedabad,2025-12-17,Standard
C009116,65,Male,Hyderabad,2025-05-13,Gold
C009117,48,Male,Kochi,2026-05-09,Standard
C009118,36,Male,Delhi,2025-09-23,Gold
C009119,26,Male,Ahmedabad,2025-01-24,Standard
C009120,46,Female,Chennai,2026-06-18,Standard
C009121,68,Other,Kolkata,2025-01-03,Standard
C009122,56,Male,Kochi,2026-03-03,Standard
C009123,21,Female,Kochi,2025-01-04,Premium
C009124,20,Male,Kolkata,2026-05-18,Gold
C009125,46,Female,Ahmedabad,2025-08-20,Gold
C009126,69,Male,Bangalore,2025-03-13,Standard
C009127,28,Female,Ahmedabad,2025-03-29,Standard
C009128,50,Male,Bangalore,2026-06-12,Standard
C009129,55,Female,Hyderabad,2026-03-26,Standard
C009130,28,Male,Jaipur,2026-03-15,Standard
C009131,44,Male,Mumbai,2026-06-16,Standard
C009132,50,Male,Kochi,2026-03-11,Standard
C009133,38,Male,Jaipur,2025-03-25,Standard
C009134,56,Female,Bangalore,2025-12-05,Standard
C009135,48,Female,Ahmedabad,2025-05-06,Premium
C009136,55,Male,Hyderabad,2025-01-18,Standard
C009137,63,Other,Kolkata,2026-06-24,Standard
C009138,19,Male,Chennai,2025-12-11,Gold
C009139,44,Other,Kolkata,2026-04-13,Standard
C009140,53,Male,Kolkata,2025-05-21,Gold
C009141,28,Female,Jaipur,2025-01-06,Premium
C009142,64,Male,Chennai,2026-06-25,Standard
C009143,35,Female,Ahmedabad,2025-03-06,Standard
C009144,18,Male,Delhi,2025-02-25,Standard
C009145,52,Female,Kochi,2025-04-06,Gold
C009146,52,Female,Jaipur,2025-08-03,Gold
C009147,48,Male,Ahmedabad,2025-02-27,Standard
C009148,45,Other,Hyderabad,2026-05-07,Standard
C009149,56,Other,Hyderabad,2026-02-09,Gold
C009150,18,Other,Kochi,2025-07-03,Premium
C009151,42,Other,Ahmedabad,2025-10-09,Gold
C009152,60,Female,Jaipur,2025-06-12,Gold
C009153,55,Other,Chennai,2025-03-30,Standard
C009154,37,Female,Hyderabad,2025-04-07,Gold
C009155,20,Male,Ahmedabad,2025-03-29,Standard
C009156,68,Female,Chennai,2026-06-02,Standard
C009157,19,Female,Ahmedabad,2025-03-04,Standard
C009158,35,Female,Delhi,2026-06-25,Premium
C009159,61,Male,Pune,2025-07-10,Standard
C009160,27,Male,Kochi,2025-10-05,Gold
C009161,22,Female,Mumbai,2026-06-23,Standard
C009162,26,Female,Hyderabad,2025-03-26,Gold
C009163,19,Male,Ahmedabad,2025-12-01,Standard
C009164,51,Male,Jaipur,2026-03-17,Premium
C009165,55,Male,Ahmedabad,2025-06-21,Gold
C009166,48,Female,Jaipur,2025-12-05,Standard
C009167,27,Male,Bangalore,2025-08-17,Standard
C009168,67,Female,Delhi,2025-06-28,Gold
C009169,29,Other,Kolkata,2025-09-04,Standard
C009170,53,Female,Ahmedabad,2025-11-13,Standard
C009171,38,Male,Chennai,2025-10-13,Gold
C009172,66,Female,Mumbai,2025-03-17,Gold
C009173,64,Female,Kolkata,2026-03-28,Standard
C009174,23,Male,Delhi,2025-07-23,Standard
C009175,65,Female,Bangalore,2026-02-28,Gold
C009176,66,Female,Chennai,2025-07-12,Premium
C009177,20,Female,Delhi,2025-10-20,Gold
C009178,27,Female,Pune,2026-02-17,Standard
C009179,22,Male,Bangalore,2026-03-15,Gold
C009180,63,Male,Hyderabad,2025-10-28,Standard
C009181,43,Male,Pune,2025-09-17,Standard
C009182,38,Female,Pune,2025-07-11,Standard
C009183,62,Female,Kolkata,2025-09-28,Gold
C009184,43,Male,Kochi,2026-03-08,Premium
C009185,55,Male,Hyderabad,2025-08-05,Premium
C009186,61,Female,Bangalore,2025-04-01,Gold
C009187,43,Female,Kolkata,2025-07-17,Standard
C009188,25,Male,Hyderabad,2026-02-03,Standard
C009189,22,Female,Delhi,2025-02-08,Standard
C009190,32,Female,Mumbai,2026-04-16,Standard
C009191,33,Male,Bangalore,2025-03-20,Gold
C009192,18,Male,Kolkata,2025-04-04,Standard
C009193,33,Male,Mumbai,2025-02-12,Gold
C009194,54,Male,Bangalore,2025-05-12,Standard
C009195,20,Female,Pune,2025-03-18,Premium
C009196,69,Male,Mumbai,2025-08-20,Standard
C009197,64,Male,Mumbai,2025-02-08,Standard
C009198,48,Female,Chennai,2025-05-31,Standard
C009199,30,Male,Bangalore,2026-02-23,Standard
C009200,33,Female,Hyderabad,2025-07-05,Standard
C009201,60,Male,Kochi,2025-11-14,Standard
C009202,38,Female,Delhi,2026-04-09,Standard
C009203,19,Other,Jaipur,2026-03-08,Standard
C009204,44,Male,Kolkata,2025-05-15,Gold
C009205,55,Female,Mumbai,2026-05-18,Gold
C009206,43,Male,Ahmedabad,2025-09-26,Standard
C009207,55,Female,Mumbai,2026-03-13,Premium
C009208,63,Female,Pune,2026-05-13,Gold
C009209,42,Male,Bangalore,2025-12-06,Gold
C009210,28,Female,Pune,2025-08-30,Standard
C009211,25,Male,Kochi,2025-08-09,Standard
C009212,25,Other,Delhi,2025-12-27,Gold
C009213,50,Male,Chennai,2025-07-09,Standard
C009214,70,Female,Bangalore,2026-02-17,Standard
C009215,24,Male,Pune,2025-11-25,Standard
C009216,55,Female,Chennai,2025-08-10,Standard
C009217,38,Other,Jaipur,2025-04-02,Gold
C009218,25,Female,Jaipur,2026-03-16,Gold
C009219,68,Male,Bangalore,2025-04-16,Standard
C009220,38,Female,Delhi,2025-09-02,Standard
C009221,37,Male,Ahmedabad,2025-11-01,Standard
C009222,25,Male,Mumbai,2025-04-07,Standard
C009223,63,Male,Hyderabad,2026-04-22,Standard
C009224,48,Male,Delhi,2025-09-23,Gold
C009225,67,Female,Delhi,2025-04-13,Standard
C009226,46,Male,Ahmedabad,2025-09-11,Standard
C009227,65,Female,Pune,2026-03-31,Standard
C009228,26,Male,Chennai,2026-05-28,Standard
C009229,32,Male,Bangalore,2026-05-08,Standard
C009230,47,Female,Hyderabad,2025-09-18,Standard
C009231,43,Male,Chennai,2025-02-04,Standard
C009232,27,Male,Mumbai,2026-01-16,Gold
C009233,46,Male,Hyderabad,2026-02-01,Standard
C009234,33,Female,Jaipur,2025-01-27,Standard
C009235,53,Female,Delhi,2025-11-02,Premium
C009236,37,Male,Mumbai,2025-06-14,Gold
C009237,62,Male,Kochi,2025-09-15,Standard
C009238,54,Female,Jaipur,2025-04-12,Standard
C009239,39,Other,Mumbai,2026-03-31,Gold
C009240,24,Male,Pune,2025-07-12,Gold
C009241,40,Female,Kochi,2025-10-26,Standard
C009242,58,Male,Bangalore,2025-01-21,Standard
C009243,57,Male,Chennai,2025-02-14,Standard
C009244,46,Male,Mumbai,2026-04-25,Standard
C009245,33,Female,Jaipur,2026-05-11,Gold
C009246,55,Male,Pune,2025-08-11,Standard
C009247,45,Female,Pune,2025-10-26,Standard
C009248,65,Male,Jaipur,2026-04-26,Standard
C009249,55,Male,Mumbai,2025-01-24,Standard
C009250,48,Female,Hyderabad,2025-12-04,Standard
C009251,31,Male,Kolkata,2025-03-25,Standard
C009252,70,Male,Kolkata,2025-03-01,Premium
C009253,50,Male,Jaipur,2025-10-15,Gold
C009254,26,Male,Pune,2026-06-01,Standard
C009255,44,Male,Chennai,2025-06-03,Standard
C009256,41,Male,Pune,2025-10-08,Standard
C009257,30,Male,Ahmedabad,2026-03-10,Premium
C009258,43,Male,Pune,2025-12-08,Gold
C009259,46,Other,Jaipur,2025-03-27,Standard
C009260,68,Male,Mumbai,2025-07-10,Standard
C009261,66,Male,Hyderabad,2025-09-09,Gold
C009262,60,Other,Delhi,2025-03-09,Standard
C009263,45,Female,Hyderabad,2025-05-26,Premium
C009264,45,Male,Chennai,2025-09-12,Premium
C009265,25,Male,Chennai,2025-05-11,Gold
C009266,40,Female,Mumbai,2026-01-12,Standard
C009267,46,Male,Hyderabad,2026-06-16,Standard
C009268,22,Female,Jaipur,2025-07-18,Standard
C009269,59,Other,Kolkata,2025-08-09,Gold
C009270,24,Female,Pune,2026-02-14,Standard
C009271,59,Male,Kochi,2025-06-20,Standard
C009272,53,Female,Ahmedabad,2025-05-25,Standard
C009273,58,Female,Jaipur,2026-05-03,Standard
C009274,44,Female,Hyderabad,2025-12-20,Premium
C009275,63,Male,Kochi,2025-06-30,Premium
C009276,19,Female,Kolkata,2025-06-10,Gold
C009277,42,Female,Jaipur,2026-04-09,Premium
C009278,26,Other,Bangalore,2025-03-01,Standard
C009279,70,Female,Kochi,2025-08-03,Gold
C009280,44,Male,Jaipur,2025-07-11,Standard
C009281,18,Female,Kolkata,2026-05-03,Standard
C009282,40,Male,Kochi,2025-08-13,Standard
C009283,27,Female,Mumbai,2026-01-27,Gold
C009284,59,Male,Pune,2025-06-10,Standard
C009285,69,Male,Pune,2026-03-31,Gold
C009286,42,Female,Pune,2025-04-21,Gold
C009287,20,Male,Chennai,2025-02-28,Standard
C009288,23,Female,Delhi,2026-06-29,Standard
C009289,23,Female,Kolkata,2025-01-29,Gold
C009290,70,Male,Pune,2025-07-04,Standard
C009291,19,Male,Hyderabad,2025-08-12,Gold
C009292,35,Female,Delhi,2025-12-23,Standard
C009293,40,Male,Ahmedabad,2026-05-07,Gold
C009294,19,Female,Delhi,2025-04-24,Gold
C009295,29,Female,Kochi,2026-01-13,Standard
C009296,39,Female,Hyderabad,2025-10-12,Standard
C009297,54,Female,Jaipur,2025-04-07,Standard
C009298,37,Female,Hyderabad,2025-05-04,Standard
C009299,56,Female,Chennai,2025-06-05,Gold
C009300,41,Female,Pune,2025-04-20,Standard
C009301,65,Female,Ahmedabad,2025-02-22,Gold
C009302,37,Male,Pune,2025-06-23,Gold
C009303,18,Male,Bangalore,2025-11-10,Gold
C009304,18,Female,Ahmedabad,2026-01-25,Standard
C009305,34,Female,Bangalore,2025-02-14,Standard
C009306,18,Male,Jaipur,2025-04-27,Gold
C009307,70,Male,Ahmedabad,2025-05-02,Gold
C009308,69,Female,Pune,2026-04-27,Standard
C009309,62,Male,Chennai,2025-06-19,Standard
C009310,47,Male,Jaipur,2026-02-04,Standard
C009311,58,Male,Ahmedabad,2026-05-15,Gold
C009312,64,Female,Mumbai,2025-03-15,Gold
C009313,20,Female,Chennai,2025-05-29,Standard
C009314,63,Male,Pune,2026-06-21,Gold
C009315,28,Male,Bangalore,2025-03-02,Standard
C009316,41,Female,Kolkata,2025-02-23,Gold
C009317,39,Female,Bangalore,2025-08-11,Gold
C009318,61,Female,Pune,2026-04-18,Gold
C009319,62,Male,Delhi,2025-11-12,Gold
C009320,43,Male,Kochi,2025-06-19,Standard
C009321,30,Female,Hyderabad,2025-02-01,Gold
C009322,18,Male,Pune,2025-02-22,Gold
C009323,41,Female,Mumbai,2025-05-19,Gold
C009324,27,Male,Pune,2026-01-09,Standard
C009325,52,Male,Mumbai,2025-02-16,Standard
C009326,41,Male,Bangalore,2025-03-31,Standard
C009327,45,Female,Delhi,2025-02-05,Standard
C009328,53,Male,Ahmedabad,2025-08-13,Standard
C009329,33,Male,Pune,2025-09-26,Standard
C009330,57,Male,Kochi,2025-07-05,Premium
C009331,33,Male,Jaipur,2026-01-06,Gold
C009332,34,Male,Mumbai,2025-08-23,Standard
C009333,68,Male,Kochi,2025-05-02,Standard
C009334,32,Male,Jaipur,2026-02-28,Premium
C009335,33,Female,Ahmedabad,2026-01-24,Standard
C009336,32,Female,Hyderabad,2025-04-27,Premium
C009337,51,Male,Pune,2026-04-11,Gold
C009338,28,Male,Mumbai,2026-03-05,Standard
C009339,18,Female,Bangalore,2026-03-18,Gold
C009340,32,Male,Jaipur,2025-02-08,Standard
C009341,43,Male,Mumbai,2025-06-11,Standard
C009342,68,Female,Delhi,2026-06-10,Gold
C009343,21,Female,Hyderabad,2025-06-15,Gold
C009344,60,Male,Mumbai,2026-03-21,Gold
C009345,22,Male,Jaipur,2026-03-19,Gold
C009346,52,Female,Kolkata,2025-11-27,Gold
C009347,30,Male,Ahmedabad,2025-12-01,Gold
C009348,27,Female,Hyderabad,2025-04-22,Gold
C009349,28,Male,Hyderabad,2025-05-19,Gold
C009350,35,Male,Kolkata,2025-06-15,Standard
C009351,51,Female,Ahmedabad,2026-02-18,Gold
C009352,56,Female,Delhi,2025-06-18,Standard
C009353,58,Female,Bangalore,2025-05-04,Standard
C009354,59,Male,Hyderabad,2025-04-08,Standard
C009355,67,Female,Delhi,2025-03-01,Standard
C009356,40,Female,Hyderabad,2025-01-19,Standard
C009357,24,Female,Bangalore,2025-05-04,Standard
C009358,56,Female,Kolkata,2025-08-14,Standard
C009359,20,Male,Bangalore,2025-11-20,Standard
C009360,29,Male,Kochi,2025-01-17,Standard
C009361,24,Female,Pune,2025-03-21,Gold
C009362,66,Female,Pune,2026-04-01,Gold
C009363,43,Male,Kolkata,2026-06-25,Standard
C009364,50,Male,Bangalore,2026-01-13,Gold
C009365,54,Other,Hyderabad,2025-07-10,Standard
C009366,65,Female,Jaipur,2026-05-06,Standard
C009367,32,Female,Chennai,2026-02-09,Gold
C009368,19,Male,Delhi,2025-09-29,Premium
C009369,58,Female,Hyderabad,2026-03-06,Gold
C009370,24,Male,Delhi,2026-06-04,Standard
C009371,49,Male,Kolkata,2026-01-19,Standard
C009372,21,Male,Bangalore,2025-07-11,Standard
C009373,37,Female,Hyderabad,2026-03-11,Standard
C009374,67,Female,Pune,2025-03-04,Standard
C009375,70,Female,Kolkata,2025-08-04,Standard
C009376,53,Male,Kochi,2025-05-14,Standard
C009377,49,Female,Hyderabad,2025-06-10,Standard
C009378,45,Female,Mumbai,2025-09-15,Standard
C009379,30,Female,Pune,2026-03-01,Standard
C009380,18,Other,Delhi,2026-06-12,Standard
C009381,52,Male,Jaipur,2025-12-24,Premium
C009382,65,Female,Bangalore,2026-01-10,Gold
C009383,47,Female,Delhi,2025-01-09,Standard
C009384,53,Female,Bangalore,2025-07-16,Standard
C009385,42,Female,Ahmedabad,2025-04-27,Standard
C009386,33,Male,Kolkata,2025-01-10,Standard
C009387,36,Female,Delhi,2026-06-03,Standard
C009388,18,Female,Pune,2025-12-15,Standard
C009389,22,Male,Mumbai,2026-02-08,Standard
C009390,68,Female,Jaipur,2025-01-04,Standard
C009391,39,Male,Hyderabad,2025-11-24,Standard
C009392,41,Male,Chennai,2026-05-27,Premium
C009393,60,Female,Kolkata,2025-05-10,Standard
C009394,62,Female,Chennai,2026-04-29,Premium
C009395,69,Male,Pune,2025-12-24,Gold
C009396,54,Male,Ahmedabad,2026-01-20,Standard
C009397,70,Male,Hyderabad,2025-09-11,Standard
C009398,53,Male,Hyderabad,2025-06-16,Standard
C009399,53,Male,Hyderabad,2026-04-14,Standard
C009400,21,Male,Bangalore,2026-05-08,Standard
C009401,53,Male,Jaipur,2025-12-04,Standard
C009402,69,Female,Delhi,2025-02-20,Standard
C009403,70,Female,Jaipur,2025-02-25,Standard
C009404,35,Female,Delhi,2025-03-14,Standard
C009405,67,Female,Kolkata,2025-02-21,Premium
C009406,33,Male,Bangalore,2025-05-05,Gold
C009407,58,Female,Jaipur,2025-09-19,Gold
C009408,35,Female,Bangalore,2026-06-05,Standard
C009409,39,Male,Mumbai,2025-11-26,Standard
C009410,19,Male,Kolkata,2025-11-19,Standard
C009411,38,Male,Jaipur,2025-08-29,Premium
C009412,53,Female,Bangalore,2025-10-12,Gold
C009413,61,Male,Pune,2025-09-21,Standard
C009414,56,Female,Kochi,2025-10-26,Gold
C009415,64,Male,Delhi,2025-07-24,Gold
C009416,56,Male,Hyderabad,2025-10-18,Gold
C009417,46,Female,Kochi,2025-07-30,Gold
C009418,43,Female,Chennai,2026-01-01,Standard
C009419,38,Male,Bangalore,2026-04-09,Standard
C009420,34,Female,Chennai,2025-11-18,Standard
C009421,33,Male,Mumbai,2025-12-24,Gold
C009422,48,Female,Pune,2025-04-04,Premium
C009423,68,Female,Delhi,2025-06-18,Gold
C009424,26,Female,Mumbai,2025-10-24,Standard
C009425,48,Male,Ahmedabad,2026-05-31,Standard
C009426,31,Male,Kolkata,2025-04-08,Gold
C009427,66,Female,Mumbai,2025-12-16,Standard
C009428,54,Male,Kochi,2026-02-05,Standard
C009429,19,Female,Delhi,2026-03-27,Gold
C009430,69,Female,Kochi,2026-04-20,Standard
C009431,65,Male,Delhi,2026-02-23,Gold
C009432,63,Female,Hyderabad,2025-01-04,Standard
C009433,31,Male,Jaipur,2025-11-20,Standard
C009434,50,Other,Delhi,2026-01-04,Standard
C009435,52,Female,Kochi,2026-01-30,Gold
C009436,56,Female,Chennai,2025-04-29,Gold
C009437,64,Male,Mumbai,2025-07-09,Standard
C009438,68,Female,Mumbai,2026-02-20,Standard
C009439,37,Female,Delhi,2025-04-16,Standard
C009440,19,Male,Ahmedabad,2025-06-14,Gold
C009441,68,Male,Delhi,2025-12-12,Standard
C009442,58,Male,Bangalore,2025-04-08,Standard
C009443,36,Other,Chennai,2026-05-01,Standard
C009444,54,Female,Hyderabad,2025-11-27,Gold
C009445,35,Female,Hyderabad,2026-01-05,Standard
C009446,33,Female,Kochi,2026-03-18,Standard
C009447,21,Male,Pune,2025-04-30,Standard
C009448,29,Male,Jaipur,2025-10-26,Standard
C009449,46,Male,Kochi,2025-05-23,Standard
C009450,24,Male,Bangalore,2025-04-03,Standard
C009451,31,Female,Pune,2025-10-24,Standard
C009452,29,Female,Jaipur,2026-03-23,Premium
C009453,52,Other,Mumbai,2026-04-25,Gold
C009454,22,Male,Kochi,2025-09-15,Standard
C009455,34,Female,Hyderabad,2026-06-06,Standard
C009456,59,Female,Pune,2026-01-10,Gold
C009457,49,Female,Pune,2026-03-03,Standard
C009458,27,Female,Chennai,2025-04-11,Premium
C009459,60,Male,Delhi,2025-09-01,Premium
C009460,34,Female,Bangalore,2025-01-23,Standard
C009461,22,Female,Jaipur,2025-12-20,Standard
C009462,62,Female,Jaipur,2026-04-11,Standard
C009463,59,Male,Hyderabad,2025-08-13,Gold
C009464,26,Male,Delhi,2026-03-20,Gold
C009465,66,Male,Hyderabad,2025-09-26,Standard
C009466,50,Female,Kolkata,2026-06-17,Gold
C009467,53,Female,Bangalore,2025-11-10,Standard
C009468,53,Male,Delhi,2025-04-30,Standard
C009469,35,Female,Pune,2026-04-26,Standard
C009470,26,Male,Kolkata,2025-04-30,Standard
C009471,46,Male,Hyderabad,2025-05-16,Standard
C009472,67,Female,Kolkata,2025-03-18,Gold
C009473,31,Female,Mumbai,2025-12-20,Standard
C009474,42,Male,Kochi,2025-02-27,Gold
C009475,32,Male,Pune,2025-03-27,Premium
C009476,23,Female,Delhi,2025-01-01,Standard
C009477,59,Male,Mumbai,2025-03-18,Standard
C009478,46,Female,Pune,2026-06-06,Standard
C009479,32,Female,Hyderabad,2026-03-20,Standard
C009480,46,Male,Hyderabad,2025-05-28,Premium
C009481,21,Male,Delhi,2026-06-09,Gold
C009482,35,Female,Delhi,2025-07-05,Standard
C009483,67,Female,Jaipur,2026-06-06,Standard
C009484,66,Female,Mumbai,2025-06-11,Gold
C009485,61,Male,Delhi,2025-10-17,Standard
C009486,56,Female,Jaipur,2026-02-25,Standard
C009487,33,Male,Mumbai,2025-07-15,Standard
C009488,28,Female,Hyderabad,2025-02-03,Standard
C009489,31,Female,Kolkata,2026-02-12,Standard
C009490,20,Male,Kolkata,2025-10-24,Gold
C009491,68,Female,Ahmedabad,2026-06-21,Standard
C009492,67,Male,Mumbai,2025-02-05,Standard
C009493,59,Female,Mumbai,2025-09-21,Standard
C009494,55,Male,Jaipur,2026-01-17,Standard
C009495,62,Female,Kochi,2025-04-24,Standard
C009496,59,Male,Kolkata,2026-03-19,Standard
C009497,35,Female,Hyderabad,2025-06-12,Standard
C009498,37,Female,Jaipur,2025-02-07,Gold
C009499,65,Other,Delhi,2025-04-02,Gold
C009500,42,Female,Mumbai,2025-04-11,Premium
C009501,55,Male,Bangalore,2026-05-22,Gold
C009502,30,Male,Jaipur,2025-06-28,Gold
C009503,21,Male,Pune,2025-10-11,Gold
C009504,31,Female,Chennai,2025-12-21,Gold
C009505,50,Male,Kolkata,2025-10-24,Gold
C009506,45,Male,Hyderabad,2026-06-19,Standard
C009507,69,Male,Pune,2026-05-03,Gold
C009508,54,Female,Ahmedabad,2025-10-06,Standard
C009509,25,Male,Hyderabad,2026-06-28,Gold
C009510,61,Male,Delhi,2025-12-21,Gold
C009511,51,Male,Pune,2025-11-15,Gold
C009512,61,Female,Bangalore,2025-07-14,Gold
C009513,22,Female,Kochi,2025-04-03,Standard
C009514,22,Male,Kolkata,2026-03-09,Premium
C009515,48,Female,Mumbai,2025-01-27,Premium
C009516,62,Male,Kochi,2026-02-19,Premium
C009517,26,Male,Kolkata,2025-06-11,Standard
C009518,59,Male,Kolkata,2025-04-11,Standard
C009519,49,Female,Delhi,2026-04-18,Standard
C009520,50,Female,Ahmedabad,2025-06-07,Standard
C009521,20,Male,Ahmedabad,2026-05-07,Standard
C009522,47,Female,Delhi,2025-01-09,Standard
C009523,67,Male,Delhi,2025-07-31,Premium
C009524,29,Other,Kolkata,2026-03-15,Gold
C009525,46,Female,Pune,2025-04-21,Premium
C009526,20,Female,Mumbai,2025-07-22,Standard
C009527,43,Female,Chennai,2025-03-06,Standard
C009528,47,Other,Ahmedabad,2025-06-10,Standard
C009529,26,Other,Hyderabad,2026-02-18,Standard
C009530,43,Female,Chennai,2025-09-23,Gold
C009531,19,Male,Kochi,2025-07-24,Standard
C009532,20,Male,Kolkata,2025-06-05,Standard
C009533,63,Male,Kochi,2025-06-22,Standard
C009534,21,Female,Pune,2025-11-04,Gold
C009535,42,Male,Ahmedabad,2026-03-26,Standard
C009536,68,Female,Pune,2025-03-03,Premium
C009537,30,Female,Kolkata,2026-01-08,Gold
C009538,56,Female,Chennai,2026-04-05,Gold
C009539,61,Male,Kochi,2026-04-20,Standard
C009540,52,Female,Chennai,2026-01-16,Standard
C009541,40,Male,Pune,2025-03-27,Standard
C009542,26,Female,Jaipur,2025-05-23,Standard
C009543,19,Female,Hyderabad,2025-01-07,Gold
C009544,58,Male,Kochi,2025-10-22,Gold
C009545,61,Female,Ahmedabad,2026-06-03,Standard
C009546,48,Male,Delhi,2026-06-10,Standard
C009547,61,Female,Pune,2025-02-03,Premium
C009548,64,Male,Pune,2025-11-25,Gold
C009549,19,Female,Kochi,2025-02-03,Gold
C009550,49,Male,Hyderabad,2026-02-10,Standard
C009551,35,Female,Delhi,2025-01-18,Gold
C009552,30,Male,Bangalore,2026-03-06,Standard
C009553,63,Male,Chennai,2026-03-04,Standard
C009554,22,Female,Kochi,2025-10-20,Standard
C009555,59,Male,Hyderabad,2025-03-21,Premium
C009556,61,Female,Mumbai,2025-03-27,Standard
C009557,27,Male,Jaipur,2025-02-17,Standard
C009558,60,Male,Bangalore,2025-03-25,Gold
C009559,42,Female,Hyderabad,2025-11-04,Gold
C009560,51,Female,Hyderabad,2025-09-09,Standard
C009561,54,Female,Pune,2026-04-26,Gold
C009562,47,Female,Delhi,2025-06-29,Standard
C009563,24,Male,Hyderabad,2025-11-06,Standard
C009564,23,Male,Mumbai,2026-03-02,Gold
C009565,20,Male,Kolkata,2026-05-01,Standard
C009566,30,Female,Hyderabad,2025-02-08,Gold
C009567,20,Female,Jaipur,2025-10-06,Standard
C009568,43,Male,Ahmedabad,2026-01-11,Gold
C009569,41,Male,Chennai,2025-02-10,Premium
C009570,70,Male,Delhi,2025-02-16,Standard
C009571,23,Other,Mumbai,2026-04-29,Standard
C009572,60,Female,Delhi,2025-07-04,Gold
C009573,66,Male,Hyderabad,2025-03-13,Standard
C009574,59,Female,Kochi,2025-12-08,Standard
C009575,29,Male,Bangalore,2025-08-31,Gold
C009576,66,Female,Ahmedabad,2025-11-24,Standard
C009577,53,Female,Jaipur,2025-06-02,Standard
C009578,19,Male,Ahmedabad,2025-09-12,Premium
C009579,28,Female,Mumbai,2026-02-28,Gold
C009580,56,Female,Chennai,2025-08-20,Gold
C009581,51,Male,Mumbai,2026-06-13,Gold
C009582,43,Female,Jaipur,2026-05-11,Standard
C009583,35,Male,Kochi,2025-06-25,Premium
C009584,38,Female,Jaipur,2025-05-23,Gold
C009585,53,Male,Delhi,2025-01-17,Standard
C009586,57,Male,Delhi,2025-09-06,Premium
C009587,69,Female,Kochi,2025-02-04,Standard
C009588,63,Female,Hyderabad,2025-05-26,Premium
C009589,61,Male,Pune,2025-06-14,Gold
C009590,39,Other,Kolkata,2025-04-21,Standard
C009591,70,Male,Kochi,2025-03-15,Standard
C009592,47,Male,Jaipur,2025-12-20,Standard
C009593,67,Female,Kolkata,2025-10-01,Standard
C009594,60,Male,Hyderabad,2025-10-06,Standard
C009595,47,Male,Kolkata,2025-01-31,Premium
C009596,25,Female,Bangalore,2026-06-10,Gold
C009597,51,Male,Chennai,2026-06-19,Gold
C009598,64,Other,Mumbai,2026-05-25,Standard
C009599,26,Male,Kolkata,2026-05-29,Standard
C009600,68,Female,Jaipur,2025-06-27,Standard
C009601,37,Male,Delhi,2025-11-25,Standard
C009602,57,Male,Ahmedabad,2025-06-21,Standard
C009603,42,Female,Kolkata,2026-01-31,Gold
C009604,36,Female,Delhi,2025-02-04,Gold
C009605,22,Female,Hyderabad,2025-10-24,Gold
C009606,28,Male,Hyderabad,2026-04-14,Standard
C009607,32,Female,Pune,2026-05-10,Gold
C009608,25,Male,Kochi,2025-08-23,Standard
C009609,36,Female,Mumbai,2025-02-08,Standard
C009610,40,Female,Hyderabad,2025-08-07,Premium
C009611,44,Male,Mumbai,2025-08-05,Standard
C009612,57,Female,Hyderabad,2026-02-24,Standard
C009613,49,Male,Kochi,2025-06-23,Standard
C009614,43,Female,Pune,2025-04-23,Standard
C009615,44,Female,Kolkata,2025-06-23,Standard
C009616,36,Male,Mumbai,2025-03-15,Gold
C009617,67,Female,Hyderabad,2026-06-20,Gold
C009618,59,Male,Hyderabad,2025-02-01,Gold
C009619,46,Female,Hyderabad,2025-09-11,Standard
C009620,56,Male,Jaipur,2026-05-12,Gold
C009621,58,Female,Hyderabad,2025-04-23,Premium
C009622,50,Male,Hyderabad,2025-07-14,Standard
C009623,36,Male,Ahmedabad,2026-06-12,Standard
C009624,54,Female,Mumbai,2026-03-17,Standard
C009625,36,Male,Kolkata,2026-05-04,Gold
C009626,50,Male,Hyderabad,2026-05-12,Premium
C009627,64,Female,Ahmedabad,2025-01-24,Premium
C009628,33,Female,Hyderabad,2025-10-17,Standard
C009629,40,Female,Delhi,2025-11-04,Standard
C009630,24,Male,Bangalore,2025-10-31,Standard
C009631,43,Female,Delhi,2025-02-07,Standard
C009632,49,Male,Pune,2026-01-21,Standard
C009633,29,Female,Kolkata,2025-03-23,Premium
C009634,25,Female,Chennai,2025-04-28,Standard
C009635,22,Female,Chennai,2025-02-19,Standard
C009636,59,Male,Jaipur,2025-03-15,Standard
C009637,45,Female,Kochi,2025-04-16,Premium
C009638,70,Female,Bangalore,2025-11-22,Premium
C009639,22,Female,Chennai,2025-12-22,Gold
C009640,66,Male,Chennai,2026-04-13,Standard
C009641,43,Female,Kochi,2025-10-11,Standard
C009642,22,Female,Kolkata,2025-07-04,Standard
C009643,39,Male,Pune,2025-06-03,Gold
C009644,32,Male,Jaipur,2025-04-28,Standard
C009645,30,Male,Kolkata,2025-09-24,Premium
C009646,45,Male,Hyderabad,2026-01-20,Gold
C009647,50,Male,Hyderabad,2025-09-12,Standard
C009648,60,Male,Bangalore,2025-08-29,Standard
C009649,40,Female,Ahmedabad,2025-06-20,Gold
C009650,50,Female,Bangalore,2025-07-04,Standard
C009651,60,Male,Chennai,2026-02-14,Standard
C009652,35,Female,Kolkata,2025-05-26,Gold
C009653,67,Female,Bangalore,2025-02-07,Premium
C009654,70,Male,Mumbai,2026-05-05,Premium
C009655,47,Male,Jaipur,2025-09-19,Standard
C009656,43,Female,Ahmedabad,2025-05-06,Gold
C009657,33,Female,Ahmedabad,2025-12-11,Standard
C009658,30,Female,Hyderabad,2025-09-18,Standard
C009659,56,Female,Delhi,2026-03-19,Gold
C009660,50,Male,Mumbai,2025-04-18,Premium
C009661,43,Female,Ahmedabad,2026-03-13,Standard
C009662,65,Male,Kolkata,2026-05-29,Standard
C009663,18,Male,Kolkata,2025-03-31,Gold
C009664,66,Male,Kochi,2025-08-03,Standard
C009665,55,Male,Kochi,2025-11-15,Gold
C009666,19,Female,Kolkata,2025-02-26,Gold
C009667,66,Female,Bangalore,2026-02-06,Gold
C009668,23,Other,Kolkata,2025-08-10,Standard
C009669,63,Male,Mumbai,2026-04-20,Gold
C009670,67,Other,Hyderabad,2025-04-18,Standard
C009671,55,Female,Delhi,2025-06-29,Standard
C009672,59,Male,Chennai,2025-06-26,Premium
C009673,41,Female,Ahmedabad,2026-05-02,Gold
C009674,35,Female,Jaipur,2026-02-18,Standard
C009675,44,Male,Delhi,2025-02-06,Standard
C009676,58,Female,Hyderabad,2025-09-25,Standard
C009677,25,Female,Kochi,2026-01-23,Premium
C009678,45,Female,Kolkata,2025-12-20,Gold
C009679,27,Female,Bangalore,2025-09-27,Standard
C009680,34,Male,Kochi,2025-09-26,Standard
C009681,46,Female,Hyderabad,2026-03-18,Standard
C009682,23,Female,Jaipur,2025-11-01,Gold
C009683,31,Male,Chennai,2025-09-03,Standard
C009684,39,Male,Jaipur,2025-06-27,Standard
C009685,23,Female,Bangalore,2025-03-08,Gold
C009686,43,Male,Mumbai,2025-10-04,Gold
C009687,56,Female,Kochi,2025-07-27,Gold
C009688,29,Female,Pune,2025-11-03,Premium
C009689,52,Male,Kolkata,2026-06-22,Premium
C009690,31,Male,Hyderabad,2026-06-02,Gold
C009691,39,Male,Jaipur,2025-10-01,Standard
C009692,68,Female,Mumbai,2025-08-21,Gold
C009693,40,Female,Delhi,2025-04-24,Standard
C009694,65,Female,Ahmedabad,2025-05-14,Standard
C009695,24,Male,Hyderabad,2026-03-01,Gold
C009696,57,Female,Ahmedabad,2025-01-25,Gold
C009697,67,Female,Bangalore,2025-10-07,Standard
C009698,42,Male,Ahmedabad,2025-12-09,Standard
C009699,30,Female,Kochi,2025-03-13,Standard
C009700,38,Male,Ahmedabad,2025-07-20,Standard
C009701,58,Female,Pune,2025-11-22,Standard
C009702,27,Male,Delhi,2025-02-02,Gold
C009703,70,Male,Jaipur,2025-04-07,Gold
C009704,26,Female,Pune,2025-09-20,Premium
C009705,32,Female,Bangalore,2025-03-11,Standard
C009706,69,Male,Pune,2025-10-20,Standard
C009707,19,Female,Bangalore,2025-07-26,Gold
C009708,42,Female,Pune,2025-06-21,Standard
C009709,30,Male,Hyderabad,2026-01-30,Gold
C009710,51,Female,Pune,2025-09-13,Standard
C009711,68,Female,Pune,2025-09-21,Gold
C009712,51,Female,Bangalore,2025-09-21,Standard
C009713,52,Male,Jaipur,2026-06-01,Standard
C009714,55,Female,Ahmedabad,2025-01-10,Standard
C009715,20,Female,Chennai,2025-09-28,Gold
C009716,59,Female,Chennai,2025-11-08,Gold
C009717,23,Male,Delhi,2026-01-05,Standard
C009718,65,Female,Kochi,2026-01-26,Standard
C009719,66,Male,Chennai,2025-04-25,Standard
C009720,36,Female,Bangalore,2025-12-10,Standard
C009721,20,Other,Chennai,2026-02-14,Standard
C009722,35,Male,Delhi,2026-06-30,Standard
C009723,56,Male,Kochi,2026-01-13,Standard
C009724,26,Female,Kolkata,2026-04-01,Standard
C009725,69,Female,Delhi,2026-02-27,Premium
C009726,29,Male,Bangalore,2026-03-20,Gold
C009727,22,Female,Kolkata,2025-07-16,Gold
C009728,20,Female,Pune,2025-12-29,Standard
C009729,28,Female,Kolkata,2026-02-14,Standard
C009730,47,Female,Chennai,2026-01-29,Standard
C009731,21,Male,Delhi,2026-05-24,Standard
C009732,22,Female,Ahmedabad,2025-10-21,Gold
C009733,18,Male,Kolkata,2025-01-25,Standard
C009734,44,Male,Pune,2025-08-25,Premium
C009735,45,Male,Pune,2026-04-06,Standard
C009736,46,Female,Bangalore,2025-11-17,Standard
C009737,35,Female,Bangalore,2025-04-10,Standard
C009738,29,Male,Kolkata,2026-02-12,Premium
C009739,30,Female,Hyderabad,2025-06-04,Standard
C009740,58,Female,Pune,2026-03-10,Standard
C009741,19,Female,Delhi,2026-03-10,Standard
C009742,54,Female,Hyderabad,2025-05-23,Gold
C009743,62,Male,Pune,2026-06-13,Standard
C009744,33,Male,Hyderabad,2025-10-12,Standard
C009745,65,Female,Ahmedabad,2025-01-05,Standard
C009746,41,Female,Kolkata,2026-06-07,Standard
C009747,52,Male,Jaipur,2026-03-12,Standard
C009748,39,Female,Delhi,2026-02-22,Standard
C009749,53,Female,Bangalore,2025-03-22,Standard
C009750,28,Female,Kochi,2026-06-29,Standard
C009751,63,Male,Ahmedabad,2026-01-12,Standard
C009752,46,Female,Chennai,2025-06-08,Standard
C009753,52,Female,Pune,2025-08-05,Standard
C009754,65,Male,Bangalore,2025-02-14,Gold
C009755,32,Male,Pune,2025-08-03,Gold
C009756,48,Male,Mumbai,2026-05-26,Gold
C009757,59,Female,Delhi,2025-05-08,Gold
C009758,58,Male,Kochi,2025-09-11,Standard
C009759,60,Male,Kolkata,2025-12-18,Standard
C009760,33,Male,Pune,2026-06-25,Gold
C009761,27,Male,Bangalore,2025-06-13,Gold
C009762,66,Male,Jaipur,2026-06-19,Standard
C009763,49,Female,Pune,2025-05-11,Standard
C009764,68,Female,Pune,2026-05-19,Gold
C009765,19,Female,Jaipur,2026-02-28,Standard
C009766,41,Male,Kochi,2025-07-03,Standard
C009767,40,Male,Delhi,2026-06-07,Standard
C009768,19,Male,Pune,2025-08-23,Standard
C009769,55,Male,Pune,2025-05-11,Gold
C009770,48,Male,Kolkata,2025-01-14,Gold
C009771,68,Male,Jaipur,2026-01-15,Gold
C009772,57,Other,Delhi,2025-03-01,Standard
C009773,43,Male,Delhi,2025-10-19,Gold
C009774,46,Female,Mumbai,2025-06-09,Standard
C009775,20,Male,Kochi,2026-03-23,Premium
C009776,31,Male,Mumbai,2026-06-22,Standard
C009777,42,Female,Ahmedabad,2026-01-21,Gold
C009778,65,Male,Chennai,2025-03-11,Gold
C009779,18,Male,Kochi,2026-01-17,Premium
C009780,70,Other,Ahmedabad,2025-08-13,Premium
C009781,20,Female,Chennai,2026-05-23,Standard
C009782,43,Male,Bangalore,2025-02-09,Standard
C009783,35,Male,Kochi,2025-05-26,Standard
C009784,26,Female,Jaipur,2026-01-01,Standard
C009785,55,Female,Ahmedabad,2025-09-05,Premium
C009786,40,Male,Pune,2025-01-12,Standard
C009787,38,Male,Mumbai,2026-06-20,Standard
C009788,18,Female,Chennai,2026-05-25,Standard
C009789,38,Male,Ahmedabad,2025-09-02,Standard
C009790,44,Male,Hyderabad,2025-06-20,Gold
C009791,59,Female,Kochi,2025-02-01,Gold
C009792,23,Male,Mumbai,2026-03-05,Standard
C009793,61,Female,Delhi,2025-02-04,Standard
C009794,53,Female,Mumbai,2025-07-24,Premium
C009795,45,Female,Ahmedabad,2026-01-19,Standard
C009796,62,Male,Jaipur,2025-09-23,Premium
C009797,34,Male,Bangalore,2026-03-19,Premium
C009798,57,Male,Chennai,2026-04-30,Gold
C009799,69,Male,Mumbai,2026-04-15,Premium
C009800,20,Female,Bangalore,2025-09-23,Standard
C009801,29,Male,Pune,2025-04-19,Premium
C009802,56,Male,Delhi,2026-05-04,Standard
C009803,29,Male,Kolkata,2025-06-27,Standard
C009804,19,Male,Pune,2025-09-06,Standard
C009805,63,Female,Hyderabad,2025-01-05,Standard
C009806,39,Female,Delhi,2025-06-06,Standard
C009807,40,Female,Hyderabad,2025-08-18,Gold
C009808,47,Female,Jaipur,2025-09-18,Gold
C009809,22,Female,Chennai,2025-11-17,Premium
C009810,26,Male,Pune,2025-05-07,Standard
C009811,38,Male,Jaipur,2025-01-28,Standard
C009812,28,Female,Kochi,2026-05-25,Premium
C009813,22,Male,Kolkata,2025-08-16,Premium
C009814,52,Male,Delhi,2026-06-25,Gold
C009815,44,Other,Chennai,2025-06-28,Gold
C009816,66,Male,Chennai,2025-10-15,Standard
C009817,19,Female,Mumbai,2026-05-09,Standard
C009818,41,Female,Kochi,2025-09-22,Gold
C009819,48,Male,Chennai,2026-04-12,Gold
C009820,50,Male,Ahmedabad,2026-01-30,Standard
C009821,56,Female,Kochi,2026-03-08,Standard
C009822,47,Male,Kolkata,2026-03-11,Standard
C009823,63,Male,Kolkata,2026-01-23,Gold
C009824,54,Female,Hyderabad,2026-06-21,Standard
C009825,68,Male,Kolkata,2025-05-25,Gold
C009826,45,Male,Ahmedabad,2025-06-24,Standard
C009827,48,Male,Delhi,2026-06-04,Standard
C009828,28,Female,Bangalore,2025-11-10,Standard
C009829,40,Male,Bangalore,2025-05-09,Premium
C009830,19,Male,Mumbai,2026-05-29,Standard
C009831,57,Male,Chennai,2025-01-10,Standard
C009832,58,Male,Kolkata,2025-12-13,Standard
C009833,44,Female,Hyderabad,2025-04-27,Standard
C009834,52,Female,Mumbai,2026-02-15,Standard
C009835,19,Male,Jaipur,2026-02-01,Standard
C009836,56,Male,Chennai,2025-01-11,Standard
C009837,54,Male,Ahmedabad,2026-02-02,Standard
C009838,38,Female,Bangalore,2025-04-03,Standard
C009839,22,Male,Hyderabad,2025-04-12,Gold
C009840,69,Male,Mumbai,2025-04-08,Standard
C009841,62,Other,Pune,2025-10-09,Premium
C009842,38,Male,Bangalore,2026-02-25,Standard
C009843,46,Other,Ahmedabad,2025-12-30,Gold
C009844,37,Male,Chennai,2025-07-30,Standard
C009845,55,Male,Delhi,2026-05-23,Standard
C009846,37,Female,Pune,2025-03-17,Standard
C009847,67,Male,Ahmedabad,2025-11-19,Standard
C009848,42,Male,Hyderabad,2026-03-28,Gold
C009849,19,Male,Jaipur,2025-01-18,Gold
C009850,49,Other,Delhi,2025-10-18,Gold
C009851,43,Male,Ahmedabad,2025-07-17,Standard
C009852,23,Female,Mumbai,2025-06-11,Standard
C009853,58,Female,Jaipur,2026-02-21,Premium
C009854,20,Female,Ahmedabad,2026-01-19,Gold
C009855,50,Female,Delhi,2025-07-19,Standard
C009856,18,Male,Hyderabad,2026-05-13,Premium
C009857,68,Male,Bangalore,2025-02-12,Premium
C009858,22,Male,Delhi,2025-03-23,Standard
C009859,30,Male,Delhi,2026-06-23,Standard
C009860,36,Male,Mumbai,2025-10-31,Standard
C009861,29,Male,Kochi,2025-07-18,Gold
C009862,65,Female,Kochi,2026-02-10,Gold
C009863,42,Female,Ahmedabad,2026-03-03,Gold
C009864,68,Male,Hyderabad,2026-04-06,Gold
C009865,52,Male,Kochi,2026-04-25,Standard
C009866,29,Male,Jaipur,2025-05-04,Standard
C009867,47,Male,Hyderabad,2026-06-12,Premium
C009868,22,Male,Mumbai,2026-06-10,Premium
C009869,51,Female,Pune,2025-02-08,Standard
C009870,39,Male,Jaipur,2025-07-18,Standard
C009871,56,Male,Kochi,2025-04-18,Standard
C009872,30,Male,Chennai,2025-09-25,Standard
C009873,64,Other,Chennai,2025-12-19,Standard
C009874,20,Female,Chennai,2025-11-07,Standard
C009875,70,Female,Delhi,2026-01-25,Standard
C009876,37,Male,Pune,2025-02-09,Gold
C009877,48,Male,Hyderabad,2025-06-01,Premium
C009878,22,Male,Hyderabad,2025-07-06,Premium
C009879,41,Male,Chennai,2026-03-06,Gold
C009880,57,Female,Pune,2026-04-02,Gold
C009881,50,Male,Bangalore,2025-08-15,Standard
C009882,25,Male,Jaipur,2026-03-04,Standard
C009883,41,Female,Kochi,2025-07-23,Gold
C009884,67,Male,Mumbai,2025-04-28,Standard
C009885,37,Female,Chennai,2026-01-29,Standard
C009886,33,Male,Pune,2025-08-10,Standard
C009887,67,Male,Delhi,2025-03-04,Standard
C009888,69,Male,Hyderabad,2026-01-31,Gold
C009889,29,Female,Hyderabad,2025-01-05,Premium
C009890,30,Male,Delhi,2025-11-30,Standard
C009891,62,Male,Mumbai,2025-10-19,Standard
C009892,59,Male,Delhi,2026-05-23,Standard
C009893,56,Female,Chennai,2025-05-25,Premium
C009894,42,Female,Bangalore,2025-06-08,Standard
C009895,63,Male,Delhi,2025-01-11,Standard
C009896,49,Male,Bangalore,2025-03-10,Standard
C009897,41,Female,Hyderabad,2026-06-28,Standard
C009898,65,Female,Ahmedabad,2025-07-21,Gold
C009899,64,Female,Ahmedabad,2025-09-23,Standard
C009900,61,Male,Jaipur,2025-04-18,Gold
C009901,26,Male,Bangalore,2025-02-23,Gold
C009902,57,Female,Mumbai,2025-12-04,Standard
C009903,67,Female,Pune,2025-07-09,Gold
C009904,40,Female,Kolkata,2025-08-27,Gold
C009905,67,Male,Delhi,2025-12-09,Gold
C009906,30,Female,Kolkata,2025-10-18,Gold
C009907,49,Female,Kochi,2025-11-19,Gold
C009908,67,Female,Ahmedabad,2025-11-17,Standard
C009909,32,Male,Kochi,2025-02-11,Premium
C009910,53,Female,Pune,2025-07-17,Standard
C009911,66,Female,Mumbai,2025-10-11,Standard
C009912,22,Female,Bangalore,2025-07-01,Standard
C009913,39,Female,Delhi,2025-01-11,Standard
C009914,33,Other,Kochi,2026-03-18,Standard
C009915,58,Other,Kochi,2026-02-28,Standard
C009916,27,Male,Kochi,2026-05-15,Premium
C009917,41,Female,Mumbai,2026-01-23,Gold
C009918,35,Female,Delhi,2026-03-30,Standard
C009919,66,Male,Mumbai,2025-01-02,Standard
C009920,35,Male,Jaipur,2025-08-30,Standard
C009921,24,Male,Hyderabad,2025-03-01,Gold
C009922,21,Female,Hyderabad,2026-01-03,Standard
C009923,43,Male,Kochi,2025-02-09,Standard
C009924,22,Female,Kolkata,2025-11-11,Premium
C009925,33,Female,Chennai,2025-10-25,Gold
C009926,52,Female,Jaipur,2026-03-26,Standard
C009927,43,Male,Ahmedabad,2026-01-30,Gold
C009928,35,Male,Pune,2025-03-29,Gold
C009929,46,Male,Jaipur,2026-06-17,Standard
C009930,40,Male,Hyderabad,2026-01-23,Standard
C009931,70,Female,Mumbai,2026-01-16,Standard
C009932,31,Female,Kolkata,2026-03-07,Gold
C009933,32,Male,Bangalore,2026-06-19,Standard
C009934,66,Female,Bangalore,2025-08-04,Standard
C009935,50,Male,Bangalore,2025-10-04,Gold
C009936,42,Male,Ahmedabad,2025-07-13,Standard
C009937,38,Female,Pune,2025-06-28,Premium
C009938,34,Male,Hyderabad,2025-05-23,Gold
C009939,40,Female,Kochi,2026-06-22,Premium
C009940,60,Female,Kolkata,2025-08-06,Standard
C009941,34,Female,Pune,2026-05-26,Gold
C009942,31,Male,Delhi,2025-02-28,Standard
C009943,46,Male,Hyderabad,2025-12-12,Standard
C009944,37,Male,Mumbai,2026-02-23,Gold
C009945,47,Other,Bangalore,2025-08-12,Gold
C009946,36,Male,Jaipur,2025-12-16,Standard
C009947,70,Male,Delhi,2025-03-18,Standard
C009948,56,Female,Chennai,2025-07-27,Standard
C009949,30,Female,Jaipur,2025-06-08,Standard
C009950,35,Female,Kolkata,2026-06-08,Gold
C009951,40,Other,Ahmedabad,2025-08-13,Standard
C009952,63,Male,Hyderabad,2025-12-24,Standard
C009953,50,Male,Kolkata,2026-01-19,Gold
C009954,56,Male,Bangalore,2026-06-28,Standard
C009955,57,Male,Pune,2026-05-19,Standard
C009956,35,Female,Kochi,2026-03-26,Gold
C009957,26,Male,Pune,2025-08-30,Standard
C009958,50,Female,Kochi,2026-01-04,Standard
C009959,49,Male,Pune,2026-04-16,Gold
C009960,34,Male,Hyderabad,2025-10-15,Standard
C009961,36,Female,Pune,2026-02-03,Gold
C009962,44,Male,Hyderabad,2025-04-14,Premium
C009963,23,Female,Kochi,2025-11-07,Premium
C009964,52,Other,Jaipur,2025-05-07,Standard
C009965,54,Female,Kolkata,2025-02-09,Standard
C009966,51,Male,Mumbai,2025-03-13,Standard
C009967,37,Female,Hyderabad,2025-09-04,Standard
C009968,42,Male,Pune,2025-09-04,Standard
C009969,21,Female,Jaipur,2025-11-08,Standard
C009970,27,Male,Hyderabad,2025-02-03,Standard
C009971,27,Male,Ahmedabad,2025-05-09,Gold
C009972,41,Other,Pune,2025-01-10,Standard
C009973,38,Male,Mumbai,2025-06-17,Gold
C009974,28,Female,Delhi,2025-08-04,Standard
C009975,44,Male,Hyderabad,2026-02-12,Gold
C009976,33,Female,Chennai,2026-06-10,Gold
C009977,43,Other,Jaipur,2025-01-18,Standard
C009978,47,Male,Hyderabad,2025-12-06,Standard
C009979,66,Female,Pune,2025-03-31,Gold
C009980,33,Female,Delhi,2025-10-12,Standard
C009981,24,Female,Kochi,2026-06-18,Standard
C009982,33,Male,Ahmedabad,2025-09-24,Standard
C009983,52,Female,Delhi,2026-03-09,Standard
C009984,33,Male,Ahmedabad,2025-02-21,Standard
C009985,57,Male,Delhi,2025-03-08,Standard
C009986,29,Male,Kochi,2025-09-07,Premium
C009987,52,Female,Pune,2025-11-27,Standard
C009988,66,Female,Delhi,2026-02-19,Premium
C009989,38,Male,Chennai,2025-05-03,Standard
C009990,67,Female,Kochi,2025-07-21,Gold
C009991,60,Female,Kochi,2025-01-06,Standard
C009992,53,Male,Pune,2026-05-01,Gold
C009993,65,Female,Kolkata,2025-07-18,Standard
C009994,34,Male,Hyderabad,2025-01-13,Gold
C009995,49,Male,Hyderabad,2025-01-06,Standard
C009996,58,Male,Kolkata,2026-02-15,Standard
C009997,23,Female,Kochi,2025-05-01,Standard
C009998,41,Other,Mumbai,2025-12-28,Gold
C009999,44,Male,Chennai,2026-06-22,Standard
C010000,37,Male,Jaipur,2025-01-04,Gold
